triplet_uuid,outlet_idx,sentence_idx,prob_biased,pred
2b95d2cf-e979-4f9c-ae27-9a5370934f23,1,0,0.051245,0
2b95d2cf-e979-4f9c-ae27-9a5370934f23,1,1,0.025260,0
2b95d2cf-e979-4f9c-ae27-9a5370934f23,1,2,0.035941,0
2b95d2cf-e979-4f9c-ae27-9a5370934f23,1,3,0.036559,0
2b95d2cf-e979-4f9c-ae27-9a5370934f23,1,4,0.021849,0
2b95d2cf-e979-4f9c-ae27-9a5370934f23,1,5,0.042188,0
2b95d2cf-e979-4f9c-ae27-9a5370934f23,1,6,0.023559,0
2b95d2cf-e979-4f9c-ae27-9a5370934f23,1,7,0.024224,0
2b95d2cf-e979-4f9c-ae27-9a5370934f23,1,8,0.033258,0
2b95d2cf-e979-4f9c-ae27-9a5370934f23,1,9,0.028008,0
2b95d2cf-e979-4f9c-ae27-9a5370934f23,1,10,0.030825,0
2b95d2cf-e979-4f9c-ae27-9a5370934f23,1,11,0.043137,0
2b95d2cf-e979-4f9c-ae27-9a5370934f23,1,12,0.027465,0
2b95d2cf-e979-4f9c-ae27-9a5370934f23,1,13,0.067492,0
2b95d2cf-e979-4f9c-ae27-9a5370934f23,1,14,0.058977,0
2b95d2cf-e979-4f9c-ae27-9a5370934f23,1,15,0.027669,0
2b95d2cf-e979-4f9c-ae27-9a5370934f23,1,16,0.028537,0
2b95d2cf-e979-4f9c-ae27-9a5370934f23,1,17,0.021943,0
2b95d2cf-e979-4f9c-ae27-9a5370934f23,1,18,0.038178,0
2b95d2cf-e979-4f9c-ae27-9a5370934f23,1,19,0.023547,0
2b95d2cf-e979-4f9c-ae27-9a5370934f23,1,20,0.023028,0
2b95d2cf-e979-4f9c-ae27-9a5370934f23,1,21,0.040528,0
2b95d2cf-e979-4f9c-ae27-9a5370934f23,1,22,0.022615,0
2b95d2cf-e979-4f9c-ae27-9a5370934f23,1,23,0.035668,0
2b95d2cf-e979-4f9c-ae27-9a5370934f23,1,24,0.062442,0
2b95d2cf-e979-4f9c-ae27-9a5370934f23,1,25,0.029187,0
2b95d2cf-e979-4f9c-ae27-9a5370934f23,1,26,0.078166,0
2b95d2cf-e979-4f9c-ae27-9a5370934f23,2,0,0.034789,0
2b95d2cf-e979-4f9c-ae27-9a5370934f23,2,1,0.096413,0
2b95d2cf-e979-4f9c-ae27-9a5370934f23,2,2,0.029315,0
2b95d2cf-e979-4f9c-ae27-9a5370934f23,2,3,0.025934,0
2b95d2cf-e979-4f9c-ae27-9a5370934f23,2,4,0.325762,0
2b95d2cf-e979-4f9c-ae27-9a5370934f23,2,5,0.494280,0
2b95d2cf-e979-4f9c-ae27-9a5370934f23,2,6,0.929940,1
2b95d2cf-e979-4f9c-ae27-9a5370934f23,2,7,0.020249,0
2b95d2cf-e979-4f9c-ae27-9a5370934f23,2,8,0.027616,0
2b95d2cf-e979-4f9c-ae27-9a5370934f23,2,9,0.021196,0
2b95d2cf-e979-4f9c-ae27-9a5370934f23,2,10,0.032081,0
2b95d2cf-e979-4f9c-ae27-9a5370934f23,2,11,0.020304,0
2b95d2cf-e979-4f9c-ae27-9a5370934f23,2,12,0.041654,0
2b95d2cf-e979-4f9c-ae27-9a5370934f23,2,13,0.368319,0
2b95d2cf-e979-4f9c-ae27-9a5370934f23,2,14,0.024109,0
2b95d2cf-e979-4f9c-ae27-9a5370934f23,2,15,0.508030,1
2b95d2cf-e979-4f9c-ae27-9a5370934f23,2,16,0.024843,0
2b95d2cf-e979-4f9c-ae27-9a5370934f23,2,17,0.021112,0
2b95d2cf-e979-4f9c-ae27-9a5370934f23,3,0,0.399365,0
2b95d2cf-e979-4f9c-ae27-9a5370934f23,3,1,0.090911,0
2b95d2cf-e979-4f9c-ae27-9a5370934f23,3,2,0.373257,0
2b95d2cf-e979-4f9c-ae27-9a5370934f23,3,3,0.045161,0
2b95d2cf-e979-4f9c-ae27-9a5370934f23,3,4,0.034214,0
2b95d2cf-e979-4f9c-ae27-9a5370934f23,3,5,0.192975,0
2b95d2cf-e979-4f9c-ae27-9a5370934f23,3,6,0.819872,1
2b95d2cf-e979-4f9c-ae27-9a5370934f23,3,7,0.842066,1
2b95d2cf-e979-4f9c-ae27-9a5370934f23,3,8,0.975248,1
2b95d2cf-e979-4f9c-ae27-9a5370934f23,3,9,0.761383,1
2b95d2cf-e979-4f9c-ae27-9a5370934f23,3,10,0.062251,0
2b95d2cf-e979-4f9c-ae27-9a5370934f23,3,11,0.224621,0
2b95d2cf-e979-4f9c-ae27-9a5370934f23,3,12,0.050729,0
2b95d2cf-e979-4f9c-ae27-9a5370934f23,3,13,0.061936,0
2b95d2cf-e979-4f9c-ae27-9a5370934f23,3,14,0.050062,0
2b95d2cf-e979-4f9c-ae27-9a5370934f23,3,15,0.103054,0
2b95d2cf-e979-4f9c-ae27-9a5370934f23,3,16,0.025779,0
2b95d2cf-e979-4f9c-ae27-9a5370934f23,3,17,0.849165,1
2b95d2cf-e979-4f9c-ae27-9a5370934f23,3,18,0.157175,0
2b95d2cf-e979-4f9c-ae27-9a5370934f23,3,19,0.490248,0
2b95d2cf-e979-4f9c-ae27-9a5370934f23,3,20,0.905787,1
2b95d2cf-e979-4f9c-ae27-9a5370934f23,3,21,0.970347,1
38f7cbb7-5d6a-4c89-bcbd-8e164144172a,1,0,0.019137,0
38f7cbb7-5d6a-4c89-bcbd-8e164144172a,1,1,0.022169,0
38f7cbb7-5d6a-4c89-bcbd-8e164144172a,1,2,0.026387,0
38f7cbb7-5d6a-4c89-bcbd-8e164144172a,1,3,0.029631,0
38f7cbb7-5d6a-4c89-bcbd-8e164144172a,1,4,0.020036,0
38f7cbb7-5d6a-4c89-bcbd-8e164144172a,1,5,0.040157,0
38f7cbb7-5d6a-4c89-bcbd-8e164144172a,1,6,0.021389,0
38f7cbb7-5d6a-4c89-bcbd-8e164144172a,1,7,0.020077,0
38f7cbb7-5d6a-4c89-bcbd-8e164144172a,1,8,0.028422,0
38f7cbb7-5d6a-4c89-bcbd-8e164144172a,1,9,0.052465,0
38f7cbb7-5d6a-4c89-bcbd-8e164144172a,1,10,0.976170,1
38f7cbb7-5d6a-4c89-bcbd-8e164144172a,1,11,0.061298,0
38f7cbb7-5d6a-4c89-bcbd-8e164144172a,1,12,0.095190,0
38f7cbb7-5d6a-4c89-bcbd-8e164144172a,1,13,0.027238,0
38f7cbb7-5d6a-4c89-bcbd-8e164144172a,1,14,0.022954,0
38f7cbb7-5d6a-4c89-bcbd-8e164144172a,1,15,0.022599,0
38f7cbb7-5d6a-4c89-bcbd-8e164144172a,1,16,0.030724,0
38f7cbb7-5d6a-4c89-bcbd-8e164144172a,1,17,0.023311,0
38f7cbb7-5d6a-4c89-bcbd-8e164144172a,1,18,0.020277,0
38f7cbb7-5d6a-4c89-bcbd-8e164144172a,1,19,0.023824,0
38f7cbb7-5d6a-4c89-bcbd-8e164144172a,1,20,0.048448,0
38f7cbb7-5d6a-4c89-bcbd-8e164144172a,1,21,0.035614,0
38f7cbb7-5d6a-4c89-bcbd-8e164144172a,1,22,0.024398,0
38f7cbb7-5d6a-4c89-bcbd-8e164144172a,1,23,0.036243,0
38f7cbb7-5d6a-4c89-bcbd-8e164144172a,1,24,0.021244,0
38f7cbb7-5d6a-4c89-bcbd-8e164144172a,1,25,0.023398,0
38f7cbb7-5d6a-4c89-bcbd-8e164144172a,1,26,0.041117,0
38f7cbb7-5d6a-4c89-bcbd-8e164144172a,1,27,0.039443,0
38f7cbb7-5d6a-4c89-bcbd-8e164144172a,1,28,0.020438,0
38f7cbb7-5d6a-4c89-bcbd-8e164144172a,1,29,0.164442,0
38f7cbb7-5d6a-4c89-bcbd-8e164144172a,1,30,0.028742,0
38f7cbb7-5d6a-4c89-bcbd-8e164144172a,1,31,0.046942,0
38f7cbb7-5d6a-4c89-bcbd-8e164144172a,1,32,0.023301,0
38f7cbb7-5d6a-4c89-bcbd-8e164144172a,1,33,0.023147,0
38f7cbb7-5d6a-4c89-bcbd-8e164144172a,1,34,0.019333,0
38f7cbb7-5d6a-4c89-bcbd-8e164144172a,1,35,0.024725,0
38f7cbb7-5d6a-4c89-bcbd-8e164144172a,2,0,0.017594,0
38f7cbb7-5d6a-4c89-bcbd-8e164144172a,2,1,0.024371,0
38f7cbb7-5d6a-4c89-bcbd-8e164144172a,2,2,0.084000,0
38f7cbb7-5d6a-4c89-bcbd-8e164144172a,2,3,0.024704,0
38f7cbb7-5d6a-4c89-bcbd-8e164144172a,2,4,0.024037,0
38f7cbb7-5d6a-4c89-bcbd-8e164144172a,2,5,0.027518,0
38f7cbb7-5d6a-4c89-bcbd-8e164144172a,2,6,0.021592,0
38f7cbb7-5d6a-4c89-bcbd-8e164144172a,2,7,0.033018,0
38f7cbb7-5d6a-4c89-bcbd-8e164144172a,2,8,0.269373,0
38f7cbb7-5d6a-4c89-bcbd-8e164144172a,2,9,0.021802,0
38f7cbb7-5d6a-4c89-bcbd-8e164144172a,2,10,0.027435,0
38f7cbb7-5d6a-4c89-bcbd-8e164144172a,2,11,0.024237,0
38f7cbb7-5d6a-4c89-bcbd-8e164144172a,2,12,0.030035,0
38f7cbb7-5d6a-4c89-bcbd-8e164144172a,2,13,0.019746,0
38f7cbb7-5d6a-4c89-bcbd-8e164144172a,2,14,0.033924,0
38f7cbb7-5d6a-4c89-bcbd-8e164144172a,2,15,0.035812,0
38f7cbb7-5d6a-4c89-bcbd-8e164144172a,2,16,0.033330,0
38f7cbb7-5d6a-4c89-bcbd-8e164144172a,2,17,0.046097,0
38f7cbb7-5d6a-4c89-bcbd-8e164144172a,2,18,0.029297,0
38f7cbb7-5d6a-4c89-bcbd-8e164144172a,2,19,0.057839,0
38f7cbb7-5d6a-4c89-bcbd-8e164144172a,2,20,0.027331,0
38f7cbb7-5d6a-4c89-bcbd-8e164144172a,2,21,0.020722,0
38f7cbb7-5d6a-4c89-bcbd-8e164144172a,2,22,0.037695,0
38f7cbb7-5d6a-4c89-bcbd-8e164144172a,2,23,0.022132,0
38f7cbb7-5d6a-4c89-bcbd-8e164144172a,2,24,0.021681,0
38f7cbb7-5d6a-4c89-bcbd-8e164144172a,2,25,0.032618,0
38f7cbb7-5d6a-4c89-bcbd-8e164144172a,2,26,0.033530,0
38f7cbb7-5d6a-4c89-bcbd-8e164144172a,3,0,0.021863,0
38f7cbb7-5d6a-4c89-bcbd-8e164144172a,3,1,0.039524,0
38f7cbb7-5d6a-4c89-bcbd-8e164144172a,3,2,0.020483,0
38f7cbb7-5d6a-4c89-bcbd-8e164144172a,3,3,0.039098,0
38f7cbb7-5d6a-4c89-bcbd-8e164144172a,3,4,0.023050,0
38f7cbb7-5d6a-4c89-bcbd-8e164144172a,3,5,0.025931,0
38f7cbb7-5d6a-4c89-bcbd-8e164144172a,3,6,0.018839,0
38f7cbb7-5d6a-4c89-bcbd-8e164144172a,3,7,0.028654,0
38f7cbb7-5d6a-4c89-bcbd-8e164144172a,3,8,0.028817,0
38f7cbb7-5d6a-4c89-bcbd-8e164144172a,3,9,0.044048,0
38f7cbb7-5d6a-4c89-bcbd-8e164144172a,3,10,0.024796,0
38f7cbb7-5d6a-4c89-bcbd-8e164144172a,3,11,0.032715,0
38f7cbb7-5d6a-4c89-bcbd-8e164144172a,3,12,0.030855,0
38f7cbb7-5d6a-4c89-bcbd-8e164144172a,3,13,0.045972,0
38f7cbb7-5d6a-4c89-bcbd-8e164144172a,3,14,0.062741,0
38f7cbb7-5d6a-4c89-bcbd-8e164144172a,3,15,0.097817,0
38f7cbb7-5d6a-4c89-bcbd-8e164144172a,3,16,0.033371,0
38f7cbb7-5d6a-4c89-bcbd-8e164144172a,3,17,0.054103,0
38f7cbb7-5d6a-4c89-bcbd-8e164144172a,3,18,0.031788,0
38f7cbb7-5d6a-4c89-bcbd-8e164144172a,3,19,0.021689,0
38f7cbb7-5d6a-4c89-bcbd-8e164144172a,3,20,0.024507,0
38f7cbb7-5d6a-4c89-bcbd-8e164144172a,3,21,0.022348,0
38f7cbb7-5d6a-4c89-bcbd-8e164144172a,3,22,0.026364,0
38f7cbb7-5d6a-4c89-bcbd-8e164144172a,3,23,0.024694,0
38f7cbb7-5d6a-4c89-bcbd-8e164144172a,3,24,0.156714,0
38f7cbb7-5d6a-4c89-bcbd-8e164144172a,3,25,0.173998,0
38f7cbb7-5d6a-4c89-bcbd-8e164144172a,3,26,0.684028,1
45bd61bc-c356-4450-9e3a-cbfc862b09fd,1,0,0.034840,0
45bd61bc-c356-4450-9e3a-cbfc862b09fd,1,1,0.022822,0
45bd61bc-c356-4450-9e3a-cbfc862b09fd,1,2,0.078844,0
45bd61bc-c356-4450-9e3a-cbfc862b09fd,1,3,0.023671,0
45bd61bc-c356-4450-9e3a-cbfc862b09fd,1,4,0.028289,0
45bd61bc-c356-4450-9e3a-cbfc862b09fd,1,5,0.028510,0
45bd61bc-c356-4450-9e3a-cbfc862b09fd,1,6,0.021193,0
45bd61bc-c356-4450-9e3a-cbfc862b09fd,1,7,0.033245,0
45bd61bc-c356-4450-9e3a-cbfc862b09fd,1,8,0.087805,0
45bd61bc-c356-4450-9e3a-cbfc862b09fd,1,9,0.080901,0
45bd61bc-c356-4450-9e3a-cbfc862b09fd,1,10,0.033675,0
45bd61bc-c356-4450-9e3a-cbfc862b09fd,1,11,0.943357,1
45bd61bc-c356-4450-9e3a-cbfc862b09fd,1,12,0.032258,0
45bd61bc-c356-4450-9e3a-cbfc862b09fd,1,13,0.024507,0
45bd61bc-c356-4450-9e3a-cbfc862b09fd,1,14,0.338012,0
45bd61bc-c356-4450-9e3a-cbfc862b09fd,1,15,0.028046,0
45bd61bc-c356-4450-9e3a-cbfc862b09fd,1,16,0.058268,0
45bd61bc-c356-4450-9e3a-cbfc862b09fd,1,17,0.022812,0
45bd61bc-c356-4450-9e3a-cbfc862b09fd,1,18,0.039818,0
45bd61bc-c356-4450-9e3a-cbfc862b09fd,1,19,0.022492,0
45bd61bc-c356-4450-9e3a-cbfc862b09fd,1,20,0.033123,0
45bd61bc-c356-4450-9e3a-cbfc862b09fd,1,21,0.065817,0
45bd61bc-c356-4450-9e3a-cbfc862b09fd,1,22,0.020226,0
45bd61bc-c356-4450-9e3a-cbfc862b09fd,1,23,0.036918,0
45bd61bc-c356-4450-9e3a-cbfc862b09fd,1,24,0.090408,0
45bd61bc-c356-4450-9e3a-cbfc862b09fd,1,25,0.035001,0
45bd61bc-c356-4450-9e3a-cbfc862b09fd,1,26,0.282124,0
45bd61bc-c356-4450-9e3a-cbfc862b09fd,1,27,0.041414,0
45bd61bc-c356-4450-9e3a-cbfc862b09fd,1,28,0.024955,0
45bd61bc-c356-4450-9e3a-cbfc862b09fd,1,29,0.047078,0
45bd61bc-c356-4450-9e3a-cbfc862b09fd,1,30,0.044468,0
45bd61bc-c356-4450-9e3a-cbfc862b09fd,1,31,0.046249,0
45bd61bc-c356-4450-9e3a-cbfc862b09fd,2,0,0.029353,0
45bd61bc-c356-4450-9e3a-cbfc862b09fd,2,1,0.035340,0
45bd61bc-c356-4450-9e3a-cbfc862b09fd,2,2,0.209422,0
45bd61bc-c356-4450-9e3a-cbfc862b09fd,2,3,0.021009,0
45bd61bc-c356-4450-9e3a-cbfc862b09fd,2,4,0.029886,0
45bd61bc-c356-4450-9e3a-cbfc862b09fd,2,5,0.031173,0
45bd61bc-c356-4450-9e3a-cbfc862b09fd,2,6,0.056341,0
45bd61bc-c356-4450-9e3a-cbfc862b09fd,2,7,0.069167,0
45bd61bc-c356-4450-9e3a-cbfc862b09fd,2,8,0.028942,0
45bd61bc-c356-4450-9e3a-cbfc862b09fd,2,9,0.438310,0
45bd61bc-c356-4450-9e3a-cbfc862b09fd,2,10,0.114501,0
45bd61bc-c356-4450-9e3a-cbfc862b09fd,2,11,0.055801,0
45bd61bc-c356-4450-9e3a-cbfc862b09fd,2,12,0.036123,0
45bd61bc-c356-4450-9e3a-cbfc862b09fd,2,13,0.038673,0
45bd61bc-c356-4450-9e3a-cbfc862b09fd,2,14,0.022408,0
45bd61bc-c356-4450-9e3a-cbfc862b09fd,2,15,0.557411,1
45bd61bc-c356-4450-9e3a-cbfc862b09fd,2,16,0.037750,0
45bd61bc-c356-4450-9e3a-cbfc862b09fd,2,17,0.044298,0
45bd61bc-c356-4450-9e3a-cbfc862b09fd,2,18,0.038356,0
45bd61bc-c356-4450-9e3a-cbfc862b09fd,2,19,0.025881,0
45bd61bc-c356-4450-9e3a-cbfc862b09fd,2,20,0.062066,0
45bd61bc-c356-4450-9e3a-cbfc862b09fd,2,21,0.024545,0
45bd61bc-c356-4450-9e3a-cbfc862b09fd,2,22,0.023407,0
45bd61bc-c356-4450-9e3a-cbfc862b09fd,2,23,0.041989,0
45bd61bc-c356-4450-9e3a-cbfc862b09fd,2,24,0.039527,0
45bd61bc-c356-4450-9e3a-cbfc862b09fd,2,25,0.024706,0
45bd61bc-c356-4450-9e3a-cbfc862b09fd,2,26,0.053823,0
45bd61bc-c356-4450-9e3a-cbfc862b09fd,2,27,0.019840,0
45bd61bc-c356-4450-9e3a-cbfc862b09fd,2,28,0.034854,0
45bd61bc-c356-4450-9e3a-cbfc862b09fd,2,29,0.027523,0
45bd61bc-c356-4450-9e3a-cbfc862b09fd,2,30,0.050478,0
45bd61bc-c356-4450-9e3a-cbfc862b09fd,2,31,0.018015,0
45bd61bc-c356-4450-9e3a-cbfc862b09fd,2,32,0.045965,0
45bd61bc-c356-4450-9e3a-cbfc862b09fd,2,33,0.025985,0
45bd61bc-c356-4450-9e3a-cbfc862b09fd,2,34,0.024961,0
45bd61bc-c356-4450-9e3a-cbfc862b09fd,2,35,0.019660,0
45bd61bc-c356-4450-9e3a-cbfc862b09fd,3,0,0.102714,0
45bd61bc-c356-4450-9e3a-cbfc862b09fd,3,1,0.203311,0
45bd61bc-c356-4450-9e3a-cbfc862b09fd,3,2,0.048190,0
45bd61bc-c356-4450-9e3a-cbfc862b09fd,3,3,0.055509,0
45bd61bc-c356-4450-9e3a-cbfc862b09fd,3,4,0.024895,0
45bd61bc-c356-4450-9e3a-cbfc862b09fd,3,5,0.045108,0
45bd61bc-c356-4450-9e3a-cbfc862b09fd,3,6,0.978311,1
45bd61bc-c356-4450-9e3a-cbfc862b09fd,3,7,0.801475,1
45bd61bc-c356-4450-9e3a-cbfc862b09fd,3,8,0.977573,1
45bd61bc-c356-4450-9e3a-cbfc862b09fd,3,9,0.261579,0
6b541575-99b1-40d2-8730-9bb868ee38ed,1,0,0.025287,0
6b541575-99b1-40d2-8730-9bb868ee38ed,1,1,0.043915,0
6b541575-99b1-40d2-8730-9bb868ee38ed,1,2,0.022305,0
6b541575-99b1-40d2-8730-9bb868ee38ed,1,3,0.025398,0
6b541575-99b1-40d2-8730-9bb868ee38ed,1,4,0.180424,0
6b541575-99b1-40d2-8730-9bb868ee38ed,1,5,0.155263,0
6b541575-99b1-40d2-8730-9bb868ee38ed,1,6,0.042177,0
6b541575-99b1-40d2-8730-9bb868ee38ed,1,7,0.029459,0
6b541575-99b1-40d2-8730-9bb868ee38ed,1,8,0.136705,0
6b541575-99b1-40d2-8730-9bb868ee38ed,1,9,0.021548,0
6b541575-99b1-40d2-8730-9bb868ee38ed,1,10,0.023834,0
6b541575-99b1-40d2-8730-9bb868ee38ed,1,11,0.022346,0
6b541575-99b1-40d2-8730-9bb868ee38ed,1,12,0.088367,0
6b541575-99b1-40d2-8730-9bb868ee38ed,1,13,0.987771,1
6b541575-99b1-40d2-8730-9bb868ee38ed,1,14,0.022481,0
6b541575-99b1-40d2-8730-9bb868ee38ed,1,15,0.029510,0
6b541575-99b1-40d2-8730-9bb868ee38ed,1,16,0.018507,0
6b541575-99b1-40d2-8730-9bb868ee38ed,1,17,0.026298,0
6b541575-99b1-40d2-8730-9bb868ee38ed,1,18,0.025399,0
6b541575-99b1-40d2-8730-9bb868ee38ed,1,19,0.394219,0
6b541575-99b1-40d2-8730-9bb868ee38ed,2,0,0.031490,0
6b541575-99b1-40d2-8730-9bb868ee38ed,2,1,0.022103,0
6b541575-99b1-40d2-8730-9bb868ee38ed,2,2,0.090074,0
6b541575-99b1-40d2-8730-9bb868ee38ed,2,3,0.526338,1
6b541575-99b1-40d2-8730-9bb868ee38ed,2,4,0.024513,0
6b541575-99b1-40d2-8730-9bb868ee38ed,2,5,0.030085,0
6b541575-99b1-40d2-8730-9bb868ee38ed,2,6,0.045330,0
6b541575-99b1-40d2-8730-9bb868ee38ed,2,7,0.045050,0
6b541575-99b1-40d2-8730-9bb868ee38ed,2,8,0.020767,0
6b541575-99b1-40d2-8730-9bb868ee38ed,2,9,0.026697,0
6b541575-99b1-40d2-8730-9bb868ee38ed,2,10,0.058717,0
6b541575-99b1-40d2-8730-9bb868ee38ed,2,11,0.032472,0
6b541575-99b1-40d2-8730-9bb868ee38ed,2,12,0.037629,0
6b541575-99b1-40d2-8730-9bb868ee38ed,2,13,0.022996,0
6b541575-99b1-40d2-8730-9bb868ee38ed,2,14,0.034967,0
6b541575-99b1-40d2-8730-9bb868ee38ed,2,15,0.025009,0
6b541575-99b1-40d2-8730-9bb868ee38ed,2,16,0.032027,0
6b541575-99b1-40d2-8730-9bb868ee38ed,2,17,0.022608,0
6b541575-99b1-40d2-8730-9bb868ee38ed,3,0,0.261145,0
6b541575-99b1-40d2-8730-9bb868ee38ed,3,1,0.035091,0
6b541575-99b1-40d2-8730-9bb868ee38ed,3,2,0.796813,1
6b541575-99b1-40d2-8730-9bb868ee38ed,3,3,0.341052,0
6b541575-99b1-40d2-8730-9bb868ee38ed,3,4,0.115284,0
6b541575-99b1-40d2-8730-9bb868ee38ed,3,5,0.054768,0
6b541575-99b1-40d2-8730-9bb868ee38ed,3,6,0.048796,0
6b541575-99b1-40d2-8730-9bb868ee38ed,3,7,0.122214,0
6b541575-99b1-40d2-8730-9bb868ee38ed,3,8,0.994900,1
6b541575-99b1-40d2-8730-9bb868ee38ed,3,9,0.923228,1
6b541575-99b1-40d2-8730-9bb868ee38ed,3,10,0.992061,1
6b541575-99b1-40d2-8730-9bb868ee38ed,3,11,0.354124,0
6b541575-99b1-40d2-8730-9bb868ee38ed,3,12,0.079325,0
6b541575-99b1-40d2-8730-9bb868ee38ed,3,13,0.917506,1
6b541575-99b1-40d2-8730-9bb868ee38ed,3,14,0.126786,0
6b541575-99b1-40d2-8730-9bb868ee38ed,3,15,0.988199,1
6b541575-99b1-40d2-8730-9bb868ee38ed,3,16,0.415705,0
6b541575-99b1-40d2-8730-9bb868ee38ed,3,17,0.949665,1
6b541575-99b1-40d2-8730-9bb868ee38ed,3,18,0.037843,0
6b541575-99b1-40d2-8730-9bb868ee38ed,3,19,0.324567,0
6b541575-99b1-40d2-8730-9bb868ee38ed,3,20,0.154615,0
6b541575-99b1-40d2-8730-9bb868ee38ed,3,21,0.987606,1
6b541575-99b1-40d2-8730-9bb868ee38ed,3,22,0.072832,0
6b541575-99b1-40d2-8730-9bb868ee38ed,3,23,0.921344,1
6b541575-99b1-40d2-8730-9bb868ee38ed,3,24,0.982104,1
6b541575-99b1-40d2-8730-9bb868ee38ed,3,25,0.460634,0
6b541575-99b1-40d2-8730-9bb868ee38ed,3,26,0.988343,1
6b541575-99b1-40d2-8730-9bb868ee38ed,3,27,0.189814,0
6b541575-99b1-40d2-8730-9bb868ee38ed,3,28,0.985301,1
6b541575-99b1-40d2-8730-9bb868ee38ed,3,29,0.285771,0
6b541575-99b1-40d2-8730-9bb868ee38ed,3,30,0.022592,0
6b541575-99b1-40d2-8730-9bb868ee38ed,3,31,0.020292,0
6b541575-99b1-40d2-8730-9bb868ee38ed,3,32,0.032251,0
6b541575-99b1-40d2-8730-9bb868ee38ed,3,33,0.351311,0
6b541575-99b1-40d2-8730-9bb868ee38ed,3,34,0.987600,1
6b541575-99b1-40d2-8730-9bb868ee38ed,3,35,0.991653,1
6b541575-99b1-40d2-8730-9bb868ee38ed,3,36,0.972182,1
6b541575-99b1-40d2-8730-9bb868ee38ed,3,37,0.993285,1
6b541575-99b1-40d2-8730-9bb868ee38ed,3,38,0.285771,0
6b541575-99b1-40d2-8730-9bb868ee38ed,3,39,0.025995,0
6b541575-99b1-40d2-8730-9bb868ee38ed,3,40,0.019224,0
6b541575-99b1-40d2-8730-9bb868ee38ed,3,41,0.058625,0
6b541575-99b1-40d2-8730-9bb868ee38ed,3,42,0.950910,1
6b541575-99b1-40d2-8730-9bb868ee38ed,3,43,0.062862,0
6f95dcb9-e960-45ac-8c0e-91b85724c909,1,0,0.970940,1
6f95dcb9-e960-45ac-8c0e-91b85724c909,1,1,0.193020,0
6f95dcb9-e960-45ac-8c0e-91b85724c909,1,2,0.036470,0
6f95dcb9-e960-45ac-8c0e-91b85724c909,1,3,0.114579,0
6f95dcb9-e960-45ac-8c0e-91b85724c909,1,4,0.040347,0
6f95dcb9-e960-45ac-8c0e-91b85724c909,1,5,0.033525,0
6f95dcb9-e960-45ac-8c0e-91b85724c909,1,6,0.028040,0
6f95dcb9-e960-45ac-8c0e-91b85724c909,1,7,0.555479,1
6f95dcb9-e960-45ac-8c0e-91b85724c909,1,8,0.174433,0
6f95dcb9-e960-45ac-8c0e-91b85724c909,1,9,0.022482,0
6f95dcb9-e960-45ac-8c0e-91b85724c909,1,10,0.348047,0
6f95dcb9-e960-45ac-8c0e-91b85724c909,1,11,0.024200,0
6f95dcb9-e960-45ac-8c0e-91b85724c909,1,12,0.148272,0
6f95dcb9-e960-45ac-8c0e-91b85724c909,1,13,0.661592,1
6f95dcb9-e960-45ac-8c0e-91b85724c909,1,14,0.024955,0
6f95dcb9-e960-45ac-8c0e-91b85724c909,1,15,0.032567,0
6f95dcb9-e960-45ac-8c0e-91b85724c909,1,16,0.019613,0
6f95dcb9-e960-45ac-8c0e-91b85724c909,1,17,0.023771,0
6f95dcb9-e960-45ac-8c0e-91b85724c909,1,18,0.030933,0
6f95dcb9-e960-45ac-8c0e-91b85724c909,1,19,0.021514,0
6f95dcb9-e960-45ac-8c0e-91b85724c909,2,0,0.971753,1
6f95dcb9-e960-45ac-8c0e-91b85724c909,2,1,0.932109,1
6f95dcb9-e960-45ac-8c0e-91b85724c909,2,2,0.108827,0
6f95dcb9-e960-45ac-8c0e-91b85724c909,2,3,0.462992,0
6f95dcb9-e960-45ac-8c0e-91b85724c909,2,4,0.022430,0
6f95dcb9-e960-45ac-8c0e-91b85724c909,2,5,0.028608,0
6f95dcb9-e960-45ac-8c0e-91b85724c909,2,6,0.026253,0
6f95dcb9-e960-45ac-8c0e-91b85724c909,2,7,0.028474,0
6f95dcb9-e960-45ac-8c0e-91b85724c909,2,8,0.027170,0
6f95dcb9-e960-45ac-8c0e-91b85724c909,2,9,0.989072,1
6f95dcb9-e960-45ac-8c0e-91b85724c909,2,10,0.025908,0
6f95dcb9-e960-45ac-8c0e-91b85724c909,2,11,0.082038,0
6f95dcb9-e960-45ac-8c0e-91b85724c909,2,12,0.061831,0
6f95dcb9-e960-45ac-8c0e-91b85724c909,2,13,0.038448,0
6f95dcb9-e960-45ac-8c0e-91b85724c909,2,14,0.049508,0
6f95dcb9-e960-45ac-8c0e-91b85724c909,2,15,0.027669,0
6f95dcb9-e960-45ac-8c0e-91b85724c909,2,16,0.031848,0
6f95dcb9-e960-45ac-8c0e-91b85724c909,2,17,0.586734,1
6f95dcb9-e960-45ac-8c0e-91b85724c909,2,18,0.021982,0
6f95dcb9-e960-45ac-8c0e-91b85724c909,2,19,0.044043,0
6f95dcb9-e960-45ac-8c0e-91b85724c909,2,20,0.105597,0
6f95dcb9-e960-45ac-8c0e-91b85724c909,3,0,0.828954,1
6f95dcb9-e960-45ac-8c0e-91b85724c909,3,1,0.987296,1
6f95dcb9-e960-45ac-8c0e-91b85724c909,3,2,0.178936,0
6f95dcb9-e960-45ac-8c0e-91b85724c909,3,3,0.960801,1
6f95dcb9-e960-45ac-8c0e-91b85724c909,3,4,0.052522,0
6f95dcb9-e960-45ac-8c0e-91b85724c909,3,5,0.882350,1
6f95dcb9-e960-45ac-8c0e-91b85724c909,3,6,0.977803,1
6f95dcb9-e960-45ac-8c0e-91b85724c909,3,7,0.486536,0
6f95dcb9-e960-45ac-8c0e-91b85724c909,3,8,0.026114,0
6f95dcb9-e960-45ac-8c0e-91b85724c909,3,9,0.036093,0
6f95dcb9-e960-45ac-8c0e-91b85724c909,3,10,0.886453,1
6f95dcb9-e960-45ac-8c0e-91b85724c909,3,11,0.987914,1
6f95dcb9-e960-45ac-8c0e-91b85724c909,3,12,0.858527,1
6f95dcb9-e960-45ac-8c0e-91b85724c909,3,13,0.761212,1
6f95dcb9-e960-45ac-8c0e-91b85724c909,3,14,0.022868,0
6f95dcb9-e960-45ac-8c0e-91b85724c909,3,15,0.075490,0
6f95dcb9-e960-45ac-8c0e-91b85724c909,3,16,0.022660,0
6f95dcb9-e960-45ac-8c0e-91b85724c909,3,17,0.218834,0
6f95dcb9-e960-45ac-8c0e-91b85724c909,3,18,0.066197,0
6f95dcb9-e960-45ac-8c0e-91b85724c909,3,19,0.122484,0
6f95dcb9-e960-45ac-8c0e-91b85724c909,3,20,0.042292,0
6f95dcb9-e960-45ac-8c0e-91b85724c909,3,21,0.102524,0
6f95dcb9-e960-45ac-8c0e-91b85724c909,3,22,0.050917,0
6f95dcb9-e960-45ac-8c0e-91b85724c909,3,23,0.980579,1
6f95dcb9-e960-45ac-8c0e-91b85724c909,3,24,0.987114,1
6f95dcb9-e960-45ac-8c0e-91b85724c909,3,25,0.193889,0
6f95dcb9-e960-45ac-8c0e-91b85724c909,3,26,0.964432,1
6f95dcb9-e960-45ac-8c0e-91b85724c909,3,27,0.136725,0
6f95dcb9-e960-45ac-8c0e-91b85724c909,3,28,0.987400,1
6f95dcb9-e960-45ac-8c0e-91b85724c909,3,29,0.086229,0
6f95dcb9-e960-45ac-8c0e-91b85724c909,3,30,0.959671,1
6f95dcb9-e960-45ac-8c0e-91b85724c909,3,31,0.189886,0
74708dbf-5dfc-4c66-8419-d7dbc00e4a06,1,0,0.429935,0
74708dbf-5dfc-4c66-8419-d7dbc00e4a06,1,1,0.019004,0
74708dbf-5dfc-4c66-8419-d7dbc00e4a06,1,2,0.088345,0
74708dbf-5dfc-4c66-8419-d7dbc00e4a06,1,3,0.163882,0
74708dbf-5dfc-4c66-8419-d7dbc00e4a06,1,4,0.029626,0
74708dbf-5dfc-4c66-8419-d7dbc00e4a06,1,5,0.021037,0
74708dbf-5dfc-4c66-8419-d7dbc00e4a06,1,6,0.021765,0
74708dbf-5dfc-4c66-8419-d7dbc00e4a06,1,7,0.019588,0
74708dbf-5dfc-4c66-8419-d7dbc00e4a06,1,8,0.028424,0
74708dbf-5dfc-4c66-8419-d7dbc00e4a06,1,9,0.029177,0
74708dbf-5dfc-4c66-8419-d7dbc00e4a06,1,10,0.022210,0
74708dbf-5dfc-4c66-8419-d7dbc00e4a06,1,11,0.046265,0
74708dbf-5dfc-4c66-8419-d7dbc00e4a06,1,12,0.038814,0
74708dbf-5dfc-4c66-8419-d7dbc00e4a06,1,13,0.020863,0
74708dbf-5dfc-4c66-8419-d7dbc00e4a06,1,14,0.025214,0
74708dbf-5dfc-4c66-8419-d7dbc00e4a06,1,15,0.022115,0
74708dbf-5dfc-4c66-8419-d7dbc00e4a06,2,0,0.021215,0
74708dbf-5dfc-4c66-8419-d7dbc00e4a06,2,1,0.039420,0
74708dbf-5dfc-4c66-8419-d7dbc00e4a06,2,2,0.032668,0
74708dbf-5dfc-4c66-8419-d7dbc00e4a06,2,3,0.020800,0
74708dbf-5dfc-4c66-8419-d7dbc00e4a06,2,4,0.022011,0
74708dbf-5dfc-4c66-8419-d7dbc00e4a06,2,5,0.029646,0
74708dbf-5dfc-4c66-8419-d7dbc00e4a06,2,6,0.045364,0
74708dbf-5dfc-4c66-8419-d7dbc00e4a06,2,7,0.028214,0
74708dbf-5dfc-4c66-8419-d7dbc00e4a06,2,8,0.031733,0
74708dbf-5dfc-4c66-8419-d7dbc00e4a06,3,0,0.022587,0
74708dbf-5dfc-4c66-8419-d7dbc00e4a06,3,1,0.033414,0
74708dbf-5dfc-4c66-8419-d7dbc00e4a06,3,2,0.042656,0
74708dbf-5dfc-4c66-8419-d7dbc00e4a06,3,3,0.175204,0
74708dbf-5dfc-4c66-8419-d7dbc00e4a06,3,4,0.024794,0
74708dbf-5dfc-4c66-8419-d7dbc00e4a06,3,5,0.025372,0
74708dbf-5dfc-4c66-8419-d7dbc00e4a06,3,6,0.851584,1
74708dbf-5dfc-4c66-8419-d7dbc00e4a06,3,7,0.100063,0
74708dbf-5dfc-4c66-8419-d7dbc00e4a06,3,8,0.023100,0
74708dbf-5dfc-4c66-8419-d7dbc00e4a06,3,9,0.024326,0
74708dbf-5dfc-4c66-8419-d7dbc00e4a06,3,10,0.035882,0
85475456-f38e-4c30-895d-ca2c819c6af1,1,0,0.022692,0
85475456-f38e-4c30-895d-ca2c819c6af1,1,1,0.018731,0
85475456-f38e-4c30-895d-ca2c819c6af1,1,2,0.068011,0
85475456-f38e-4c30-895d-ca2c819c6af1,1,3,0.113210,0
85475456-f38e-4c30-895d-ca2c819c6af1,1,4,0.033790,0
85475456-f38e-4c30-895d-ca2c819c6af1,1,5,0.020066,0
85475456-f38e-4c30-895d-ca2c819c6af1,1,6,0.026556,0
85475456-f38e-4c30-895d-ca2c819c6af1,1,7,0.173057,0
85475456-f38e-4c30-895d-ca2c819c6af1,1,8,0.018137,0
85475456-f38e-4c30-895d-ca2c819c6af1,1,9,0.031440,0
85475456-f38e-4c30-895d-ca2c819c6af1,1,10,0.847986,1
85475456-f38e-4c30-895d-ca2c819c6af1,1,11,0.251698,0
85475456-f38e-4c30-895d-ca2c819c6af1,1,12,0.048160,0
85475456-f38e-4c30-895d-ca2c819c6af1,1,13,0.022716,0
85475456-f38e-4c30-895d-ca2c819c6af1,1,14,0.021925,0
85475456-f38e-4c30-895d-ca2c819c6af1,1,15,0.043901,0
85475456-f38e-4c30-895d-ca2c819c6af1,1,16,0.167616,0
85475456-f38e-4c30-895d-ca2c819c6af1,1,17,0.025353,0
85475456-f38e-4c30-895d-ca2c819c6af1,1,18,0.021473,0
85475456-f38e-4c30-895d-ca2c819c6af1,1,19,0.044436,0
85475456-f38e-4c30-895d-ca2c819c6af1,1,20,0.024125,0
85475456-f38e-4c30-895d-ca2c819c6af1,1,21,0.019810,0
85475456-f38e-4c30-895d-ca2c819c6af1,1,22,0.035834,0
85475456-f38e-4c30-895d-ca2c819c6af1,1,23,0.074897,0
85475456-f38e-4c30-895d-ca2c819c6af1,1,24,0.337184,0
85475456-f38e-4c30-895d-ca2c819c6af1,1,25,0.045490,0
85475456-f38e-4c30-895d-ca2c819c6af1,1,26,0.027712,0
85475456-f38e-4c30-895d-ca2c819c6af1,1,27,0.023640,0
85475456-f38e-4c30-895d-ca2c819c6af1,1,28,0.026830,0
85475456-f38e-4c30-895d-ca2c819c6af1,1,29,0.022423,0
85475456-f38e-4c30-895d-ca2c819c6af1,1,30,0.033873,0
85475456-f38e-4c30-895d-ca2c819c6af1,1,31,0.185909,0
85475456-f38e-4c30-895d-ca2c819c6af1,1,32,0.023869,0
85475456-f38e-4c30-895d-ca2c819c6af1,1,33,0.021149,0
85475456-f38e-4c30-895d-ca2c819c6af1,1,34,0.036161,0
85475456-f38e-4c30-895d-ca2c819c6af1,1,35,0.021769,0
85475456-f38e-4c30-895d-ca2c819c6af1,1,36,0.024087,0
85475456-f38e-4c30-895d-ca2c819c6af1,2,0,0.198999,0
85475456-f38e-4c30-895d-ca2c819c6af1,2,1,0.023295,0
85475456-f38e-4c30-895d-ca2c819c6af1,2,2,0.030681,0
85475456-f38e-4c30-895d-ca2c819c6af1,2,3,0.024227,0
85475456-f38e-4c30-895d-ca2c819c6af1,2,4,0.092679,0
85475456-f38e-4c30-895d-ca2c819c6af1,2,5,0.565963,1
85475456-f38e-4c30-895d-ca2c819c6af1,2,6,0.029781,0
85475456-f38e-4c30-895d-ca2c819c6af1,2,7,0.038737,0
85475456-f38e-4c30-895d-ca2c819c6af1,2,8,0.023526,0
85475456-f38e-4c30-895d-ca2c819c6af1,2,9,0.487487,0
85475456-f38e-4c30-895d-ca2c819c6af1,2,10,0.032080,0
85475456-f38e-4c30-895d-ca2c819c6af1,2,11,0.020445,0
85475456-f38e-4c30-895d-ca2c819c6af1,3,0,0.025153,0
85475456-f38e-4c30-895d-ca2c819c6af1,3,1,0.040224,0
85475456-f38e-4c30-895d-ca2c819c6af1,3,2,0.032714,0
85475456-f38e-4c30-895d-ca2c819c6af1,3,3,0.019862,0
85475456-f38e-4c30-895d-ca2c819c6af1,3,4,0.088560,0
85475456-f38e-4c30-895d-ca2c819c6af1,3,5,0.388570,0
85475456-f38e-4c30-895d-ca2c819c6af1,3,6,0.033790,0
85475456-f38e-4c30-895d-ca2c819c6af1,3,7,0.020411,0
85475456-f38e-4c30-895d-ca2c819c6af1,3,8,0.027396,0
85475456-f38e-4c30-895d-ca2c819c6af1,3,9,0.026405,0
85475456-f38e-4c30-895d-ca2c819c6af1,3,10,0.150026,0
85475456-f38e-4c30-895d-ca2c819c6af1,3,11,0.023866,0
85475456-f38e-4c30-895d-ca2c819c6af1,3,12,0.036963,0
85475456-f38e-4c30-895d-ca2c819c6af1,3,13,0.022750,0
85475456-f38e-4c30-895d-ca2c819c6af1,3,14,0.024844,0
85475456-f38e-4c30-895d-ca2c819c6af1,3,15,0.023422,0
85475456-f38e-4c30-895d-ca2c819c6af1,3,16,0.021708,0
85475456-f38e-4c30-895d-ca2c819c6af1,3,17,0.961847,1
85475456-f38e-4c30-895d-ca2c819c6af1,3,18,0.151387,0
85475456-f38e-4c30-895d-ca2c819c6af1,3,19,0.904338,1
85475456-f38e-4c30-895d-ca2c819c6af1,3,20,0.034184,0
85475456-f38e-4c30-895d-ca2c819c6af1,3,21,0.026766,0
85475456-f38e-4c30-895d-ca2c819c6af1,3,22,0.092149,0
85475456-f38e-4c30-895d-ca2c819c6af1,3,23,0.148932,0
85475456-f38e-4c30-895d-ca2c819c6af1,3,24,0.981232,1
85475456-f38e-4c30-895d-ca2c819c6af1,3,25,0.236684,0
85475456-f38e-4c30-895d-ca2c819c6af1,3,26,0.133851,0
85475456-f38e-4c30-895d-ca2c819c6af1,3,27,0.638940,1
85475456-f38e-4c30-895d-ca2c819c6af1,3,28,0.162643,0
85475456-f38e-4c30-895d-ca2c819c6af1,3,29,0.484493,0
85475456-f38e-4c30-895d-ca2c819c6af1,3,30,0.462210,0
85475456-f38e-4c30-895d-ca2c819c6af1,3,31,0.236224,0
85475456-f38e-4c30-895d-ca2c819c6af1,3,32,0.346096,0
85475456-f38e-4c30-895d-ca2c819c6af1,3,33,0.994124,1
85475456-f38e-4c30-895d-ca2c819c6af1,3,34,0.046296,0
97b1305c-13ca-4b74-a56a-f459bd79dfaf,1,0,0.092097,0
97b1305c-13ca-4b74-a56a-f459bd79dfaf,1,1,0.023298,0
97b1305c-13ca-4b74-a56a-f459bd79dfaf,1,2,0.029931,0
97b1305c-13ca-4b74-a56a-f459bd79dfaf,1,3,0.051092,0
97b1305c-13ca-4b74-a56a-f459bd79dfaf,1,4,0.021916,0
97b1305c-13ca-4b74-a56a-f459bd79dfaf,1,5,0.028298,0
97b1305c-13ca-4b74-a56a-f459bd79dfaf,1,6,0.034820,0
97b1305c-13ca-4b74-a56a-f459bd79dfaf,1,7,0.970160,1
97b1305c-13ca-4b74-a56a-f459bd79dfaf,1,8,0.149278,0
97b1305c-13ca-4b74-a56a-f459bd79dfaf,1,9,0.032019,0
97b1305c-13ca-4b74-a56a-f459bd79dfaf,1,10,0.053339,0
97b1305c-13ca-4b74-a56a-f459bd79dfaf,1,11,0.108118,0
97b1305c-13ca-4b74-a56a-f459bd79dfaf,1,12,0.125492,0
97b1305c-13ca-4b74-a56a-f459bd79dfaf,1,13,0.033888,0
97b1305c-13ca-4b74-a56a-f459bd79dfaf,2,0,0.224681,0
97b1305c-13ca-4b74-a56a-f459bd79dfaf,2,1,0.026956,0
97b1305c-13ca-4b74-a56a-f459bd79dfaf,2,2,0.167546,0
97b1305c-13ca-4b74-a56a-f459bd79dfaf,2,3,0.077938,0
97b1305c-13ca-4b74-a56a-f459bd79dfaf,2,4,0.022560,0
97b1305c-13ca-4b74-a56a-f459bd79dfaf,2,5,0.879962,1
97b1305c-13ca-4b74-a56a-f459bd79dfaf,2,6,0.103499,0
97b1305c-13ca-4b74-a56a-f459bd79dfaf,2,7,0.060158,0
97b1305c-13ca-4b74-a56a-f459bd79dfaf,2,8,0.046115,0
97b1305c-13ca-4b74-a56a-f459bd79dfaf,2,9,0.028311,0
97b1305c-13ca-4b74-a56a-f459bd79dfaf,2,10,0.022993,0
97b1305c-13ca-4b74-a56a-f459bd79dfaf,2,11,0.059873,0
97b1305c-13ca-4b74-a56a-f459bd79dfaf,2,12,0.037826,0
97b1305c-13ca-4b74-a56a-f459bd79dfaf,2,13,0.538064,1
97b1305c-13ca-4b74-a56a-f459bd79dfaf,2,14,0.025330,0
97b1305c-13ca-4b74-a56a-f459bd79dfaf,2,15,0.023112,0
97b1305c-13ca-4b74-a56a-f459bd79dfaf,2,16,0.031532,0
97b1305c-13ca-4b74-a56a-f459bd79dfaf,2,17,0.052285,0
97b1305c-13ca-4b74-a56a-f459bd79dfaf,2,18,0.115827,0
97b1305c-13ca-4b74-a56a-f459bd79dfaf,2,19,0.046925,0
97b1305c-13ca-4b74-a56a-f459bd79dfaf,2,20,0.412024,0
97b1305c-13ca-4b74-a56a-f459bd79dfaf,2,21,0.026634,0
97b1305c-13ca-4b74-a56a-f459bd79dfaf,2,22,0.063928,0
97b1305c-13ca-4b74-a56a-f459bd79dfaf,2,23,0.022320,0
97b1305c-13ca-4b74-a56a-f459bd79dfaf,2,24,0.984792,1
97b1305c-13ca-4b74-a56a-f459bd79dfaf,2,25,0.233309,0
97b1305c-13ca-4b74-a56a-f459bd79dfaf,2,26,0.145254,0
97b1305c-13ca-4b74-a56a-f459bd79dfaf,2,27,0.051555,0
97b1305c-13ca-4b74-a56a-f459bd79dfaf,2,28,0.021724,0
97b1305c-13ca-4b74-a56a-f459bd79dfaf,3,0,0.030223,0
97b1305c-13ca-4b74-a56a-f459bd79dfaf,3,1,0.018682,0
97b1305c-13ca-4b74-a56a-f459bd79dfaf,3,2,0.025923,0
97b1305c-13ca-4b74-a56a-f459bd79dfaf,3,3,0.025330,0
97b1305c-13ca-4b74-a56a-f459bd79dfaf,3,4,0.023575,0
97b1305c-13ca-4b74-a56a-f459bd79dfaf,3,5,0.038574,0
97b1305c-13ca-4b74-a56a-f459bd79dfaf,3,6,0.269920,0
97b1305c-13ca-4b74-a56a-f459bd79dfaf,3,7,0.023112,0
97b1305c-13ca-4b74-a56a-f459bd79dfaf,3,8,0.031532,0
97b1305c-13ca-4b74-a56a-f459bd79dfaf,3,9,0.052285,0
97b1305c-13ca-4b74-a56a-f459bd79dfaf,3,10,0.026274,0
97b1305c-13ca-4b74-a56a-f459bd79dfaf,3,11,0.087666,0
97b1305c-13ca-4b74-a56a-f459bd79dfaf,3,12,0.036071,0
97b1305c-13ca-4b74-a56a-f459bd79dfaf,3,13,0.026925,0
97b1305c-13ca-4b74-a56a-f459bd79dfaf,3,14,0.026434,0
97b1305c-13ca-4b74-a56a-f459bd79dfaf,3,15,0.022961,0
97b1305c-13ca-4b74-a56a-f459bd79dfaf,3,16,0.026715,0
97b1305c-13ca-4b74-a56a-f459bd79dfaf,3,17,0.028198,0
97b1305c-13ca-4b74-a56a-f459bd79dfaf,3,18,0.121791,0
97b1305c-13ca-4b74-a56a-f459bd79dfaf,3,19,0.081014,0
97b1305c-13ca-4b74-a56a-f459bd79dfaf,3,20,0.030070,0
97b1305c-13ca-4b74-a56a-f459bd79dfaf,3,21,0.049007,0
97b1305c-13ca-4b74-a56a-f459bd79dfaf,3,22,0.044693,0
97b1305c-13ca-4b74-a56a-f459bd79dfaf,3,23,0.024017,0
97b1305c-13ca-4b74-a56a-f459bd79dfaf,3,24,0.087913,0
ae243a95-b2c2-410c-9e2b-b083b4b8eb48,1,0,0.081620,0
ae243a95-b2c2-410c-9e2b-b083b4b8eb48,1,1,0.789566,1
ae243a95-b2c2-410c-9e2b-b083b4b8eb48,1,2,0.411763,0
ae243a95-b2c2-410c-9e2b-b083b4b8eb48,1,3,0.097134,0
ae243a95-b2c2-410c-9e2b-b083b4b8eb48,1,4,0.042948,0
ae243a95-b2c2-410c-9e2b-b083b4b8eb48,1,5,0.029776,0
ae243a95-b2c2-410c-9e2b-b083b4b8eb48,1,6,0.035812,0
ae243a95-b2c2-410c-9e2b-b083b4b8eb48,1,7,0.912410,1
ae243a95-b2c2-410c-9e2b-b083b4b8eb48,1,8,0.036979,0
ae243a95-b2c2-410c-9e2b-b083b4b8eb48,1,9,0.024670,0
ae243a95-b2c2-410c-9e2b-b083b4b8eb48,1,10,0.020511,0
ae243a95-b2c2-410c-9e2b-b083b4b8eb48,1,11,0.954614,1
ae243a95-b2c2-410c-9e2b-b083b4b8eb48,1,12,0.033753,0
ae243a95-b2c2-410c-9e2b-b083b4b8eb48,1,13,0.060078,0
ae243a95-b2c2-410c-9e2b-b083b4b8eb48,1,14,0.048677,0
ae243a95-b2c2-410c-9e2b-b083b4b8eb48,1,15,0.033956,0
ae243a95-b2c2-410c-9e2b-b083b4b8eb48,1,16,0.060339,0
ae243a95-b2c2-410c-9e2b-b083b4b8eb48,1,17,0.969490,1
ae243a95-b2c2-410c-9e2b-b083b4b8eb48,1,18,0.942466,1
ae243a95-b2c2-410c-9e2b-b083b4b8eb48,1,19,0.064971,0
ae243a95-b2c2-410c-9e2b-b083b4b8eb48,1,20,0.323999,0
ae243a95-b2c2-410c-9e2b-b083b4b8eb48,1,21,0.033354,0
ae243a95-b2c2-410c-9e2b-b083b4b8eb48,1,22,0.163170,0
ae243a95-b2c2-410c-9e2b-b083b4b8eb48,1,23,0.132329,0
ae243a95-b2c2-410c-9e2b-b083b4b8eb48,2,0,0.271133,0
ae243a95-b2c2-410c-9e2b-b083b4b8eb48,2,1,0.029275,0
ae243a95-b2c2-410c-9e2b-b083b4b8eb48,2,2,0.036801,0
ae243a95-b2c2-410c-9e2b-b083b4b8eb48,2,3,0.928816,1
ae243a95-b2c2-410c-9e2b-b083b4b8eb48,2,4,0.055733,0
ae243a95-b2c2-410c-9e2b-b083b4b8eb48,2,5,0.055360,0
ae243a95-b2c2-410c-9e2b-b083b4b8eb48,2,6,0.047440,0
ae243a95-b2c2-410c-9e2b-b083b4b8eb48,2,7,0.056660,0
ae243a95-b2c2-410c-9e2b-b083b4b8eb48,2,8,0.087583,0
ae243a95-b2c2-410c-9e2b-b083b4b8eb48,2,9,0.029507,0
ae243a95-b2c2-410c-9e2b-b083b4b8eb48,2,10,0.114248,0
ae243a95-b2c2-410c-9e2b-b083b4b8eb48,2,11,0.988064,1
ae243a95-b2c2-410c-9e2b-b083b4b8eb48,2,12,0.769847,1
ae243a95-b2c2-410c-9e2b-b083b4b8eb48,2,13,0.118813,0
ae243a95-b2c2-410c-9e2b-b083b4b8eb48,2,14,0.119247,0
ae243a95-b2c2-410c-9e2b-b083b4b8eb48,2,15,0.071959,0
ae243a95-b2c2-410c-9e2b-b083b4b8eb48,2,16,0.047829,0
ae243a95-b2c2-410c-9e2b-b083b4b8eb48,2,17,0.018359,0
ae243a95-b2c2-410c-9e2b-b083b4b8eb48,3,0,0.145989,0
ae243a95-b2c2-410c-9e2b-b083b4b8eb48,3,1,0.030032,0
ae243a95-b2c2-410c-9e2b-b083b4b8eb48,3,2,0.024797,0
ae243a95-b2c2-410c-9e2b-b083b4b8eb48,3,3,0.021380,0
ae243a95-b2c2-410c-9e2b-b083b4b8eb48,3,4,0.035208,0
ae243a95-b2c2-410c-9e2b-b083b4b8eb48,3,5,0.020269,0
ae243a95-b2c2-410c-9e2b-b083b4b8eb48,3,6,0.045465,0
ae243a95-b2c2-410c-9e2b-b083b4b8eb48,3,7,0.083559,0
ae243a95-b2c2-410c-9e2b-b083b4b8eb48,3,8,0.067805,0
ae243a95-b2c2-410c-9e2b-b083b4b8eb48,3,9,0.048224,0
ae243a95-b2c2-410c-9e2b-b083b4b8eb48,3,10,0.022025,0
ae243a95-b2c2-410c-9e2b-b083b4b8eb48,3,11,0.430848,0
ae243a95-b2c2-410c-9e2b-b083b4b8eb48,3,12,0.060548,0
ae243a95-b2c2-410c-9e2b-b083b4b8eb48,3,13,0.033078,0
ae243a95-b2c2-410c-9e2b-b083b4b8eb48,3,14,0.082381,0
ae243a95-b2c2-410c-9e2b-b083b4b8eb48,3,15,0.021610,0
df5fe55a-dfcb-4817-8631-830f47c21a72,1,0,0.024581,0
df5fe55a-dfcb-4817-8631-830f47c21a72,1,1,0.020932,0
df5fe55a-dfcb-4817-8631-830f47c21a72,1,2,0.169874,0
df5fe55a-dfcb-4817-8631-830f47c21a72,1,3,0.061108,0
df5fe55a-dfcb-4817-8631-830f47c21a72,1,4,0.045962,0
df5fe55a-dfcb-4817-8631-830f47c21a72,1,5,0.027644,0
df5fe55a-dfcb-4817-8631-830f47c21a72,1,6,0.028568,0
df5fe55a-dfcb-4817-8631-830f47c21a72,1,7,0.022630,0
df5fe55a-dfcb-4817-8631-830f47c21a72,1,8,0.032532,0
df5fe55a-dfcb-4817-8631-830f47c21a72,1,9,0.019870,0
df5fe55a-dfcb-4817-8631-830f47c21a72,1,10,0.027326,0
df5fe55a-dfcb-4817-8631-830f47c21a72,1,11,0.175953,0
df5fe55a-dfcb-4817-8631-830f47c21a72,1,12,0.057802,0
df5fe55a-dfcb-4817-8631-830f47c21a72,1,13,0.025500,0
df5fe55a-dfcb-4817-8631-830f47c21a72,1,14,0.021572,0
df5fe55a-dfcb-4817-8631-830f47c21a72,1,15,0.029833,0
df5fe55a-dfcb-4817-8631-830f47c21a72,1,16,0.026064,0
df5fe55a-dfcb-4817-8631-830f47c21a72,1,17,0.029918,0
df5fe55a-dfcb-4817-8631-830f47c21a72,1,18,0.025137,0
df5fe55a-dfcb-4817-8631-830f47c21a72,1,19,0.022031,0
df5fe55a-dfcb-4817-8631-830f47c21a72,1,20,0.025295,0
df5fe55a-dfcb-4817-8631-830f47c21a72,1,21,0.408338,0
df5fe55a-dfcb-4817-8631-830f47c21a72,1,22,0.041758,0
df5fe55a-dfcb-4817-8631-830f47c21a72,1,23,0.036450,0
df5fe55a-dfcb-4817-8631-830f47c21a72,1,24,0.042417,0
df5fe55a-dfcb-4817-8631-830f47c21a72,1,25,0.024411,0
df5fe55a-dfcb-4817-8631-830f47c21a72,1,26,0.020863,0
df5fe55a-dfcb-4817-8631-830f47c21a72,1,27,0.019229,0
df5fe55a-dfcb-4817-8631-830f47c21a72,1,28,0.044165,0
df5fe55a-dfcb-4817-8631-830f47c21a72,1,29,0.042110,0
df5fe55a-dfcb-4817-8631-830f47c21a72,2,0,0.034327,0
df5fe55a-dfcb-4817-8631-830f47c21a72,2,1,0.023735,0
df5fe55a-dfcb-4817-8631-830f47c21a72,2,2,0.083369,0
df5fe55a-dfcb-4817-8631-830f47c21a72,2,3,0.021834,0
df5fe55a-dfcb-4817-8631-830f47c21a72,2,4,0.020723,0
df5fe55a-dfcb-4817-8631-830f47c21a72,2,5,0.019108,0
df5fe55a-dfcb-4817-8631-830f47c21a72,2,6,0.022804,0
df5fe55a-dfcb-4817-8631-830f47c21a72,2,7,0.022589,0
df5fe55a-dfcb-4817-8631-830f47c21a72,2,8,0.019854,0
df5fe55a-dfcb-4817-8631-830f47c21a72,2,9,0.037775,0
df5fe55a-dfcb-4817-8631-830f47c21a72,2,10,0.075673,0
df5fe55a-dfcb-4817-8631-830f47c21a72,2,11,0.938965,1
df5fe55a-dfcb-4817-8631-830f47c21a72,2,12,0.893449,1
df5fe55a-dfcb-4817-8631-830f47c21a72,2,13,0.023150,0
df5fe55a-dfcb-4817-8631-830f47c21a72,2,14,0.891506,1
df5fe55a-dfcb-4817-8631-830f47c21a72,2,15,0.087121,0
df5fe55a-dfcb-4817-8631-830f47c21a72,2,16,0.051180,0
df5fe55a-dfcb-4817-8631-830f47c21a72,2,17,0.022139,0
df5fe55a-dfcb-4817-8631-830f47c21a72,2,18,0.036383,0
df5fe55a-dfcb-4817-8631-830f47c21a72,2,19,0.141112,0
df5fe55a-dfcb-4817-8631-830f47c21a72,2,20,0.024069,0
df5fe55a-dfcb-4817-8631-830f47c21a72,2,21,0.054496,0
df5fe55a-dfcb-4817-8631-830f47c21a72,2,22,0.947851,1
df5fe55a-dfcb-4817-8631-830f47c21a72,2,23,0.093980,0
df5fe55a-dfcb-4817-8631-830f47c21a72,2,24,0.053544,0
df5fe55a-dfcb-4817-8631-830f47c21a72,2,25,0.019277,0
df5fe55a-dfcb-4817-8631-830f47c21a72,2,26,0.807143,1
df5fe55a-dfcb-4817-8631-830f47c21a72,2,27,0.019942,0
df5fe55a-dfcb-4817-8631-830f47c21a72,2,28,0.028036,0
df5fe55a-dfcb-4817-8631-830f47c21a72,3,0,0.046761,0
df5fe55a-dfcb-4817-8631-830f47c21a72,3,1,0.978163,1
df5fe55a-dfcb-4817-8631-830f47c21a72,3,2,0.021075,0
df5fe55a-dfcb-4817-8631-830f47c21a72,3,3,0.481226,0
df5fe55a-dfcb-4817-8631-830f47c21a72,3,4,0.021161,0
df5fe55a-dfcb-4817-8631-830f47c21a72,3,5,0.120924,0
df5fe55a-dfcb-4817-8631-830f47c21a72,3,6,0.080274,0
df5fe55a-dfcb-4817-8631-830f47c21a72,3,7,0.302018,0
df5fe55a-dfcb-4817-8631-830f47c21a72,3,8,0.023531,0
df5fe55a-dfcb-4817-8631-830f47c21a72,3,9,0.572661,1
df5fe55a-dfcb-4817-8631-830f47c21a72,3,10,0.338868,0
df5fe55a-dfcb-4817-8631-830f47c21a72,3,11,0.829988,1
df5fe55a-dfcb-4817-8631-830f47c21a72,3,12,0.173700,0
df5fe55a-dfcb-4817-8631-830f47c21a72,3,13,0.804500,1
df5fe55a-dfcb-4817-8631-830f47c21a72,3,14,0.200128,0
df5fe55a-dfcb-4817-8631-830f47c21a72,3,15,0.039174,0
df5fe55a-dfcb-4817-8631-830f47c21a72,3,16,0.279220,0
df5fe55a-dfcb-4817-8631-830f47c21a72,3,17,0.065365,0
df5fe55a-dfcb-4817-8631-830f47c21a72,3,18,0.023975,0
df5fe55a-dfcb-4817-8631-830f47c21a72,3,19,0.029930,0
df5fe55a-dfcb-4817-8631-830f47c21a72,3,20,0.922375,1
df5fe55a-dfcb-4817-8631-830f47c21a72,3,21,0.021481,0
df5fe55a-dfcb-4817-8631-830f47c21a72,3,22,0.066107,0
df5fe55a-dfcb-4817-8631-830f47c21a72,3,23,0.203703,0
df5fe55a-dfcb-4817-8631-830f47c21a72,3,24,0.235168,0
df5fe55a-dfcb-4817-8631-830f47c21a72,3,25,0.098090,0
df5fe55a-dfcb-4817-8631-830f47c21a72,3,26,0.489480,0
df5fe55a-dfcb-4817-8631-830f47c21a72,3,27,0.110735,0
df5fe55a-dfcb-4817-8631-830f47c21a72,3,28,0.044125,0
df5fe55a-dfcb-4817-8631-830f47c21a72,3,29,0.079346,0
005a2961-0c2e-4575-8eec-770ba52a08e0,1,0,0.404534,0
005a2961-0c2e-4575-8eec-770ba52a08e0,1,1,0.486446,0
005a2961-0c2e-4575-8eec-770ba52a08e0,1,2,0.023700,0
005a2961-0c2e-4575-8eec-770ba52a08e0,1,3,0.019975,0
005a2961-0c2e-4575-8eec-770ba52a08e0,1,4,0.028438,0
005a2961-0c2e-4575-8eec-770ba52a08e0,1,5,0.023379,0
005a2961-0c2e-4575-8eec-770ba52a08e0,1,6,0.027953,0
005a2961-0c2e-4575-8eec-770ba52a08e0,1,7,0.023316,0
005a2961-0c2e-4575-8eec-770ba52a08e0,1,8,0.038888,0
005a2961-0c2e-4575-8eec-770ba52a08e0,1,9,0.131618,0
005a2961-0c2e-4575-8eec-770ba52a08e0,1,10,0.020154,0
005a2961-0c2e-4575-8eec-770ba52a08e0,1,11,0.029955,0
005a2961-0c2e-4575-8eec-770ba52a08e0,1,12,0.021961,0
005a2961-0c2e-4575-8eec-770ba52a08e0,1,13,0.040330,0
005a2961-0c2e-4575-8eec-770ba52a08e0,1,14,0.025346,0
005a2961-0c2e-4575-8eec-770ba52a08e0,1,15,0.018623,0
005a2961-0c2e-4575-8eec-770ba52a08e0,1,16,0.019251,0
005a2961-0c2e-4575-8eec-770ba52a08e0,1,17,0.031999,0
005a2961-0c2e-4575-8eec-770ba52a08e0,2,0,0.020636,0
005a2961-0c2e-4575-8eec-770ba52a08e0,2,1,0.031493,0
005a2961-0c2e-4575-8eec-770ba52a08e0,2,2,0.021400,0
005a2961-0c2e-4575-8eec-770ba52a08e0,2,3,0.630516,1
005a2961-0c2e-4575-8eec-770ba52a08e0,2,4,0.027852,0
005a2961-0c2e-4575-8eec-770ba52a08e0,2,5,0.029889,0
005a2961-0c2e-4575-8eec-770ba52a08e0,2,6,0.066541,0
005a2961-0c2e-4575-8eec-770ba52a08e0,2,7,0.042889,0
005a2961-0c2e-4575-8eec-770ba52a08e0,2,8,0.030863,0
005a2961-0c2e-4575-8eec-770ba52a08e0,2,9,0.609905,1
005a2961-0c2e-4575-8eec-770ba52a08e0,2,10,0.021877,0
005a2961-0c2e-4575-8eec-770ba52a08e0,2,11,0.021176,0
005a2961-0c2e-4575-8eec-770ba52a08e0,2,12,0.024567,0
005a2961-0c2e-4575-8eec-770ba52a08e0,2,13,0.019954,0
005a2961-0c2e-4575-8eec-770ba52a08e0,2,14,0.023268,0
005a2961-0c2e-4575-8eec-770ba52a08e0,2,15,0.027450,0
005a2961-0c2e-4575-8eec-770ba52a08e0,2,16,0.045002,0
005a2961-0c2e-4575-8eec-770ba52a08e0,2,17,0.148225,0
005a2961-0c2e-4575-8eec-770ba52a08e0,2,18,0.064678,0
005a2961-0c2e-4575-8eec-770ba52a08e0,2,19,0.019999,0
005a2961-0c2e-4575-8eec-770ba52a08e0,2,20,0.061792,0
005a2961-0c2e-4575-8eec-770ba52a08e0,2,21,0.090604,0
005a2961-0c2e-4575-8eec-770ba52a08e0,2,22,0.034858,0
005a2961-0c2e-4575-8eec-770ba52a08e0,2,23,0.374719,0
005a2961-0c2e-4575-8eec-770ba52a08e0,2,24,0.032926,0
005a2961-0c2e-4575-8eec-770ba52a08e0,2,25,0.058907,0
005a2961-0c2e-4575-8eec-770ba52a08e0,2,26,0.025900,0
005a2961-0c2e-4575-8eec-770ba52a08e0,2,27,0.030510,0
005a2961-0c2e-4575-8eec-770ba52a08e0,2,28,0.149921,0
005a2961-0c2e-4575-8eec-770ba52a08e0,3,0,0.022835,0
005a2961-0c2e-4575-8eec-770ba52a08e0,3,1,0.017463,0
005a2961-0c2e-4575-8eec-770ba52a08e0,3,2,0.038086,0
005a2961-0c2e-4575-8eec-770ba52a08e0,3,3,0.028511,0
005a2961-0c2e-4575-8eec-770ba52a08e0,3,4,0.051423,0
005a2961-0c2e-4575-8eec-770ba52a08e0,3,5,0.021501,0
005a2961-0c2e-4575-8eec-770ba52a08e0,3,6,0.028201,0
005a2961-0c2e-4575-8eec-770ba52a08e0,3,7,0.020610,0
005a2961-0c2e-4575-8eec-770ba52a08e0,3,8,0.250241,0
005a2961-0c2e-4575-8eec-770ba52a08e0,3,9,0.959378,1
005a2961-0c2e-4575-8eec-770ba52a08e0,3,10,0.205654,0
005a2961-0c2e-4575-8eec-770ba52a08e0,3,11,0.050705,0
005a2961-0c2e-4575-8eec-770ba52a08e0,3,12,0.023344,0
005a2961-0c2e-4575-8eec-770ba52a08e0,3,13,0.109738,0
005a2961-0c2e-4575-8eec-770ba52a08e0,3,14,0.023792,0
005a2961-0c2e-4575-8eec-770ba52a08e0,3,15,0.034054,0
005a2961-0c2e-4575-8eec-770ba52a08e0,3,16,0.028466,0
005a2961-0c2e-4575-8eec-770ba52a08e0,3,17,0.025623,0
005a2961-0c2e-4575-8eec-770ba52a08e0,3,18,0.025832,0
005a2961-0c2e-4575-8eec-770ba52a08e0,3,19,0.033094,0
005a2961-0c2e-4575-8eec-770ba52a08e0,3,20,0.022052,0
005a2961-0c2e-4575-8eec-770ba52a08e0,3,21,0.028977,0
005a2961-0c2e-4575-8eec-770ba52a08e0,3,22,0.026753,0
005a2961-0c2e-4575-8eec-770ba52a08e0,3,23,0.060111,0
005a2961-0c2e-4575-8eec-770ba52a08e0,3,24,0.025900,0
005a2961-0c2e-4575-8eec-770ba52a08e0,3,25,0.030510,0
005a2961-0c2e-4575-8eec-770ba52a08e0,3,26,0.758606,1
005a2961-0c2e-4575-8eec-770ba52a08e0,3,27,0.025053,0
005a2961-0c2e-4575-8eec-770ba52a08e0,3,28,0.971448,1
005a2961-0c2e-4575-8eec-770ba52a08e0,3,29,0.888572,1
0ffb34cd-c367-4d90-aca7-7fcac3ed8f3d,1,0,0.060546,0
0ffb34cd-c367-4d90-aca7-7fcac3ed8f3d,1,1,0.339928,0
0ffb34cd-c367-4d90-aca7-7fcac3ed8f3d,1,2,0.030641,0
0ffb34cd-c367-4d90-aca7-7fcac3ed8f3d,1,3,0.105674,0
0ffb34cd-c367-4d90-aca7-7fcac3ed8f3d,1,4,0.077864,0
0ffb34cd-c367-4d90-aca7-7fcac3ed8f3d,1,5,0.064931,0
0ffb34cd-c367-4d90-aca7-7fcac3ed8f3d,1,6,0.103477,0
0ffb34cd-c367-4d90-aca7-7fcac3ed8f3d,1,7,0.228464,0
0ffb34cd-c367-4d90-aca7-7fcac3ed8f3d,1,8,0.128051,0
0ffb34cd-c367-4d90-aca7-7fcac3ed8f3d,1,9,0.062112,0
0ffb34cd-c367-4d90-aca7-7fcac3ed8f3d,1,10,0.022033,0
0ffb34cd-c367-4d90-aca7-7fcac3ed8f3d,1,11,0.034183,0
0ffb34cd-c367-4d90-aca7-7fcac3ed8f3d,1,12,0.027910,0
0ffb34cd-c367-4d90-aca7-7fcac3ed8f3d,1,13,0.024290,0
0ffb34cd-c367-4d90-aca7-7fcac3ed8f3d,2,0,0.048552,0
0ffb34cd-c367-4d90-aca7-7fcac3ed8f3d,2,1,0.183781,0
0ffb34cd-c367-4d90-aca7-7fcac3ed8f3d,2,2,0.094606,0
0ffb34cd-c367-4d90-aca7-7fcac3ed8f3d,2,3,0.044185,0
0ffb34cd-c367-4d90-aca7-7fcac3ed8f3d,2,4,0.032875,0
0ffb34cd-c367-4d90-aca7-7fcac3ed8f3d,2,5,0.024189,0
0ffb34cd-c367-4d90-aca7-7fcac3ed8f3d,2,6,0.102282,0
0ffb34cd-c367-4d90-aca7-7fcac3ed8f3d,2,7,0.402202,0
0ffb34cd-c367-4d90-aca7-7fcac3ed8f3d,2,8,0.266565,0
0ffb34cd-c367-4d90-aca7-7fcac3ed8f3d,2,9,0.021458,0
0ffb34cd-c367-4d90-aca7-7fcac3ed8f3d,2,10,0.033092,0
0ffb34cd-c367-4d90-aca7-7fcac3ed8f3d,2,11,0.032624,0
0ffb34cd-c367-4d90-aca7-7fcac3ed8f3d,2,12,0.064931,0
0ffb34cd-c367-4d90-aca7-7fcac3ed8f3d,2,13,0.149074,0
0ffb34cd-c367-4d90-aca7-7fcac3ed8f3d,2,14,0.157976,0
0ffb34cd-c367-4d90-aca7-7fcac3ed8f3d,2,15,0.023473,0
0ffb34cd-c367-4d90-aca7-7fcac3ed8f3d,2,16,0.023477,0
0ffb34cd-c367-4d90-aca7-7fcac3ed8f3d,3,0,0.032090,0
0ffb34cd-c367-4d90-aca7-7fcac3ed8f3d,3,1,0.035738,0
0ffb34cd-c367-4d90-aca7-7fcac3ed8f3d,3,2,0.285379,0
0ffb34cd-c367-4d90-aca7-7fcac3ed8f3d,3,3,0.028144,0
0ffb34cd-c367-4d90-aca7-7fcac3ed8f3d,3,4,0.050087,0
0ffb34cd-c367-4d90-aca7-7fcac3ed8f3d,3,5,0.829084,1
0ffb34cd-c367-4d90-aca7-7fcac3ed8f3d,3,6,0.042985,0
0ffb34cd-c367-4d90-aca7-7fcac3ed8f3d,3,7,0.022340,0
0ffb34cd-c367-4d90-aca7-7fcac3ed8f3d,3,8,0.142754,0
0ffb34cd-c367-4d90-aca7-7fcac3ed8f3d,3,9,0.870922,1
0ffb34cd-c367-4d90-aca7-7fcac3ed8f3d,3,10,0.068170,0
0ffb34cd-c367-4d90-aca7-7fcac3ed8f3d,3,11,0.043030,0
0ffb34cd-c367-4d90-aca7-7fcac3ed8f3d,3,12,0.029385,0
0ffb34cd-c367-4d90-aca7-7fcac3ed8f3d,3,13,0.792102,1
0ffb34cd-c367-4d90-aca7-7fcac3ed8f3d,3,14,0.471347,0
0ffb34cd-c367-4d90-aca7-7fcac3ed8f3d,3,15,0.023158,0
0ffb34cd-c367-4d90-aca7-7fcac3ed8f3d,3,16,0.052947,0
0ffb34cd-c367-4d90-aca7-7fcac3ed8f3d,3,17,0.041500,0
0ffb34cd-c367-4d90-aca7-7fcac3ed8f3d,3,18,0.644192,1
0ffb34cd-c367-4d90-aca7-7fcac3ed8f3d,3,19,0.054942,0
0ffb34cd-c367-4d90-aca7-7fcac3ed8f3d,3,20,0.039302,0
0ffb34cd-c367-4d90-aca7-7fcac3ed8f3d,3,21,0.032704,0
2058ec60-5372-4f5f-83a3-da780be3a350,1,0,0.066916,0
2058ec60-5372-4f5f-83a3-da780be3a350,1,1,0.046197,0
2058ec60-5372-4f5f-83a3-da780be3a350,1,2,0.066868,0
2058ec60-5372-4f5f-83a3-da780be3a350,1,3,0.114306,0
2058ec60-5372-4f5f-83a3-da780be3a350,1,4,0.132988,0
2058ec60-5372-4f5f-83a3-da780be3a350,1,5,0.073818,0
2058ec60-5372-4f5f-83a3-da780be3a350,1,6,0.033403,0
2058ec60-5372-4f5f-83a3-da780be3a350,1,7,0.024767,0
2058ec60-5372-4f5f-83a3-da780be3a350,1,8,0.030820,0
2058ec60-5372-4f5f-83a3-da780be3a350,1,9,0.045218,0
2058ec60-5372-4f5f-83a3-da780be3a350,1,10,0.026046,0
2058ec60-5372-4f5f-83a3-da780be3a350,1,11,0.037662,0
2058ec60-5372-4f5f-83a3-da780be3a350,1,12,0.036265,0
2058ec60-5372-4f5f-83a3-da780be3a350,1,13,0.024037,0
2058ec60-5372-4f5f-83a3-da780be3a350,1,14,0.025283,0
2058ec60-5372-4f5f-83a3-da780be3a350,1,15,0.021163,0
2058ec60-5372-4f5f-83a3-da780be3a350,1,16,0.022381,0
2058ec60-5372-4f5f-83a3-da780be3a350,1,17,0.022656,0
2058ec60-5372-4f5f-83a3-da780be3a350,1,18,0.020313,0
2058ec60-5372-4f5f-83a3-da780be3a350,1,19,0.031863,0
2058ec60-5372-4f5f-83a3-da780be3a350,1,20,0.063822,0
2058ec60-5372-4f5f-83a3-da780be3a350,1,21,0.024916,0
2058ec60-5372-4f5f-83a3-da780be3a350,1,22,0.061045,0
2058ec60-5372-4f5f-83a3-da780be3a350,1,23,0.023217,0
2058ec60-5372-4f5f-83a3-da780be3a350,1,24,0.061631,0
2058ec60-5372-4f5f-83a3-da780be3a350,1,25,0.023052,0
2058ec60-5372-4f5f-83a3-da780be3a350,1,26,0.018046,0
2058ec60-5372-4f5f-83a3-da780be3a350,1,27,0.020050,0
2058ec60-5372-4f5f-83a3-da780be3a350,1,28,0.022238,0
2058ec60-5372-4f5f-83a3-da780be3a350,1,29,0.047809,0
2058ec60-5372-4f5f-83a3-da780be3a350,1,30,0.048175,0
2058ec60-5372-4f5f-83a3-da780be3a350,1,31,0.017711,0
2058ec60-5372-4f5f-83a3-da780be3a350,1,32,0.020089,0
2058ec60-5372-4f5f-83a3-da780be3a350,1,33,0.022268,0
2058ec60-5372-4f5f-83a3-da780be3a350,1,34,0.026719,0
2058ec60-5372-4f5f-83a3-da780be3a350,1,35,0.021825,0
2058ec60-5372-4f5f-83a3-da780be3a350,1,36,0.023972,0
2058ec60-5372-4f5f-83a3-da780be3a350,1,37,0.024695,0
2058ec60-5372-4f5f-83a3-da780be3a350,1,38,0.020183,0
2058ec60-5372-4f5f-83a3-da780be3a350,1,39,0.034519,0
2058ec60-5372-4f5f-83a3-da780be3a350,1,40,0.278633,0
2058ec60-5372-4f5f-83a3-da780be3a350,1,41,0.929412,1
2058ec60-5372-4f5f-83a3-da780be3a350,1,42,0.026031,0
2058ec60-5372-4f5f-83a3-da780be3a350,1,43,0.022341,0
2058ec60-5372-4f5f-83a3-da780be3a350,1,44,0.022186,0
2058ec60-5372-4f5f-83a3-da780be3a350,1,45,0.025225,0
2058ec60-5372-4f5f-83a3-da780be3a350,1,46,0.039624,0
2058ec60-5372-4f5f-83a3-da780be3a350,1,47,0.041525,0
2058ec60-5372-4f5f-83a3-da780be3a350,1,48,0.024416,0
2058ec60-5372-4f5f-83a3-da780be3a350,1,49,0.022958,0
2058ec60-5372-4f5f-83a3-da780be3a350,1,50,0.020381,0
2058ec60-5372-4f5f-83a3-da780be3a350,1,51,0.049256,0
2058ec60-5372-4f5f-83a3-da780be3a350,1,52,0.020253,0
2058ec60-5372-4f5f-83a3-da780be3a350,2,0,0.037019,0
2058ec60-5372-4f5f-83a3-da780be3a350,2,1,0.058087,0
2058ec60-5372-4f5f-83a3-da780be3a350,2,2,0.020019,0
2058ec60-5372-4f5f-83a3-da780be3a350,2,3,0.022395,0
2058ec60-5372-4f5f-83a3-da780be3a350,2,4,0.048298,0
2058ec60-5372-4f5f-83a3-da780be3a350,2,5,0.053585,0
2058ec60-5372-4f5f-83a3-da780be3a350,2,6,0.975333,1
2058ec60-5372-4f5f-83a3-da780be3a350,2,7,0.797741,1
2058ec60-5372-4f5f-83a3-da780be3a350,2,8,0.022445,0
2058ec60-5372-4f5f-83a3-da780be3a350,2,9,0.149202,0
2058ec60-5372-4f5f-83a3-da780be3a350,2,10,0.020303,0
2058ec60-5372-4f5f-83a3-da780be3a350,2,11,0.021620,0
2058ec60-5372-4f5f-83a3-da780be3a350,2,12,0.037706,0
2058ec60-5372-4f5f-83a3-da780be3a350,2,13,0.022318,0
2058ec60-5372-4f5f-83a3-da780be3a350,2,14,0.033327,0
2058ec60-5372-4f5f-83a3-da780be3a350,2,15,0.021386,0
2058ec60-5372-4f5f-83a3-da780be3a350,2,16,0.032518,0
2058ec60-5372-4f5f-83a3-da780be3a350,2,17,0.073443,0
2058ec60-5372-4f5f-83a3-da780be3a350,2,18,0.071524,0
2058ec60-5372-4f5f-83a3-da780be3a350,2,19,0.120040,0
2058ec60-5372-4f5f-83a3-da780be3a350,2,20,0.874367,1
2058ec60-5372-4f5f-83a3-da780be3a350,2,21,0.142789,0
2058ec60-5372-4f5f-83a3-da780be3a350,2,22,0.043385,0
2058ec60-5372-4f5f-83a3-da780be3a350,2,23,0.020949,0
2058ec60-5372-4f5f-83a3-da780be3a350,2,24,0.624618,1
2058ec60-5372-4f5f-83a3-da780be3a350,2,25,0.032455,0
2058ec60-5372-4f5f-83a3-da780be3a350,2,26,0.019566,0
2058ec60-5372-4f5f-83a3-da780be3a350,2,27,0.081946,0
2058ec60-5372-4f5f-83a3-da780be3a350,2,28,0.337218,0
2058ec60-5372-4f5f-83a3-da780be3a350,2,29,0.071086,0
2058ec60-5372-4f5f-83a3-da780be3a350,2,30,0.021951,0
2058ec60-5372-4f5f-83a3-da780be3a350,2,31,0.074240,0
2058ec60-5372-4f5f-83a3-da780be3a350,2,32,0.058397,0
2058ec60-5372-4f5f-83a3-da780be3a350,3,0,0.277331,0
2058ec60-5372-4f5f-83a3-da780be3a350,3,1,0.037229,0
2058ec60-5372-4f5f-83a3-da780be3a350,3,2,0.053992,0
2058ec60-5372-4f5f-83a3-da780be3a350,3,3,0.045131,0
2058ec60-5372-4f5f-83a3-da780be3a350,3,4,0.023399,0
2058ec60-5372-4f5f-83a3-da780be3a350,3,5,0.026263,0
2058ec60-5372-4f5f-83a3-da780be3a350,3,6,0.021730,0
2058ec60-5372-4f5f-83a3-da780be3a350,3,7,0.020473,0
2058ec60-5372-4f5f-83a3-da780be3a350,3,8,0.140983,0
2058ec60-5372-4f5f-83a3-da780be3a350,3,9,0.588171,1
2058ec60-5372-4f5f-83a3-da780be3a350,3,10,0.019295,0
2058ec60-5372-4f5f-83a3-da780be3a350,3,11,0.045749,0
2058ec60-5372-4f5f-83a3-da780be3a350,3,12,0.018756,0
2058ec60-5372-4f5f-83a3-da780be3a350,3,13,0.022511,0
2058ec60-5372-4f5f-83a3-da780be3a350,3,14,0.022067,0
2058ec60-5372-4f5f-83a3-da780be3a350,3,15,0.080848,0
2058ec60-5372-4f5f-83a3-da780be3a350,3,16,0.018027,0
2058ec60-5372-4f5f-83a3-da780be3a350,3,17,0.019080,0
2058ec60-5372-4f5f-83a3-da780be3a350,3,18,0.017039,0
2058ec60-5372-4f5f-83a3-da780be3a350,3,19,0.026161,0
2058ec60-5372-4f5f-83a3-da780be3a350,3,20,0.075055,0
2058ec60-5372-4f5f-83a3-da780be3a350,3,21,0.043429,0
2058ec60-5372-4f5f-83a3-da780be3a350,3,22,0.038628,0
2058ec60-5372-4f5f-83a3-da780be3a350,3,23,0.020818,0
2058ec60-5372-4f5f-83a3-da780be3a350,3,24,0.056808,0
2058ec60-5372-4f5f-83a3-da780be3a350,3,25,0.022741,0
2058ec60-5372-4f5f-83a3-da780be3a350,3,26,0.020791,0
2058ec60-5372-4f5f-83a3-da780be3a350,3,27,0.032201,0
2058ec60-5372-4f5f-83a3-da780be3a350,3,28,0.046966,0
2058ec60-5372-4f5f-83a3-da780be3a350,3,29,0.251920,0
2058ec60-5372-4f5f-83a3-da780be3a350,3,30,0.037342,0
2058ec60-5372-4f5f-83a3-da780be3a350,3,31,0.051055,0
2058ec60-5372-4f5f-83a3-da780be3a350,3,32,0.020260,0
2058ec60-5372-4f5f-83a3-da780be3a350,3,33,0.019368,0
2058ec60-5372-4f5f-83a3-da780be3a350,3,34,0.027074,0
2153fb3e-6b09-410c-bfea-d095c49a54ba,1,0,0.029099,0
2153fb3e-6b09-410c-bfea-d095c49a54ba,1,1,0.093623,0
2153fb3e-6b09-410c-bfea-d095c49a54ba,1,2,0.946648,1
2153fb3e-6b09-410c-bfea-d095c49a54ba,1,3,0.026085,0
2153fb3e-6b09-410c-bfea-d095c49a54ba,1,4,0.149508,0
2153fb3e-6b09-410c-bfea-d095c49a54ba,1,5,0.026232,0
2153fb3e-6b09-410c-bfea-d095c49a54ba,1,6,0.028785,0
2153fb3e-6b09-410c-bfea-d095c49a54ba,1,7,0.035627,0
2153fb3e-6b09-410c-bfea-d095c49a54ba,1,8,0.029903,0
2153fb3e-6b09-410c-bfea-d095c49a54ba,1,9,0.023136,0
2153fb3e-6b09-410c-bfea-d095c49a54ba,1,10,0.032086,0
2153fb3e-6b09-410c-bfea-d095c49a54ba,1,11,0.028380,0
2153fb3e-6b09-410c-bfea-d095c49a54ba,1,12,0.038717,0
2153fb3e-6b09-410c-bfea-d095c49a54ba,1,13,0.046489,0
2153fb3e-6b09-410c-bfea-d095c49a54ba,1,14,0.025099,0
2153fb3e-6b09-410c-bfea-d095c49a54ba,1,15,0.931517,1
2153fb3e-6b09-410c-bfea-d095c49a54ba,1,16,0.053823,0
2153fb3e-6b09-410c-bfea-d095c49a54ba,1,17,0.029548,0
2153fb3e-6b09-410c-bfea-d095c49a54ba,1,18,0.021051,0
2153fb3e-6b09-410c-bfea-d095c49a54ba,1,19,0.036705,0
2153fb3e-6b09-410c-bfea-d095c49a54ba,1,20,0.391739,0
2153fb3e-6b09-410c-bfea-d095c49a54ba,2,0,0.022332,0
2153fb3e-6b09-410c-bfea-d095c49a54ba,2,1,0.020343,0
2153fb3e-6b09-410c-bfea-d095c49a54ba,2,2,0.023021,0
2153fb3e-6b09-410c-bfea-d095c49a54ba,2,3,0.042520,0
2153fb3e-6b09-410c-bfea-d095c49a54ba,2,4,0.148282,0
2153fb3e-6b09-410c-bfea-d095c49a54ba,2,5,0.022977,0
2153fb3e-6b09-410c-bfea-d095c49a54ba,2,6,0.081485,0
2153fb3e-6b09-410c-bfea-d095c49a54ba,2,7,0.028660,0
2153fb3e-6b09-410c-bfea-d095c49a54ba,2,8,0.023644,0
2153fb3e-6b09-410c-bfea-d095c49a54ba,2,9,0.106774,0
2153fb3e-6b09-410c-bfea-d095c49a54ba,2,10,0.834261,1
2153fb3e-6b09-410c-bfea-d095c49a54ba,2,11,0.021974,0
2153fb3e-6b09-410c-bfea-d095c49a54ba,2,12,0.027991,0
2153fb3e-6b09-410c-bfea-d095c49a54ba,2,13,0.027163,0
2153fb3e-6b09-410c-bfea-d095c49a54ba,2,14,0.023948,0
2153fb3e-6b09-410c-bfea-d095c49a54ba,2,15,0.062418,0
2153fb3e-6b09-410c-bfea-d095c49a54ba,2,16,0.038120,0
2153fb3e-6b09-410c-bfea-d095c49a54ba,2,17,0.037499,0
2153fb3e-6b09-410c-bfea-d095c49a54ba,2,18,0.033445,0
2153fb3e-6b09-410c-bfea-d095c49a54ba,2,19,0.042117,0
2153fb3e-6b09-410c-bfea-d095c49a54ba,2,20,0.932173,1
2153fb3e-6b09-410c-bfea-d095c49a54ba,2,21,0.094108,0
2153fb3e-6b09-410c-bfea-d095c49a54ba,2,22,0.025070,0
2153fb3e-6b09-410c-bfea-d095c49a54ba,3,0,0.992187,1
2153fb3e-6b09-410c-bfea-d095c49a54ba,3,1,0.060714,0
2153fb3e-6b09-410c-bfea-d095c49a54ba,3,2,0.022524,0
2153fb3e-6b09-410c-bfea-d095c49a54ba,3,3,0.026455,0
2153fb3e-6b09-410c-bfea-d095c49a54ba,3,4,0.030955,0
2153fb3e-6b09-410c-bfea-d095c49a54ba,3,5,0.084707,0
2153fb3e-6b09-410c-bfea-d095c49a54ba,3,6,0.155654,0
2153fb3e-6b09-410c-bfea-d095c49a54ba,3,7,0.236753,0
2153fb3e-6b09-410c-bfea-d095c49a54ba,3,8,0.029906,0
2153fb3e-6b09-410c-bfea-d095c49a54ba,3,9,0.030857,0
2153fb3e-6b09-410c-bfea-d095c49a54ba,3,10,0.019758,0
2153fb3e-6b09-410c-bfea-d095c49a54ba,3,11,0.037772,0
2153fb3e-6b09-410c-bfea-d095c49a54ba,3,12,0.076008,0
2153fb3e-6b09-410c-bfea-d095c49a54ba,3,13,0.038895,0
2153fb3e-6b09-410c-bfea-d095c49a54ba,3,14,0.159315,0
2153fb3e-6b09-410c-bfea-d095c49a54ba,3,15,0.255024,0
3db93526-a344-4ea4-8772-3734d0cfdfb1,1,0,0.677769,1
3db93526-a344-4ea4-8772-3734d0cfdfb1,1,1,0.779854,1
3db93526-a344-4ea4-8772-3734d0cfdfb1,1,2,0.986257,1
3db93526-a344-4ea4-8772-3734d0cfdfb1,1,3,0.060101,0
3db93526-a344-4ea4-8772-3734d0cfdfb1,1,4,0.022656,0
3db93526-a344-4ea4-8772-3734d0cfdfb1,1,5,0.302529,0
3db93526-a344-4ea4-8772-3734d0cfdfb1,1,6,0.343353,0
3db93526-a344-4ea4-8772-3734d0cfdfb1,1,7,0.043756,0
3db93526-a344-4ea4-8772-3734d0cfdfb1,1,8,0.983778,1
3db93526-a344-4ea4-8772-3734d0cfdfb1,1,9,0.903544,1
3db93526-a344-4ea4-8772-3734d0cfdfb1,1,10,0.968327,1
3db93526-a344-4ea4-8772-3734d0cfdfb1,1,11,0.025421,0
3db93526-a344-4ea4-8772-3734d0cfdfb1,1,12,0.037661,0
3db93526-a344-4ea4-8772-3734d0cfdfb1,1,13,0.042043,0
3db93526-a344-4ea4-8772-3734d0cfdfb1,1,14,0.567433,1
3db93526-a344-4ea4-8772-3734d0cfdfb1,1,15,0.111493,0
3db93526-a344-4ea4-8772-3734d0cfdfb1,2,0,0.876824,1
3db93526-a344-4ea4-8772-3734d0cfdfb1,2,1,0.022090,0
3db93526-a344-4ea4-8772-3734d0cfdfb1,2,2,0.052032,0
3db93526-a344-4ea4-8772-3734d0cfdfb1,2,3,0.055581,0
3db93526-a344-4ea4-8772-3734d0cfdfb1,2,4,0.078350,0
3db93526-a344-4ea4-8772-3734d0cfdfb1,2,5,0.286870,0
3db93526-a344-4ea4-8772-3734d0cfdfb1,2,6,0.039056,0
3db93526-a344-4ea4-8772-3734d0cfdfb1,2,7,0.027947,0
3db93526-a344-4ea4-8772-3734d0cfdfb1,2,8,0.934559,1
3db93526-a344-4ea4-8772-3734d0cfdfb1,2,9,0.975719,1
3db93526-a344-4ea4-8772-3734d0cfdfb1,2,10,0.020802,0
3db93526-a344-4ea4-8772-3734d0cfdfb1,2,11,0.041824,0
3db93526-a344-4ea4-8772-3734d0cfdfb1,2,12,0.024900,0
3db93526-a344-4ea4-8772-3734d0cfdfb1,3,0,0.461150,0
3db93526-a344-4ea4-8772-3734d0cfdfb1,3,1,0.026599,0
3db93526-a344-4ea4-8772-3734d0cfdfb1,3,2,0.026775,0
3db93526-a344-4ea4-8772-3734d0cfdfb1,3,3,0.043289,0
3db93526-a344-4ea4-8772-3734d0cfdfb1,3,4,0.031224,0
3db93526-a344-4ea4-8772-3734d0cfdfb1,3,5,0.449131,0
3db93526-a344-4ea4-8772-3734d0cfdfb1,3,6,0.091508,0
3db93526-a344-4ea4-8772-3734d0cfdfb1,3,7,0.046459,0
3db93526-a344-4ea4-8772-3734d0cfdfb1,3,8,0.022609,0
3db93526-a344-4ea4-8772-3734d0cfdfb1,3,9,0.026491,0
550b80db-bdd5-442b-8f70-c8e9f3203a13,1,0,0.106836,0
550b80db-bdd5-442b-8f70-c8e9f3203a13,1,1,0.109078,0
550b80db-bdd5-442b-8f70-c8e9f3203a13,1,2,0.035748,0
550b80db-bdd5-442b-8f70-c8e9f3203a13,1,3,0.872763,1
550b80db-bdd5-442b-8f70-c8e9f3203a13,1,4,0.029515,0
550b80db-bdd5-442b-8f70-c8e9f3203a13,1,5,0.036569,0
550b80db-bdd5-442b-8f70-c8e9f3203a13,1,6,0.952040,1
550b80db-bdd5-442b-8f70-c8e9f3203a13,1,7,0.029219,0
550b80db-bdd5-442b-8f70-c8e9f3203a13,1,8,0.018711,0
550b80db-bdd5-442b-8f70-c8e9f3203a13,1,9,0.093008,0
550b80db-bdd5-442b-8f70-c8e9f3203a13,1,10,0.124218,0
550b80db-bdd5-442b-8f70-c8e9f3203a13,1,11,0.029721,0
550b80db-bdd5-442b-8f70-c8e9f3203a13,1,12,0.063675,0
550b80db-bdd5-442b-8f70-c8e9f3203a13,1,13,0.045523,0
550b80db-bdd5-442b-8f70-c8e9f3203a13,1,14,0.857591,1
550b80db-bdd5-442b-8f70-c8e9f3203a13,1,15,0.195624,0
550b80db-bdd5-442b-8f70-c8e9f3203a13,1,16,0.047570,0
550b80db-bdd5-442b-8f70-c8e9f3203a13,1,17,0.031684,0
550b80db-bdd5-442b-8f70-c8e9f3203a13,1,18,0.968511,1
550b80db-bdd5-442b-8f70-c8e9f3203a13,2,0,0.057817,0
550b80db-bdd5-442b-8f70-c8e9f3203a13,2,1,0.020678,0
550b80db-bdd5-442b-8f70-c8e9f3203a13,2,2,0.889897,1
550b80db-bdd5-442b-8f70-c8e9f3203a13,2,3,0.253903,0
550b80db-bdd5-442b-8f70-c8e9f3203a13,2,4,0.032089,0
550b80db-bdd5-442b-8f70-c8e9f3203a13,2,5,0.607945,1
550b80db-bdd5-442b-8f70-c8e9f3203a13,2,6,0.027612,0
550b80db-bdd5-442b-8f70-c8e9f3203a13,2,7,0.040253,0
550b80db-bdd5-442b-8f70-c8e9f3203a13,2,8,0.025910,0
550b80db-bdd5-442b-8f70-c8e9f3203a13,2,9,0.019079,0
550b80db-bdd5-442b-8f70-c8e9f3203a13,2,10,0.026471,0
550b80db-bdd5-442b-8f70-c8e9f3203a13,2,11,0.020895,0
550b80db-bdd5-442b-8f70-c8e9f3203a13,2,12,0.033744,0
550b80db-bdd5-442b-8f70-c8e9f3203a13,2,13,0.028668,0
550b80db-bdd5-442b-8f70-c8e9f3203a13,2,14,0.061492,0
550b80db-bdd5-442b-8f70-c8e9f3203a13,2,15,0.036003,0
550b80db-bdd5-442b-8f70-c8e9f3203a13,2,16,0.019274,0
550b80db-bdd5-442b-8f70-c8e9f3203a13,2,17,0.761639,1
550b80db-bdd5-442b-8f70-c8e9f3203a13,2,18,0.047974,0
550b80db-bdd5-442b-8f70-c8e9f3203a13,2,19,0.976056,1
550b80db-bdd5-442b-8f70-c8e9f3203a13,3,0,0.189681,0
550b80db-bdd5-442b-8f70-c8e9f3203a13,3,1,0.059664,0
550b80db-bdd5-442b-8f70-c8e9f3203a13,3,2,0.033830,0
550b80db-bdd5-442b-8f70-c8e9f3203a13,3,3,0.115869,0
550b80db-bdd5-442b-8f70-c8e9f3203a13,3,4,0.670531,1
550b80db-bdd5-442b-8f70-c8e9f3203a13,3,5,0.082528,0
550b80db-bdd5-442b-8f70-c8e9f3203a13,3,6,0.034867,0
550b80db-bdd5-442b-8f70-c8e9f3203a13,3,7,0.771553,1
550b80db-bdd5-442b-8f70-c8e9f3203a13,3,8,0.069148,0
576116e5-2b18-4d35-be73-36f5863c9468,1,0,0.021044,0
576116e5-2b18-4d35-be73-36f5863c9468,1,1,0.023480,0
576116e5-2b18-4d35-be73-36f5863c9468,1,2,0.031429,0
576116e5-2b18-4d35-be73-36f5863c9468,1,3,0.021413,0
576116e5-2b18-4d35-be73-36f5863c9468,1,4,0.018676,0
576116e5-2b18-4d35-be73-36f5863c9468,1,5,0.025530,0
576116e5-2b18-4d35-be73-36f5863c9468,1,6,0.020558,0
576116e5-2b18-4d35-be73-36f5863c9468,1,7,0.041427,0
576116e5-2b18-4d35-be73-36f5863c9468,1,8,0.600465,1
576116e5-2b18-4d35-be73-36f5863c9468,1,9,0.064303,0
576116e5-2b18-4d35-be73-36f5863c9468,1,10,0.027959,0
576116e5-2b18-4d35-be73-36f5863c9468,1,11,0.147422,0
576116e5-2b18-4d35-be73-36f5863c9468,1,12,0.030229,0
576116e5-2b18-4d35-be73-36f5863c9468,1,13,0.020195,0
576116e5-2b18-4d35-be73-36f5863c9468,1,14,0.049596,0
576116e5-2b18-4d35-be73-36f5863c9468,1,15,0.263983,0
576116e5-2b18-4d35-be73-36f5863c9468,1,16,0.020035,0
576116e5-2b18-4d35-be73-36f5863c9468,1,17,0.131988,0
576116e5-2b18-4d35-be73-36f5863c9468,1,18,0.034007,0
576116e5-2b18-4d35-be73-36f5863c9468,1,19,0.030824,0
576116e5-2b18-4d35-be73-36f5863c9468,1,20,0.022005,0
576116e5-2b18-4d35-be73-36f5863c9468,1,21,0.129396,0
576116e5-2b18-4d35-be73-36f5863c9468,1,22,0.017732,0
576116e5-2b18-4d35-be73-36f5863c9468,1,23,0.036368,0
576116e5-2b18-4d35-be73-36f5863c9468,1,24,0.034271,0
576116e5-2b18-4d35-be73-36f5863c9468,1,25,0.017966,0
576116e5-2b18-4d35-be73-36f5863c9468,1,26,0.048544,0
576116e5-2b18-4d35-be73-36f5863c9468,1,27,0.075082,0
576116e5-2b18-4d35-be73-36f5863c9468,1,28,0.020600,0
576116e5-2b18-4d35-be73-36f5863c9468,1,29,0.019949,0
576116e5-2b18-4d35-be73-36f5863c9468,1,30,0.024160,0
576116e5-2b18-4d35-be73-36f5863c9468,1,31,0.038053,0
576116e5-2b18-4d35-be73-36f5863c9468,1,32,0.025147,0
576116e5-2b18-4d35-be73-36f5863c9468,1,33,0.018273,0
576116e5-2b18-4d35-be73-36f5863c9468,1,34,0.019566,0
576116e5-2b18-4d35-be73-36f5863c9468,1,35,0.976359,1
576116e5-2b18-4d35-be73-36f5863c9468,1,36,0.066169,0
576116e5-2b18-4d35-be73-36f5863c9468,1,37,0.163009,0
576116e5-2b18-4d35-be73-36f5863c9468,1,38,0.023092,0
576116e5-2b18-4d35-be73-36f5863c9468,1,39,0.032149,0
576116e5-2b18-4d35-be73-36f5863c9468,2,0,0.023032,0
576116e5-2b18-4d35-be73-36f5863c9468,2,1,0.417463,0
576116e5-2b18-4d35-be73-36f5863c9468,2,2,0.019359,0
576116e5-2b18-4d35-be73-36f5863c9468,2,3,0.021122,0
576116e5-2b18-4d35-be73-36f5863c9468,2,4,0.019637,0
576116e5-2b18-4d35-be73-36f5863c9468,2,5,0.030260,0
576116e5-2b18-4d35-be73-36f5863c9468,2,6,0.028911,0
576116e5-2b18-4d35-be73-36f5863c9468,2,7,0.025420,0
576116e5-2b18-4d35-be73-36f5863c9468,2,8,0.021730,0
576116e5-2b18-4d35-be73-36f5863c9468,2,9,0.055845,0
576116e5-2b18-4d35-be73-36f5863c9468,2,10,0.036731,0
576116e5-2b18-4d35-be73-36f5863c9468,2,11,0.034574,0
576116e5-2b18-4d35-be73-36f5863c9468,2,12,0.188746,0
576116e5-2b18-4d35-be73-36f5863c9468,2,13,0.036250,0
576116e5-2b18-4d35-be73-36f5863c9468,2,14,0.673332,1
576116e5-2b18-4d35-be73-36f5863c9468,2,15,0.024641,0
576116e5-2b18-4d35-be73-36f5863c9468,2,16,0.021236,0
576116e5-2b18-4d35-be73-36f5863c9468,2,17,0.020917,0
576116e5-2b18-4d35-be73-36f5863c9468,2,18,0.022559,0
576116e5-2b18-4d35-be73-36f5863c9468,2,19,0.018987,0
576116e5-2b18-4d35-be73-36f5863c9468,2,20,0.020818,0
576116e5-2b18-4d35-be73-36f5863c9468,2,21,0.031852,0
576116e5-2b18-4d35-be73-36f5863c9468,2,22,0.019541,0
576116e5-2b18-4d35-be73-36f5863c9468,2,23,0.024433,0
576116e5-2b18-4d35-be73-36f5863c9468,2,24,0.021756,0
576116e5-2b18-4d35-be73-36f5863c9468,2,25,0.022625,0
576116e5-2b18-4d35-be73-36f5863c9468,3,0,0.041046,0
576116e5-2b18-4d35-be73-36f5863c9468,3,1,0.034116,0
576116e5-2b18-4d35-be73-36f5863c9468,3,2,0.032277,0
576116e5-2b18-4d35-be73-36f5863c9468,3,3,0.034379,0
576116e5-2b18-4d35-be73-36f5863c9468,3,4,0.028376,0
576116e5-2b18-4d35-be73-36f5863c9468,3,5,0.022471,0
576116e5-2b18-4d35-be73-36f5863c9468,3,6,0.021935,0
576116e5-2b18-4d35-be73-36f5863c9468,3,7,0.032092,0
576116e5-2b18-4d35-be73-36f5863c9468,3,8,0.020758,0
576116e5-2b18-4d35-be73-36f5863c9468,3,9,0.021050,0
576116e5-2b18-4d35-be73-36f5863c9468,3,10,0.053171,0
576116e5-2b18-4d35-be73-36f5863c9468,3,11,0.027575,0
576116e5-2b18-4d35-be73-36f5863c9468,3,12,0.040124,0
576116e5-2b18-4d35-be73-36f5863c9468,3,13,0.031693,0
576116e5-2b18-4d35-be73-36f5863c9468,3,14,0.019944,0
576116e5-2b18-4d35-be73-36f5863c9468,3,15,0.024472,0
576116e5-2b18-4d35-be73-36f5863c9468,3,16,0.023895,0
576116e5-2b18-4d35-be73-36f5863c9468,3,17,0.020097,0
576116e5-2b18-4d35-be73-36f5863c9468,3,18,0.047477,0
576116e5-2b18-4d35-be73-36f5863c9468,3,19,0.021799,0
576116e5-2b18-4d35-be73-36f5863c9468,3,20,0.022353,0
576116e5-2b18-4d35-be73-36f5863c9468,3,21,0.018544,0
576116e5-2b18-4d35-be73-36f5863c9468,3,22,0.026531,0
576116e5-2b18-4d35-be73-36f5863c9468,3,23,0.105099,0
576116e5-2b18-4d35-be73-36f5863c9468,3,24,0.422829,0
97566c74-e000-49fb-b091-e6ec6e179de0,1,0,0.252015,0
97566c74-e000-49fb-b091-e6ec6e179de0,1,1,0.990976,1
97566c74-e000-49fb-b091-e6ec6e179de0,1,2,0.878173,1
97566c74-e000-49fb-b091-e6ec6e179de0,1,3,0.048380,0
97566c74-e000-49fb-b091-e6ec6e179de0,1,4,0.025807,0
97566c74-e000-49fb-b091-e6ec6e179de0,1,5,0.071895,0
97566c74-e000-49fb-b091-e6ec6e179de0,1,6,0.049378,0
97566c74-e000-49fb-b091-e6ec6e179de0,1,7,0.022526,0
97566c74-e000-49fb-b091-e6ec6e179de0,1,8,0.047182,0
97566c74-e000-49fb-b091-e6ec6e179de0,1,9,0.024359,0
97566c74-e000-49fb-b091-e6ec6e179de0,1,10,0.703589,1
97566c74-e000-49fb-b091-e6ec6e179de0,1,11,0.128509,0
97566c74-e000-49fb-b091-e6ec6e179de0,2,0,0.031911,0
97566c74-e000-49fb-b091-e6ec6e179de0,2,1,0.023412,0
97566c74-e000-49fb-b091-e6ec6e179de0,2,2,0.031548,0
97566c74-e000-49fb-b091-e6ec6e179de0,2,3,0.021350,0
97566c74-e000-49fb-b091-e6ec6e179de0,2,4,0.023302,0
97566c74-e000-49fb-b091-e6ec6e179de0,2,5,0.030147,0
97566c74-e000-49fb-b091-e6ec6e179de0,2,6,0.070861,0
97566c74-e000-49fb-b091-e6ec6e179de0,2,7,0.034060,0
97566c74-e000-49fb-b091-e6ec6e179de0,2,8,0.043708,0
97566c74-e000-49fb-b091-e6ec6e179de0,2,9,0.026449,0
97566c74-e000-49fb-b091-e6ec6e179de0,2,10,0.028090,0
97566c74-e000-49fb-b091-e6ec6e179de0,2,11,0.032389,0
97566c74-e000-49fb-b091-e6ec6e179de0,2,12,0.068994,0
97566c74-e000-49fb-b091-e6ec6e179de0,2,13,0.019093,0
97566c74-e000-49fb-b091-e6ec6e179de0,2,14,0.053311,0
97566c74-e000-49fb-b091-e6ec6e179de0,2,15,0.057826,0
97566c74-e000-49fb-b091-e6ec6e179de0,2,16,0.447130,0
97566c74-e000-49fb-b091-e6ec6e179de0,2,17,0.042417,0
97566c74-e000-49fb-b091-e6ec6e179de0,3,0,0.029525,0
97566c74-e000-49fb-b091-e6ec6e179de0,3,1,0.020254,0
97566c74-e000-49fb-b091-e6ec6e179de0,3,2,0.028347,0
97566c74-e000-49fb-b091-e6ec6e179de0,3,3,0.034806,0
97566c74-e000-49fb-b091-e6ec6e179de0,3,4,0.325596,0
97566c74-e000-49fb-b091-e6ec6e179de0,3,5,0.028312,0
97566c74-e000-49fb-b091-e6ec6e179de0,3,6,0.048423,0
97566c74-e000-49fb-b091-e6ec6e179de0,3,7,0.104277,0
97566c74-e000-49fb-b091-e6ec6e179de0,3,8,0.134205,0
a28a0329-0887-42dc-bd3d-3bb4f8926757,1,0,0.029882,0
a28a0329-0887-42dc-bd3d-3bb4f8926757,1,1,0.677285,1
a28a0329-0887-42dc-bd3d-3bb4f8926757,1,2,0.031869,0
a28a0329-0887-42dc-bd3d-3bb4f8926757,1,3,0.054757,0
a28a0329-0887-42dc-bd3d-3bb4f8926757,1,4,0.105948,0
a28a0329-0887-42dc-bd3d-3bb4f8926757,1,5,0.834274,1
a28a0329-0887-42dc-bd3d-3bb4f8926757,1,6,0.026385,0
a28a0329-0887-42dc-bd3d-3bb4f8926757,1,7,0.244267,0
a28a0329-0887-42dc-bd3d-3bb4f8926757,1,8,0.036718,0
a28a0329-0887-42dc-bd3d-3bb4f8926757,1,9,0.020282,0
a28a0329-0887-42dc-bd3d-3bb4f8926757,1,10,0.740426,1
a28a0329-0887-42dc-bd3d-3bb4f8926757,1,11,0.020825,0
a28a0329-0887-42dc-bd3d-3bb4f8926757,1,12,0.028337,0
a28a0329-0887-42dc-bd3d-3bb4f8926757,1,13,0.143402,0
a28a0329-0887-42dc-bd3d-3bb4f8926757,1,14,0.130436,0
a28a0329-0887-42dc-bd3d-3bb4f8926757,1,15,0.020480,0
a28a0329-0887-42dc-bd3d-3bb4f8926757,1,16,0.020375,0
a28a0329-0887-42dc-bd3d-3bb4f8926757,1,17,0.034529,0
a28a0329-0887-42dc-bd3d-3bb4f8926757,1,18,0.040895,0
a28a0329-0887-42dc-bd3d-3bb4f8926757,2,0,0.037220,0
a28a0329-0887-42dc-bd3d-3bb4f8926757,2,1,0.066023,0
a28a0329-0887-42dc-bd3d-3bb4f8926757,2,2,0.080175,0
a28a0329-0887-42dc-bd3d-3bb4f8926757,2,3,0.089088,0
a28a0329-0887-42dc-bd3d-3bb4f8926757,2,4,0.024850,0
a28a0329-0887-42dc-bd3d-3bb4f8926757,2,5,0.722838,1
a28a0329-0887-42dc-bd3d-3bb4f8926757,2,6,0.089720,0
a28a0329-0887-42dc-bd3d-3bb4f8926757,2,7,0.625625,1
a28a0329-0887-42dc-bd3d-3bb4f8926757,2,8,0.444780,0
a28a0329-0887-42dc-bd3d-3bb4f8926757,2,9,0.066871,0
a28a0329-0887-42dc-bd3d-3bb4f8926757,2,10,0.048918,0
a28a0329-0887-42dc-bd3d-3bb4f8926757,2,11,0.483896,0
a28a0329-0887-42dc-bd3d-3bb4f8926757,2,12,0.529117,1
a28a0329-0887-42dc-bd3d-3bb4f8926757,2,13,0.161831,0
a28a0329-0887-42dc-bd3d-3bb4f8926757,2,14,0.031951,0
a28a0329-0887-42dc-bd3d-3bb4f8926757,2,15,0.030981,0
a28a0329-0887-42dc-bd3d-3bb4f8926757,2,16,0.223815,0
a28a0329-0887-42dc-bd3d-3bb4f8926757,2,17,0.199758,0
a28a0329-0887-42dc-bd3d-3bb4f8926757,2,18,0.051287,0
a28a0329-0887-42dc-bd3d-3bb4f8926757,2,19,0.030340,0
a28a0329-0887-42dc-bd3d-3bb4f8926757,2,20,0.132265,0
a28a0329-0887-42dc-bd3d-3bb4f8926757,2,21,0.027497,0
a28a0329-0887-42dc-bd3d-3bb4f8926757,2,22,0.024214,0
a28a0329-0887-42dc-bd3d-3bb4f8926757,3,0,0.241801,0
a28a0329-0887-42dc-bd3d-3bb4f8926757,3,1,0.904826,1
a28a0329-0887-42dc-bd3d-3bb4f8926757,3,2,0.055309,0
a28a0329-0887-42dc-bd3d-3bb4f8926757,3,3,0.093651,0
a28a0329-0887-42dc-bd3d-3bb4f8926757,3,4,0.104416,0
a28a0329-0887-42dc-bd3d-3bb4f8926757,3,5,0.254114,0
a28a0329-0887-42dc-bd3d-3bb4f8926757,3,6,0.065867,0
a28a0329-0887-42dc-bd3d-3bb4f8926757,3,7,0.027093,0
a28a0329-0887-42dc-bd3d-3bb4f8926757,3,8,0.040714,0
a28a0329-0887-42dc-bd3d-3bb4f8926757,3,9,0.020211,0
a28a0329-0887-42dc-bd3d-3bb4f8926757,3,10,0.026607,0
a28a0329-0887-42dc-bd3d-3bb4f8926757,3,11,0.029679,0
a28a0329-0887-42dc-bd3d-3bb4f8926757,3,12,0.020669,0
a28a0329-0887-42dc-bd3d-3bb4f8926757,3,13,0.034088,0
a28a0329-0887-42dc-bd3d-3bb4f8926757,3,14,0.024941,0
a28a0329-0887-42dc-bd3d-3bb4f8926757,3,15,0.027743,0
a28a0329-0887-42dc-bd3d-3bb4f8926757,3,16,0.692880,1
a28a0329-0887-42dc-bd3d-3bb4f8926757,3,17,0.177535,0
a28a0329-0887-42dc-bd3d-3bb4f8926757,3,18,0.020003,0
a28a0329-0887-42dc-bd3d-3bb4f8926757,3,19,0.162641,0
a28a0329-0887-42dc-bd3d-3bb4f8926757,3,20,0.051724,0
a28a0329-0887-42dc-bd3d-3bb4f8926757,3,21,0.030413,0
a28a0329-0887-42dc-bd3d-3bb4f8926757,3,22,0.050455,0
a28a0329-0887-42dc-bd3d-3bb4f8926757,3,23,0.033366,0
a28a0329-0887-42dc-bd3d-3bb4f8926757,3,24,0.022259,0
a28a0329-0887-42dc-bd3d-3bb4f8926757,3,25,0.083022,0
a28a0329-0887-42dc-bd3d-3bb4f8926757,3,26,0.407874,0
a28a0329-0887-42dc-bd3d-3bb4f8926757,3,27,0.023173,0
a28a0329-0887-42dc-bd3d-3bb4f8926757,3,28,0.113095,0
a28a0329-0887-42dc-bd3d-3bb4f8926757,3,29,0.025770,0
a28a0329-0887-42dc-bd3d-3bb4f8926757,3,30,0.081637,0
a28a0329-0887-42dc-bd3d-3bb4f8926757,3,31,0.027092,0
a28a0329-0887-42dc-bd3d-3bb4f8926757,3,32,0.039448,0
a28a0329-0887-42dc-bd3d-3bb4f8926757,3,33,0.031316,0
a28a0329-0887-42dc-bd3d-3bb4f8926757,3,34,0.993256,1
a28a0329-0887-42dc-bd3d-3bb4f8926757,3,35,0.026799,0
a28a0329-0887-42dc-bd3d-3bb4f8926757,3,36,0.042457,0
a28a0329-0887-42dc-bd3d-3bb4f8926757,3,37,0.993172,1
a28a0329-0887-42dc-bd3d-3bb4f8926757,3,38,0.023827,0
c21cb217-3e2c-49bd-884d-5c74a165ef10,1,0,0.976137,1
c21cb217-3e2c-49bd-884d-5c74a165ef10,1,1,0.020625,0
c21cb217-3e2c-49bd-884d-5c74a165ef10,1,2,0.023084,0
c21cb217-3e2c-49bd-884d-5c74a165ef10,1,3,0.114770,0
c21cb217-3e2c-49bd-884d-5c74a165ef10,1,4,0.311088,0
c21cb217-3e2c-49bd-884d-5c74a165ef10,1,5,0.026873,0
c21cb217-3e2c-49bd-884d-5c74a165ef10,1,6,0.022452,0
c21cb217-3e2c-49bd-884d-5c74a165ef10,1,7,0.026214,0
c21cb217-3e2c-49bd-884d-5c74a165ef10,1,8,0.022268,0
c21cb217-3e2c-49bd-884d-5c74a165ef10,1,9,0.023678,0
c21cb217-3e2c-49bd-884d-5c74a165ef10,1,10,0.024972,0
c21cb217-3e2c-49bd-884d-5c74a165ef10,1,11,0.022056,0
c21cb217-3e2c-49bd-884d-5c74a165ef10,1,12,0.041450,0
c21cb217-3e2c-49bd-884d-5c74a165ef10,1,13,0.026643,0
c21cb217-3e2c-49bd-884d-5c74a165ef10,1,14,0.079517,0
c21cb217-3e2c-49bd-884d-5c74a165ef10,1,15,0.024943,0
c21cb217-3e2c-49bd-884d-5c74a165ef10,1,16,0.022338,0
c21cb217-3e2c-49bd-884d-5c74a165ef10,1,17,0.019771,0
c21cb217-3e2c-49bd-884d-5c74a165ef10,1,18,0.027807,0
c21cb217-3e2c-49bd-884d-5c74a165ef10,1,19,0.022943,0
c21cb217-3e2c-49bd-884d-5c74a165ef10,1,20,0.024602,0
c21cb217-3e2c-49bd-884d-5c74a165ef10,1,21,0.433582,0
c21cb217-3e2c-49bd-884d-5c74a165ef10,1,22,0.030226,0
c21cb217-3e2c-49bd-884d-5c74a165ef10,1,23,0.019966,0
c21cb217-3e2c-49bd-884d-5c74a165ef10,1,24,0.025279,0
c21cb217-3e2c-49bd-884d-5c74a165ef10,1,25,0.024209,0
c21cb217-3e2c-49bd-884d-5c74a165ef10,1,26,0.066662,0
c21cb217-3e2c-49bd-884d-5c74a165ef10,2,0,0.039325,0
c21cb217-3e2c-49bd-884d-5c74a165ef10,2,1,0.035313,0
c21cb217-3e2c-49bd-884d-5c74a165ef10,2,2,0.048785,0
c21cb217-3e2c-49bd-884d-5c74a165ef10,2,3,0.022742,0
c21cb217-3e2c-49bd-884d-5c74a165ef10,2,4,0.175295,0
c21cb217-3e2c-49bd-884d-5c74a165ef10,2,5,0.022442,0
c21cb217-3e2c-49bd-884d-5c74a165ef10,2,6,0.029359,0
c21cb217-3e2c-49bd-884d-5c74a165ef10,2,7,0.026542,0
c21cb217-3e2c-49bd-884d-5c74a165ef10,2,8,0.051446,0
c21cb217-3e2c-49bd-884d-5c74a165ef10,2,9,0.048282,0
c21cb217-3e2c-49bd-884d-5c74a165ef10,2,10,0.027851,0
c21cb217-3e2c-49bd-884d-5c74a165ef10,2,11,0.068610,0
c21cb217-3e2c-49bd-884d-5c74a165ef10,2,12,0.031888,0
c21cb217-3e2c-49bd-884d-5c74a165ef10,2,13,0.029543,0
c21cb217-3e2c-49bd-884d-5c74a165ef10,2,14,0.034681,0
c21cb217-3e2c-49bd-884d-5c74a165ef10,2,15,0.070669,0
c21cb217-3e2c-49bd-884d-5c74a165ef10,2,16,0.023139,0
c21cb217-3e2c-49bd-884d-5c74a165ef10,2,17,0.047725,0
c21cb217-3e2c-49bd-884d-5c74a165ef10,2,18,0.027614,0
c21cb217-3e2c-49bd-884d-5c74a165ef10,2,19,0.027286,0
c21cb217-3e2c-49bd-884d-5c74a165ef10,2,20,0.019521,0
c21cb217-3e2c-49bd-884d-5c74a165ef10,2,21,0.025785,0
c21cb217-3e2c-49bd-884d-5c74a165ef10,2,22,0.026888,0
c21cb217-3e2c-49bd-884d-5c74a165ef10,2,23,0.027356,0
c21cb217-3e2c-49bd-884d-5c74a165ef10,2,24,0.020596,0
c21cb217-3e2c-49bd-884d-5c74a165ef10,2,25,0.027682,0
c21cb217-3e2c-49bd-884d-5c74a165ef10,2,26,0.064922,0
c21cb217-3e2c-49bd-884d-5c74a165ef10,2,27,0.040283,0
c21cb217-3e2c-49bd-884d-5c74a165ef10,2,28,0.040650,0
c21cb217-3e2c-49bd-884d-5c74a165ef10,2,29,0.026046,0
c21cb217-3e2c-49bd-884d-5c74a165ef10,2,30,0.034860,0
c21cb217-3e2c-49bd-884d-5c74a165ef10,2,31,0.264455,0
c21cb217-3e2c-49bd-884d-5c74a165ef10,2,32,0.019719,0
c21cb217-3e2c-49bd-884d-5c74a165ef10,3,0,0.027530,0
c21cb217-3e2c-49bd-884d-5c74a165ef10,3,1,0.023251,0
c21cb217-3e2c-49bd-884d-5c74a165ef10,3,2,0.023645,0
c21cb217-3e2c-49bd-884d-5c74a165ef10,3,3,0.027250,0
c21cb217-3e2c-49bd-884d-5c74a165ef10,3,4,0.022396,0
c21cb217-3e2c-49bd-884d-5c74a165ef10,3,5,0.040853,0
c21cb217-3e2c-49bd-884d-5c74a165ef10,3,6,0.082262,0
c21cb217-3e2c-49bd-884d-5c74a165ef10,3,7,0.021347,0
c21cb217-3e2c-49bd-884d-5c74a165ef10,3,8,0.019861,0
c21cb217-3e2c-49bd-884d-5c74a165ef10,3,9,0.319375,0
c21cb217-3e2c-49bd-884d-5c74a165ef10,3,10,0.140581,0
c21cb217-3e2c-49bd-884d-5c74a165ef10,3,11,0.033389,0
c21cb217-3e2c-49bd-884d-5c74a165ef10,3,12,0.878125,1
c21cb217-3e2c-49bd-884d-5c74a165ef10,3,13,0.036622,0
c21cb217-3e2c-49bd-884d-5c74a165ef10,3,14,0.041201,0
c21cb217-3e2c-49bd-884d-5c74a165ef10,3,15,0.025801,0
c21cb217-3e2c-49bd-884d-5c74a165ef10,3,16,0.022009,0
c21cb217-3e2c-49bd-884d-5c74a165ef10,3,17,0.066535,0
c21cb217-3e2c-49bd-884d-5c74a165ef10,3,18,0.071292,0
c21cb217-3e2c-49bd-884d-5c74a165ef10,3,19,0.020094,0
c21cb217-3e2c-49bd-884d-5c74a165ef10,3,20,0.027397,0
c21cb217-3e2c-49bd-884d-5c74a165ef10,3,21,0.087227,0
c21cb217-3e2c-49bd-884d-5c74a165ef10,3,22,0.023501,0
c21cb217-3e2c-49bd-884d-5c74a165ef10,3,23,0.022309,0
c21cb217-3e2c-49bd-884d-5c74a165ef10,3,24,0.019719,0
c21cb217-3e2c-49bd-884d-5c74a165ef10,3,25,0.072570,0
c21cb217-3e2c-49bd-884d-5c74a165ef10,3,26,0.571544,1
08bb9bee-c167-4c17-9c6d-4a1259231eb7,1,0,0.053024,0
08bb9bee-c167-4c17-9c6d-4a1259231eb7,1,1,0.034039,0
08bb9bee-c167-4c17-9c6d-4a1259231eb7,1,2,0.036439,0
08bb9bee-c167-4c17-9c6d-4a1259231eb7,1,3,0.021165,0
08bb9bee-c167-4c17-9c6d-4a1259231eb7,1,4,0.036479,0
08bb9bee-c167-4c17-9c6d-4a1259231eb7,1,5,0.023905,0
08bb9bee-c167-4c17-9c6d-4a1259231eb7,1,6,0.019388,0
08bb9bee-c167-4c17-9c6d-4a1259231eb7,1,7,0.038952,0
08bb9bee-c167-4c17-9c6d-4a1259231eb7,1,8,0.089505,0
08bb9bee-c167-4c17-9c6d-4a1259231eb7,1,9,0.028587,0
08bb9bee-c167-4c17-9c6d-4a1259231eb7,1,10,0.858183,1
08bb9bee-c167-4c17-9c6d-4a1259231eb7,1,11,0.935492,1
08bb9bee-c167-4c17-9c6d-4a1259231eb7,1,12,0.048688,0
08bb9bee-c167-4c17-9c6d-4a1259231eb7,1,13,0.051495,0
08bb9bee-c167-4c17-9c6d-4a1259231eb7,1,14,0.033111,0
08bb9bee-c167-4c17-9c6d-4a1259231eb7,1,15,0.475680,0
08bb9bee-c167-4c17-9c6d-4a1259231eb7,1,16,0.855573,1
08bb9bee-c167-4c17-9c6d-4a1259231eb7,1,17,0.063378,0
08bb9bee-c167-4c17-9c6d-4a1259231eb7,1,18,0.031344,0
08bb9bee-c167-4c17-9c6d-4a1259231eb7,1,19,0.056217,0
08bb9bee-c167-4c17-9c6d-4a1259231eb7,1,20,0.042475,0
08bb9bee-c167-4c17-9c6d-4a1259231eb7,1,21,0.075214,0
08bb9bee-c167-4c17-9c6d-4a1259231eb7,1,22,0.970882,1
08bb9bee-c167-4c17-9c6d-4a1259231eb7,1,23,0.071214,0
08bb9bee-c167-4c17-9c6d-4a1259231eb7,1,24,0.025516,0
08bb9bee-c167-4c17-9c6d-4a1259231eb7,1,25,0.917010,1
08bb9bee-c167-4c17-9c6d-4a1259231eb7,2,0,0.030324,0
08bb9bee-c167-4c17-9c6d-4a1259231eb7,2,1,0.022980,0
08bb9bee-c167-4c17-9c6d-4a1259231eb7,2,2,0.027871,0
08bb9bee-c167-4c17-9c6d-4a1259231eb7,2,3,0.119197,0
08bb9bee-c167-4c17-9c6d-4a1259231eb7,2,4,0.023985,0
08bb9bee-c167-4c17-9c6d-4a1259231eb7,2,5,0.028554,0
08bb9bee-c167-4c17-9c6d-4a1259231eb7,2,6,0.033270,0
08bb9bee-c167-4c17-9c6d-4a1259231eb7,2,7,0.071317,0
08bb9bee-c167-4c17-9c6d-4a1259231eb7,2,8,0.023072,0
08bb9bee-c167-4c17-9c6d-4a1259231eb7,2,9,0.085915,0
08bb9bee-c167-4c17-9c6d-4a1259231eb7,2,10,0.026493,0
08bb9bee-c167-4c17-9c6d-4a1259231eb7,2,11,0.027831,0
08bb9bee-c167-4c17-9c6d-4a1259231eb7,2,12,0.024419,0
08bb9bee-c167-4c17-9c6d-4a1259231eb7,2,13,0.943407,1
08bb9bee-c167-4c17-9c6d-4a1259231eb7,2,14,0.022849,0
08bb9bee-c167-4c17-9c6d-4a1259231eb7,2,15,0.944098,1
08bb9bee-c167-4c17-9c6d-4a1259231eb7,2,16,0.357605,0
08bb9bee-c167-4c17-9c6d-4a1259231eb7,2,17,0.697455,1
08bb9bee-c167-4c17-9c6d-4a1259231eb7,2,18,0.903848,1
08bb9bee-c167-4c17-9c6d-4a1259231eb7,2,19,0.050492,0
08bb9bee-c167-4c17-9c6d-4a1259231eb7,2,20,0.025000,0
08bb9bee-c167-4c17-9c6d-4a1259231eb7,2,21,0.024633,0
08bb9bee-c167-4c17-9c6d-4a1259231eb7,2,22,0.064158,0
08bb9bee-c167-4c17-9c6d-4a1259231eb7,2,23,0.021142,0
08bb9bee-c167-4c17-9c6d-4a1259231eb7,2,24,0.021789,0
08bb9bee-c167-4c17-9c6d-4a1259231eb7,2,25,0.022053,0
08bb9bee-c167-4c17-9c6d-4a1259231eb7,2,26,0.019649,0
08bb9bee-c167-4c17-9c6d-4a1259231eb7,2,27,0.166295,0
08bb9bee-c167-4c17-9c6d-4a1259231eb7,2,28,0.019675,0
08bb9bee-c167-4c17-9c6d-4a1259231eb7,2,29,0.089748,0
08bb9bee-c167-4c17-9c6d-4a1259231eb7,2,30,0.031407,0
08bb9bee-c167-4c17-9c6d-4a1259231eb7,2,31,0.024757,0
08bb9bee-c167-4c17-9c6d-4a1259231eb7,2,32,0.052170,0
08bb9bee-c167-4c17-9c6d-4a1259231eb7,2,33,0.024232,0
08bb9bee-c167-4c17-9c6d-4a1259231eb7,2,34,0.024778,0
08bb9bee-c167-4c17-9c6d-4a1259231eb7,2,35,0.023701,0
08bb9bee-c167-4c17-9c6d-4a1259231eb7,3,0,0.051131,0
08bb9bee-c167-4c17-9c6d-4a1259231eb7,3,1,0.022957,0
08bb9bee-c167-4c17-9c6d-4a1259231eb7,3,2,0.028890,0
08bb9bee-c167-4c17-9c6d-4a1259231eb7,3,3,0.022974,0
08bb9bee-c167-4c17-9c6d-4a1259231eb7,3,4,0.023635,0
08bb9bee-c167-4c17-9c6d-4a1259231eb7,3,5,0.027202,0
08bb9bee-c167-4c17-9c6d-4a1259231eb7,3,6,0.027933,0
08bb9bee-c167-4c17-9c6d-4a1259231eb7,3,7,0.062101,0
08bb9bee-c167-4c17-9c6d-4a1259231eb7,3,8,0.046486,0
08bb9bee-c167-4c17-9c6d-4a1259231eb7,3,9,0.021147,0
08bb9bee-c167-4c17-9c6d-4a1259231eb7,3,10,0.506184,1
08bb9bee-c167-4c17-9c6d-4a1259231eb7,3,11,0.882783,1
08bb9bee-c167-4c17-9c6d-4a1259231eb7,3,12,0.411659,0
08bb9bee-c167-4c17-9c6d-4a1259231eb7,3,13,0.029293,0
08bb9bee-c167-4c17-9c6d-4a1259231eb7,3,14,0.111963,0
08bb9bee-c167-4c17-9c6d-4a1259231eb7,3,15,0.027021,0
08bb9bee-c167-4c17-9c6d-4a1259231eb7,3,16,0.020545,0
29ffd053-7684-469b-a600-97000579bd01,1,0,0.817863,1
29ffd053-7684-469b-a600-97000579bd01,1,1,0.023375,0
29ffd053-7684-469b-a600-97000579bd01,1,2,0.039057,0
29ffd053-7684-469b-a600-97000579bd01,1,3,0.024836,0
29ffd053-7684-469b-a600-97000579bd01,1,4,0.628711,1
29ffd053-7684-469b-a600-97000579bd01,1,5,0.392443,0
29ffd053-7684-469b-a600-97000579bd01,1,6,0.022377,0
29ffd053-7684-469b-a600-97000579bd01,1,7,0.027444,0
29ffd053-7684-469b-a600-97000579bd01,1,8,0.034510,0
29ffd053-7684-469b-a600-97000579bd01,1,9,0.532098,1
29ffd053-7684-469b-a600-97000579bd01,1,10,0.066002,0
29ffd053-7684-469b-a600-97000579bd01,1,11,0.970566,1
29ffd053-7684-469b-a600-97000579bd01,1,12,0.304720,0
29ffd053-7684-469b-a600-97000579bd01,1,13,0.028385,0
29ffd053-7684-469b-a600-97000579bd01,1,14,0.104629,0
29ffd053-7684-469b-a600-97000579bd01,1,15,0.024755,0
29ffd053-7684-469b-a600-97000579bd01,1,16,0.091384,0
29ffd053-7684-469b-a600-97000579bd01,1,17,0.041657,0
29ffd053-7684-469b-a600-97000579bd01,1,18,0.036374,0
29ffd053-7684-469b-a600-97000579bd01,2,0,0.988442,1
29ffd053-7684-469b-a600-97000579bd01,2,1,0.086211,0
29ffd053-7684-469b-a600-97000579bd01,2,2,0.022006,0
29ffd053-7684-469b-a600-97000579bd01,2,3,0.719939,1
29ffd053-7684-469b-a600-97000579bd01,2,4,0.035906,0
29ffd053-7684-469b-a600-97000579bd01,2,5,0.028279,0
29ffd053-7684-469b-a600-97000579bd01,2,6,0.021452,0
29ffd053-7684-469b-a600-97000579bd01,2,7,0.093615,0
29ffd053-7684-469b-a600-97000579bd01,2,8,0.036823,0
29ffd053-7684-469b-a600-97000579bd01,2,9,0.047499,0
29ffd053-7684-469b-a600-97000579bd01,2,10,0.024412,0
29ffd053-7684-469b-a600-97000579bd01,2,11,0.019465,0
29ffd053-7684-469b-a600-97000579bd01,2,12,0.023600,0
29ffd053-7684-469b-a600-97000579bd01,2,13,0.043531,0
29ffd053-7684-469b-a600-97000579bd01,2,14,0.036394,0
29ffd053-7684-469b-a600-97000579bd01,3,0,0.922062,1
29ffd053-7684-469b-a600-97000579bd01,3,1,0.027409,0
29ffd053-7684-469b-a600-97000579bd01,3,2,0.025653,0
29ffd053-7684-469b-a600-97000579bd01,3,3,0.132007,0
29ffd053-7684-469b-a600-97000579bd01,3,4,0.027579,0
29ffd053-7684-469b-a600-97000579bd01,3,5,0.061367,0
29ffd053-7684-469b-a600-97000579bd01,3,6,0.083117,0
29ffd053-7684-469b-a600-97000579bd01,3,7,0.168058,0
29ffd053-7684-469b-a600-97000579bd01,3,8,0.027315,0
29ffd053-7684-469b-a600-97000579bd01,3,9,0.027531,0
29ffd053-7684-469b-a600-97000579bd01,3,10,0.131533,0
29ffd053-7684-469b-a600-97000579bd01,3,11,0.219521,0
29ffd053-7684-469b-a600-97000579bd01,3,12,0.024861,0
29ffd053-7684-469b-a600-97000579bd01,3,13,0.031442,0
29ffd053-7684-469b-a600-97000579bd01,3,14,0.026065,0
29ffd053-7684-469b-a600-97000579bd01,3,15,0.029763,0
2ec04201-2016-4227-baf7-ba8289058203,1,0,0.301413,0
2ec04201-2016-4227-baf7-ba8289058203,1,1,0.088083,0
2ec04201-2016-4227-baf7-ba8289058203,1,2,0.071301,0
2ec04201-2016-4227-baf7-ba8289058203,1,3,0.023424,0
2ec04201-2016-4227-baf7-ba8289058203,1,4,0.353465,0
2ec04201-2016-4227-baf7-ba8289058203,1,5,0.982732,1
2ec04201-2016-4227-baf7-ba8289058203,1,6,0.984305,1
2ec04201-2016-4227-baf7-ba8289058203,1,7,0.041092,0
2ec04201-2016-4227-baf7-ba8289058203,1,8,0.023270,0
2ec04201-2016-4227-baf7-ba8289058203,1,9,0.024089,0
2ec04201-2016-4227-baf7-ba8289058203,1,10,0.020675,0
2ec04201-2016-4227-baf7-ba8289058203,1,11,0.049162,0
2ec04201-2016-4227-baf7-ba8289058203,1,12,0.058341,0
2ec04201-2016-4227-baf7-ba8289058203,1,13,0.032554,0
2ec04201-2016-4227-baf7-ba8289058203,1,14,0.025158,0
2ec04201-2016-4227-baf7-ba8289058203,1,15,0.027401,0
2ec04201-2016-4227-baf7-ba8289058203,1,16,0.073746,0
2ec04201-2016-4227-baf7-ba8289058203,1,17,0.035441,0
2ec04201-2016-4227-baf7-ba8289058203,1,18,0.048453,0
2ec04201-2016-4227-baf7-ba8289058203,1,19,0.026075,0
2ec04201-2016-4227-baf7-ba8289058203,1,20,0.022838,0
2ec04201-2016-4227-baf7-ba8289058203,1,21,0.024668,0
2ec04201-2016-4227-baf7-ba8289058203,1,22,0.020571,0
2ec04201-2016-4227-baf7-ba8289058203,1,23,0.068452,0
2ec04201-2016-4227-baf7-ba8289058203,1,24,0.021699,0
2ec04201-2016-4227-baf7-ba8289058203,1,25,0.022673,0
2ec04201-2016-4227-baf7-ba8289058203,1,26,0.033837,0
2ec04201-2016-4227-baf7-ba8289058203,1,27,0.027713,0
2ec04201-2016-4227-baf7-ba8289058203,1,28,0.029834,0
2ec04201-2016-4227-baf7-ba8289058203,1,29,0.068396,0
2ec04201-2016-4227-baf7-ba8289058203,1,30,0.045685,0
2ec04201-2016-4227-baf7-ba8289058203,1,31,0.058904,0
2ec04201-2016-4227-baf7-ba8289058203,1,32,0.028761,0
2ec04201-2016-4227-baf7-ba8289058203,1,33,0.028713,0
2ec04201-2016-4227-baf7-ba8289058203,1,34,0.038614,0
2ec04201-2016-4227-baf7-ba8289058203,1,35,0.045796,0
2ec04201-2016-4227-baf7-ba8289058203,1,36,0.222822,0
2ec04201-2016-4227-baf7-ba8289058203,1,37,0.026871,0
2ec04201-2016-4227-baf7-ba8289058203,1,38,0.032919,0
2ec04201-2016-4227-baf7-ba8289058203,1,39,0.048070,0
2ec04201-2016-4227-baf7-ba8289058203,1,40,0.032560,0
2ec04201-2016-4227-baf7-ba8289058203,1,41,0.081659,0
2ec04201-2016-4227-baf7-ba8289058203,2,0,0.056143,0
2ec04201-2016-4227-baf7-ba8289058203,2,1,0.321685,0
2ec04201-2016-4227-baf7-ba8289058203,2,2,0.034344,0
2ec04201-2016-4227-baf7-ba8289058203,2,3,0.031333,0
2ec04201-2016-4227-baf7-ba8289058203,2,4,0.305338,0
2ec04201-2016-4227-baf7-ba8289058203,2,5,0.232758,0
2ec04201-2016-4227-baf7-ba8289058203,2,6,0.463261,0
2ec04201-2016-4227-baf7-ba8289058203,2,7,0.110459,0
2ec04201-2016-4227-baf7-ba8289058203,2,8,0.031439,0
2ec04201-2016-4227-baf7-ba8289058203,2,9,0.981079,1
2ec04201-2016-4227-baf7-ba8289058203,2,10,0.198386,0
2ec04201-2016-4227-baf7-ba8289058203,2,11,0.293846,0
2ec04201-2016-4227-baf7-ba8289058203,2,12,0.470553,0
2ec04201-2016-4227-baf7-ba8289058203,2,13,0.061691,0
2ec04201-2016-4227-baf7-ba8289058203,2,14,0.335724,0
2ec04201-2016-4227-baf7-ba8289058203,2,15,0.294498,0
2ec04201-2016-4227-baf7-ba8289058203,2,16,0.045798,0
2ec04201-2016-4227-baf7-ba8289058203,2,17,0.261173,0
2ec04201-2016-4227-baf7-ba8289058203,2,18,0.026844,0
2ec04201-2016-4227-baf7-ba8289058203,2,19,0.022737,0
2ec04201-2016-4227-baf7-ba8289058203,2,20,0.029339,0
2ec04201-2016-4227-baf7-ba8289058203,2,21,0.034576,0
2ec04201-2016-4227-baf7-ba8289058203,2,22,0.017513,0
2ec04201-2016-4227-baf7-ba8289058203,2,23,0.957258,1
2ec04201-2016-4227-baf7-ba8289058203,2,24,0.057173,0
2ec04201-2016-4227-baf7-ba8289058203,2,25,0.023167,0
2ec04201-2016-4227-baf7-ba8289058203,2,26,0.091319,0
2ec04201-2016-4227-baf7-ba8289058203,2,27,0.979164,1
2ec04201-2016-4227-baf7-ba8289058203,2,28,0.105268,0
2ec04201-2016-4227-baf7-ba8289058203,2,29,0.082069,0
2ec04201-2016-4227-baf7-ba8289058203,2,30,0.450201,0
2ec04201-2016-4227-baf7-ba8289058203,3,0,0.754716,1
2ec04201-2016-4227-baf7-ba8289058203,3,1,0.021860,0
2ec04201-2016-4227-baf7-ba8289058203,3,2,0.024633,0
2ec04201-2016-4227-baf7-ba8289058203,3,3,0.916579,1
2ec04201-2016-4227-baf7-ba8289058203,3,4,0.125892,0
2ec04201-2016-4227-baf7-ba8289058203,3,5,0.073293,0
2ec04201-2016-4227-baf7-ba8289058203,3,6,0.056343,0
2ec04201-2016-4227-baf7-ba8289058203,3,7,0.720671,1
2ec04201-2016-4227-baf7-ba8289058203,3,8,0.030057,0
2ec04201-2016-4227-baf7-ba8289058203,3,9,0.031350,0
2ec04201-2016-4227-baf7-ba8289058203,3,10,0.036633,0
2ec04201-2016-4227-baf7-ba8289058203,3,11,0.046449,0
2ec04201-2016-4227-baf7-ba8289058203,3,12,0.283271,0
2ec04201-2016-4227-baf7-ba8289058203,3,13,0.030195,0
2ec04201-2016-4227-baf7-ba8289058203,3,14,0.043393,0
2ec04201-2016-4227-baf7-ba8289058203,3,15,0.025763,0
2ec04201-2016-4227-baf7-ba8289058203,3,16,0.039442,0
2ec04201-2016-4227-baf7-ba8289058203,3,17,0.156005,0
2ec04201-2016-4227-baf7-ba8289058203,3,18,0.188788,0
2ec04201-2016-4227-baf7-ba8289058203,3,19,0.070512,0
2ec04201-2016-4227-baf7-ba8289058203,3,20,0.039294,0
2ec04201-2016-4227-baf7-ba8289058203,3,21,0.060768,0
2ec04201-2016-4227-baf7-ba8289058203,3,22,0.028128,0
2ec04201-2016-4227-baf7-ba8289058203,3,23,0.082001,0
2ec04201-2016-4227-baf7-ba8289058203,3,24,0.835176,1
2ec04201-2016-4227-baf7-ba8289058203,3,25,0.956699,1
2ec04201-2016-4227-baf7-ba8289058203,3,26,0.029669,0
2ec04201-2016-4227-baf7-ba8289058203,3,27,0.177471,0
2ec04201-2016-4227-baf7-ba8289058203,3,28,0.953133,1
2ec04201-2016-4227-baf7-ba8289058203,3,29,0.035939,0
2ec04201-2016-4227-baf7-ba8289058203,3,30,0.075538,0
2ec04201-2016-4227-baf7-ba8289058203,3,31,0.027581,0
2ec04201-2016-4227-baf7-ba8289058203,3,32,0.381502,0
2ec04201-2016-4227-baf7-ba8289058203,3,33,0.215845,0
2ec04201-2016-4227-baf7-ba8289058203,3,34,0.039598,0
2ec04201-2016-4227-baf7-ba8289058203,3,35,0.022242,0
2ec04201-2016-4227-baf7-ba8289058203,3,36,0.019751,0
2ec04201-2016-4227-baf7-ba8289058203,3,37,0.029833,0
2ec04201-2016-4227-baf7-ba8289058203,3,38,0.050561,0
2ec04201-2016-4227-baf7-ba8289058203,3,39,0.036991,0
2ec04201-2016-4227-baf7-ba8289058203,3,40,0.022456,0
2ec04201-2016-4227-baf7-ba8289058203,3,41,0.020596,0
2ec04201-2016-4227-baf7-ba8289058203,3,42,0.024969,0
2ec04201-2016-4227-baf7-ba8289058203,3,43,0.032034,0
2ec04201-2016-4227-baf7-ba8289058203,3,44,0.030755,0
2ec04201-2016-4227-baf7-ba8289058203,3,45,0.035470,0
2ec04201-2016-4227-baf7-ba8289058203,3,46,0.205157,0
2ec04201-2016-4227-baf7-ba8289058203,3,47,0.027757,0
2ec04201-2016-4227-baf7-ba8289058203,3,48,0.061242,0
2ec04201-2016-4227-baf7-ba8289058203,3,49,0.065020,0
450755dd-30d3-478b-933e-917be5c384ba,1,0,0.037830,0
450755dd-30d3-478b-933e-917be5c384ba,1,1,0.039563,0
450755dd-30d3-478b-933e-917be5c384ba,1,2,0.024006,0
450755dd-30d3-478b-933e-917be5c384ba,1,3,0.057296,0
450755dd-30d3-478b-933e-917be5c384ba,1,4,0.043316,0
450755dd-30d3-478b-933e-917be5c384ba,1,5,0.459791,0
450755dd-30d3-478b-933e-917be5c384ba,1,6,0.028577,0
450755dd-30d3-478b-933e-917be5c384ba,2,0,0.021734,0
450755dd-30d3-478b-933e-917be5c384ba,2,1,0.026081,0
450755dd-30d3-478b-933e-917be5c384ba,2,2,0.024344,0
450755dd-30d3-478b-933e-917be5c384ba,2,3,0.028723,0
450755dd-30d3-478b-933e-917be5c384ba,2,4,0.035523,0
450755dd-30d3-478b-933e-917be5c384ba,2,5,0.030841,0
450755dd-30d3-478b-933e-917be5c384ba,2,6,0.024769,0
450755dd-30d3-478b-933e-917be5c384ba,2,7,0.024123,0
450755dd-30d3-478b-933e-917be5c384ba,2,8,0.021518,0
450755dd-30d3-478b-933e-917be5c384ba,2,9,0.036250,0
450755dd-30d3-478b-933e-917be5c384ba,2,10,0.022305,0
450755dd-30d3-478b-933e-917be5c384ba,2,11,0.028107,0
450755dd-30d3-478b-933e-917be5c384ba,2,12,0.066380,0
450755dd-30d3-478b-933e-917be5c384ba,2,13,0.027088,0
450755dd-30d3-478b-933e-917be5c384ba,2,14,0.919080,1
450755dd-30d3-478b-933e-917be5c384ba,2,15,0.724088,1
450755dd-30d3-478b-933e-917be5c384ba,2,16,0.021061,0
450755dd-30d3-478b-933e-917be5c384ba,2,17,0.027232,0
450755dd-30d3-478b-933e-917be5c384ba,2,18,0.049257,0
450755dd-30d3-478b-933e-917be5c384ba,2,19,0.034309,0
450755dd-30d3-478b-933e-917be5c384ba,3,0,0.884142,1
450755dd-30d3-478b-933e-917be5c384ba,3,1,0.263981,0
450755dd-30d3-478b-933e-917be5c384ba,3,2,0.040687,0
450755dd-30d3-478b-933e-917be5c384ba,3,3,0.030542,0
450755dd-30d3-478b-933e-917be5c384ba,3,4,0.029878,0
450755dd-30d3-478b-933e-917be5c384ba,3,5,0.042126,0
450755dd-30d3-478b-933e-917be5c384ba,3,6,0.026897,0
450755dd-30d3-478b-933e-917be5c384ba,3,7,0.851509,1
450755dd-30d3-478b-933e-917be5c384ba,3,8,0.836531,1
450755dd-30d3-478b-933e-917be5c384ba,3,9,0.063795,0
450755dd-30d3-478b-933e-917be5c384ba,3,10,0.058087,0
450755dd-30d3-478b-933e-917be5c384ba,3,11,0.950805,1
450755dd-30d3-478b-933e-917be5c384ba,3,12,0.024000,0
450755dd-30d3-478b-933e-917be5c384ba,3,13,0.052708,0
450755dd-30d3-478b-933e-917be5c384ba,3,14,0.798092,1
450755dd-30d3-478b-933e-917be5c384ba,3,15,0.119699,0
450755dd-30d3-478b-933e-917be5c384ba,3,16,0.184404,0
450755dd-30d3-478b-933e-917be5c384ba,3,17,0.038687,0
450755dd-30d3-478b-933e-917be5c384ba,3,18,0.022828,0
450755dd-30d3-478b-933e-917be5c384ba,3,19,0.558559,1
450755dd-30d3-478b-933e-917be5c384ba,3,20,0.023790,0
450755dd-30d3-478b-933e-917be5c384ba,3,21,0.099744,0
450755dd-30d3-478b-933e-917be5c384ba,3,22,0.311934,0
450755dd-30d3-478b-933e-917be5c384ba,3,23,0.080706,0
450755dd-30d3-478b-933e-917be5c384ba,3,24,0.028869,0
450755dd-30d3-478b-933e-917be5c384ba,3,25,0.027428,0
450755dd-30d3-478b-933e-917be5c384ba,3,26,0.028043,0
450755dd-30d3-478b-933e-917be5c384ba,3,27,0.159025,0
450755dd-30d3-478b-933e-917be5c384ba,3,28,0.044351,0
450755dd-30d3-478b-933e-917be5c384ba,3,29,0.077962,0
450755dd-30d3-478b-933e-917be5c384ba,3,30,0.577984,1
450755dd-30d3-478b-933e-917be5c384ba,3,31,0.029014,0
450755dd-30d3-478b-933e-917be5c384ba,3,32,0.073519,0
65cb14cb-2d27-41e5-a2be-6fd6314f4363,1,0,0.048892,0
65cb14cb-2d27-41e5-a2be-6fd6314f4363,1,1,0.103015,0
65cb14cb-2d27-41e5-a2be-6fd6314f4363,1,2,0.928519,1
65cb14cb-2d27-41e5-a2be-6fd6314f4363,1,3,0.030684,0
65cb14cb-2d27-41e5-a2be-6fd6314f4363,1,4,0.039988,0
65cb14cb-2d27-41e5-a2be-6fd6314f4363,1,5,0.031762,0
65cb14cb-2d27-41e5-a2be-6fd6314f4363,1,6,0.089336,0
65cb14cb-2d27-41e5-a2be-6fd6314f4363,1,7,0.082495,0
65cb14cb-2d27-41e5-a2be-6fd6314f4363,1,8,0.029090,0
65cb14cb-2d27-41e5-a2be-6fd6314f4363,1,9,0.029476,0
65cb14cb-2d27-41e5-a2be-6fd6314f4363,1,10,0.024140,0
65cb14cb-2d27-41e5-a2be-6fd6314f4363,1,11,0.029674,0
65cb14cb-2d27-41e5-a2be-6fd6314f4363,1,12,0.022656,0
65cb14cb-2d27-41e5-a2be-6fd6314f4363,1,13,0.136580,0
65cb14cb-2d27-41e5-a2be-6fd6314f4363,1,14,0.350697,0
65cb14cb-2d27-41e5-a2be-6fd6314f4363,1,15,0.060474,0
65cb14cb-2d27-41e5-a2be-6fd6314f4363,1,16,0.026225,0
65cb14cb-2d27-41e5-a2be-6fd6314f4363,1,17,0.028848,0
65cb14cb-2d27-41e5-a2be-6fd6314f4363,1,18,0.021414,0
65cb14cb-2d27-41e5-a2be-6fd6314f4363,1,19,0.029261,0
65cb14cb-2d27-41e5-a2be-6fd6314f4363,1,20,0.028942,0
65cb14cb-2d27-41e5-a2be-6fd6314f4363,1,21,0.023205,0
65cb14cb-2d27-41e5-a2be-6fd6314f4363,1,22,0.030029,0
65cb14cb-2d27-41e5-a2be-6fd6314f4363,1,23,0.488122,0
65cb14cb-2d27-41e5-a2be-6fd6314f4363,1,24,0.021706,0
65cb14cb-2d27-41e5-a2be-6fd6314f4363,1,25,0.021466,0
65cb14cb-2d27-41e5-a2be-6fd6314f4363,1,26,0.708520,1
65cb14cb-2d27-41e5-a2be-6fd6314f4363,1,27,0.329726,0
65cb14cb-2d27-41e5-a2be-6fd6314f4363,2,0,0.061204,0
65cb14cb-2d27-41e5-a2be-6fd6314f4363,2,1,0.055744,0
65cb14cb-2d27-41e5-a2be-6fd6314f4363,2,2,0.025894,0
65cb14cb-2d27-41e5-a2be-6fd6314f4363,2,3,0.026628,0
65cb14cb-2d27-41e5-a2be-6fd6314f4363,2,4,0.057248,0
65cb14cb-2d27-41e5-a2be-6fd6314f4363,2,5,0.983125,1
65cb14cb-2d27-41e5-a2be-6fd6314f4363,2,6,0.047478,0
65cb14cb-2d27-41e5-a2be-6fd6314f4363,2,7,0.946488,1
65cb14cb-2d27-41e5-a2be-6fd6314f4363,2,8,0.824270,1
65cb14cb-2d27-41e5-a2be-6fd6314f4363,2,9,0.037065,0
65cb14cb-2d27-41e5-a2be-6fd6314f4363,2,10,0.037092,0
65cb14cb-2d27-41e5-a2be-6fd6314f4363,2,11,0.144868,0
65cb14cb-2d27-41e5-a2be-6fd6314f4363,2,12,0.034123,0
65cb14cb-2d27-41e5-a2be-6fd6314f4363,2,13,0.178914,0
65cb14cb-2d27-41e5-a2be-6fd6314f4363,2,14,0.028752,0
65cb14cb-2d27-41e5-a2be-6fd6314f4363,2,15,0.024784,0
65cb14cb-2d27-41e5-a2be-6fd6314f4363,2,16,0.991724,1
65cb14cb-2d27-41e5-a2be-6fd6314f4363,2,17,0.990288,1
65cb14cb-2d27-41e5-a2be-6fd6314f4363,2,18,0.936809,1
65cb14cb-2d27-41e5-a2be-6fd6314f4363,2,19,0.021558,0
65cb14cb-2d27-41e5-a2be-6fd6314f4363,2,20,0.019996,0
65cb14cb-2d27-41e5-a2be-6fd6314f4363,2,21,0.081439,0
65cb14cb-2d27-41e5-a2be-6fd6314f4363,2,22,0.023647,0
65cb14cb-2d27-41e5-a2be-6fd6314f4363,2,23,0.025373,0
65cb14cb-2d27-41e5-a2be-6fd6314f4363,2,24,0.042043,0
65cb14cb-2d27-41e5-a2be-6fd6314f4363,2,25,0.124033,0
65cb14cb-2d27-41e5-a2be-6fd6314f4363,2,26,0.024567,0
65cb14cb-2d27-41e5-a2be-6fd6314f4363,2,27,0.050764,0
65cb14cb-2d27-41e5-a2be-6fd6314f4363,2,28,0.981362,1
65cb14cb-2d27-41e5-a2be-6fd6314f4363,2,29,0.023124,0
65cb14cb-2d27-41e5-a2be-6fd6314f4363,2,30,0.023021,0
65cb14cb-2d27-41e5-a2be-6fd6314f4363,3,0,0.424441,0
65cb14cb-2d27-41e5-a2be-6fd6314f4363,3,1,0.031224,0
65cb14cb-2d27-41e5-a2be-6fd6314f4363,3,2,0.054138,0
65cb14cb-2d27-41e5-a2be-6fd6314f4363,3,3,0.080859,0
65cb14cb-2d27-41e5-a2be-6fd6314f4363,3,4,0.079131,0
65cb14cb-2d27-41e5-a2be-6fd6314f4363,3,5,0.025368,0
65cb14cb-2d27-41e5-a2be-6fd6314f4363,3,6,0.484799,0
65cb14cb-2d27-41e5-a2be-6fd6314f4363,3,7,0.209906,0
65cb14cb-2d27-41e5-a2be-6fd6314f4363,3,8,0.036742,0
65cb14cb-2d27-41e5-a2be-6fd6314f4363,3,9,0.874635,1
65cb14cb-2d27-41e5-a2be-6fd6314f4363,3,10,0.189673,0
65cb14cb-2d27-41e5-a2be-6fd6314f4363,3,11,0.112486,0
65cb14cb-2d27-41e5-a2be-6fd6314f4363,3,12,0.087982,0
65cb14cb-2d27-41e5-a2be-6fd6314f4363,3,13,0.038150,0
65cb14cb-2d27-41e5-a2be-6fd6314f4363,3,14,0.031216,0
65cb14cb-2d27-41e5-a2be-6fd6314f4363,3,15,0.069866,0
65cb14cb-2d27-41e5-a2be-6fd6314f4363,3,16,0.023228,0
65cb14cb-2d27-41e5-a2be-6fd6314f4363,3,17,0.022219,0
65cb14cb-2d27-41e5-a2be-6fd6314f4363,3,18,0.024812,0
65cb14cb-2d27-41e5-a2be-6fd6314f4363,3,19,0.023555,0
65cb14cb-2d27-41e5-a2be-6fd6314f4363,3,20,0.026426,0
65cb14cb-2d27-41e5-a2be-6fd6314f4363,3,21,0.261013,0
65cb14cb-2d27-41e5-a2be-6fd6314f4363,3,22,0.028952,0
65cb14cb-2d27-41e5-a2be-6fd6314f4363,3,23,0.022328,0
65cb14cb-2d27-41e5-a2be-6fd6314f4363,3,24,0.022251,0
65cb14cb-2d27-41e5-a2be-6fd6314f4363,3,25,0.034590,0
8dc7ccfe-5cf0-482f-9101-a7c69881da4d,1,0,0.095854,0
8dc7ccfe-5cf0-482f-9101-a7c69881da4d,1,1,0.075334,0
8dc7ccfe-5cf0-482f-9101-a7c69881da4d,1,2,0.947149,1
8dc7ccfe-5cf0-482f-9101-a7c69881da4d,1,3,0.032627,0
8dc7ccfe-5cf0-482f-9101-a7c69881da4d,1,4,0.070091,0
8dc7ccfe-5cf0-482f-9101-a7c69881da4d,1,5,0.021704,0
8dc7ccfe-5cf0-482f-9101-a7c69881da4d,1,6,0.026695,0
8dc7ccfe-5cf0-482f-9101-a7c69881da4d,1,7,0.024681,0
8dc7ccfe-5cf0-482f-9101-a7c69881da4d,1,8,0.020553,0
8dc7ccfe-5cf0-482f-9101-a7c69881da4d,1,9,0.064103,0
8dc7ccfe-5cf0-482f-9101-a7c69881da4d,1,10,0.027847,0
8dc7ccfe-5cf0-482f-9101-a7c69881da4d,1,11,0.047029,0
8dc7ccfe-5cf0-482f-9101-a7c69881da4d,1,12,0.020612,0
8dc7ccfe-5cf0-482f-9101-a7c69881da4d,1,13,0.026535,0
8dc7ccfe-5cf0-482f-9101-a7c69881da4d,1,14,0.022020,0
8dc7ccfe-5cf0-482f-9101-a7c69881da4d,1,15,0.046764,0
8dc7ccfe-5cf0-482f-9101-a7c69881da4d,1,16,0.105786,0
8dc7ccfe-5cf0-482f-9101-a7c69881da4d,1,17,0.066284,0
8dc7ccfe-5cf0-482f-9101-a7c69881da4d,1,18,0.055758,0
8dc7ccfe-5cf0-482f-9101-a7c69881da4d,1,19,0.054520,0
8dc7ccfe-5cf0-482f-9101-a7c69881da4d,1,20,0.036173,0
8dc7ccfe-5cf0-482f-9101-a7c69881da4d,1,21,0.030481,0
8dc7ccfe-5cf0-482f-9101-a7c69881da4d,1,22,0.028961,0
8dc7ccfe-5cf0-482f-9101-a7c69881da4d,2,0,0.030871,0
8dc7ccfe-5cf0-482f-9101-a7c69881da4d,2,1,0.035334,0
8dc7ccfe-5cf0-482f-9101-a7c69881da4d,2,2,0.021418,0
8dc7ccfe-5cf0-482f-9101-a7c69881da4d,2,3,0.047624,0
8dc7ccfe-5cf0-482f-9101-a7c69881da4d,2,4,0.023050,0
8dc7ccfe-5cf0-482f-9101-a7c69881da4d,2,5,0.034382,0
8dc7ccfe-5cf0-482f-9101-a7c69881da4d,2,6,0.032035,0
8dc7ccfe-5cf0-482f-9101-a7c69881da4d,2,7,0.020589,0
8dc7ccfe-5cf0-482f-9101-a7c69881da4d,2,8,0.040444,0
8dc7ccfe-5cf0-482f-9101-a7c69881da4d,2,9,0.059284,0
8dc7ccfe-5cf0-482f-9101-a7c69881da4d,2,10,0.035700,0
8dc7ccfe-5cf0-482f-9101-a7c69881da4d,2,11,0.028117,0
8dc7ccfe-5cf0-482f-9101-a7c69881da4d,2,12,0.018908,0
8dc7ccfe-5cf0-482f-9101-a7c69881da4d,2,13,0.113460,0
8dc7ccfe-5cf0-482f-9101-a7c69881da4d,2,14,0.060668,0
8dc7ccfe-5cf0-482f-9101-a7c69881da4d,3,0,0.021359,0
8dc7ccfe-5cf0-482f-9101-a7c69881da4d,3,1,0.020528,0
8dc7ccfe-5cf0-482f-9101-a7c69881da4d,3,2,0.045479,0
8dc7ccfe-5cf0-482f-9101-a7c69881da4d,3,3,0.095953,0
8dc7ccfe-5cf0-482f-9101-a7c69881da4d,3,4,0.021396,0
8dc7ccfe-5cf0-482f-9101-a7c69881da4d,3,5,0.040002,0
8dc7ccfe-5cf0-482f-9101-a7c69881da4d,3,6,0.021650,0
8dc7ccfe-5cf0-482f-9101-a7c69881da4d,3,7,0.024313,0
8dc7ccfe-5cf0-482f-9101-a7c69881da4d,3,8,0.365557,0
8dc7ccfe-5cf0-482f-9101-a7c69881da4d,3,9,0.606733,1
8dc7ccfe-5cf0-482f-9101-a7c69881da4d,3,10,0.029624,0
8dc7ccfe-5cf0-482f-9101-a7c69881da4d,3,11,0.020636,0
8dc7ccfe-5cf0-482f-9101-a7c69881da4d,3,12,0.034620,0
8dc7ccfe-5cf0-482f-9101-a7c69881da4d,3,13,0.054530,0
8dc7ccfe-5cf0-482f-9101-a7c69881da4d,3,14,0.023956,0
8dc7ccfe-5cf0-482f-9101-a7c69881da4d,3,15,0.022738,0
b4dbeda7-a1f3-4711-ae77-db23809d1ed2,1,0,0.608435,1
b4dbeda7-a1f3-4711-ae77-db23809d1ed2,1,1,0.054163,0
b4dbeda7-a1f3-4711-ae77-db23809d1ed2,1,2,0.023715,0
b4dbeda7-a1f3-4711-ae77-db23809d1ed2,1,3,0.023305,0
b4dbeda7-a1f3-4711-ae77-db23809d1ed2,1,4,0.036293,0
b4dbeda7-a1f3-4711-ae77-db23809d1ed2,1,5,0.031485,0
b4dbeda7-a1f3-4711-ae77-db23809d1ed2,1,6,0.624959,1
b4dbeda7-a1f3-4711-ae77-db23809d1ed2,1,7,0.494746,0
b4dbeda7-a1f3-4711-ae77-db23809d1ed2,1,8,0.771308,1
b4dbeda7-a1f3-4711-ae77-db23809d1ed2,1,9,0.035025,0
b4dbeda7-a1f3-4711-ae77-db23809d1ed2,1,10,0.060758,0
b4dbeda7-a1f3-4711-ae77-db23809d1ed2,1,11,0.035908,0
b4dbeda7-a1f3-4711-ae77-db23809d1ed2,1,12,0.021662,0
b4dbeda7-a1f3-4711-ae77-db23809d1ed2,1,13,0.037577,0
b4dbeda7-a1f3-4711-ae77-db23809d1ed2,1,14,0.207364,0
b4dbeda7-a1f3-4711-ae77-db23809d1ed2,1,15,0.819473,1
b4dbeda7-a1f3-4711-ae77-db23809d1ed2,1,16,0.602464,1
b4dbeda7-a1f3-4711-ae77-db23809d1ed2,2,0,0.030923,0
b4dbeda7-a1f3-4711-ae77-db23809d1ed2,2,1,0.175927,0
b4dbeda7-a1f3-4711-ae77-db23809d1ed2,2,2,0.073509,0
b4dbeda7-a1f3-4711-ae77-db23809d1ed2,2,3,0.024082,0
b4dbeda7-a1f3-4711-ae77-db23809d1ed2,2,4,0.062605,0
b4dbeda7-a1f3-4711-ae77-db23809d1ed2,2,5,0.944156,1
b4dbeda7-a1f3-4711-ae77-db23809d1ed2,2,6,0.496001,0
b4dbeda7-a1f3-4711-ae77-db23809d1ed2,2,7,0.038970,0
b4dbeda7-a1f3-4711-ae77-db23809d1ed2,2,8,0.112894,0
b4dbeda7-a1f3-4711-ae77-db23809d1ed2,2,9,0.027259,0
b4dbeda7-a1f3-4711-ae77-db23809d1ed2,2,10,0.023421,0
b4dbeda7-a1f3-4711-ae77-db23809d1ed2,2,11,0.028652,0
b4dbeda7-a1f3-4711-ae77-db23809d1ed2,2,12,0.829806,1
b4dbeda7-a1f3-4711-ae77-db23809d1ed2,2,13,0.020896,0
b4dbeda7-a1f3-4711-ae77-db23809d1ed2,2,14,0.020801,0
b4dbeda7-a1f3-4711-ae77-db23809d1ed2,2,15,0.032949,0
b4dbeda7-a1f3-4711-ae77-db23809d1ed2,2,16,0.021433,0
b4dbeda7-a1f3-4711-ae77-db23809d1ed2,2,17,0.023548,0
b4dbeda7-a1f3-4711-ae77-db23809d1ed2,2,18,0.169261,0
b4dbeda7-a1f3-4711-ae77-db23809d1ed2,2,19,0.126093,0
b4dbeda7-a1f3-4711-ae77-db23809d1ed2,2,20,0.024441,0
b4dbeda7-a1f3-4711-ae77-db23809d1ed2,2,21,0.021478,0
b4dbeda7-a1f3-4711-ae77-db23809d1ed2,2,22,0.091328,0
b4dbeda7-a1f3-4711-ae77-db23809d1ed2,3,0,0.846171,1
b4dbeda7-a1f3-4711-ae77-db23809d1ed2,3,1,0.683637,1
b4dbeda7-a1f3-4711-ae77-db23809d1ed2,3,2,0.037431,0
b4dbeda7-a1f3-4711-ae77-db23809d1ed2,3,3,0.350776,0
b4dbeda7-a1f3-4711-ae77-db23809d1ed2,3,4,0.056513,0
b4dbeda7-a1f3-4711-ae77-db23809d1ed2,3,5,0.944156,1
b4dbeda7-a1f3-4711-ae77-db23809d1ed2,3,6,0.496498,0
b4dbeda7-a1f3-4711-ae77-db23809d1ed2,3,7,0.076232,0
b4dbeda7-a1f3-4711-ae77-db23809d1ed2,3,8,0.864142,1
b4dbeda7-a1f3-4711-ae77-db23809d1ed2,3,9,0.086237,0
b4dbeda7-a1f3-4711-ae77-db23809d1ed2,3,10,0.027610,0
b4dbeda7-a1f3-4711-ae77-db23809d1ed2,3,11,0.021990,0
b4dbeda7-a1f3-4711-ae77-db23809d1ed2,3,12,0.023739,0
b5eefefb-2a33-45de-abe1-f855c94165f4,1,0,0.980666,1
b5eefefb-2a33-45de-abe1-f855c94165f4,1,1,0.698348,1
b5eefefb-2a33-45de-abe1-f855c94165f4,1,2,0.978033,1
b5eefefb-2a33-45de-abe1-f855c94165f4,1,3,0.030197,0
b5eefefb-2a33-45de-abe1-f855c94165f4,1,4,0.750362,1
b5eefefb-2a33-45de-abe1-f855c94165f4,1,5,0.303564,0
b5eefefb-2a33-45de-abe1-f855c94165f4,1,6,0.464431,0
b5eefefb-2a33-45de-abe1-f855c94165f4,1,7,0.774603,1
b5eefefb-2a33-45de-abe1-f855c94165f4,1,8,0.021629,0
b5eefefb-2a33-45de-abe1-f855c94165f4,1,9,0.030255,0
b5eefefb-2a33-45de-abe1-f855c94165f4,1,10,0.022891,0
b5eefefb-2a33-45de-abe1-f855c94165f4,1,11,0.056056,0
b5eefefb-2a33-45de-abe1-f855c94165f4,1,12,0.293764,0
b5eefefb-2a33-45de-abe1-f855c94165f4,1,13,0.019593,0
b5eefefb-2a33-45de-abe1-f855c94165f4,1,14,0.036536,0
b5eefefb-2a33-45de-abe1-f855c94165f4,1,15,0.025651,0
b5eefefb-2a33-45de-abe1-f855c94165f4,1,16,0.396392,0
b5eefefb-2a33-45de-abe1-f855c94165f4,1,17,0.025378,0
b5eefefb-2a33-45de-abe1-f855c94165f4,1,18,0.051768,0
b5eefefb-2a33-45de-abe1-f855c94165f4,1,19,0.045246,0
b5eefefb-2a33-45de-abe1-f855c94165f4,1,20,0.031141,0
b5eefefb-2a33-45de-abe1-f855c94165f4,1,21,0.026909,0
b5eefefb-2a33-45de-abe1-f855c94165f4,1,22,0.076584,0
b5eefefb-2a33-45de-abe1-f855c94165f4,1,23,0.062457,0
b5eefefb-2a33-45de-abe1-f855c94165f4,1,24,0.048975,0
b5eefefb-2a33-45de-abe1-f855c94165f4,1,25,0.034321,0
b5eefefb-2a33-45de-abe1-f855c94165f4,1,26,0.140558,0
b5eefefb-2a33-45de-abe1-f855c94165f4,1,27,0.315355,0
b5eefefb-2a33-45de-abe1-f855c94165f4,1,28,0.024990,0
b5eefefb-2a33-45de-abe1-f855c94165f4,1,29,0.032418,0
b5eefefb-2a33-45de-abe1-f855c94165f4,1,30,0.022152,0
b5eefefb-2a33-45de-abe1-f855c94165f4,1,31,0.246639,0
b5eefefb-2a33-45de-abe1-f855c94165f4,1,32,0.297313,0
b5eefefb-2a33-45de-abe1-f855c94165f4,1,33,0.028888,0
b5eefefb-2a33-45de-abe1-f855c94165f4,1,34,0.027209,0
b5eefefb-2a33-45de-abe1-f855c94165f4,1,35,0.189812,0
b5eefefb-2a33-45de-abe1-f855c94165f4,1,36,0.030003,0
b5eefefb-2a33-45de-abe1-f855c94165f4,1,37,0.060273,0
b5eefefb-2a33-45de-abe1-f855c94165f4,1,38,0.029212,0
b5eefefb-2a33-45de-abe1-f855c94165f4,1,39,0.170757,0
b5eefefb-2a33-45de-abe1-f855c94165f4,1,40,0.031128,0
b5eefefb-2a33-45de-abe1-f855c94165f4,1,41,0.107622,0
b5eefefb-2a33-45de-abe1-f855c94165f4,1,42,0.082059,0
b5eefefb-2a33-45de-abe1-f855c94165f4,1,43,0.026482,0
b5eefefb-2a33-45de-abe1-f855c94165f4,1,44,0.036085,0
b5eefefb-2a33-45de-abe1-f855c94165f4,1,45,0.025345,0
b5eefefb-2a33-45de-abe1-f855c94165f4,1,46,0.024256,0
b5eefefb-2a33-45de-abe1-f855c94165f4,1,47,0.584157,1
b5eefefb-2a33-45de-abe1-f855c94165f4,1,48,0.023233,0
b5eefefb-2a33-45de-abe1-f855c94165f4,1,49,0.041121,0
b5eefefb-2a33-45de-abe1-f855c94165f4,2,0,0.138455,0
b5eefefb-2a33-45de-abe1-f855c94165f4,2,1,0.819070,1
b5eefefb-2a33-45de-abe1-f855c94165f4,2,2,0.053222,0
b5eefefb-2a33-45de-abe1-f855c94165f4,2,3,0.021778,0
b5eefefb-2a33-45de-abe1-f855c94165f4,2,4,0.980748,1
b5eefefb-2a33-45de-abe1-f855c94165f4,2,5,0.171378,0
b5eefefb-2a33-45de-abe1-f855c94165f4,2,6,0.019943,0
b5eefefb-2a33-45de-abe1-f855c94165f4,2,7,0.136625,0
b5eefefb-2a33-45de-abe1-f855c94165f4,2,8,0.021057,0
b5eefefb-2a33-45de-abe1-f855c94165f4,2,9,0.824653,1
b5eefefb-2a33-45de-abe1-f855c94165f4,2,10,0.654709,1
b5eefefb-2a33-45de-abe1-f855c94165f4,2,11,0.023729,0
b5eefefb-2a33-45de-abe1-f855c94165f4,2,12,0.023424,0
b5eefefb-2a33-45de-abe1-f855c94165f4,2,13,0.022696,0
b5eefefb-2a33-45de-abe1-f855c94165f4,2,14,0.022500,0
b5eefefb-2a33-45de-abe1-f855c94165f4,2,15,0.902110,1
b5eefefb-2a33-45de-abe1-f855c94165f4,2,16,0.072397,0
b5eefefb-2a33-45de-abe1-f855c94165f4,2,17,0.029803,0
b5eefefb-2a33-45de-abe1-f855c94165f4,2,18,0.052451,0
b5eefefb-2a33-45de-abe1-f855c94165f4,2,19,0.078597,0
b5eefefb-2a33-45de-abe1-f855c94165f4,2,20,0.819943,1
b5eefefb-2a33-45de-abe1-f855c94165f4,2,21,0.024239,0
b5eefefb-2a33-45de-abe1-f855c94165f4,2,22,0.092376,0
b5eefefb-2a33-45de-abe1-f855c94165f4,2,23,0.087781,0
b5eefefb-2a33-45de-abe1-f855c94165f4,2,24,0.026085,0
b5eefefb-2a33-45de-abe1-f855c94165f4,2,25,0.159930,0
b5eefefb-2a33-45de-abe1-f855c94165f4,2,26,0.033381,0
b5eefefb-2a33-45de-abe1-f855c94165f4,2,27,0.054835,0
b5eefefb-2a33-45de-abe1-f855c94165f4,2,28,0.021593,0
b5eefefb-2a33-45de-abe1-f855c94165f4,2,29,0.365735,0
b5eefefb-2a33-45de-abe1-f855c94165f4,2,30,0.992708,1
b5eefefb-2a33-45de-abe1-f855c94165f4,2,31,0.966164,1
b5eefefb-2a33-45de-abe1-f855c94165f4,2,32,0.101305,0
b5eefefb-2a33-45de-abe1-f855c94165f4,2,33,0.033322,0
b5eefefb-2a33-45de-abe1-f855c94165f4,2,34,0.030814,0
b5eefefb-2a33-45de-abe1-f855c94165f4,2,35,0.973355,1
b5eefefb-2a33-45de-abe1-f855c94165f4,2,36,0.228253,0
b5eefefb-2a33-45de-abe1-f855c94165f4,2,37,0.023668,0
b5eefefb-2a33-45de-abe1-f855c94165f4,2,38,0.917680,1
b5eefefb-2a33-45de-abe1-f855c94165f4,2,39,0.021485,0
b5eefefb-2a33-45de-abe1-f855c94165f4,2,40,0.019772,0
b5eefefb-2a33-45de-abe1-f855c94165f4,2,41,0.933666,1
b5eefefb-2a33-45de-abe1-f855c94165f4,2,42,0.025134,0
b5eefefb-2a33-45de-abe1-f855c94165f4,2,43,0.057033,0
b5eefefb-2a33-45de-abe1-f855c94165f4,2,44,0.153980,0
b5eefefb-2a33-45de-abe1-f855c94165f4,2,45,0.968161,1
b5eefefb-2a33-45de-abe1-f855c94165f4,2,46,0.765614,1
b5eefefb-2a33-45de-abe1-f855c94165f4,2,47,0.314751,0
b5eefefb-2a33-45de-abe1-f855c94165f4,2,48,0.885112,1
b5eefefb-2a33-45de-abe1-f855c94165f4,2,49,0.965096,1
b5eefefb-2a33-45de-abe1-f855c94165f4,2,50,0.025782,0
b5eefefb-2a33-45de-abe1-f855c94165f4,2,51,0.040553,0
b5eefefb-2a33-45de-abe1-f855c94165f4,2,52,0.129213,0
b5eefefb-2a33-45de-abe1-f855c94165f4,2,53,0.864397,1
b5eefefb-2a33-45de-abe1-f855c94165f4,2,54,0.975915,1
b5eefefb-2a33-45de-abe1-f855c94165f4,2,55,0.031472,0
b5eefefb-2a33-45de-abe1-f855c94165f4,2,56,0.046148,0
b5eefefb-2a33-45de-abe1-f855c94165f4,2,57,0.173887,0
b5eefefb-2a33-45de-abe1-f855c94165f4,2,58,0.826831,1
b5eefefb-2a33-45de-abe1-f855c94165f4,2,59,0.032984,0
b5eefefb-2a33-45de-abe1-f855c94165f4,2,60,0.027767,0
b5eefefb-2a33-45de-abe1-f855c94165f4,2,61,0.046501,0
b5eefefb-2a33-45de-abe1-f855c94165f4,3,0,0.050724,0
b5eefefb-2a33-45de-abe1-f855c94165f4,3,1,0.045304,0
b5eefefb-2a33-45de-abe1-f855c94165f4,3,2,0.988206,1
b5eefefb-2a33-45de-abe1-f855c94165f4,3,3,0.205803,0
b5eefefb-2a33-45de-abe1-f855c94165f4,3,4,0.205723,0
b5eefefb-2a33-45de-abe1-f855c94165f4,3,5,0.237114,0
b5eefefb-2a33-45de-abe1-f855c94165f4,3,6,0.955908,1
b5eefefb-2a33-45de-abe1-f855c94165f4,3,7,0.257178,0
b5eefefb-2a33-45de-abe1-f855c94165f4,3,8,0.983255,1
b5eefefb-2a33-45de-abe1-f855c94165f4,3,9,0.811774,1
b5eefefb-2a33-45de-abe1-f855c94165f4,3,10,0.036313,0
b5eefefb-2a33-45de-abe1-f855c94165f4,3,11,0.978462,1
b5eefefb-2a33-45de-abe1-f855c94165f4,3,12,0.984788,1
b5eefefb-2a33-45de-abe1-f855c94165f4,3,13,0.617506,1
b5eefefb-2a33-45de-abe1-f855c94165f4,3,14,0.989497,1
b5eefefb-2a33-45de-abe1-f855c94165f4,3,15,0.987043,1
b5eefefb-2a33-45de-abe1-f855c94165f4,3,16,0.956557,1
b5eefefb-2a33-45de-abe1-f855c94165f4,3,17,0.034430,0
b5eefefb-2a33-45de-abe1-f855c94165f4,3,18,0.022669,0
b5eefefb-2a33-45de-abe1-f855c94165f4,3,19,0.033297,0
b5eefefb-2a33-45de-abe1-f855c94165f4,3,20,0.308672,0
b5eefefb-2a33-45de-abe1-f855c94165f4,3,21,0.044133,0
b5eefefb-2a33-45de-abe1-f855c94165f4,3,22,0.455750,0
b5eefefb-2a33-45de-abe1-f855c94165f4,3,23,0.076405,0
b5eefefb-2a33-45de-abe1-f855c94165f4,3,24,0.035771,0
b5eefefb-2a33-45de-abe1-f855c94165f4,3,25,0.706844,1
b5eefefb-2a33-45de-abe1-f855c94165f4,3,26,0.301893,0
b5eefefb-2a33-45de-abe1-f855c94165f4,3,27,0.050056,0
b5eefefb-2a33-45de-abe1-f855c94165f4,3,28,0.509370,1
cad4bba5-cf97-45cb-8059-ebeb47dcec7a,1,0,0.026267,0
cad4bba5-cf97-45cb-8059-ebeb47dcec7a,1,1,0.175797,0
cad4bba5-cf97-45cb-8059-ebeb47dcec7a,1,2,0.954343,1
cad4bba5-cf97-45cb-8059-ebeb47dcec7a,1,3,0.021042,0
cad4bba5-cf97-45cb-8059-ebeb47dcec7a,1,4,0.024682,0
cad4bba5-cf97-45cb-8059-ebeb47dcec7a,1,5,0.028414,0
cad4bba5-cf97-45cb-8059-ebeb47dcec7a,1,6,0.030838,0
cad4bba5-cf97-45cb-8059-ebeb47dcec7a,1,7,0.021404,0
cad4bba5-cf97-45cb-8059-ebeb47dcec7a,1,8,0.024419,0
cad4bba5-cf97-45cb-8059-ebeb47dcec7a,1,9,0.021013,0
cad4bba5-cf97-45cb-8059-ebeb47dcec7a,1,10,0.017818,0
cad4bba5-cf97-45cb-8059-ebeb47dcec7a,1,11,0.021735,0
cad4bba5-cf97-45cb-8059-ebeb47dcec7a,1,12,0.021661,0
cad4bba5-cf97-45cb-8059-ebeb47dcec7a,1,13,0.157152,0
cad4bba5-cf97-45cb-8059-ebeb47dcec7a,1,14,0.050280,0
cad4bba5-cf97-45cb-8059-ebeb47dcec7a,1,15,0.133320,0
cad4bba5-cf97-45cb-8059-ebeb47dcec7a,1,16,0.316272,0
cad4bba5-cf97-45cb-8059-ebeb47dcec7a,1,17,0.021862,0
cad4bba5-cf97-45cb-8059-ebeb47dcec7a,1,18,0.022929,0
cad4bba5-cf97-45cb-8059-ebeb47dcec7a,1,19,0.212451,0
cad4bba5-cf97-45cb-8059-ebeb47dcec7a,1,20,0.020493,0
cad4bba5-cf97-45cb-8059-ebeb47dcec7a,1,21,0.035771,0
cad4bba5-cf97-45cb-8059-ebeb47dcec7a,1,22,0.049260,0
cad4bba5-cf97-45cb-8059-ebeb47dcec7a,2,0,0.039729,0
cad4bba5-cf97-45cb-8059-ebeb47dcec7a,2,1,0.022032,0
cad4bba5-cf97-45cb-8059-ebeb47dcec7a,2,2,0.108072,0
cad4bba5-cf97-45cb-8059-ebeb47dcec7a,2,3,0.032598,0
cad4bba5-cf97-45cb-8059-ebeb47dcec7a,2,4,0.023173,0
cad4bba5-cf97-45cb-8059-ebeb47dcec7a,2,5,0.034052,0
cad4bba5-cf97-45cb-8059-ebeb47dcec7a,2,6,0.027966,0
cad4bba5-cf97-45cb-8059-ebeb47dcec7a,2,7,0.023346,0
cad4bba5-cf97-45cb-8059-ebeb47dcec7a,2,8,0.034073,0
cad4bba5-cf97-45cb-8059-ebeb47dcec7a,2,9,0.073625,0
cad4bba5-cf97-45cb-8059-ebeb47dcec7a,2,10,0.026173,0
cad4bba5-cf97-45cb-8059-ebeb47dcec7a,2,11,0.035548,0
cad4bba5-cf97-45cb-8059-ebeb47dcec7a,2,12,0.024395,0
cad4bba5-cf97-45cb-8059-ebeb47dcec7a,2,13,0.033637,0
cad4bba5-cf97-45cb-8059-ebeb47dcec7a,2,14,0.028586,0
cad4bba5-cf97-45cb-8059-ebeb47dcec7a,2,15,0.061436,0
cad4bba5-cf97-45cb-8059-ebeb47dcec7a,2,16,0.029475,0
cad4bba5-cf97-45cb-8059-ebeb47dcec7a,2,17,0.057400,0
cad4bba5-cf97-45cb-8059-ebeb47dcec7a,2,18,0.242304,0
cad4bba5-cf97-45cb-8059-ebeb47dcec7a,2,19,0.028261,0
cad4bba5-cf97-45cb-8059-ebeb47dcec7a,2,20,0.020177,0
cad4bba5-cf97-45cb-8059-ebeb47dcec7a,2,21,0.035327,0
cad4bba5-cf97-45cb-8059-ebeb47dcec7a,2,22,0.026942,0
cad4bba5-cf97-45cb-8059-ebeb47dcec7a,2,23,0.064650,0
cad4bba5-cf97-45cb-8059-ebeb47dcec7a,2,24,0.062961,0
cad4bba5-cf97-45cb-8059-ebeb47dcec7a,3,0,0.029822,0
cad4bba5-cf97-45cb-8059-ebeb47dcec7a,3,1,0.020158,0
cad4bba5-cf97-45cb-8059-ebeb47dcec7a,3,2,0.284453,0
cad4bba5-cf97-45cb-8059-ebeb47dcec7a,3,3,0.093589,0
cad4bba5-cf97-45cb-8059-ebeb47dcec7a,3,4,0.073321,0
cad4bba5-cf97-45cb-8059-ebeb47dcec7a,3,5,0.027760,0
cad4bba5-cf97-45cb-8059-ebeb47dcec7a,3,6,0.023001,0
cad4bba5-cf97-45cb-8059-ebeb47dcec7a,3,7,0.272326,0
cad4bba5-cf97-45cb-8059-ebeb47dcec7a,3,8,0.023885,0
cad4bba5-cf97-45cb-8059-ebeb47dcec7a,3,9,0.031103,0
cad4bba5-cf97-45cb-8059-ebeb47dcec7a,3,10,0.063131,0
cad4bba5-cf97-45cb-8059-ebeb47dcec7a,3,11,0.163786,0
cad4bba5-cf97-45cb-8059-ebeb47dcec7a,3,12,0.129165,0
cad4bba5-cf97-45cb-8059-ebeb47dcec7a,3,13,0.087882,0
cad4bba5-cf97-45cb-8059-ebeb47dcec7a,3,14,0.021901,0
cad4bba5-cf97-45cb-8059-ebeb47dcec7a,3,15,0.035117,0
cad4bba5-cf97-45cb-8059-ebeb47dcec7a,3,16,0.023059,0
cad4bba5-cf97-45cb-8059-ebeb47dcec7a,3,17,0.027076,0
cad4bba5-cf97-45cb-8059-ebeb47dcec7a,3,18,0.022554,0
cad4bba5-cf97-45cb-8059-ebeb47dcec7a,3,19,0.030938,0
cad4bba5-cf97-45cb-8059-ebeb47dcec7a,3,20,0.023062,0
cad4bba5-cf97-45cb-8059-ebeb47dcec7a,3,21,0.982843,1
cad4bba5-cf97-45cb-8059-ebeb47dcec7a,3,22,0.216371,0
cad4bba5-cf97-45cb-8059-ebeb47dcec7a,3,23,0.023400,0
cad4bba5-cf97-45cb-8059-ebeb47dcec7a,3,24,0.127113,0
cad4bba5-cf97-45cb-8059-ebeb47dcec7a,3,25,0.049764,0
cad4bba5-cf97-45cb-8059-ebeb47dcec7a,3,26,0.937918,1
cad4bba5-cf97-45cb-8059-ebeb47dcec7a,3,27,0.027080,0
cad4bba5-cf97-45cb-8059-ebeb47dcec7a,3,28,0.031962,0
cad4bba5-cf97-45cb-8059-ebeb47dcec7a,3,29,0.022835,0
cad4bba5-cf97-45cb-8059-ebeb47dcec7a,3,30,0.038149,0
f11c2566-848a-4e29-b8c5-4de0a81114e4,1,0,0.154135,0
f11c2566-848a-4e29-b8c5-4de0a81114e4,1,1,0.025848,0
f11c2566-848a-4e29-b8c5-4de0a81114e4,1,2,0.020848,0
f11c2566-848a-4e29-b8c5-4de0a81114e4,1,3,0.029098,0
f11c2566-848a-4e29-b8c5-4de0a81114e4,1,4,0.024811,0
f11c2566-848a-4e29-b8c5-4de0a81114e4,1,5,0.083379,0
f11c2566-848a-4e29-b8c5-4de0a81114e4,1,6,0.020911,0
f11c2566-848a-4e29-b8c5-4de0a81114e4,1,7,0.028464,0
f11c2566-848a-4e29-b8c5-4de0a81114e4,1,8,0.032041,0
f11c2566-848a-4e29-b8c5-4de0a81114e4,1,9,0.105361,0
f11c2566-848a-4e29-b8c5-4de0a81114e4,1,10,0.110349,0
f11c2566-848a-4e29-b8c5-4de0a81114e4,1,11,0.020780,0
f11c2566-848a-4e29-b8c5-4de0a81114e4,1,12,0.023110,0
f11c2566-848a-4e29-b8c5-4de0a81114e4,2,0,0.028026,0
f11c2566-848a-4e29-b8c5-4de0a81114e4,2,1,0.048746,0
f11c2566-848a-4e29-b8c5-4de0a81114e4,2,2,0.151509,0
f11c2566-848a-4e29-b8c5-4de0a81114e4,2,3,0.027093,0
f11c2566-848a-4e29-b8c5-4de0a81114e4,2,4,0.022831,0
f11c2566-848a-4e29-b8c5-4de0a81114e4,2,5,0.110960,0
f11c2566-848a-4e29-b8c5-4de0a81114e4,2,6,0.024563,0
f11c2566-848a-4e29-b8c5-4de0a81114e4,2,7,0.178888,0
f11c2566-848a-4e29-b8c5-4de0a81114e4,2,8,0.032295,0
f11c2566-848a-4e29-b8c5-4de0a81114e4,2,9,0.736719,1
f11c2566-848a-4e29-b8c5-4de0a81114e4,2,10,0.034639,0
f11c2566-848a-4e29-b8c5-4de0a81114e4,2,11,0.027091,0
f11c2566-848a-4e29-b8c5-4de0a81114e4,3,0,0.168537,0
f11c2566-848a-4e29-b8c5-4de0a81114e4,3,1,0.020694,0
f11c2566-848a-4e29-b8c5-4de0a81114e4,3,2,0.021695,0
f11c2566-848a-4e29-b8c5-4de0a81114e4,3,3,0.051077,0
f11c2566-848a-4e29-b8c5-4de0a81114e4,3,4,0.058758,0
f11c2566-848a-4e29-b8c5-4de0a81114e4,3,5,0.034984,0
f11c2566-848a-4e29-b8c5-4de0a81114e4,3,6,0.072194,0
f11c2566-848a-4e29-b8c5-4de0a81114e4,3,7,0.919323,1
f11c2566-848a-4e29-b8c5-4de0a81114e4,3,8,0.346419,0
f11c2566-848a-4e29-b8c5-4de0a81114e4,3,9,0.106128,0
f11c2566-848a-4e29-b8c5-4de0a81114e4,3,10,0.066720,0
f11c2566-848a-4e29-b8c5-4de0a81114e4,3,11,0.029434,0
f11c2566-848a-4e29-b8c5-4de0a81114e4,3,12,0.025924,0
f11c2566-848a-4e29-b8c5-4de0a81114e4,3,13,0.053580,0
f11c2566-848a-4e29-b8c5-4de0a81114e4,3,14,0.055212,0
f11c2566-848a-4e29-b8c5-4de0a81114e4,3,15,0.021886,0
11c9f251-35c8-4452-b052-df9be61464c6,1,0,0.034349,0
11c9f251-35c8-4452-b052-df9be61464c6,1,1,0.027247,0
11c9f251-35c8-4452-b052-df9be61464c6,1,2,0.030541,0
11c9f251-35c8-4452-b052-df9be61464c6,1,3,0.020578,0
11c9f251-35c8-4452-b052-df9be61464c6,1,4,0.026788,0
11c9f251-35c8-4452-b052-df9be61464c6,1,5,0.025910,0
11c9f251-35c8-4452-b052-df9be61464c6,1,6,0.029181,0
11c9f251-35c8-4452-b052-df9be61464c6,1,7,0.054653,0
11c9f251-35c8-4452-b052-df9be61464c6,1,8,0.427534,0
11c9f251-35c8-4452-b052-df9be61464c6,1,9,0.018892,0
11c9f251-35c8-4452-b052-df9be61464c6,1,10,0.030029,0
11c9f251-35c8-4452-b052-df9be61464c6,1,11,0.022679,0
11c9f251-35c8-4452-b052-df9be61464c6,1,12,0.034642,0
11c9f251-35c8-4452-b052-df9be61464c6,1,13,0.052335,0
11c9f251-35c8-4452-b052-df9be61464c6,1,14,0.124507,0
11c9f251-35c8-4452-b052-df9be61464c6,1,15,0.359240,0
11c9f251-35c8-4452-b052-df9be61464c6,1,16,0.041979,0
11c9f251-35c8-4452-b052-df9be61464c6,2,0,0.949053,1
11c9f251-35c8-4452-b052-df9be61464c6,2,1,0.586329,1
11c9f251-35c8-4452-b052-df9be61464c6,2,2,0.056159,0
11c9f251-35c8-4452-b052-df9be61464c6,2,3,0.058178,0
11c9f251-35c8-4452-b052-df9be61464c6,2,4,0.075809,0
11c9f251-35c8-4452-b052-df9be61464c6,2,5,0.023522,0
11c9f251-35c8-4452-b052-df9be61464c6,2,6,0.030668,0
11c9f251-35c8-4452-b052-df9be61464c6,2,7,0.029181,0
11c9f251-35c8-4452-b052-df9be61464c6,2,8,0.037865,0
11c9f251-35c8-4452-b052-df9be61464c6,2,9,0.039755,0
11c9f251-35c8-4452-b052-df9be61464c6,2,10,0.021857,0
11c9f251-35c8-4452-b052-df9be61464c6,2,11,0.026200,0
11c9f251-35c8-4452-b052-df9be61464c6,2,12,0.050830,0
11c9f251-35c8-4452-b052-df9be61464c6,3,0,0.020424,0
11c9f251-35c8-4452-b052-df9be61464c6,3,1,0.023415,0
11c9f251-35c8-4452-b052-df9be61464c6,3,2,0.027209,0
11c9f251-35c8-4452-b052-df9be61464c6,3,3,0.021122,0
11c9f251-35c8-4452-b052-df9be61464c6,3,4,0.032609,0
11c9f251-35c8-4452-b052-df9be61464c6,3,5,0.029821,0
11c9f251-35c8-4452-b052-df9be61464c6,3,6,0.022919,0
11c9f251-35c8-4452-b052-df9be61464c6,3,7,0.032715,0
11c9f251-35c8-4452-b052-df9be61464c6,3,8,0.031044,0
11c9f251-35c8-4452-b052-df9be61464c6,3,9,0.037886,0
11c9f251-35c8-4452-b052-df9be61464c6,3,10,0.057098,0
11c9f251-35c8-4452-b052-df9be61464c6,3,11,0.045207,0
11c9f251-35c8-4452-b052-df9be61464c6,3,12,0.020360,0
11c9f251-35c8-4452-b052-df9be61464c6,3,13,0.055147,0
11c9f251-35c8-4452-b052-df9be61464c6,3,14,0.114235,0
1bb79cc1-5d69-4136-a23d-6dbd300cbf25,1,0,0.050799,0
1bb79cc1-5d69-4136-a23d-6dbd300cbf25,1,1,0.023516,0
1bb79cc1-5d69-4136-a23d-6dbd300cbf25,1,2,0.025062,0
1bb79cc1-5d69-4136-a23d-6dbd300cbf25,1,3,0.021269,0
1bb79cc1-5d69-4136-a23d-6dbd300cbf25,1,4,0.036616,0
1bb79cc1-5d69-4136-a23d-6dbd300cbf25,1,5,0.021299,0
1bb79cc1-5d69-4136-a23d-6dbd300cbf25,1,6,0.078847,0
1bb79cc1-5d69-4136-a23d-6dbd300cbf25,1,7,0.112266,0
1bb79cc1-5d69-4136-a23d-6dbd300cbf25,1,8,0.027010,0
1bb79cc1-5d69-4136-a23d-6dbd300cbf25,1,9,0.027735,0
1bb79cc1-5d69-4136-a23d-6dbd300cbf25,1,10,0.024331,0
1bb79cc1-5d69-4136-a23d-6dbd300cbf25,1,11,0.049435,0
1bb79cc1-5d69-4136-a23d-6dbd300cbf25,1,12,0.025176,0
1bb79cc1-5d69-4136-a23d-6dbd300cbf25,1,13,0.032171,0
1bb79cc1-5d69-4136-a23d-6dbd300cbf25,1,14,0.021672,0
1bb79cc1-5d69-4136-a23d-6dbd300cbf25,1,15,0.049040,0
1bb79cc1-5d69-4136-a23d-6dbd300cbf25,1,16,0.030784,0
1bb79cc1-5d69-4136-a23d-6dbd300cbf25,1,17,0.035930,0
1bb79cc1-5d69-4136-a23d-6dbd300cbf25,1,18,0.030023,0
1bb79cc1-5d69-4136-a23d-6dbd300cbf25,1,19,0.029128,0
1bb79cc1-5d69-4136-a23d-6dbd300cbf25,1,20,0.023364,0
1bb79cc1-5d69-4136-a23d-6dbd300cbf25,1,21,0.024103,0
1bb79cc1-5d69-4136-a23d-6dbd300cbf25,1,22,0.025942,0
1bb79cc1-5d69-4136-a23d-6dbd300cbf25,1,23,0.053215,0
1bb79cc1-5d69-4136-a23d-6dbd300cbf25,1,24,0.021265,0
1bb79cc1-5d69-4136-a23d-6dbd300cbf25,1,25,0.096614,0
1bb79cc1-5d69-4136-a23d-6dbd300cbf25,1,26,0.024077,0
1bb79cc1-5d69-4136-a23d-6dbd300cbf25,1,27,0.025315,0
1bb79cc1-5d69-4136-a23d-6dbd300cbf25,1,28,0.019652,0
1bb79cc1-5d69-4136-a23d-6dbd300cbf25,1,29,0.180469,0
1bb79cc1-5d69-4136-a23d-6dbd300cbf25,1,30,0.024733,0
1bb79cc1-5d69-4136-a23d-6dbd300cbf25,1,31,0.018890,0
1bb79cc1-5d69-4136-a23d-6dbd300cbf25,1,32,0.026806,0
1bb79cc1-5d69-4136-a23d-6dbd300cbf25,1,33,0.023394,0
1bb79cc1-5d69-4136-a23d-6dbd300cbf25,1,34,0.029546,0
1bb79cc1-5d69-4136-a23d-6dbd300cbf25,1,35,0.024531,0
1bb79cc1-5d69-4136-a23d-6dbd300cbf25,2,0,0.057579,0
1bb79cc1-5d69-4136-a23d-6dbd300cbf25,2,1,0.077221,0
1bb79cc1-5d69-4136-a23d-6dbd300cbf25,2,2,0.020317,0
1bb79cc1-5d69-4136-a23d-6dbd300cbf25,2,3,0.033121,0
1bb79cc1-5d69-4136-a23d-6dbd300cbf25,2,4,0.056787,0
1bb79cc1-5d69-4136-a23d-6dbd300cbf25,2,5,0.029016,0
1bb79cc1-5d69-4136-a23d-6dbd300cbf25,2,6,0.024235,0
1bb79cc1-5d69-4136-a23d-6dbd300cbf25,2,7,0.081957,0
1bb79cc1-5d69-4136-a23d-6dbd300cbf25,2,8,0.026036,0
1bb79cc1-5d69-4136-a23d-6dbd300cbf25,2,9,0.039419,0
1bb79cc1-5d69-4136-a23d-6dbd300cbf25,2,10,0.024188,0
1bb79cc1-5d69-4136-a23d-6dbd300cbf25,2,11,0.040416,0
1bb79cc1-5d69-4136-a23d-6dbd300cbf25,2,12,0.023567,0
1bb79cc1-5d69-4136-a23d-6dbd300cbf25,2,13,0.022674,0
1bb79cc1-5d69-4136-a23d-6dbd300cbf25,2,14,0.019624,0
1bb79cc1-5d69-4136-a23d-6dbd300cbf25,2,15,0.024577,0
1bb79cc1-5d69-4136-a23d-6dbd300cbf25,2,16,0.034767,0
1bb79cc1-5d69-4136-a23d-6dbd300cbf25,2,17,0.261673,0
1bb79cc1-5d69-4136-a23d-6dbd300cbf25,2,18,0.030023,0
1bb79cc1-5d69-4136-a23d-6dbd300cbf25,2,19,0.076988,0
1bb79cc1-5d69-4136-a23d-6dbd300cbf25,2,20,0.032318,0
1bb79cc1-5d69-4136-a23d-6dbd300cbf25,2,21,0.057472,0
1bb79cc1-5d69-4136-a23d-6dbd300cbf25,2,22,0.049243,0
1bb79cc1-5d69-4136-a23d-6dbd300cbf25,2,23,0.236387,0
1bb79cc1-5d69-4136-a23d-6dbd300cbf25,2,24,0.025444,0
1bb79cc1-5d69-4136-a23d-6dbd300cbf25,2,25,0.019510,0
1bb79cc1-5d69-4136-a23d-6dbd300cbf25,2,26,0.029380,0
1bb79cc1-5d69-4136-a23d-6dbd300cbf25,2,27,0.097993,0
1bb79cc1-5d69-4136-a23d-6dbd300cbf25,2,28,0.025129,0
1bb79cc1-5d69-4136-a23d-6dbd300cbf25,2,29,0.238796,0
1bb79cc1-5d69-4136-a23d-6dbd300cbf25,2,30,0.023988,0
1bb79cc1-5d69-4136-a23d-6dbd300cbf25,2,31,0.034457,0
1bb79cc1-5d69-4136-a23d-6dbd300cbf25,2,32,0.074614,0
1bb79cc1-5d69-4136-a23d-6dbd300cbf25,3,0,0.074837,0
1bb79cc1-5d69-4136-a23d-6dbd300cbf25,3,1,0.031396,0
1bb79cc1-5d69-4136-a23d-6dbd300cbf25,3,2,0.036341,0
1bb79cc1-5d69-4136-a23d-6dbd300cbf25,3,3,0.031853,0
1bb79cc1-5d69-4136-a23d-6dbd300cbf25,3,4,0.031463,0
1bb79cc1-5d69-4136-a23d-6dbd300cbf25,3,5,0.030011,0
1bb79cc1-5d69-4136-a23d-6dbd300cbf25,3,6,0.030771,0
1bb79cc1-5d69-4136-a23d-6dbd300cbf25,3,7,0.037226,0
1bb79cc1-5d69-4136-a23d-6dbd300cbf25,3,8,0.026690,0
1bb79cc1-5d69-4136-a23d-6dbd300cbf25,3,9,0.050488,0
1bb79cc1-5d69-4136-a23d-6dbd300cbf25,3,10,0.020742,0
1bb79cc1-5d69-4136-a23d-6dbd300cbf25,3,11,0.022884,0
1bb79cc1-5d69-4136-a23d-6dbd300cbf25,3,12,0.023508,0
1bb79cc1-5d69-4136-a23d-6dbd300cbf25,3,13,0.020750,0
1bb79cc1-5d69-4136-a23d-6dbd300cbf25,3,14,0.028870,0
1bb79cc1-5d69-4136-a23d-6dbd300cbf25,3,15,0.029366,0
1bb79cc1-5d69-4136-a23d-6dbd300cbf25,3,16,0.040078,0
1bb79cc1-5d69-4136-a23d-6dbd300cbf25,3,17,0.020347,0
1bb79cc1-5d69-4136-a23d-6dbd300cbf25,3,18,0.021371,0
1bb79cc1-5d69-4136-a23d-6dbd300cbf25,3,19,0.019743,0
1bb79cc1-5d69-4136-a23d-6dbd300cbf25,3,20,0.040503,0
1bb79cc1-5d69-4136-a23d-6dbd300cbf25,3,21,0.019154,0
1bb79cc1-5d69-4136-a23d-6dbd300cbf25,3,22,0.028116,0
1bb79cc1-5d69-4136-a23d-6dbd300cbf25,3,23,0.026428,0
1bb79cc1-5d69-4136-a23d-6dbd300cbf25,3,24,0.019577,0
526cabb7-02a3-4adb-8e90-ec781c40c498,1,0,0.969371,1
526cabb7-02a3-4adb-8e90-ec781c40c498,1,1,0.019269,0
526cabb7-02a3-4adb-8e90-ec781c40c498,1,2,0.020649,0
526cabb7-02a3-4adb-8e90-ec781c40c498,1,3,0.072431,0
526cabb7-02a3-4adb-8e90-ec781c40c498,1,4,0.021532,0
526cabb7-02a3-4adb-8e90-ec781c40c498,1,5,0.037834,0
526cabb7-02a3-4adb-8e90-ec781c40c498,1,6,0.024941,0
526cabb7-02a3-4adb-8e90-ec781c40c498,1,7,0.030883,0
526cabb7-02a3-4adb-8e90-ec781c40c498,1,8,0.042183,0
526cabb7-02a3-4adb-8e90-ec781c40c498,1,9,0.047625,0
526cabb7-02a3-4adb-8e90-ec781c40c498,1,10,0.880646,1
526cabb7-02a3-4adb-8e90-ec781c40c498,1,11,0.060853,0
526cabb7-02a3-4adb-8e90-ec781c40c498,1,12,0.026158,0
526cabb7-02a3-4adb-8e90-ec781c40c498,1,13,0.021258,0
526cabb7-02a3-4adb-8e90-ec781c40c498,1,14,0.088714,0
526cabb7-02a3-4adb-8e90-ec781c40c498,1,15,0.062361,0
526cabb7-02a3-4adb-8e90-ec781c40c498,1,16,0.019883,0
526cabb7-02a3-4adb-8e90-ec781c40c498,1,17,0.124472,0
526cabb7-02a3-4adb-8e90-ec781c40c498,1,18,0.035296,0
526cabb7-02a3-4adb-8e90-ec781c40c498,1,19,0.019581,0
526cabb7-02a3-4adb-8e90-ec781c40c498,1,20,0.021153,0
526cabb7-02a3-4adb-8e90-ec781c40c498,1,21,0.028139,0
526cabb7-02a3-4adb-8e90-ec781c40c498,1,22,0.020517,0
526cabb7-02a3-4adb-8e90-ec781c40c498,1,23,0.089077,0
526cabb7-02a3-4adb-8e90-ec781c40c498,1,24,0.024464,0
526cabb7-02a3-4adb-8e90-ec781c40c498,1,25,0.442104,0
526cabb7-02a3-4adb-8e90-ec781c40c498,1,26,0.044768,0
526cabb7-02a3-4adb-8e90-ec781c40c498,1,27,0.960517,1
526cabb7-02a3-4adb-8e90-ec781c40c498,1,28,0.023979,0
526cabb7-02a3-4adb-8e90-ec781c40c498,1,29,0.088325,0
526cabb7-02a3-4adb-8e90-ec781c40c498,1,30,0.023298,0
526cabb7-02a3-4adb-8e90-ec781c40c498,1,31,0.043590,0
526cabb7-02a3-4adb-8e90-ec781c40c498,1,32,0.024728,0
526cabb7-02a3-4adb-8e90-ec781c40c498,1,33,0.039880,0
526cabb7-02a3-4adb-8e90-ec781c40c498,2,0,0.047034,0
526cabb7-02a3-4adb-8e90-ec781c40c498,2,1,0.021692,0
526cabb7-02a3-4adb-8e90-ec781c40c498,2,2,0.044820,0
526cabb7-02a3-4adb-8e90-ec781c40c498,2,3,0.038109,0
526cabb7-02a3-4adb-8e90-ec781c40c498,2,4,0.021321,0
526cabb7-02a3-4adb-8e90-ec781c40c498,2,5,0.021749,0
526cabb7-02a3-4adb-8e90-ec781c40c498,2,6,0.327930,0
526cabb7-02a3-4adb-8e90-ec781c40c498,2,7,0.387151,0
526cabb7-02a3-4adb-8e90-ec781c40c498,2,8,0.022574,0
526cabb7-02a3-4adb-8e90-ec781c40c498,2,9,0.027968,0
526cabb7-02a3-4adb-8e90-ec781c40c498,2,10,0.067480,0
526cabb7-02a3-4adb-8e90-ec781c40c498,2,11,0.024631,0
526cabb7-02a3-4adb-8e90-ec781c40c498,2,12,0.031086,0
526cabb7-02a3-4adb-8e90-ec781c40c498,2,13,0.026092,0
526cabb7-02a3-4adb-8e90-ec781c40c498,2,14,0.448616,0
526cabb7-02a3-4adb-8e90-ec781c40c498,2,15,0.056742,0
526cabb7-02a3-4adb-8e90-ec781c40c498,2,16,0.026507,0
526cabb7-02a3-4adb-8e90-ec781c40c498,2,17,0.023297,0
526cabb7-02a3-4adb-8e90-ec781c40c498,2,18,0.115451,0
526cabb7-02a3-4adb-8e90-ec781c40c498,2,19,0.051190,0
526cabb7-02a3-4adb-8e90-ec781c40c498,2,20,0.244980,0
526cabb7-02a3-4adb-8e90-ec781c40c498,2,21,0.105603,0
526cabb7-02a3-4adb-8e90-ec781c40c498,2,22,0.051895,0
526cabb7-02a3-4adb-8e90-ec781c40c498,2,23,0.022113,0
526cabb7-02a3-4adb-8e90-ec781c40c498,2,24,0.021451,0
526cabb7-02a3-4adb-8e90-ec781c40c498,2,25,0.980897,1
526cabb7-02a3-4adb-8e90-ec781c40c498,2,26,0.044212,0
526cabb7-02a3-4adb-8e90-ec781c40c498,2,27,0.042615,0
526cabb7-02a3-4adb-8e90-ec781c40c498,2,28,0.026417,0
526cabb7-02a3-4adb-8e90-ec781c40c498,2,29,0.299122,0
526cabb7-02a3-4adb-8e90-ec781c40c498,2,30,0.043244,0
526cabb7-02a3-4adb-8e90-ec781c40c498,2,31,0.031577,0
526cabb7-02a3-4adb-8e90-ec781c40c498,2,32,0.043630,0
526cabb7-02a3-4adb-8e90-ec781c40c498,2,33,0.023389,0
526cabb7-02a3-4adb-8e90-ec781c40c498,2,34,0.030542,0
526cabb7-02a3-4adb-8e90-ec781c40c498,2,35,0.025002,0
526cabb7-02a3-4adb-8e90-ec781c40c498,3,0,0.817182,1
526cabb7-02a3-4adb-8e90-ec781c40c498,3,1,0.132144,0
526cabb7-02a3-4adb-8e90-ec781c40c498,3,2,0.101397,0
526cabb7-02a3-4adb-8e90-ec781c40c498,3,3,0.031346,0
526cabb7-02a3-4adb-8e90-ec781c40c498,3,4,0.030529,0
526cabb7-02a3-4adb-8e90-ec781c40c498,3,5,0.025725,0
526cabb7-02a3-4adb-8e90-ec781c40c498,3,6,0.030325,0
526cabb7-02a3-4adb-8e90-ec781c40c498,3,7,0.019700,0
526cabb7-02a3-4adb-8e90-ec781c40c498,3,8,0.026714,0
526cabb7-02a3-4adb-8e90-ec781c40c498,3,9,0.032293,0
526cabb7-02a3-4adb-8e90-ec781c40c498,3,10,0.019840,0
526cabb7-02a3-4adb-8e90-ec781c40c498,3,11,0.035550,0
526cabb7-02a3-4adb-8e90-ec781c40c498,3,12,0.181636,0
526cabb7-02a3-4adb-8e90-ec781c40c498,3,13,0.022476,0
526cabb7-02a3-4adb-8e90-ec781c40c498,3,14,0.030186,0
526cabb7-02a3-4adb-8e90-ec781c40c498,3,15,0.045739,0
526cabb7-02a3-4adb-8e90-ec781c40c498,3,16,0.031757,0
526cabb7-02a3-4adb-8e90-ec781c40c498,3,17,0.031683,0
526cabb7-02a3-4adb-8e90-ec781c40c498,3,18,0.110005,0
526cabb7-02a3-4adb-8e90-ec781c40c498,3,19,0.901775,1
526cabb7-02a3-4adb-8e90-ec781c40c498,3,20,0.054949,0
526cabb7-02a3-4adb-8e90-ec781c40c498,3,21,0.020352,0
526cabb7-02a3-4adb-8e90-ec781c40c498,3,22,0.020330,0
526cabb7-02a3-4adb-8e90-ec781c40c498,3,23,0.041191,0
526cabb7-02a3-4adb-8e90-ec781c40c498,3,24,0.030168,0
526cabb7-02a3-4adb-8e90-ec781c40c498,3,25,0.036735,0
526cabb7-02a3-4adb-8e90-ec781c40c498,3,26,0.022583,0
526cabb7-02a3-4adb-8e90-ec781c40c498,3,27,0.295876,0
526cabb7-02a3-4adb-8e90-ec781c40c498,3,28,0.134732,0
526cabb7-02a3-4adb-8e90-ec781c40c498,3,29,0.020933,0
526cabb7-02a3-4adb-8e90-ec781c40c498,3,30,0.114820,0
526cabb7-02a3-4adb-8e90-ec781c40c498,3,31,0.055506,0
526cabb7-02a3-4adb-8e90-ec781c40c498,3,32,0.965415,1
526cabb7-02a3-4adb-8e90-ec781c40c498,3,33,0.413110,0
526cabb7-02a3-4adb-8e90-ec781c40c498,3,34,0.528242,1
526cabb7-02a3-4adb-8e90-ec781c40c498,3,35,0.024243,0
526cabb7-02a3-4adb-8e90-ec781c40c498,3,36,0.029240,0
526cabb7-02a3-4adb-8e90-ec781c40c498,3,37,0.024500,0
526cabb7-02a3-4adb-8e90-ec781c40c498,3,38,0.055807,0
526cabb7-02a3-4adb-8e90-ec781c40c498,3,39,0.060042,0
526cabb7-02a3-4adb-8e90-ec781c40c498,3,40,0.953566,1
526cabb7-02a3-4adb-8e90-ec781c40c498,3,41,0.043382,0
526cabb7-02a3-4adb-8e90-ec781c40c498,3,42,0.021282,0
526cabb7-02a3-4adb-8e90-ec781c40c498,3,43,0.027162,0
526cabb7-02a3-4adb-8e90-ec781c40c498,3,44,0.083657,0
526cabb7-02a3-4adb-8e90-ec781c40c498,3,45,0.140328,0
526cabb7-02a3-4adb-8e90-ec781c40c498,3,46,0.100129,0
526cabb7-02a3-4adb-8e90-ec781c40c498,3,47,0.138261,0
526cabb7-02a3-4adb-8e90-ec781c40c498,3,48,0.020146,0
526cabb7-02a3-4adb-8e90-ec781c40c498,3,49,0.031772,0
526cabb7-02a3-4adb-8e90-ec781c40c498,3,50,0.054492,0
526cabb7-02a3-4adb-8e90-ec781c40c498,3,51,0.092993,0
526cabb7-02a3-4adb-8e90-ec781c40c498,3,52,0.054175,0
68748e7f-cf6e-4ac7-8504-454c0876880d,1,0,0.955403,1
68748e7f-cf6e-4ac7-8504-454c0876880d,1,1,0.023233,0
68748e7f-cf6e-4ac7-8504-454c0876880d,1,2,0.024870,0
68748e7f-cf6e-4ac7-8504-454c0876880d,1,3,0.020324,0
68748e7f-cf6e-4ac7-8504-454c0876880d,1,4,0.027144,0
68748e7f-cf6e-4ac7-8504-454c0876880d,1,5,0.020272,0
68748e7f-cf6e-4ac7-8504-454c0876880d,1,6,0.021211,0
68748e7f-cf6e-4ac7-8504-454c0876880d,1,7,0.023326,0
68748e7f-cf6e-4ac7-8504-454c0876880d,1,8,0.026265,0
68748e7f-cf6e-4ac7-8504-454c0876880d,1,9,0.017733,0
68748e7f-cf6e-4ac7-8504-454c0876880d,1,10,0.022029,0
68748e7f-cf6e-4ac7-8504-454c0876880d,1,11,0.052487,0
68748e7f-cf6e-4ac7-8504-454c0876880d,1,12,0.024915,0
68748e7f-cf6e-4ac7-8504-454c0876880d,1,13,0.266820,0
68748e7f-cf6e-4ac7-8504-454c0876880d,1,14,0.139585,0
68748e7f-cf6e-4ac7-8504-454c0876880d,1,15,0.044363,0
68748e7f-cf6e-4ac7-8504-454c0876880d,1,16,0.020866,0
68748e7f-cf6e-4ac7-8504-454c0876880d,1,17,0.024254,0
68748e7f-cf6e-4ac7-8504-454c0876880d,1,18,0.192086,0
68748e7f-cf6e-4ac7-8504-454c0876880d,1,19,0.269437,0
68748e7f-cf6e-4ac7-8504-454c0876880d,1,20,0.017612,0
68748e7f-cf6e-4ac7-8504-454c0876880d,1,21,0.044380,0
68748e7f-cf6e-4ac7-8504-454c0876880d,1,22,0.020267,0
68748e7f-cf6e-4ac7-8504-454c0876880d,1,23,0.024288,0
68748e7f-cf6e-4ac7-8504-454c0876880d,1,24,0.030905,0
68748e7f-cf6e-4ac7-8504-454c0876880d,1,25,0.061675,0
68748e7f-cf6e-4ac7-8504-454c0876880d,1,26,0.026446,0
68748e7f-cf6e-4ac7-8504-454c0876880d,1,27,0.026154,0
68748e7f-cf6e-4ac7-8504-454c0876880d,1,28,0.021945,0
68748e7f-cf6e-4ac7-8504-454c0876880d,1,29,0.029134,0
68748e7f-cf6e-4ac7-8504-454c0876880d,2,0,0.413416,0
68748e7f-cf6e-4ac7-8504-454c0876880d,2,1,0.023193,0
68748e7f-cf6e-4ac7-8504-454c0876880d,2,2,0.035847,0
68748e7f-cf6e-4ac7-8504-454c0876880d,2,3,0.027199,0
68748e7f-cf6e-4ac7-8504-454c0876880d,2,4,0.019924,0
68748e7f-cf6e-4ac7-8504-454c0876880d,2,5,0.025347,0
68748e7f-cf6e-4ac7-8504-454c0876880d,2,6,0.025597,0
68748e7f-cf6e-4ac7-8504-454c0876880d,2,7,0.024860,0
68748e7f-cf6e-4ac7-8504-454c0876880d,2,8,0.027306,0
68748e7f-cf6e-4ac7-8504-454c0876880d,2,9,0.077504,0
68748e7f-cf6e-4ac7-8504-454c0876880d,2,10,0.025076,0
68748e7f-cf6e-4ac7-8504-454c0876880d,2,11,0.030234,0
68748e7f-cf6e-4ac7-8504-454c0876880d,2,12,0.052788,0
68748e7f-cf6e-4ac7-8504-454c0876880d,2,13,0.087114,0
68748e7f-cf6e-4ac7-8504-454c0876880d,2,14,0.028580,0
68748e7f-cf6e-4ac7-8504-454c0876880d,2,15,0.022926,0
68748e7f-cf6e-4ac7-8504-454c0876880d,2,16,0.067207,0
68748e7f-cf6e-4ac7-8504-454c0876880d,2,17,0.048276,0
68748e7f-cf6e-4ac7-8504-454c0876880d,2,18,0.025512,0
68748e7f-cf6e-4ac7-8504-454c0876880d,2,19,0.033839,0
68748e7f-cf6e-4ac7-8504-454c0876880d,2,20,0.022357,0
68748e7f-cf6e-4ac7-8504-454c0876880d,2,21,0.023940,0
68748e7f-cf6e-4ac7-8504-454c0876880d,2,22,0.020782,0
68748e7f-cf6e-4ac7-8504-454c0876880d,2,23,0.026211,0
68748e7f-cf6e-4ac7-8504-454c0876880d,2,24,0.030220,0
68748e7f-cf6e-4ac7-8504-454c0876880d,2,25,0.289450,0
68748e7f-cf6e-4ac7-8504-454c0876880d,2,26,0.032080,0
68748e7f-cf6e-4ac7-8504-454c0876880d,2,27,0.024072,0
68748e7f-cf6e-4ac7-8504-454c0876880d,3,0,0.048469,0
68748e7f-cf6e-4ac7-8504-454c0876880d,3,1,0.019516,0
68748e7f-cf6e-4ac7-8504-454c0876880d,3,2,0.041071,0
68748e7f-cf6e-4ac7-8504-454c0876880d,3,3,0.021928,0
68748e7f-cf6e-4ac7-8504-454c0876880d,3,4,0.028107,0
68748e7f-cf6e-4ac7-8504-454c0876880d,3,5,0.027175,0
68748e7f-cf6e-4ac7-8504-454c0876880d,3,6,0.036435,0
68748e7f-cf6e-4ac7-8504-454c0876880d,3,7,0.021787,0
68748e7f-cf6e-4ac7-8504-454c0876880d,3,8,0.046162,0
68748e7f-cf6e-4ac7-8504-454c0876880d,3,9,0.024628,0
68748e7f-cf6e-4ac7-8504-454c0876880d,3,10,0.019864,0
68748e7f-cf6e-4ac7-8504-454c0876880d,3,11,0.026984,0
68748e7f-cf6e-4ac7-8504-454c0876880d,3,12,0.039004,0
68748e7f-cf6e-4ac7-8504-454c0876880d,3,13,0.038550,0
68748e7f-cf6e-4ac7-8504-454c0876880d,3,14,0.022797,0
68748e7f-cf6e-4ac7-8504-454c0876880d,3,15,0.038028,0
68748e7f-cf6e-4ac7-8504-454c0876880d,3,16,0.022151,0
68748e7f-cf6e-4ac7-8504-454c0876880d,3,17,0.982467,1
68748e7f-cf6e-4ac7-8504-454c0876880d,3,18,0.025941,0
70c744ad-e950-445c-8a7a-0782b0a7d20b,1,0,0.019958,0
70c744ad-e950-445c-8a7a-0782b0a7d20b,1,1,0.038708,0
70c744ad-e950-445c-8a7a-0782b0a7d20b,1,2,0.043680,0
70c744ad-e950-445c-8a7a-0782b0a7d20b,1,3,0.027214,0
70c744ad-e950-445c-8a7a-0782b0a7d20b,1,4,0.023282,0
70c744ad-e950-445c-8a7a-0782b0a7d20b,1,5,0.026812,0
70c744ad-e950-445c-8a7a-0782b0a7d20b,1,6,0.051451,0
70c744ad-e950-445c-8a7a-0782b0a7d20b,1,7,0.022082,0
70c744ad-e950-445c-8a7a-0782b0a7d20b,1,8,0.029637,0
70c744ad-e950-445c-8a7a-0782b0a7d20b,1,9,0.050339,0
70c744ad-e950-445c-8a7a-0782b0a7d20b,1,10,0.045086,0
70c744ad-e950-445c-8a7a-0782b0a7d20b,1,11,0.074092,0
70c744ad-e950-445c-8a7a-0782b0a7d20b,1,12,0.032765,0
70c744ad-e950-445c-8a7a-0782b0a7d20b,1,13,0.044125,0
70c744ad-e950-445c-8a7a-0782b0a7d20b,2,0,0.018194,0
70c744ad-e950-445c-8a7a-0782b0a7d20b,2,1,0.065164,0
70c744ad-e950-445c-8a7a-0782b0a7d20b,2,2,0.028387,0
70c744ad-e950-445c-8a7a-0782b0a7d20b,2,3,0.019486,0
70c744ad-e950-445c-8a7a-0782b0a7d20b,2,4,0.031112,0
70c744ad-e950-445c-8a7a-0782b0a7d20b,2,5,0.044511,0
70c744ad-e950-445c-8a7a-0782b0a7d20b,2,6,0.048536,0
70c744ad-e950-445c-8a7a-0782b0a7d20b,2,7,0.021260,0
70c744ad-e950-445c-8a7a-0782b0a7d20b,2,8,0.033748,0
70c744ad-e950-445c-8a7a-0782b0a7d20b,2,9,0.022069,0
70c744ad-e950-445c-8a7a-0782b0a7d20b,2,10,0.028402,0
70c744ad-e950-445c-8a7a-0782b0a7d20b,2,11,0.318993,0
70c744ad-e950-445c-8a7a-0782b0a7d20b,2,12,0.019035,0
70c744ad-e950-445c-8a7a-0782b0a7d20b,2,13,0.154885,0
70c744ad-e950-445c-8a7a-0782b0a7d20b,2,14,0.026502,0
70c744ad-e950-445c-8a7a-0782b0a7d20b,2,15,0.018986,0
70c744ad-e950-445c-8a7a-0782b0a7d20b,2,16,0.033917,0
70c744ad-e950-445c-8a7a-0782b0a7d20b,2,17,0.033932,0
70c744ad-e950-445c-8a7a-0782b0a7d20b,2,18,0.056725,0
70c744ad-e950-445c-8a7a-0782b0a7d20b,2,19,0.020615,0
70c744ad-e950-445c-8a7a-0782b0a7d20b,2,20,0.078222,0
70c744ad-e950-445c-8a7a-0782b0a7d20b,2,21,0.029681,0
70c744ad-e950-445c-8a7a-0782b0a7d20b,2,22,0.018198,0
70c744ad-e950-445c-8a7a-0782b0a7d20b,2,23,0.023094,0
70c744ad-e950-445c-8a7a-0782b0a7d20b,2,24,0.024083,0
70c744ad-e950-445c-8a7a-0782b0a7d20b,2,25,0.021132,0
70c744ad-e950-445c-8a7a-0782b0a7d20b,2,26,0.028342,0
70c744ad-e950-445c-8a7a-0782b0a7d20b,2,27,0.035889,0
70c744ad-e950-445c-8a7a-0782b0a7d20b,2,28,0.023215,0
70c744ad-e950-445c-8a7a-0782b0a7d20b,2,29,0.049371,0
70c744ad-e950-445c-8a7a-0782b0a7d20b,2,30,0.023458,0
70c744ad-e950-445c-8a7a-0782b0a7d20b,2,31,0.028434,0
70c744ad-e950-445c-8a7a-0782b0a7d20b,2,32,0.116138,0
70c744ad-e950-445c-8a7a-0782b0a7d20b,2,33,0.021185,0
70c744ad-e950-445c-8a7a-0782b0a7d20b,2,34,0.058086,0
70c744ad-e950-445c-8a7a-0782b0a7d20b,2,35,0.036291,0
70c744ad-e950-445c-8a7a-0782b0a7d20b,2,36,0.039923,0
70c744ad-e950-445c-8a7a-0782b0a7d20b,2,37,0.019341,0
70c744ad-e950-445c-8a7a-0782b0a7d20b,2,38,0.020998,0
70c744ad-e950-445c-8a7a-0782b0a7d20b,3,0,0.021918,0
70c744ad-e950-445c-8a7a-0782b0a7d20b,3,1,0.031577,0
70c744ad-e950-445c-8a7a-0782b0a7d20b,3,2,0.034701,0
70c744ad-e950-445c-8a7a-0782b0a7d20b,3,3,0.051410,0
70c744ad-e950-445c-8a7a-0782b0a7d20b,3,4,0.037269,0
70c744ad-e950-445c-8a7a-0782b0a7d20b,3,5,0.049834,0
70c744ad-e950-445c-8a7a-0782b0a7d20b,3,6,0.024896,0
70c744ad-e950-445c-8a7a-0782b0a7d20b,3,7,0.033748,0
70c744ad-e950-445c-8a7a-0782b0a7d20b,3,8,0.028608,0
70c744ad-e950-445c-8a7a-0782b0a7d20b,3,9,0.048945,0
70c744ad-e950-445c-8a7a-0782b0a7d20b,3,10,0.023494,0
70c744ad-e950-445c-8a7a-0782b0a7d20b,3,11,0.104800,0
70c744ad-e950-445c-8a7a-0782b0a7d20b,3,12,0.040225,0
70c744ad-e950-445c-8a7a-0782b0a7d20b,3,13,0.040124,0
70c744ad-e950-445c-8a7a-0782b0a7d20b,3,14,0.863415,1
70c744ad-e950-445c-8a7a-0782b0a7d20b,3,15,0.031279,0
70c744ad-e950-445c-8a7a-0782b0a7d20b,3,16,0.039225,0
70c744ad-e950-445c-8a7a-0782b0a7d20b,3,17,0.318993,0
70c744ad-e950-445c-8a7a-0782b0a7d20b,3,18,0.031415,0
70c744ad-e950-445c-8a7a-0782b0a7d20b,3,19,0.030063,0
70c744ad-e950-445c-8a7a-0782b0a7d20b,3,20,0.040505,0
84678e18-0b79-4570-9c9f-cb1cf88d968e,1,0,0.034683,0
84678e18-0b79-4570-9c9f-cb1cf88d968e,1,1,0.289303,0
84678e18-0b79-4570-9c9f-cb1cf88d968e,1,2,0.047750,0
84678e18-0b79-4570-9c9f-cb1cf88d968e,1,3,0.026286,0
84678e18-0b79-4570-9c9f-cb1cf88d968e,1,4,0.025033,0
84678e18-0b79-4570-9c9f-cb1cf88d968e,1,5,0.019518,0
84678e18-0b79-4570-9c9f-cb1cf88d968e,1,6,0.023844,0
84678e18-0b79-4570-9c9f-cb1cf88d968e,1,7,0.026252,0
84678e18-0b79-4570-9c9f-cb1cf88d968e,1,8,0.024458,0
84678e18-0b79-4570-9c9f-cb1cf88d968e,1,9,0.020761,0
84678e18-0b79-4570-9c9f-cb1cf88d968e,1,10,0.025734,0
84678e18-0b79-4570-9c9f-cb1cf88d968e,1,11,0.021960,0
84678e18-0b79-4570-9c9f-cb1cf88d968e,1,12,0.026580,0
84678e18-0b79-4570-9c9f-cb1cf88d968e,1,13,0.037969,0
84678e18-0b79-4570-9c9f-cb1cf88d968e,1,14,0.034046,0
84678e18-0b79-4570-9c9f-cb1cf88d968e,1,15,0.021602,0
84678e18-0b79-4570-9c9f-cb1cf88d968e,1,16,0.022045,0
84678e18-0b79-4570-9c9f-cb1cf88d968e,1,17,0.032999,0
84678e18-0b79-4570-9c9f-cb1cf88d968e,1,18,0.021358,0
84678e18-0b79-4570-9c9f-cb1cf88d968e,1,19,0.021325,0
84678e18-0b79-4570-9c9f-cb1cf88d968e,1,20,0.019183,0
84678e18-0b79-4570-9c9f-cb1cf88d968e,1,21,0.021343,0
84678e18-0b79-4570-9c9f-cb1cf88d968e,1,22,0.037213,0
84678e18-0b79-4570-9c9f-cb1cf88d968e,2,0,0.027088,0
84678e18-0b79-4570-9c9f-cb1cf88d968e,2,1,0.024519,0
84678e18-0b79-4570-9c9f-cb1cf88d968e,2,2,0.130886,0
84678e18-0b79-4570-9c9f-cb1cf88d968e,2,3,0.035785,0
84678e18-0b79-4570-9c9f-cb1cf88d968e,2,4,0.025246,0
84678e18-0b79-4570-9c9f-cb1cf88d968e,2,5,0.028639,0
84678e18-0b79-4570-9c9f-cb1cf88d968e,2,6,0.034294,0
84678e18-0b79-4570-9c9f-cb1cf88d968e,2,7,0.022422,0
84678e18-0b79-4570-9c9f-cb1cf88d968e,2,8,0.042117,0
84678e18-0b79-4570-9c9f-cb1cf88d968e,2,9,0.044149,0
84678e18-0b79-4570-9c9f-cb1cf88d968e,2,10,0.022879,0
84678e18-0b79-4570-9c9f-cb1cf88d968e,2,11,0.031405,0
84678e18-0b79-4570-9c9f-cb1cf88d968e,2,12,0.032379,0
84678e18-0b79-4570-9c9f-cb1cf88d968e,2,13,0.044360,0
84678e18-0b79-4570-9c9f-cb1cf88d968e,2,14,0.029258,0
84678e18-0b79-4570-9c9f-cb1cf88d968e,2,15,0.310609,0
84678e18-0b79-4570-9c9f-cb1cf88d968e,2,16,0.023577,0
84678e18-0b79-4570-9c9f-cb1cf88d968e,2,17,0.040216,0
84678e18-0b79-4570-9c9f-cb1cf88d968e,2,18,0.028327,0
84678e18-0b79-4570-9c9f-cb1cf88d968e,2,19,0.019329,0
84678e18-0b79-4570-9c9f-cb1cf88d968e,2,20,0.558059,1
84678e18-0b79-4570-9c9f-cb1cf88d968e,2,21,0.026239,0
84678e18-0b79-4570-9c9f-cb1cf88d968e,2,22,0.219110,0
84678e18-0b79-4570-9c9f-cb1cf88d968e,2,23,0.024365,0
84678e18-0b79-4570-9c9f-cb1cf88d968e,2,24,0.032427,0
84678e18-0b79-4570-9c9f-cb1cf88d968e,2,25,0.086824,0
84678e18-0b79-4570-9c9f-cb1cf88d968e,2,26,0.021857,0
84678e18-0b79-4570-9c9f-cb1cf88d968e,2,27,0.047825,0
84678e18-0b79-4570-9c9f-cb1cf88d968e,2,28,0.028001,0
84678e18-0b79-4570-9c9f-cb1cf88d968e,2,29,0.022072,0
84678e18-0b79-4570-9c9f-cb1cf88d968e,2,30,0.963585,1
84678e18-0b79-4570-9c9f-cb1cf88d968e,2,31,0.108480,0
84678e18-0b79-4570-9c9f-cb1cf88d968e,2,32,0.031561,0
84678e18-0b79-4570-9c9f-cb1cf88d968e,2,33,0.041490,0
84678e18-0b79-4570-9c9f-cb1cf88d968e,2,34,0.029231,0
84678e18-0b79-4570-9c9f-cb1cf88d968e,2,35,0.023299,0
84678e18-0b79-4570-9c9f-cb1cf88d968e,2,36,0.143348,0
84678e18-0b79-4570-9c9f-cb1cf88d968e,2,37,0.020914,0
84678e18-0b79-4570-9c9f-cb1cf88d968e,2,38,0.080860,0
84678e18-0b79-4570-9c9f-cb1cf88d968e,2,39,0.029681,0
84678e18-0b79-4570-9c9f-cb1cf88d968e,2,40,0.024906,0
84678e18-0b79-4570-9c9f-cb1cf88d968e,2,41,0.026013,0
84678e18-0b79-4570-9c9f-cb1cf88d968e,2,42,0.021534,0
84678e18-0b79-4570-9c9f-cb1cf88d968e,2,43,0.026630,0
84678e18-0b79-4570-9c9f-cb1cf88d968e,2,44,0.021696,0
84678e18-0b79-4570-9c9f-cb1cf88d968e,3,0,0.017756,0
84678e18-0b79-4570-9c9f-cb1cf88d968e,3,1,0.017944,0
84678e18-0b79-4570-9c9f-cb1cf88d968e,3,2,0.021799,0
84678e18-0b79-4570-9c9f-cb1cf88d968e,3,3,0.024482,0
84678e18-0b79-4570-9c9f-cb1cf88d968e,3,4,0.044339,0
84678e18-0b79-4570-9c9f-cb1cf88d968e,3,5,0.034572,0
84678e18-0b79-4570-9c9f-cb1cf88d968e,3,6,0.082867,0
84678e18-0b79-4570-9c9f-cb1cf88d968e,3,7,0.025511,0
84678e18-0b79-4570-9c9f-cb1cf88d968e,3,8,0.046958,0
84678e18-0b79-4570-9c9f-cb1cf88d968e,3,9,0.039463,0
84678e18-0b79-4570-9c9f-cb1cf88d968e,3,10,0.026449,0
84678e18-0b79-4570-9c9f-cb1cf88d968e,3,11,0.048337,0
84678e18-0b79-4570-9c9f-cb1cf88d968e,3,12,0.018808,0
84678e18-0b79-4570-9c9f-cb1cf88d968e,3,13,0.025008,0
84678e18-0b79-4570-9c9f-cb1cf88d968e,3,14,0.021284,0
84678e18-0b79-4570-9c9f-cb1cf88d968e,3,15,0.042831,0
84678e18-0b79-4570-9c9f-cb1cf88d968e,3,16,0.911637,1
9879bbc0-eab3-482f-bf6b-a4b519393986,1,0,0.072571,0
9879bbc0-eab3-482f-bf6b-a4b519393986,1,1,0.090391,0
9879bbc0-eab3-482f-bf6b-a4b519393986,1,2,0.021014,0
9879bbc0-eab3-482f-bf6b-a4b519393986,1,3,0.035683,0
9879bbc0-eab3-482f-bf6b-a4b519393986,1,4,0.045008,0
9879bbc0-eab3-482f-bf6b-a4b519393986,1,5,0.036824,0
9879bbc0-eab3-482f-bf6b-a4b519393986,1,6,0.030558,0
9879bbc0-eab3-482f-bf6b-a4b519393986,1,7,0.078323,0
9879bbc0-eab3-482f-bf6b-a4b519393986,1,8,0.035328,0
9879bbc0-eab3-482f-bf6b-a4b519393986,1,9,0.053370,0
9879bbc0-eab3-482f-bf6b-a4b519393986,1,10,0.527097,1
9879bbc0-eab3-482f-bf6b-a4b519393986,1,11,0.022282,0
9879bbc0-eab3-482f-bf6b-a4b519393986,1,12,0.025814,0
9879bbc0-eab3-482f-bf6b-a4b519393986,1,13,0.031564,0
9879bbc0-eab3-482f-bf6b-a4b519393986,1,14,0.026852,0
9879bbc0-eab3-482f-bf6b-a4b519393986,1,15,0.057945,0
9879bbc0-eab3-482f-bf6b-a4b519393986,1,16,0.028596,0
9879bbc0-eab3-482f-bf6b-a4b519393986,1,17,0.026852,0
9879bbc0-eab3-482f-bf6b-a4b519393986,1,18,0.028563,0
9879bbc0-eab3-482f-bf6b-a4b519393986,1,19,0.020059,0
9879bbc0-eab3-482f-bf6b-a4b519393986,1,20,0.027142,0
9879bbc0-eab3-482f-bf6b-a4b519393986,1,21,0.020196,0
9879bbc0-eab3-482f-bf6b-a4b519393986,1,22,0.020224,0
9879bbc0-eab3-482f-bf6b-a4b519393986,1,23,0.019834,0
9879bbc0-eab3-482f-bf6b-a4b519393986,1,24,0.026470,0
9879bbc0-eab3-482f-bf6b-a4b519393986,1,25,0.073332,0
9879bbc0-eab3-482f-bf6b-a4b519393986,1,26,0.035729,0
9879bbc0-eab3-482f-bf6b-a4b519393986,1,27,0.027288,0
9879bbc0-eab3-482f-bf6b-a4b519393986,1,28,0.033506,0
9879bbc0-eab3-482f-bf6b-a4b519393986,1,29,0.078179,0
9879bbc0-eab3-482f-bf6b-a4b519393986,1,30,0.062621,0
9879bbc0-eab3-482f-bf6b-a4b519393986,1,31,0.021700,0
9879bbc0-eab3-482f-bf6b-a4b519393986,1,32,0.024579,0
9879bbc0-eab3-482f-bf6b-a4b519393986,1,33,0.029509,0
9879bbc0-eab3-482f-bf6b-a4b519393986,1,34,0.025764,0
9879bbc0-eab3-482f-bf6b-a4b519393986,1,35,0.976521,1
9879bbc0-eab3-482f-bf6b-a4b519393986,1,36,0.027437,0
9879bbc0-eab3-482f-bf6b-a4b519393986,1,37,0.020099,0
9879bbc0-eab3-482f-bf6b-a4b519393986,1,38,0.053526,0
9879bbc0-eab3-482f-bf6b-a4b519393986,1,39,0.108487,0
9879bbc0-eab3-482f-bf6b-a4b519393986,1,40,0.267980,0
9879bbc0-eab3-482f-bf6b-a4b519393986,1,41,0.063038,0
9879bbc0-eab3-482f-bf6b-a4b519393986,1,42,0.035308,0
9879bbc0-eab3-482f-bf6b-a4b519393986,1,43,0.073291,0
9879bbc0-eab3-482f-bf6b-a4b519393986,1,44,0.050712,0
9879bbc0-eab3-482f-bf6b-a4b519393986,1,45,0.023638,0
9879bbc0-eab3-482f-bf6b-a4b519393986,2,0,0.018286,0
9879bbc0-eab3-482f-bf6b-a4b519393986,2,1,0.022953,0
9879bbc0-eab3-482f-bf6b-a4b519393986,2,2,0.018557,0
9879bbc0-eab3-482f-bf6b-a4b519393986,2,3,0.025707,0
9879bbc0-eab3-482f-bf6b-a4b519393986,2,4,0.099795,0
9879bbc0-eab3-482f-bf6b-a4b519393986,2,5,0.158999,0
9879bbc0-eab3-482f-bf6b-a4b519393986,2,6,0.033507,0
9879bbc0-eab3-482f-bf6b-a4b519393986,2,7,0.033990,0
9879bbc0-eab3-482f-bf6b-a4b519393986,2,8,0.034071,0
9879bbc0-eab3-482f-bf6b-a4b519393986,2,9,0.030772,0
9879bbc0-eab3-482f-bf6b-a4b519393986,2,10,0.022870,0
9879bbc0-eab3-482f-bf6b-a4b519393986,2,11,0.050083,0
9879bbc0-eab3-482f-bf6b-a4b519393986,2,12,0.308658,0
9879bbc0-eab3-482f-bf6b-a4b519393986,2,13,0.021851,0
9879bbc0-eab3-482f-bf6b-a4b519393986,2,14,0.020032,0
9879bbc0-eab3-482f-bf6b-a4b519393986,2,15,0.037785,0
9879bbc0-eab3-482f-bf6b-a4b519393986,2,16,0.033369,0
9879bbc0-eab3-482f-bf6b-a4b519393986,2,17,0.044987,0
9879bbc0-eab3-482f-bf6b-a4b519393986,3,0,0.888746,1
9879bbc0-eab3-482f-bf6b-a4b519393986,3,1,0.077966,0
9879bbc0-eab3-482f-bf6b-a4b519393986,3,2,0.018553,0
9879bbc0-eab3-482f-bf6b-a4b519393986,3,3,0.035890,0
9879bbc0-eab3-482f-bf6b-a4b519393986,3,4,0.026190,0
9879bbc0-eab3-482f-bf6b-a4b519393986,3,5,0.051919,0
9879bbc0-eab3-482f-bf6b-a4b519393986,3,6,0.021936,0
9879bbc0-eab3-482f-bf6b-a4b519393986,3,7,0.027909,0
9879bbc0-eab3-482f-bf6b-a4b519393986,3,8,0.046787,0
9879bbc0-eab3-482f-bf6b-a4b519393986,3,9,0.069641,0
9879bbc0-eab3-482f-bf6b-a4b519393986,3,10,0.026111,0
9879bbc0-eab3-482f-bf6b-a4b519393986,3,11,0.132829,0
9879bbc0-eab3-482f-bf6b-a4b519393986,3,12,0.019735,0
9879bbc0-eab3-482f-bf6b-a4b519393986,3,13,0.031431,0
9879bbc0-eab3-482f-bf6b-a4b519393986,3,14,0.037788,0
9879bbc0-eab3-482f-bf6b-a4b519393986,3,15,0.021419,0
9879bbc0-eab3-482f-bf6b-a4b519393986,3,16,0.039618,0
9879bbc0-eab3-482f-bf6b-a4b519393986,3,17,0.022446,0
9879bbc0-eab3-482f-bf6b-a4b519393986,3,18,0.019680,0
9879bbc0-eab3-482f-bf6b-a4b519393986,3,19,0.025140,0
9879bbc0-eab3-482f-bf6b-a4b519393986,3,20,0.047829,0
9879bbc0-eab3-482f-bf6b-a4b519393986,3,21,0.032123,0
9879bbc0-eab3-482f-bf6b-a4b519393986,3,22,0.082046,0
9879bbc0-eab3-482f-bf6b-a4b519393986,3,23,0.526406,1
9879bbc0-eab3-482f-bf6b-a4b519393986,3,24,0.025162,0
9879bbc0-eab3-482f-bf6b-a4b519393986,3,25,0.034284,0
9879bbc0-eab3-482f-bf6b-a4b519393986,3,26,0.069403,0
9879bbc0-eab3-482f-bf6b-a4b519393986,3,27,0.080475,0
9879bbc0-eab3-482f-bf6b-a4b519393986,3,28,0.021091,0
9879bbc0-eab3-482f-bf6b-a4b519393986,3,29,0.020489,0
9879bbc0-eab3-482f-bf6b-a4b519393986,3,30,0.032094,0
9879bbc0-eab3-482f-bf6b-a4b519393986,3,31,0.035574,0
9879bbc0-eab3-482f-bf6b-a4b519393986,3,32,0.022527,0
9879bbc0-eab3-482f-bf6b-a4b519393986,3,33,0.021277,0
9879bbc0-eab3-482f-bf6b-a4b519393986,3,34,0.026638,0
9879bbc0-eab3-482f-bf6b-a4b519393986,3,35,0.033996,0
9879bbc0-eab3-482f-bf6b-a4b519393986,3,36,0.021467,0
9879bbc0-eab3-482f-bf6b-a4b519393986,3,37,0.023269,0
9879bbc0-eab3-482f-bf6b-a4b519393986,3,38,0.020814,0
9879bbc0-eab3-482f-bf6b-a4b519393986,3,39,0.202375,0
9879bbc0-eab3-482f-bf6b-a4b519393986,3,40,0.776037,1
9879bbc0-eab3-482f-bf6b-a4b519393986,3,41,0.019481,0
9879bbc0-eab3-482f-bf6b-a4b519393986,3,42,0.034686,0
a4f1d515-d7d9-4319-b2e0-4d56e9d45554,1,0,0.025267,0
a4f1d515-d7d9-4319-b2e0-4d56e9d45554,1,1,0.028672,0
a4f1d515-d7d9-4319-b2e0-4d56e9d45554,1,2,0.031470,0
a4f1d515-d7d9-4319-b2e0-4d56e9d45554,1,3,0.036770,0
a4f1d515-d7d9-4319-b2e0-4d56e9d45554,1,4,0.029679,0
a4f1d515-d7d9-4319-b2e0-4d56e9d45554,1,5,0.051321,0
a4f1d515-d7d9-4319-b2e0-4d56e9d45554,1,6,0.122612,0
a4f1d515-d7d9-4319-b2e0-4d56e9d45554,1,7,0.025008,0
a4f1d515-d7d9-4319-b2e0-4d56e9d45554,1,8,0.164227,0
a4f1d515-d7d9-4319-b2e0-4d56e9d45554,1,9,0.047996,0
a4f1d515-d7d9-4319-b2e0-4d56e9d45554,1,10,0.021197,0
a4f1d515-d7d9-4319-b2e0-4d56e9d45554,1,11,0.018379,0
a4f1d515-d7d9-4319-b2e0-4d56e9d45554,1,12,0.032453,0
a4f1d515-d7d9-4319-b2e0-4d56e9d45554,1,13,0.028632,0
a4f1d515-d7d9-4319-b2e0-4d56e9d45554,1,14,0.030018,0
a4f1d515-d7d9-4319-b2e0-4d56e9d45554,1,15,0.025062,0
a4f1d515-d7d9-4319-b2e0-4d56e9d45554,1,16,0.021059,0
a4f1d515-d7d9-4319-b2e0-4d56e9d45554,1,17,0.022543,0
a4f1d515-d7d9-4319-b2e0-4d56e9d45554,1,18,0.020756,0
a4f1d515-d7d9-4319-b2e0-4d56e9d45554,1,19,0.029218,0
a4f1d515-d7d9-4319-b2e0-4d56e9d45554,1,20,0.026954,0
a4f1d515-d7d9-4319-b2e0-4d56e9d45554,1,21,0.021455,0
a4f1d515-d7d9-4319-b2e0-4d56e9d45554,1,22,0.024870,0
a4f1d515-d7d9-4319-b2e0-4d56e9d45554,1,23,0.019669,0
a4f1d515-d7d9-4319-b2e0-4d56e9d45554,1,24,0.021851,0
a4f1d515-d7d9-4319-b2e0-4d56e9d45554,1,25,0.024987,0
a4f1d515-d7d9-4319-b2e0-4d56e9d45554,1,26,0.021831,0
a4f1d515-d7d9-4319-b2e0-4d56e9d45554,1,27,0.024669,0
a4f1d515-d7d9-4319-b2e0-4d56e9d45554,1,28,0.028955,0
a4f1d515-d7d9-4319-b2e0-4d56e9d45554,1,29,0.029624,0
a4f1d515-d7d9-4319-b2e0-4d56e9d45554,1,30,0.025047,0
a4f1d515-d7d9-4319-b2e0-4d56e9d45554,1,31,0.020315,0
a4f1d515-d7d9-4319-b2e0-4d56e9d45554,2,0,0.033272,0
a4f1d515-d7d9-4319-b2e0-4d56e9d45554,2,1,0.037324,0
a4f1d515-d7d9-4319-b2e0-4d56e9d45554,2,2,0.023642,0
a4f1d515-d7d9-4319-b2e0-4d56e9d45554,2,3,0.030450,0
a4f1d515-d7d9-4319-b2e0-4d56e9d45554,2,4,0.024670,0
a4f1d515-d7d9-4319-b2e0-4d56e9d45554,2,5,0.050265,0
a4f1d515-d7d9-4319-b2e0-4d56e9d45554,2,6,0.021061,0
a4f1d515-d7d9-4319-b2e0-4d56e9d45554,2,7,0.024137,0
a4f1d515-d7d9-4319-b2e0-4d56e9d45554,2,8,0.021028,0
a4f1d515-d7d9-4319-b2e0-4d56e9d45554,2,9,0.027296,0
a4f1d515-d7d9-4319-b2e0-4d56e9d45554,2,10,0.021918,0
a4f1d515-d7d9-4319-b2e0-4d56e9d45554,2,11,0.022439,0
a4f1d515-d7d9-4319-b2e0-4d56e9d45554,2,12,0.027369,0
a4f1d515-d7d9-4319-b2e0-4d56e9d45554,2,13,0.038792,0
a4f1d515-d7d9-4319-b2e0-4d56e9d45554,2,14,0.045095,0
a4f1d515-d7d9-4319-b2e0-4d56e9d45554,2,15,0.024992,0
a4f1d515-d7d9-4319-b2e0-4d56e9d45554,2,16,0.059808,0
a4f1d515-d7d9-4319-b2e0-4d56e9d45554,2,17,0.024224,0
a4f1d515-d7d9-4319-b2e0-4d56e9d45554,2,18,0.028413,0
a4f1d515-d7d9-4319-b2e0-4d56e9d45554,2,19,0.461069,0
a4f1d515-d7d9-4319-b2e0-4d56e9d45554,2,20,0.055889,0
a4f1d515-d7d9-4319-b2e0-4d56e9d45554,2,21,0.242012,0
a4f1d515-d7d9-4319-b2e0-4d56e9d45554,2,22,0.980493,1
a4f1d515-d7d9-4319-b2e0-4d56e9d45554,2,23,0.023043,0
a4f1d515-d7d9-4319-b2e0-4d56e9d45554,3,0,0.051697,0
a4f1d515-d7d9-4319-b2e0-4d56e9d45554,3,1,0.028763,0
a4f1d515-d7d9-4319-b2e0-4d56e9d45554,3,2,0.020872,0
a4f1d515-d7d9-4319-b2e0-4d56e9d45554,3,3,0.134674,0
a4f1d515-d7d9-4319-b2e0-4d56e9d45554,3,4,0.029246,0
a4f1d515-d7d9-4319-b2e0-4d56e9d45554,3,5,0.029120,0
a4f1d515-d7d9-4319-b2e0-4d56e9d45554,3,6,0.022309,0
a4f1d515-d7d9-4319-b2e0-4d56e9d45554,3,7,0.024905,0
a4f1d515-d7d9-4319-b2e0-4d56e9d45554,3,8,0.024685,0
a4f1d515-d7d9-4319-b2e0-4d56e9d45554,3,9,0.030897,0
a4f1d515-d7d9-4319-b2e0-4d56e9d45554,3,10,0.028122,0
a4f1d515-d7d9-4319-b2e0-4d56e9d45554,3,11,0.033588,0
a4f1d515-d7d9-4319-b2e0-4d56e9d45554,3,12,0.019865,0
a4f1d515-d7d9-4319-b2e0-4d56e9d45554,3,13,0.026496,0
a4f1d515-d7d9-4319-b2e0-4d56e9d45554,3,14,0.022384,0
a4f1d515-d7d9-4319-b2e0-4d56e9d45554,3,15,0.026340,0
a4f1d515-d7d9-4319-b2e0-4d56e9d45554,3,16,0.027078,0
a4f1d515-d7d9-4319-b2e0-4d56e9d45554,3,17,0.021907,0
a4f1d515-d7d9-4319-b2e0-4d56e9d45554,3,18,0.021122,0
a4f1d515-d7d9-4319-b2e0-4d56e9d45554,3,19,0.049657,0
a4f1d515-d7d9-4319-b2e0-4d56e9d45554,3,20,0.019464,0
a4f1d515-d7d9-4319-b2e0-4d56e9d45554,3,21,0.018476,0
a4f1d515-d7d9-4319-b2e0-4d56e9d45554,3,22,0.027177,0
a4f1d515-d7d9-4319-b2e0-4d56e9d45554,3,23,0.025679,0
a4f1d515-d7d9-4319-b2e0-4d56e9d45554,3,24,0.029910,0
a4f1d515-d7d9-4319-b2e0-4d56e9d45554,3,25,0.067391,0
a4f1d515-d7d9-4319-b2e0-4d56e9d45554,3,26,0.022854,0
a4f1d515-d7d9-4319-b2e0-4d56e9d45554,3,27,0.021365,0
a4f1d515-d7d9-4319-b2e0-4d56e9d45554,3,28,0.042962,0
a4f1d515-d7d9-4319-b2e0-4d56e9d45554,3,29,0.022126,0
a4f1d515-d7d9-4319-b2e0-4d56e9d45554,3,30,0.023542,0
a4f1d515-d7d9-4319-b2e0-4d56e9d45554,3,31,0.020539,0
a4f1d515-d7d9-4319-b2e0-4d56e9d45554,3,32,0.068751,0
a4f1d515-d7d9-4319-b2e0-4d56e9d45554,3,33,0.020438,0
a4f1d515-d7d9-4319-b2e0-4d56e9d45554,3,34,0.031563,0
a4f1d515-d7d9-4319-b2e0-4d56e9d45554,3,35,0.075253,0
a4f1d515-d7d9-4319-b2e0-4d56e9d45554,3,36,0.024460,0
a4f1d515-d7d9-4319-b2e0-4d56e9d45554,3,37,0.020800,0
a4f1d515-d7d9-4319-b2e0-4d56e9d45554,3,38,0.025821,0
d3a1ce0a-fc48-4827-a278-8f0ce8c7a519,1,0,0.020834,0
d3a1ce0a-fc48-4827-a278-8f0ce8c7a519,1,1,0.023090,0
d3a1ce0a-fc48-4827-a278-8f0ce8c7a519,1,2,0.020901,0
d3a1ce0a-fc48-4827-a278-8f0ce8c7a519,1,3,0.025410,0
d3a1ce0a-fc48-4827-a278-8f0ce8c7a519,1,4,0.034971,0
d3a1ce0a-fc48-4827-a278-8f0ce8c7a519,1,5,0.021487,0
d3a1ce0a-fc48-4827-a278-8f0ce8c7a519,1,6,0.025648,0
d3a1ce0a-fc48-4827-a278-8f0ce8c7a519,1,7,0.044500,0
d3a1ce0a-fc48-4827-a278-8f0ce8c7a519,1,8,0.026541,0
d3a1ce0a-fc48-4827-a278-8f0ce8c7a519,1,9,0.030073,0
d3a1ce0a-fc48-4827-a278-8f0ce8c7a519,1,10,0.026348,0
d3a1ce0a-fc48-4827-a278-8f0ce8c7a519,1,11,0.028289,0
d3a1ce0a-fc48-4827-a278-8f0ce8c7a519,1,12,0.022800,0
d3a1ce0a-fc48-4827-a278-8f0ce8c7a519,1,13,0.045502,0
d3a1ce0a-fc48-4827-a278-8f0ce8c7a519,1,14,0.019224,0
d3a1ce0a-fc48-4827-a278-8f0ce8c7a519,1,15,0.028111,0
d3a1ce0a-fc48-4827-a278-8f0ce8c7a519,1,16,0.020270,0
d3a1ce0a-fc48-4827-a278-8f0ce8c7a519,1,17,0.025647,0
d3a1ce0a-fc48-4827-a278-8f0ce8c7a519,1,18,0.031959,0
d3a1ce0a-fc48-4827-a278-8f0ce8c7a519,1,19,0.028855,0
d3a1ce0a-fc48-4827-a278-8f0ce8c7a519,1,20,0.023991,0
d3a1ce0a-fc48-4827-a278-8f0ce8c7a519,2,0,0.165052,0
d3a1ce0a-fc48-4827-a278-8f0ce8c7a519,2,1,0.026953,0
d3a1ce0a-fc48-4827-a278-8f0ce8c7a519,2,2,0.021754,0
d3a1ce0a-fc48-4827-a278-8f0ce8c7a519,2,3,0.037042,0
d3a1ce0a-fc48-4827-a278-8f0ce8c7a519,2,4,0.020520,0
d3a1ce0a-fc48-4827-a278-8f0ce8c7a519,2,5,0.112178,0
d3a1ce0a-fc48-4827-a278-8f0ce8c7a519,2,6,0.023810,0
d3a1ce0a-fc48-4827-a278-8f0ce8c7a519,2,7,0.023731,0
d3a1ce0a-fc48-4827-a278-8f0ce8c7a519,2,8,0.020147,0
d3a1ce0a-fc48-4827-a278-8f0ce8c7a519,2,9,0.028047,0
d3a1ce0a-fc48-4827-a278-8f0ce8c7a519,2,10,0.025213,0
d3a1ce0a-fc48-4827-a278-8f0ce8c7a519,2,11,0.066106,0
d3a1ce0a-fc48-4827-a278-8f0ce8c7a519,2,12,0.034961,0
d3a1ce0a-fc48-4827-a278-8f0ce8c7a519,2,13,0.028554,0
d3a1ce0a-fc48-4827-a278-8f0ce8c7a519,2,14,0.029537,0
d3a1ce0a-fc48-4827-a278-8f0ce8c7a519,2,15,0.021431,0
d3a1ce0a-fc48-4827-a278-8f0ce8c7a519,2,16,0.022871,0
d3a1ce0a-fc48-4827-a278-8f0ce8c7a519,2,17,0.019904,0
d3a1ce0a-fc48-4827-a278-8f0ce8c7a519,2,18,0.021136,0
d3a1ce0a-fc48-4827-a278-8f0ce8c7a519,2,19,0.018632,0
d3a1ce0a-fc48-4827-a278-8f0ce8c7a519,2,20,0.028544,0
d3a1ce0a-fc48-4827-a278-8f0ce8c7a519,2,21,0.021461,0
d3a1ce0a-fc48-4827-a278-8f0ce8c7a519,2,22,0.021022,0
d3a1ce0a-fc48-4827-a278-8f0ce8c7a519,2,23,0.037012,0
d3a1ce0a-fc48-4827-a278-8f0ce8c7a519,2,24,0.036310,0
d3a1ce0a-fc48-4827-a278-8f0ce8c7a519,2,25,0.021930,0
d3a1ce0a-fc48-4827-a278-8f0ce8c7a519,2,26,0.024660,0
d3a1ce0a-fc48-4827-a278-8f0ce8c7a519,2,27,0.025802,0
d3a1ce0a-fc48-4827-a278-8f0ce8c7a519,2,28,0.035122,0
d3a1ce0a-fc48-4827-a278-8f0ce8c7a519,2,29,0.307950,0
d3a1ce0a-fc48-4827-a278-8f0ce8c7a519,2,30,0.021739,0
d3a1ce0a-fc48-4827-a278-8f0ce8c7a519,2,31,0.022861,0
d3a1ce0a-fc48-4827-a278-8f0ce8c7a519,2,32,0.038181,0
d3a1ce0a-fc48-4827-a278-8f0ce8c7a519,2,33,0.022793,0
d3a1ce0a-fc48-4827-a278-8f0ce8c7a519,2,34,0.107628,0
d3a1ce0a-fc48-4827-a278-8f0ce8c7a519,2,35,0.022314,0
d3a1ce0a-fc48-4827-a278-8f0ce8c7a519,2,36,0.051433,0
d3a1ce0a-fc48-4827-a278-8f0ce8c7a519,2,37,0.020254,0
d3a1ce0a-fc48-4827-a278-8f0ce8c7a519,2,38,0.206637,0
d3a1ce0a-fc48-4827-a278-8f0ce8c7a519,3,0,0.145224,0
d3a1ce0a-fc48-4827-a278-8f0ce8c7a519,3,1,0.297561,0
d3a1ce0a-fc48-4827-a278-8f0ce8c7a519,3,2,0.020930,0
d3a1ce0a-fc48-4827-a278-8f0ce8c7a519,3,3,0.025124,0
d3a1ce0a-fc48-4827-a278-8f0ce8c7a519,3,4,0.029425,0
d3a1ce0a-fc48-4827-a278-8f0ce8c7a519,3,5,0.033840,0
d3a1ce0a-fc48-4827-a278-8f0ce8c7a519,3,6,0.021725,0
d3a1ce0a-fc48-4827-a278-8f0ce8c7a519,3,7,0.025342,0
d3a1ce0a-fc48-4827-a278-8f0ce8c7a519,3,8,0.038232,0
d3a1ce0a-fc48-4827-a278-8f0ce8c7a519,3,9,0.085555,0
d3a1ce0a-fc48-4827-a278-8f0ce8c7a519,3,10,0.030444,0
d3a1ce0a-fc48-4827-a278-8f0ce8c7a519,3,11,0.050157,0
d3a1ce0a-fc48-4827-a278-8f0ce8c7a519,3,12,0.023482,0
d3a1ce0a-fc48-4827-a278-8f0ce8c7a519,3,13,0.033547,0
d3a1ce0a-fc48-4827-a278-8f0ce8c7a519,3,14,0.077193,0
d3a1ce0a-fc48-4827-a278-8f0ce8c7a519,3,15,0.028959,0
d3a1ce0a-fc48-4827-a278-8f0ce8c7a519,3,16,0.053761,0
d3a1ce0a-fc48-4827-a278-8f0ce8c7a519,3,17,0.025961,0
d3a1ce0a-fc48-4827-a278-8f0ce8c7a519,3,18,0.055373,0
d3a1ce0a-fc48-4827-a278-8f0ce8c7a519,3,19,0.042783,0
d3a1ce0a-fc48-4827-a278-8f0ce8c7a519,3,20,0.066012,0
d3a1ce0a-fc48-4827-a278-8f0ce8c7a519,3,21,0.024304,0
d3a1ce0a-fc48-4827-a278-8f0ce8c7a519,3,22,0.024500,0
d3a1ce0a-fc48-4827-a278-8f0ce8c7a519,3,23,0.039219,0
d3a1ce0a-fc48-4827-a278-8f0ce8c7a519,3,24,0.022964,0
d3a1ce0a-fc48-4827-a278-8f0ce8c7a519,3,25,0.024826,0
d3a1ce0a-fc48-4827-a278-8f0ce8c7a519,3,26,0.028099,0
d3a1ce0a-fc48-4827-a278-8f0ce8c7a519,3,27,0.025736,0
d3a1ce0a-fc48-4827-a278-8f0ce8c7a519,3,28,0.024029,0
d3a1ce0a-fc48-4827-a278-8f0ce8c7a519,3,29,0.018530,0
d3a1ce0a-fc48-4827-a278-8f0ce8c7a519,3,30,0.053183,0
d3a1ce0a-fc48-4827-a278-8f0ce8c7a519,3,31,0.022250,0
d3a1ce0a-fc48-4827-a278-8f0ce8c7a519,3,32,0.946662,1
d3a1ce0a-fc48-4827-a278-8f0ce8c7a519,3,33,0.025657,0
d3a1ce0a-fc48-4827-a278-8f0ce8c7a519,3,34,0.320659,0
d3a1ce0a-fc48-4827-a278-8f0ce8c7a519,3,35,0.020385,0
d3a1ce0a-fc48-4827-a278-8f0ce8c7a519,3,36,0.022994,0
d3a1ce0a-fc48-4827-a278-8f0ce8c7a519,3,37,0.020218,0
d3a1ce0a-fc48-4827-a278-8f0ce8c7a519,3,38,0.022960,0
f506aafc-8b43-427a-936e-bbd1ef33e076,1,0,0.020315,0
f506aafc-8b43-427a-936e-bbd1ef33e076,1,1,0.021670,0
f506aafc-8b43-427a-936e-bbd1ef33e076,1,2,0.021028,0
f506aafc-8b43-427a-936e-bbd1ef33e076,1,3,0.020146,0
f506aafc-8b43-427a-936e-bbd1ef33e076,1,4,0.054161,0
f506aafc-8b43-427a-936e-bbd1ef33e076,1,5,0.033402,0
f506aafc-8b43-427a-936e-bbd1ef33e076,1,6,0.019776,0
f506aafc-8b43-427a-936e-bbd1ef33e076,1,7,0.024953,0
f506aafc-8b43-427a-936e-bbd1ef33e076,1,8,0.025757,0
f506aafc-8b43-427a-936e-bbd1ef33e076,1,9,0.021598,0
f506aafc-8b43-427a-936e-bbd1ef33e076,1,10,0.020720,0
f506aafc-8b43-427a-936e-bbd1ef33e076,1,11,0.022040,0
f506aafc-8b43-427a-936e-bbd1ef33e076,1,12,0.025757,0
f506aafc-8b43-427a-936e-bbd1ef33e076,1,13,0.022165,0
f506aafc-8b43-427a-936e-bbd1ef33e076,2,0,0.021959,0
f506aafc-8b43-427a-936e-bbd1ef33e076,2,1,0.021547,0
f506aafc-8b43-427a-936e-bbd1ef33e076,2,2,0.021714,0
f506aafc-8b43-427a-936e-bbd1ef33e076,2,3,0.018198,0
f506aafc-8b43-427a-936e-bbd1ef33e076,2,4,0.029993,0
f506aafc-8b43-427a-936e-bbd1ef33e076,2,5,0.025475,0
f506aafc-8b43-427a-936e-bbd1ef33e076,2,6,0.021002,0
f506aafc-8b43-427a-936e-bbd1ef33e076,2,7,0.025079,0
f506aafc-8b43-427a-936e-bbd1ef33e076,2,8,0.022645,0
f506aafc-8b43-427a-936e-bbd1ef33e076,2,9,0.019600,0
f506aafc-8b43-427a-936e-bbd1ef33e076,2,10,0.205103,0
f506aafc-8b43-427a-936e-bbd1ef33e076,2,11,0.027746,0
f506aafc-8b43-427a-936e-bbd1ef33e076,2,12,0.033535,0
f506aafc-8b43-427a-936e-bbd1ef33e076,2,13,0.036167,0
f506aafc-8b43-427a-936e-bbd1ef33e076,2,14,0.024998,0
f506aafc-8b43-427a-936e-bbd1ef33e076,2,15,0.021951,0
f506aafc-8b43-427a-936e-bbd1ef33e076,2,16,0.021960,0
f506aafc-8b43-427a-936e-bbd1ef33e076,2,17,0.021169,0
f506aafc-8b43-427a-936e-bbd1ef33e076,2,18,0.020311,0
f506aafc-8b43-427a-936e-bbd1ef33e076,2,19,0.050889,0
f506aafc-8b43-427a-936e-bbd1ef33e076,2,20,0.021880,0
f506aafc-8b43-427a-936e-bbd1ef33e076,2,21,0.022822,0
f506aafc-8b43-427a-936e-bbd1ef33e076,2,22,0.027788,0
f506aafc-8b43-427a-936e-bbd1ef33e076,2,23,0.022361,0
f506aafc-8b43-427a-936e-bbd1ef33e076,2,24,0.131989,0
f506aafc-8b43-427a-936e-bbd1ef33e076,2,25,0.025551,0
f506aafc-8b43-427a-936e-bbd1ef33e076,2,26,0.025196,0
f506aafc-8b43-427a-936e-bbd1ef33e076,2,27,0.035551,0
f506aafc-8b43-427a-936e-bbd1ef33e076,2,28,0.027710,0
f506aafc-8b43-427a-936e-bbd1ef33e076,2,29,0.030541,0
f506aafc-8b43-427a-936e-bbd1ef33e076,2,30,0.031639,0
f506aafc-8b43-427a-936e-bbd1ef33e076,3,0,0.020706,0
f506aafc-8b43-427a-936e-bbd1ef33e076,3,1,0.020796,0
f506aafc-8b43-427a-936e-bbd1ef33e076,3,2,0.023046,0
f506aafc-8b43-427a-936e-bbd1ef33e076,3,3,0.021250,0
f506aafc-8b43-427a-936e-bbd1ef33e076,3,4,0.031244,0
f506aafc-8b43-427a-936e-bbd1ef33e076,3,5,0.020186,0
f506aafc-8b43-427a-936e-bbd1ef33e076,3,6,0.021016,0
f506aafc-8b43-427a-936e-bbd1ef33e076,3,7,0.021841,0
f506aafc-8b43-427a-936e-bbd1ef33e076,3,8,0.025927,0
f506aafc-8b43-427a-936e-bbd1ef33e076,3,9,0.021083,0
f506aafc-8b43-427a-936e-bbd1ef33e076,3,10,0.026535,0
f506aafc-8b43-427a-936e-bbd1ef33e076,3,11,0.023257,0
f506aafc-8b43-427a-936e-bbd1ef33e076,3,12,0.019097,0
f506aafc-8b43-427a-936e-bbd1ef33e076,3,13,0.030387,0
f506aafc-8b43-427a-936e-bbd1ef33e076,3,14,0.018461,0
f506aafc-8b43-427a-936e-bbd1ef33e076,3,15,0.027753,0
f506aafc-8b43-427a-936e-bbd1ef33e076,3,16,0.026261,0
f506aafc-8b43-427a-936e-bbd1ef33e076,3,17,0.021578,0
f506aafc-8b43-427a-936e-bbd1ef33e076,3,18,0.022279,0
f506aafc-8b43-427a-936e-bbd1ef33e076,3,19,0.022308,0
f506aafc-8b43-427a-936e-bbd1ef33e076,3,20,0.024737,0
f506aafc-8b43-427a-936e-bbd1ef33e076,3,21,0.027024,0
f506aafc-8b43-427a-936e-bbd1ef33e076,3,22,0.020340,0
f506aafc-8b43-427a-936e-bbd1ef33e076,3,23,0.021421,0
f506aafc-8b43-427a-936e-bbd1ef33e076,3,24,0.114468,0
22b6e900-4826-4b09-a9f8-5d7afe46e78b,1,0,0.029550,0
22b6e900-4826-4b09-a9f8-5d7afe46e78b,1,1,0.024106,0
22b6e900-4826-4b09-a9f8-5d7afe46e78b,1,2,0.020548,0
22b6e900-4826-4b09-a9f8-5d7afe46e78b,1,3,0.021572,0
22b6e900-4826-4b09-a9f8-5d7afe46e78b,1,4,0.019640,0
22b6e900-4826-4b09-a9f8-5d7afe46e78b,1,5,0.034274,0
22b6e900-4826-4b09-a9f8-5d7afe46e78b,1,6,0.058808,0
22b6e900-4826-4b09-a9f8-5d7afe46e78b,1,7,0.025797,0
22b6e900-4826-4b09-a9f8-5d7afe46e78b,1,8,0.025011,0
22b6e900-4826-4b09-a9f8-5d7afe46e78b,1,9,0.021188,0
22b6e900-4826-4b09-a9f8-5d7afe46e78b,1,10,0.031301,0
22b6e900-4826-4b09-a9f8-5d7afe46e78b,1,11,0.151269,0
22b6e900-4826-4b09-a9f8-5d7afe46e78b,1,12,0.022059,0
22b6e900-4826-4b09-a9f8-5d7afe46e78b,1,13,0.021075,0
22b6e900-4826-4b09-a9f8-5d7afe46e78b,1,14,0.032204,0
22b6e900-4826-4b09-a9f8-5d7afe46e78b,2,0,0.831502,1
22b6e900-4826-4b09-a9f8-5d7afe46e78b,2,1,0.038734,0
22b6e900-4826-4b09-a9f8-5d7afe46e78b,2,2,0.039222,0
22b6e900-4826-4b09-a9f8-5d7afe46e78b,2,3,0.022609,0
22b6e900-4826-4b09-a9f8-5d7afe46e78b,2,4,0.031627,0
22b6e900-4826-4b09-a9f8-5d7afe46e78b,2,5,0.023035,0
22b6e900-4826-4b09-a9f8-5d7afe46e78b,2,6,0.052748,0
22b6e900-4826-4b09-a9f8-5d7afe46e78b,2,7,0.055810,0
22b6e900-4826-4b09-a9f8-5d7afe46e78b,2,8,0.063751,0
22b6e900-4826-4b09-a9f8-5d7afe46e78b,2,9,0.030935,0
22b6e900-4826-4b09-a9f8-5d7afe46e78b,2,10,0.026740,0
22b6e900-4826-4b09-a9f8-5d7afe46e78b,2,11,0.040081,0
22b6e900-4826-4b09-a9f8-5d7afe46e78b,3,0,0.083513,0
22b6e900-4826-4b09-a9f8-5d7afe46e78b,3,1,0.022386,0
22b6e900-4826-4b09-a9f8-5d7afe46e78b,3,2,0.075048,0
22b6e900-4826-4b09-a9f8-5d7afe46e78b,3,3,0.022266,0
22b6e900-4826-4b09-a9f8-5d7afe46e78b,3,4,0.045031,0
22b6e900-4826-4b09-a9f8-5d7afe46e78b,3,5,0.020316,0
22b6e900-4826-4b09-a9f8-5d7afe46e78b,3,6,0.026797,0
22b6e900-4826-4b09-a9f8-5d7afe46e78b,3,7,0.025455,0
22b6e900-4826-4b09-a9f8-5d7afe46e78b,3,8,0.025019,0
22b6e900-4826-4b09-a9f8-5d7afe46e78b,3,9,0.044849,0
22b6e900-4826-4b09-a9f8-5d7afe46e78b,3,10,0.066870,0
22b6e900-4826-4b09-a9f8-5d7afe46e78b,3,11,0.024383,0
33521e65-12da-4521-b132-7b606243b0e4,1,0,0.020378,0
33521e65-12da-4521-b132-7b606243b0e4,1,1,0.025226,0
33521e65-12da-4521-b132-7b606243b0e4,1,2,0.021583,0
33521e65-12da-4521-b132-7b606243b0e4,1,3,0.800823,1
33521e65-12da-4521-b132-7b606243b0e4,1,4,0.026710,0
33521e65-12da-4521-b132-7b606243b0e4,1,5,0.023380,0
33521e65-12da-4521-b132-7b606243b0e4,1,6,0.019927,0
33521e65-12da-4521-b132-7b606243b0e4,1,7,0.022556,0
33521e65-12da-4521-b132-7b606243b0e4,1,8,0.022431,0
33521e65-12da-4521-b132-7b606243b0e4,1,9,0.028156,0
33521e65-12da-4521-b132-7b606243b0e4,1,10,0.078581,0
33521e65-12da-4521-b132-7b606243b0e4,1,11,0.979015,1
33521e65-12da-4521-b132-7b606243b0e4,1,12,0.026423,0
33521e65-12da-4521-b132-7b606243b0e4,1,13,0.024859,0
33521e65-12da-4521-b132-7b606243b0e4,1,14,0.048186,0
33521e65-12da-4521-b132-7b606243b0e4,1,15,0.038827,0
33521e65-12da-4521-b132-7b606243b0e4,1,16,0.024973,0
33521e65-12da-4521-b132-7b606243b0e4,1,17,0.029464,0
33521e65-12da-4521-b132-7b606243b0e4,1,18,0.030200,0
33521e65-12da-4521-b132-7b606243b0e4,1,19,0.021303,0
33521e65-12da-4521-b132-7b606243b0e4,2,0,0.027067,0
33521e65-12da-4521-b132-7b606243b0e4,2,1,0.019880,0
33521e65-12da-4521-b132-7b606243b0e4,2,2,0.028385,0
33521e65-12da-4521-b132-7b606243b0e4,2,3,0.024625,0
33521e65-12da-4521-b132-7b606243b0e4,2,4,0.053047,0
33521e65-12da-4521-b132-7b606243b0e4,2,5,0.027172,0
33521e65-12da-4521-b132-7b606243b0e4,2,6,0.022621,0
33521e65-12da-4521-b132-7b606243b0e4,2,7,0.023762,0
33521e65-12da-4521-b132-7b606243b0e4,2,8,0.021990,0
33521e65-12da-4521-b132-7b606243b0e4,2,9,0.021737,0
33521e65-12da-4521-b132-7b606243b0e4,2,10,0.038572,0
33521e65-12da-4521-b132-7b606243b0e4,2,11,0.081592,0
33521e65-12da-4521-b132-7b606243b0e4,2,12,0.097370,0
33521e65-12da-4521-b132-7b606243b0e4,2,13,0.021158,0
33521e65-12da-4521-b132-7b606243b0e4,2,14,0.038566,0
33521e65-12da-4521-b132-7b606243b0e4,2,15,0.032973,0
33521e65-12da-4521-b132-7b606243b0e4,2,16,0.035265,0
33521e65-12da-4521-b132-7b606243b0e4,2,17,0.036906,0
33521e65-12da-4521-b132-7b606243b0e4,2,18,0.035674,0
33521e65-12da-4521-b132-7b606243b0e4,2,19,0.029550,0
33521e65-12da-4521-b132-7b606243b0e4,2,20,0.033546,0
33521e65-12da-4521-b132-7b606243b0e4,2,21,0.092152,0
33521e65-12da-4521-b132-7b606243b0e4,2,22,0.987209,1
33521e65-12da-4521-b132-7b606243b0e4,2,23,0.025879,0
33521e65-12da-4521-b132-7b606243b0e4,2,24,0.102672,0
33521e65-12da-4521-b132-7b606243b0e4,2,25,0.039895,0
33521e65-12da-4521-b132-7b606243b0e4,3,0,0.019008,0
33521e65-12da-4521-b132-7b606243b0e4,3,1,0.026999,0
33521e65-12da-4521-b132-7b606243b0e4,3,2,0.019320,0
33521e65-12da-4521-b132-7b606243b0e4,3,3,0.024287,0
33521e65-12da-4521-b132-7b606243b0e4,3,4,0.953306,1
33521e65-12da-4521-b132-7b606243b0e4,3,5,0.039426,0
33521e65-12da-4521-b132-7b606243b0e4,3,6,0.023029,0
33521e65-12da-4521-b132-7b606243b0e4,3,7,0.056501,0
33521e65-12da-4521-b132-7b606243b0e4,3,8,0.020269,0
33521e65-12da-4521-b132-7b606243b0e4,3,9,0.021985,0
33521e65-12da-4521-b132-7b606243b0e4,3,10,0.090529,0
33521e65-12da-4521-b132-7b606243b0e4,3,11,0.029125,0
33521e65-12da-4521-b132-7b606243b0e4,3,12,0.025250,0
33521e65-12da-4521-b132-7b606243b0e4,3,13,0.037269,0
33521e65-12da-4521-b132-7b606243b0e4,3,14,0.028463,0
58ed2376-35a0-453a-a08e-5cd87e3bdea5,1,0,0.051178,0
58ed2376-35a0-453a-a08e-5cd87e3bdea5,1,1,0.021637,0
58ed2376-35a0-453a-a08e-5cd87e3bdea5,1,2,0.208372,0
58ed2376-35a0-453a-a08e-5cd87e3bdea5,1,3,0.071115,0
58ed2376-35a0-453a-a08e-5cd87e3bdea5,1,4,0.079091,0
58ed2376-35a0-453a-a08e-5cd87e3bdea5,1,5,0.052341,0
58ed2376-35a0-453a-a08e-5cd87e3bdea5,1,6,0.037014,0
58ed2376-35a0-453a-a08e-5cd87e3bdea5,1,7,0.028519,0
58ed2376-35a0-453a-a08e-5cd87e3bdea5,1,8,0.032633,0
58ed2376-35a0-453a-a08e-5cd87e3bdea5,1,9,0.030768,0
58ed2376-35a0-453a-a08e-5cd87e3bdea5,1,10,0.022942,0
58ed2376-35a0-453a-a08e-5cd87e3bdea5,1,11,0.021243,0
58ed2376-35a0-453a-a08e-5cd87e3bdea5,1,12,0.032560,0
58ed2376-35a0-453a-a08e-5cd87e3bdea5,1,13,0.093188,0
58ed2376-35a0-453a-a08e-5cd87e3bdea5,1,14,0.065043,0
58ed2376-35a0-453a-a08e-5cd87e3bdea5,1,15,0.992690,1
58ed2376-35a0-453a-a08e-5cd87e3bdea5,1,16,0.094545,0
58ed2376-35a0-453a-a08e-5cd87e3bdea5,1,17,0.028710,0
58ed2376-35a0-453a-a08e-5cd87e3bdea5,1,18,0.021262,0
58ed2376-35a0-453a-a08e-5cd87e3bdea5,1,19,0.038535,0
58ed2376-35a0-453a-a08e-5cd87e3bdea5,1,20,0.990310,1
58ed2376-35a0-453a-a08e-5cd87e3bdea5,1,21,0.521568,1
58ed2376-35a0-453a-a08e-5cd87e3bdea5,1,22,0.054489,0
58ed2376-35a0-453a-a08e-5cd87e3bdea5,1,23,0.071985,0
58ed2376-35a0-453a-a08e-5cd87e3bdea5,1,24,0.080500,0
58ed2376-35a0-453a-a08e-5cd87e3bdea5,1,25,0.021694,0
58ed2376-35a0-453a-a08e-5cd87e3bdea5,1,26,0.953713,1
58ed2376-35a0-453a-a08e-5cd87e3bdea5,1,27,0.068931,0
58ed2376-35a0-453a-a08e-5cd87e3bdea5,2,0,0.040706,0
58ed2376-35a0-453a-a08e-5cd87e3bdea5,2,1,0.024161,0
58ed2376-35a0-453a-a08e-5cd87e3bdea5,2,2,0.022154,0
58ed2376-35a0-453a-a08e-5cd87e3bdea5,2,3,0.044815,0
58ed2376-35a0-453a-a08e-5cd87e3bdea5,2,4,0.027842,0
58ed2376-35a0-453a-a08e-5cd87e3bdea5,2,5,0.041112,0
58ed2376-35a0-453a-a08e-5cd87e3bdea5,2,6,0.025633,0
58ed2376-35a0-453a-a08e-5cd87e3bdea5,2,7,0.055647,0
58ed2376-35a0-453a-a08e-5cd87e3bdea5,2,8,0.043489,0
58ed2376-35a0-453a-a08e-5cd87e3bdea5,2,9,0.209671,0
58ed2376-35a0-453a-a08e-5cd87e3bdea5,2,10,0.060388,0
58ed2376-35a0-453a-a08e-5cd87e3bdea5,2,11,0.071021,0
58ed2376-35a0-453a-a08e-5cd87e3bdea5,2,12,0.024897,0
58ed2376-35a0-453a-a08e-5cd87e3bdea5,3,0,0.091114,0
58ed2376-35a0-453a-a08e-5cd87e3bdea5,3,1,0.026966,0
58ed2376-35a0-453a-a08e-5cd87e3bdea5,3,2,0.040095,0
58ed2376-35a0-453a-a08e-5cd87e3bdea5,3,3,0.025645,0
58ed2376-35a0-453a-a08e-5cd87e3bdea5,3,4,0.034580,0
58ed2376-35a0-453a-a08e-5cd87e3bdea5,3,5,0.044124,0
58ed2376-35a0-453a-a08e-5cd87e3bdea5,3,6,0.080200,0
58ed2376-35a0-453a-a08e-5cd87e3bdea5,3,7,0.077354,0
58ed2376-35a0-453a-a08e-5cd87e3bdea5,3,8,0.020505,0
58ed2376-35a0-453a-a08e-5cd87e3bdea5,3,9,0.025266,0
58ed2376-35a0-453a-a08e-5cd87e3bdea5,3,10,0.095133,0
58ed2376-35a0-453a-a08e-5cd87e3bdea5,3,11,0.025232,0
58ed2376-35a0-453a-a08e-5cd87e3bdea5,3,12,0.020404,0
58ed2376-35a0-453a-a08e-5cd87e3bdea5,3,13,0.488516,0
58ed2376-35a0-453a-a08e-5cd87e3bdea5,3,14,0.036354,0
58ed2376-35a0-453a-a08e-5cd87e3bdea5,3,15,0.033627,0
58ed2376-35a0-453a-a08e-5cd87e3bdea5,3,16,0.027516,0
58ed2376-35a0-453a-a08e-5cd87e3bdea5,3,17,0.020963,0
96b7046f-f584-422f-a626-6f86a26dfd8b,1,0,0.246446,0
96b7046f-f584-422f-a626-6f86a26dfd8b,1,1,0.030435,0
96b7046f-f584-422f-a626-6f86a26dfd8b,1,2,0.818551,1
96b7046f-f584-422f-a626-6f86a26dfd8b,1,3,0.988430,1
96b7046f-f584-422f-a626-6f86a26dfd8b,1,4,0.816054,1
96b7046f-f584-422f-a626-6f86a26dfd8b,1,5,0.963882,1
96b7046f-f584-422f-a626-6f86a26dfd8b,1,6,0.938819,1
96b7046f-f584-422f-a626-6f86a26dfd8b,1,7,0.992976,1
96b7046f-f584-422f-a626-6f86a26dfd8b,1,8,0.969702,1
96b7046f-f584-422f-a626-6f86a26dfd8b,1,9,0.629211,1
96b7046f-f584-422f-a626-6f86a26dfd8b,1,10,0.992324,1
96b7046f-f584-422f-a626-6f86a26dfd8b,1,11,0.036280,0
96b7046f-f584-422f-a626-6f86a26dfd8b,1,12,0.223447,0
96b7046f-f584-422f-a626-6f86a26dfd8b,1,13,0.028363,0
96b7046f-f584-422f-a626-6f86a26dfd8b,1,14,0.020505,0
96b7046f-f584-422f-a626-6f86a26dfd8b,1,15,0.183977,0
96b7046f-f584-422f-a626-6f86a26dfd8b,1,16,0.961432,1
96b7046f-f584-422f-a626-6f86a26dfd8b,1,17,0.389790,0
96b7046f-f584-422f-a626-6f86a26dfd8b,2,0,0.032724,0
96b7046f-f584-422f-a626-6f86a26dfd8b,2,1,0.024770,0
96b7046f-f584-422f-a626-6f86a26dfd8b,2,2,0.046089,0
96b7046f-f584-422f-a626-6f86a26dfd8b,2,3,0.032205,0
96b7046f-f584-422f-a626-6f86a26dfd8b,2,4,0.129035,0
96b7046f-f584-422f-a626-6f86a26dfd8b,2,5,0.028680,0
96b7046f-f584-422f-a626-6f86a26dfd8b,2,6,0.030982,0
96b7046f-f584-422f-a626-6f86a26dfd8b,2,7,0.026292,0
96b7046f-f584-422f-a626-6f86a26dfd8b,2,8,0.419322,0
96b7046f-f584-422f-a626-6f86a26dfd8b,2,9,0.375970,0
96b7046f-f584-422f-a626-6f86a26dfd8b,2,10,0.020869,0
96b7046f-f584-422f-a626-6f86a26dfd8b,2,11,0.026514,0
96b7046f-f584-422f-a626-6f86a26dfd8b,3,0,0.241634,0
96b7046f-f584-422f-a626-6f86a26dfd8b,3,1,0.027358,0
96b7046f-f584-422f-a626-6f86a26dfd8b,3,2,0.035177,0
96b7046f-f584-422f-a626-6f86a26dfd8b,3,3,0.931292,1
96b7046f-f584-422f-a626-6f86a26dfd8b,3,4,0.813501,1
96b7046f-f584-422f-a626-6f86a26dfd8b,3,5,0.789913,1
96b7046f-f584-422f-a626-6f86a26dfd8b,3,6,0.019210,0
96b7046f-f584-422f-a626-6f86a26dfd8b,3,7,0.019646,0
96b7046f-f584-422f-a626-6f86a26dfd8b,3,8,0.630554,1
96b7046f-f584-422f-a626-6f86a26dfd8b,3,9,0.024215,0
96b7046f-f584-422f-a626-6f86a26dfd8b,3,10,0.037492,0
96b7046f-f584-422f-a626-6f86a26dfd8b,3,11,0.905965,1
96b7046f-f584-422f-a626-6f86a26dfd8b,3,12,0.179304,0
96b7046f-f584-422f-a626-6f86a26dfd8b,3,13,0.482463,0
96b7046f-f584-422f-a626-6f86a26dfd8b,3,14,0.034032,0
96b7046f-f584-422f-a626-6f86a26dfd8b,3,15,0.031676,0
96b7046f-f584-422f-a626-6f86a26dfd8b,3,16,0.020127,0
96b7046f-f584-422f-a626-6f86a26dfd8b,3,17,0.992976,1
96b7046f-f584-422f-a626-6f86a26dfd8b,3,18,0.155666,0
96b7046f-f584-422f-a626-6f86a26dfd8b,3,19,0.026694,0
96b7046f-f584-422f-a626-6f86a26dfd8b,3,20,0.862692,1
96b7046f-f584-422f-a626-6f86a26dfd8b,3,21,0.024953,0
96b7046f-f584-422f-a626-6f86a26dfd8b,3,22,0.026346,0
96b7046f-f584-422f-a626-6f86a26dfd8b,3,23,0.038809,0
96b7046f-f584-422f-a626-6f86a26dfd8b,3,24,0.022088,0
96b7046f-f584-422f-a626-6f86a26dfd8b,3,25,0.021500,0
96b7046f-f584-422f-a626-6f86a26dfd8b,3,26,0.028187,0
b764f81f-6d08-4d7c-b1a8-8961bed0a455,1,0,0.065869,0
b764f81f-6d08-4d7c-b1a8-8961bed0a455,1,1,0.037479,0
b764f81f-6d08-4d7c-b1a8-8961bed0a455,1,2,0.029056,0
b764f81f-6d08-4d7c-b1a8-8961bed0a455,1,3,0.044901,0
b764f81f-6d08-4d7c-b1a8-8961bed0a455,1,4,0.023311,0
b764f81f-6d08-4d7c-b1a8-8961bed0a455,1,5,0.021603,0
b764f81f-6d08-4d7c-b1a8-8961bed0a455,1,6,0.040063,0
b764f81f-6d08-4d7c-b1a8-8961bed0a455,1,7,0.100815,0
b764f81f-6d08-4d7c-b1a8-8961bed0a455,1,8,0.021479,0
b764f81f-6d08-4d7c-b1a8-8961bed0a455,1,9,0.149578,0
b764f81f-6d08-4d7c-b1a8-8961bed0a455,1,10,0.021139,0
b764f81f-6d08-4d7c-b1a8-8961bed0a455,1,11,0.029403,0
b764f81f-6d08-4d7c-b1a8-8961bed0a455,1,12,0.031061,0
b764f81f-6d08-4d7c-b1a8-8961bed0a455,1,13,0.026212,0
b764f81f-6d08-4d7c-b1a8-8961bed0a455,1,14,0.022780,0
b764f81f-6d08-4d7c-b1a8-8961bed0a455,1,15,0.037080,0
b764f81f-6d08-4d7c-b1a8-8961bed0a455,1,16,0.031963,0
b764f81f-6d08-4d7c-b1a8-8961bed0a455,1,17,0.034223,0
b764f81f-6d08-4d7c-b1a8-8961bed0a455,1,18,0.034653,0
b764f81f-6d08-4d7c-b1a8-8961bed0a455,1,19,0.206902,0
b764f81f-6d08-4d7c-b1a8-8961bed0a455,1,20,0.020545,0
b764f81f-6d08-4d7c-b1a8-8961bed0a455,1,21,0.294860,0
b764f81f-6d08-4d7c-b1a8-8961bed0a455,1,22,0.022083,0
b764f81f-6d08-4d7c-b1a8-8961bed0a455,1,23,0.020478,0
b764f81f-6d08-4d7c-b1a8-8961bed0a455,1,24,0.036053,0
b764f81f-6d08-4d7c-b1a8-8961bed0a455,1,25,0.117128,0
b764f81f-6d08-4d7c-b1a8-8961bed0a455,1,26,0.074043,0
b764f81f-6d08-4d7c-b1a8-8961bed0a455,1,27,0.019203,0
b764f81f-6d08-4d7c-b1a8-8961bed0a455,1,28,0.021256,0
b764f81f-6d08-4d7c-b1a8-8961bed0a455,1,29,0.020921,0
b764f81f-6d08-4d7c-b1a8-8961bed0a455,1,30,0.018659,0
b764f81f-6d08-4d7c-b1a8-8961bed0a455,1,31,0.053990,0
b764f81f-6d08-4d7c-b1a8-8961bed0a455,1,32,0.094057,0
b764f81f-6d08-4d7c-b1a8-8961bed0a455,1,33,0.027295,0
b764f81f-6d08-4d7c-b1a8-8961bed0a455,1,34,0.019622,0
b764f81f-6d08-4d7c-b1a8-8961bed0a455,1,35,0.029910,0
b764f81f-6d08-4d7c-b1a8-8961bed0a455,1,36,0.024678,0
b764f81f-6d08-4d7c-b1a8-8961bed0a455,1,37,0.023599,0
b764f81f-6d08-4d7c-b1a8-8961bed0a455,1,38,0.066871,0
b764f81f-6d08-4d7c-b1a8-8961bed0a455,1,39,0.241749,0
b764f81f-6d08-4d7c-b1a8-8961bed0a455,1,40,0.098378,0
b764f81f-6d08-4d7c-b1a8-8961bed0a455,2,0,0.045966,0
b764f81f-6d08-4d7c-b1a8-8961bed0a455,2,1,0.025952,0
b764f81f-6d08-4d7c-b1a8-8961bed0a455,2,2,0.027813,0
b764f81f-6d08-4d7c-b1a8-8961bed0a455,2,3,0.030887,0
b764f81f-6d08-4d7c-b1a8-8961bed0a455,2,4,0.035128,0
b764f81f-6d08-4d7c-b1a8-8961bed0a455,2,5,0.046264,0
b764f81f-6d08-4d7c-b1a8-8961bed0a455,2,6,0.021698,0
b764f81f-6d08-4d7c-b1a8-8961bed0a455,2,7,0.025176,0
b764f81f-6d08-4d7c-b1a8-8961bed0a455,2,8,0.021307,0
b764f81f-6d08-4d7c-b1a8-8961bed0a455,2,9,0.033605,0
b764f81f-6d08-4d7c-b1a8-8961bed0a455,2,10,0.022606,0
b764f81f-6d08-4d7c-b1a8-8961bed0a455,2,11,0.020637,0
b764f81f-6d08-4d7c-b1a8-8961bed0a455,2,12,0.032472,0
b764f81f-6d08-4d7c-b1a8-8961bed0a455,2,13,0.029674,0
b764f81f-6d08-4d7c-b1a8-8961bed0a455,2,14,0.026330,0
b764f81f-6d08-4d7c-b1a8-8961bed0a455,2,15,0.038382,0
b764f81f-6d08-4d7c-b1a8-8961bed0a455,2,16,0.030414,0
b764f81f-6d08-4d7c-b1a8-8961bed0a455,2,17,0.150489,0
b764f81f-6d08-4d7c-b1a8-8961bed0a455,2,18,0.039289,0
b764f81f-6d08-4d7c-b1a8-8961bed0a455,2,19,0.025810,0
b764f81f-6d08-4d7c-b1a8-8961bed0a455,2,20,0.028107,0
b764f81f-6d08-4d7c-b1a8-8961bed0a455,2,21,0.064062,0
b764f81f-6d08-4d7c-b1a8-8961bed0a455,2,22,0.025910,0
b764f81f-6d08-4d7c-b1a8-8961bed0a455,2,23,0.027256,0
b764f81f-6d08-4d7c-b1a8-8961bed0a455,2,24,0.055670,0
b764f81f-6d08-4d7c-b1a8-8961bed0a455,2,25,0.028271,0
b764f81f-6d08-4d7c-b1a8-8961bed0a455,2,26,0.033709,0
b764f81f-6d08-4d7c-b1a8-8961bed0a455,2,27,0.025814,0
b764f81f-6d08-4d7c-b1a8-8961bed0a455,3,0,0.112074,0
b764f81f-6d08-4d7c-b1a8-8961bed0a455,3,1,0.030856,0
b764f81f-6d08-4d7c-b1a8-8961bed0a455,3,2,0.021258,0
b764f81f-6d08-4d7c-b1a8-8961bed0a455,3,3,0.130394,0
b764f81f-6d08-4d7c-b1a8-8961bed0a455,3,4,0.110214,0
b764f81f-6d08-4d7c-b1a8-8961bed0a455,3,5,0.022973,0
b764f81f-6d08-4d7c-b1a8-8961bed0a455,3,6,0.021083,0
b764f81f-6d08-4d7c-b1a8-8961bed0a455,3,7,0.072227,0
b764f81f-6d08-4d7c-b1a8-8961bed0a455,3,8,0.074890,0
b764f81f-6d08-4d7c-b1a8-8961bed0a455,3,9,0.025906,0
b764f81f-6d08-4d7c-b1a8-8961bed0a455,3,10,0.046052,0
b764f81f-6d08-4d7c-b1a8-8961bed0a455,3,11,0.028995,0
b764f81f-6d08-4d7c-b1a8-8961bed0a455,3,12,0.037776,0
b764f81f-6d08-4d7c-b1a8-8961bed0a455,3,13,0.025125,0
b764f81f-6d08-4d7c-b1a8-8961bed0a455,3,14,0.023823,0
b764f81f-6d08-4d7c-b1a8-8961bed0a455,3,15,0.030631,0
b764f81f-6d08-4d7c-b1a8-8961bed0a455,3,16,0.026685,0
b764f81f-6d08-4d7c-b1a8-8961bed0a455,3,17,0.035620,0
b764f81f-6d08-4d7c-b1a8-8961bed0a455,3,18,0.503326,1
b764f81f-6d08-4d7c-b1a8-8961bed0a455,3,19,0.143334,0
b764f81f-6d08-4d7c-b1a8-8961bed0a455,3,20,0.254965,0
b764f81f-6d08-4d7c-b1a8-8961bed0a455,3,21,0.075795,0
b764f81f-6d08-4d7c-b1a8-8961bed0a455,3,22,0.019193,0
b764f81f-6d08-4d7c-b1a8-8961bed0a455,3,23,0.056571,0
b764f81f-6d08-4d7c-b1a8-8961bed0a455,3,24,0.032423,0
b764f81f-6d08-4d7c-b1a8-8961bed0a455,3,25,0.047869,0
b764f81f-6d08-4d7c-b1a8-8961bed0a455,3,26,0.039866,0
b764f81f-6d08-4d7c-b1a8-8961bed0a455,3,27,0.021283,0
b764f81f-6d08-4d7c-b1a8-8961bed0a455,3,28,0.047441,0
b764f81f-6d08-4d7c-b1a8-8961bed0a455,3,29,0.018735,0
b764f81f-6d08-4d7c-b1a8-8961bed0a455,3,30,0.054313,0
b764f81f-6d08-4d7c-b1a8-8961bed0a455,3,31,0.989476,1
b764f81f-6d08-4d7c-b1a8-8961bed0a455,3,32,0.861054,1
b764f81f-6d08-4d7c-b1a8-8961bed0a455,3,33,0.930910,1
b764f81f-6d08-4d7c-b1a8-8961bed0a455,3,34,0.021322,0
b764f81f-6d08-4d7c-b1a8-8961bed0a455,3,35,0.165019,0
b764f81f-6d08-4d7c-b1a8-8961bed0a455,3,36,0.081432,0
b764f81f-6d08-4d7c-b1a8-8961bed0a455,3,37,0.025981,0
c99adbdd-eaf3-4844-9548-2642e80de4e2,1,0,0.067207,0
c99adbdd-eaf3-4844-9548-2642e80de4e2,1,1,0.053897,0
c99adbdd-eaf3-4844-9548-2642e80de4e2,1,2,0.029198,0
c99adbdd-eaf3-4844-9548-2642e80de4e2,1,3,0.546818,1
c99adbdd-eaf3-4844-9548-2642e80de4e2,1,4,0.950342,1
c99adbdd-eaf3-4844-9548-2642e80de4e2,1,5,0.064864,0
c99adbdd-eaf3-4844-9548-2642e80de4e2,1,6,0.022143,0
c99adbdd-eaf3-4844-9548-2642e80de4e2,1,7,0.018366,0
c99adbdd-eaf3-4844-9548-2642e80de4e2,1,8,0.039003,0
c99adbdd-eaf3-4844-9548-2642e80de4e2,1,9,0.062926,0
c99adbdd-eaf3-4844-9548-2642e80de4e2,1,10,0.028849,0
c99adbdd-eaf3-4844-9548-2642e80de4e2,1,11,0.023699,0
c99adbdd-eaf3-4844-9548-2642e80de4e2,1,12,0.388866,0
c99adbdd-eaf3-4844-9548-2642e80de4e2,1,13,0.026091,0
c99adbdd-eaf3-4844-9548-2642e80de4e2,1,14,0.106415,0
c99adbdd-eaf3-4844-9548-2642e80de4e2,1,15,0.156209,0
c99adbdd-eaf3-4844-9548-2642e80de4e2,1,16,0.039557,0
c99adbdd-eaf3-4844-9548-2642e80de4e2,1,17,0.184141,0
c99adbdd-eaf3-4844-9548-2642e80de4e2,1,18,0.193588,0
c99adbdd-eaf3-4844-9548-2642e80de4e2,1,19,0.073299,0
c99adbdd-eaf3-4844-9548-2642e80de4e2,1,20,0.024914,0
c99adbdd-eaf3-4844-9548-2642e80de4e2,1,21,0.019497,0
c99adbdd-eaf3-4844-9548-2642e80de4e2,1,22,0.102136,0
c99adbdd-eaf3-4844-9548-2642e80de4e2,1,23,0.062569,0
c99adbdd-eaf3-4844-9548-2642e80de4e2,1,24,0.047045,0
c99adbdd-eaf3-4844-9548-2642e80de4e2,1,25,0.026830,0
c99adbdd-eaf3-4844-9548-2642e80de4e2,1,26,0.019864,0
c99adbdd-eaf3-4844-9548-2642e80de4e2,1,27,0.034969,0
c99adbdd-eaf3-4844-9548-2642e80de4e2,1,28,0.023932,0
c99adbdd-eaf3-4844-9548-2642e80de4e2,1,29,0.021398,0
c99adbdd-eaf3-4844-9548-2642e80de4e2,1,30,0.041858,0
c99adbdd-eaf3-4844-9548-2642e80de4e2,1,31,0.035650,0
c99adbdd-eaf3-4844-9548-2642e80de4e2,1,32,0.051982,0
c99adbdd-eaf3-4844-9548-2642e80de4e2,1,33,0.057071,0
c99adbdd-eaf3-4844-9548-2642e80de4e2,1,34,0.043000,0
c99adbdd-eaf3-4844-9548-2642e80de4e2,1,35,0.566509,1
c99adbdd-eaf3-4844-9548-2642e80de4e2,2,0,0.020646,0
c99adbdd-eaf3-4844-9548-2642e80de4e2,2,1,0.030735,0
c99adbdd-eaf3-4844-9548-2642e80de4e2,2,2,0.569357,1
c99adbdd-eaf3-4844-9548-2642e80de4e2,2,3,0.050182,0
c99adbdd-eaf3-4844-9548-2642e80de4e2,2,4,0.040602,0
c99adbdd-eaf3-4844-9548-2642e80de4e2,2,5,0.124163,0
c99adbdd-eaf3-4844-9548-2642e80de4e2,2,6,0.025171,0
c99adbdd-eaf3-4844-9548-2642e80de4e2,2,7,0.057724,0
c99adbdd-eaf3-4844-9548-2642e80de4e2,2,8,0.405746,0
c99adbdd-eaf3-4844-9548-2642e80de4e2,2,9,0.023641,0
c99adbdd-eaf3-4844-9548-2642e80de4e2,2,10,0.023403,0
c99adbdd-eaf3-4844-9548-2642e80de4e2,2,11,0.081179,0
c99adbdd-eaf3-4844-9548-2642e80de4e2,2,12,0.142941,0
c99adbdd-eaf3-4844-9548-2642e80de4e2,2,13,0.047089,0
c99adbdd-eaf3-4844-9548-2642e80de4e2,2,14,0.245658,0
c99adbdd-eaf3-4844-9548-2642e80de4e2,2,15,0.026802,0
c99adbdd-eaf3-4844-9548-2642e80de4e2,2,16,0.026355,0
c99adbdd-eaf3-4844-9548-2642e80de4e2,2,17,0.022958,0
c99adbdd-eaf3-4844-9548-2642e80de4e2,2,18,0.895129,1
c99adbdd-eaf3-4844-9548-2642e80de4e2,2,19,0.057361,0
c99adbdd-eaf3-4844-9548-2642e80de4e2,2,20,0.030543,0
c99adbdd-eaf3-4844-9548-2642e80de4e2,2,21,0.611183,1
c99adbdd-eaf3-4844-9548-2642e80de4e2,2,22,0.126476,0
c99adbdd-eaf3-4844-9548-2642e80de4e2,2,23,0.073197,0
c99adbdd-eaf3-4844-9548-2642e80de4e2,2,24,0.044289,0
c99adbdd-eaf3-4844-9548-2642e80de4e2,2,25,0.090330,0
c99adbdd-eaf3-4844-9548-2642e80de4e2,2,26,0.322395,0
c99adbdd-eaf3-4844-9548-2642e80de4e2,2,27,0.961974,1
c99adbdd-eaf3-4844-9548-2642e80de4e2,2,28,0.070382,0
c99adbdd-eaf3-4844-9548-2642e80de4e2,2,29,0.278811,0
c99adbdd-eaf3-4844-9548-2642e80de4e2,2,30,0.025591,0
c99adbdd-eaf3-4844-9548-2642e80de4e2,2,31,0.024311,0
c99adbdd-eaf3-4844-9548-2642e80de4e2,2,32,0.060096,0
c99adbdd-eaf3-4844-9548-2642e80de4e2,2,33,0.972218,1
c99adbdd-eaf3-4844-9548-2642e80de4e2,2,34,0.025952,0
c99adbdd-eaf3-4844-9548-2642e80de4e2,3,0,0.054656,0
c99adbdd-eaf3-4844-9548-2642e80de4e2,3,1,0.023506,0
c99adbdd-eaf3-4844-9548-2642e80de4e2,3,2,0.698245,1
c99adbdd-eaf3-4844-9548-2642e80de4e2,3,3,0.115113,0
c99adbdd-eaf3-4844-9548-2642e80de4e2,3,4,0.091775,0
c99adbdd-eaf3-4844-9548-2642e80de4e2,3,5,0.423882,0
c99adbdd-eaf3-4844-9548-2642e80de4e2,3,6,0.079451,0
c99adbdd-eaf3-4844-9548-2642e80de4e2,3,7,0.027955,0
c99adbdd-eaf3-4844-9548-2642e80de4e2,3,8,0.198125,0
c99adbdd-eaf3-4844-9548-2642e80de4e2,3,9,0.246479,0
c99adbdd-eaf3-4844-9548-2642e80de4e2,3,10,0.029487,0
c99adbdd-eaf3-4844-9548-2642e80de4e2,3,11,0.060480,0
c99adbdd-eaf3-4844-9548-2642e80de4e2,3,12,0.028735,0
c99adbdd-eaf3-4844-9548-2642e80de4e2,3,13,0.027310,0
c99adbdd-eaf3-4844-9548-2642e80de4e2,3,14,0.072314,0
c99adbdd-eaf3-4844-9548-2642e80de4e2,3,15,0.023778,0
c99adbdd-eaf3-4844-9548-2642e80de4e2,3,16,0.024064,0
c99adbdd-eaf3-4844-9548-2642e80de4e2,3,17,0.829073,1
c99adbdd-eaf3-4844-9548-2642e80de4e2,3,18,0.961524,1
c99adbdd-eaf3-4844-9548-2642e80de4e2,3,19,0.038649,0
c99adbdd-eaf3-4844-9548-2642e80de4e2,3,20,0.027339,0
c99adbdd-eaf3-4844-9548-2642e80de4e2,3,21,0.038728,0
c99adbdd-eaf3-4844-9548-2642e80de4e2,3,22,0.055742,0
c99adbdd-eaf3-4844-9548-2642e80de4e2,3,23,0.050621,0
c99adbdd-eaf3-4844-9548-2642e80de4e2,3,24,0.087743,0
c99adbdd-eaf3-4844-9548-2642e80de4e2,3,25,0.226123,0
c99adbdd-eaf3-4844-9548-2642e80de4e2,3,26,0.025840,0
c99adbdd-eaf3-4844-9548-2642e80de4e2,3,27,0.026658,0
c99adbdd-eaf3-4844-9548-2642e80de4e2,3,28,0.047708,0
c99adbdd-eaf3-4844-9548-2642e80de4e2,3,29,0.020996,0
c99adbdd-eaf3-4844-9548-2642e80de4e2,3,30,0.034729,0
c99adbdd-eaf3-4844-9548-2642e80de4e2,3,31,0.031136,0
c99adbdd-eaf3-4844-9548-2642e80de4e2,3,32,0.024251,0
c99adbdd-eaf3-4844-9548-2642e80de4e2,3,33,0.056975,0
ccf19ab6-7878-4378-b99c-2b08cc21371f,1,0,0.033781,0
ccf19ab6-7878-4378-b99c-2b08cc21371f,1,1,0.094309,0
ccf19ab6-7878-4378-b99c-2b08cc21371f,1,2,0.048707,0
ccf19ab6-7878-4378-b99c-2b08cc21371f,1,3,0.020503,0
ccf19ab6-7878-4378-b99c-2b08cc21371f,1,4,0.035894,0
ccf19ab6-7878-4378-b99c-2b08cc21371f,1,5,0.194304,0
ccf19ab6-7878-4378-b99c-2b08cc21371f,1,6,0.025109,0
ccf19ab6-7878-4378-b99c-2b08cc21371f,1,7,0.041155,0
ccf19ab6-7878-4378-b99c-2b08cc21371f,1,8,0.232904,0
ccf19ab6-7878-4378-b99c-2b08cc21371f,2,0,0.036394,0
ccf19ab6-7878-4378-b99c-2b08cc21371f,2,1,0.017962,0
ccf19ab6-7878-4378-b99c-2b08cc21371f,2,2,0.021046,0
ccf19ab6-7878-4378-b99c-2b08cc21371f,2,3,0.034241,0
ccf19ab6-7878-4378-b99c-2b08cc21371f,2,4,0.020328,0
ccf19ab6-7878-4378-b99c-2b08cc21371f,2,5,0.025285,0
ccf19ab6-7878-4378-b99c-2b08cc21371f,2,6,0.026280,0
ccf19ab6-7878-4378-b99c-2b08cc21371f,2,7,0.083205,0
ccf19ab6-7878-4378-b99c-2b08cc21371f,2,8,0.182002,0
ccf19ab6-7878-4378-b99c-2b08cc21371f,2,9,0.025918,0
ccf19ab6-7878-4378-b99c-2b08cc21371f,2,10,0.022671,0
ccf19ab6-7878-4378-b99c-2b08cc21371f,2,11,0.037015,0
ccf19ab6-7878-4378-b99c-2b08cc21371f,2,12,0.026091,0
ccf19ab6-7878-4378-b99c-2b08cc21371f,2,13,0.054370,0
ccf19ab6-7878-4378-b99c-2b08cc21371f,2,14,0.024239,0
ccf19ab6-7878-4378-b99c-2b08cc21371f,2,15,0.023026,0
ccf19ab6-7878-4378-b99c-2b08cc21371f,2,16,0.041009,0
ccf19ab6-7878-4378-b99c-2b08cc21371f,2,17,0.522453,1
ccf19ab6-7878-4378-b99c-2b08cc21371f,2,18,0.100176,0
ccf19ab6-7878-4378-b99c-2b08cc21371f,2,19,0.023041,0
ccf19ab6-7878-4378-b99c-2b08cc21371f,3,0,0.033771,0
ccf19ab6-7878-4378-b99c-2b08cc21371f,3,1,0.091139,0
ccf19ab6-7878-4378-b99c-2b08cc21371f,3,2,0.020572,0
ccf19ab6-7878-4378-b99c-2b08cc21371f,3,3,0.034013,0
ccf19ab6-7878-4378-b99c-2b08cc21371f,3,4,0.051651,0
ccf19ab6-7878-4378-b99c-2b08cc21371f,3,5,0.025879,0
ccf19ab6-7878-4378-b99c-2b08cc21371f,3,6,0.097734,0
ccf19ab6-7878-4378-b99c-2b08cc21371f,3,7,0.037863,0
ccf19ab6-7878-4378-b99c-2b08cc21371f,3,8,0.093132,0
ccf19ab6-7878-4378-b99c-2b08cc21371f,3,9,0.410767,0
ccf19ab6-7878-4378-b99c-2b08cc21371f,3,10,0.095790,0
ccf19ab6-7878-4378-b99c-2b08cc21371f,3,11,0.028504,0
ccf19ab6-7878-4378-b99c-2b08cc21371f,3,12,0.019740,0
ccf19ab6-7878-4378-b99c-2b08cc21371f,3,13,0.174274,0
ccf19ab6-7878-4378-b99c-2b08cc21371f,3,14,0.020765,0
ccf19ab6-7878-4378-b99c-2b08cc21371f,3,15,0.212863,0
ccf19ab6-7878-4378-b99c-2b08cc21371f,3,16,0.033631,0
ccf19ab6-7878-4378-b99c-2b08cc21371f,3,17,0.026176,0
d1344998-0e7c-409e-aaad-df5be687fc94,1,0,0.018279,0
d1344998-0e7c-409e-aaad-df5be687fc94,1,1,0.020309,0
d1344998-0e7c-409e-aaad-df5be687fc94,1,2,0.019559,0
d1344998-0e7c-409e-aaad-df5be687fc94,1,3,0.022738,0
d1344998-0e7c-409e-aaad-df5be687fc94,1,4,0.020831,0
d1344998-0e7c-409e-aaad-df5be687fc94,1,5,0.021023,0
d1344998-0e7c-409e-aaad-df5be687fc94,1,6,0.037553,0
d1344998-0e7c-409e-aaad-df5be687fc94,1,7,0.027536,0
d1344998-0e7c-409e-aaad-df5be687fc94,1,8,0.026937,0
d1344998-0e7c-409e-aaad-df5be687fc94,1,9,0.025803,0
d1344998-0e7c-409e-aaad-df5be687fc94,1,10,0.023574,0
d1344998-0e7c-409e-aaad-df5be687fc94,1,11,0.032868,0
d1344998-0e7c-409e-aaad-df5be687fc94,1,12,0.023815,0
d1344998-0e7c-409e-aaad-df5be687fc94,1,13,0.021534,0
d1344998-0e7c-409e-aaad-df5be687fc94,1,14,0.026436,0
d1344998-0e7c-409e-aaad-df5be687fc94,1,15,0.022384,0
d1344998-0e7c-409e-aaad-df5be687fc94,1,16,0.026590,0
d1344998-0e7c-409e-aaad-df5be687fc94,1,17,0.021160,0
d1344998-0e7c-409e-aaad-df5be687fc94,1,18,0.027335,0
d1344998-0e7c-409e-aaad-df5be687fc94,1,19,0.142569,0
d1344998-0e7c-409e-aaad-df5be687fc94,1,20,0.019465,0
d1344998-0e7c-409e-aaad-df5be687fc94,2,0,0.023901,0
d1344998-0e7c-409e-aaad-df5be687fc94,2,1,0.019631,0
d1344998-0e7c-409e-aaad-df5be687fc94,2,2,0.020654,0
d1344998-0e7c-409e-aaad-df5be687fc94,2,3,0.036005,0
d1344998-0e7c-409e-aaad-df5be687fc94,2,4,0.028680,0
d1344998-0e7c-409e-aaad-df5be687fc94,2,5,0.019973,0
d1344998-0e7c-409e-aaad-df5be687fc94,2,6,0.022707,0
d1344998-0e7c-409e-aaad-df5be687fc94,2,7,0.025524,0
d1344998-0e7c-409e-aaad-df5be687fc94,2,8,0.024280,0
d1344998-0e7c-409e-aaad-df5be687fc94,2,9,0.026575,0
d1344998-0e7c-409e-aaad-df5be687fc94,2,10,0.023662,0
d1344998-0e7c-409e-aaad-df5be687fc94,2,11,0.023650,0
d1344998-0e7c-409e-aaad-df5be687fc94,2,12,0.025452,0
d1344998-0e7c-409e-aaad-df5be687fc94,3,0,0.025243,0
d1344998-0e7c-409e-aaad-df5be687fc94,3,1,0.019825,0
d1344998-0e7c-409e-aaad-df5be687fc94,3,2,0.019680,0
d1344998-0e7c-409e-aaad-df5be687fc94,3,3,0.036005,0
d1344998-0e7c-409e-aaad-df5be687fc94,3,4,0.028680,0
d1344998-0e7c-409e-aaad-df5be687fc94,3,5,0.544360,1
d1344998-0e7c-409e-aaad-df5be687fc94,3,6,0.036867,0
d1344998-0e7c-409e-aaad-df5be687fc94,3,7,0.177509,0
d1344998-0e7c-409e-aaad-df5be687fc94,3,8,0.031383,0
d1344998-0e7c-409e-aaad-df5be687fc94,3,9,0.027402,0
d1344998-0e7c-409e-aaad-df5be687fc94,3,10,0.026758,0
ed8c136f-8d44-4c83-ad05-0dcfc3a0c54a,1,0,0.021811,0
ed8c136f-8d44-4c83-ad05-0dcfc3a0c54a,1,1,0.021192,0
ed8c136f-8d44-4c83-ad05-0dcfc3a0c54a,1,2,0.022243,0
ed8c136f-8d44-4c83-ad05-0dcfc3a0c54a,1,3,0.021751,0
ed8c136f-8d44-4c83-ad05-0dcfc3a0c54a,1,4,0.021800,0
ed8c136f-8d44-4c83-ad05-0dcfc3a0c54a,1,5,0.018466,0
ed8c136f-8d44-4c83-ad05-0dcfc3a0c54a,1,6,0.033940,0
ed8c136f-8d44-4c83-ad05-0dcfc3a0c54a,1,7,0.812152,1
ed8c136f-8d44-4c83-ad05-0dcfc3a0c54a,1,8,0.022834,0
ed8c136f-8d44-4c83-ad05-0dcfc3a0c54a,1,9,0.021392,0
ed8c136f-8d44-4c83-ad05-0dcfc3a0c54a,1,10,0.019661,0
ed8c136f-8d44-4c83-ad05-0dcfc3a0c54a,1,11,0.019167,0
ed8c136f-8d44-4c83-ad05-0dcfc3a0c54a,1,12,0.018746,0
ed8c136f-8d44-4c83-ad05-0dcfc3a0c54a,1,13,0.020344,0
ed8c136f-8d44-4c83-ad05-0dcfc3a0c54a,1,14,0.020024,0
ed8c136f-8d44-4c83-ad05-0dcfc3a0c54a,1,15,0.039337,0
ed8c136f-8d44-4c83-ad05-0dcfc3a0c54a,1,16,0.024470,0
ed8c136f-8d44-4c83-ad05-0dcfc3a0c54a,1,17,0.048556,0
ed8c136f-8d44-4c83-ad05-0dcfc3a0c54a,1,18,0.022439,0
ed8c136f-8d44-4c83-ad05-0dcfc3a0c54a,1,19,0.023662,0
ed8c136f-8d44-4c83-ad05-0dcfc3a0c54a,1,20,0.050672,0
ed8c136f-8d44-4c83-ad05-0dcfc3a0c54a,1,21,0.028313,0
ed8c136f-8d44-4c83-ad05-0dcfc3a0c54a,1,22,0.037190,0
ed8c136f-8d44-4c83-ad05-0dcfc3a0c54a,1,23,0.023425,0
ed8c136f-8d44-4c83-ad05-0dcfc3a0c54a,1,24,0.022295,0
ed8c136f-8d44-4c83-ad05-0dcfc3a0c54a,1,25,0.019860,0
ed8c136f-8d44-4c83-ad05-0dcfc3a0c54a,1,26,0.019654,0
ed8c136f-8d44-4c83-ad05-0dcfc3a0c54a,1,27,0.019451,0
ed8c136f-8d44-4c83-ad05-0dcfc3a0c54a,1,28,0.039445,0
ed8c136f-8d44-4c83-ad05-0dcfc3a0c54a,1,29,0.143918,0
ed8c136f-8d44-4c83-ad05-0dcfc3a0c54a,1,30,0.169467,0
ed8c136f-8d44-4c83-ad05-0dcfc3a0c54a,1,31,0.034059,0
ed8c136f-8d44-4c83-ad05-0dcfc3a0c54a,1,32,0.021329,0
ed8c136f-8d44-4c83-ad05-0dcfc3a0c54a,1,33,0.033319,0
ed8c136f-8d44-4c83-ad05-0dcfc3a0c54a,1,34,0.045455,0
ed8c136f-8d44-4c83-ad05-0dcfc3a0c54a,1,35,0.021674,0
ed8c136f-8d44-4c83-ad05-0dcfc3a0c54a,1,36,0.019456,0
ed8c136f-8d44-4c83-ad05-0dcfc3a0c54a,1,37,0.070329,0
ed8c136f-8d44-4c83-ad05-0dcfc3a0c54a,1,38,0.615380,1
ed8c136f-8d44-4c83-ad05-0dcfc3a0c54a,1,39,0.148416,0
ed8c136f-8d44-4c83-ad05-0dcfc3a0c54a,1,40,0.054086,0
ed8c136f-8d44-4c83-ad05-0dcfc3a0c54a,1,41,0.018725,0
ed8c136f-8d44-4c83-ad05-0dcfc3a0c54a,1,42,0.023174,0
ed8c136f-8d44-4c83-ad05-0dcfc3a0c54a,2,0,0.018066,0
ed8c136f-8d44-4c83-ad05-0dcfc3a0c54a,2,1,0.018693,0
ed8c136f-8d44-4c83-ad05-0dcfc3a0c54a,2,2,0.026101,0
ed8c136f-8d44-4c83-ad05-0dcfc3a0c54a,2,3,0.025531,0
ed8c136f-8d44-4c83-ad05-0dcfc3a0c54a,2,4,0.020032,0
ed8c136f-8d44-4c83-ad05-0dcfc3a0c54a,2,5,0.027669,0
ed8c136f-8d44-4c83-ad05-0dcfc3a0c54a,2,6,0.021975,0
ed8c136f-8d44-4c83-ad05-0dcfc3a0c54a,2,7,0.025397,0
ed8c136f-8d44-4c83-ad05-0dcfc3a0c54a,2,8,0.020344,0
ed8c136f-8d44-4c83-ad05-0dcfc3a0c54a,2,9,0.022928,0
ed8c136f-8d44-4c83-ad05-0dcfc3a0c54a,2,10,0.022704,0
ed8c136f-8d44-4c83-ad05-0dcfc3a0c54a,2,11,0.039112,0
ed8c136f-8d44-4c83-ad05-0dcfc3a0c54a,2,12,0.032857,0
ed8c136f-8d44-4c83-ad05-0dcfc3a0c54a,2,13,0.024369,0
ed8c136f-8d44-4c83-ad05-0dcfc3a0c54a,2,14,0.020966,0
ed8c136f-8d44-4c83-ad05-0dcfc3a0c54a,2,15,0.021802,0
ed8c136f-8d44-4c83-ad05-0dcfc3a0c54a,2,16,0.048207,0
ed8c136f-8d44-4c83-ad05-0dcfc3a0c54a,2,17,0.058964,0
ed8c136f-8d44-4c83-ad05-0dcfc3a0c54a,2,18,0.027305,0
ed8c136f-8d44-4c83-ad05-0dcfc3a0c54a,2,19,0.020179,0
ed8c136f-8d44-4c83-ad05-0dcfc3a0c54a,2,20,0.023539,0
ed8c136f-8d44-4c83-ad05-0dcfc3a0c54a,2,21,0.020858,0
ed8c136f-8d44-4c83-ad05-0dcfc3a0c54a,2,22,0.019734,0
ed8c136f-8d44-4c83-ad05-0dcfc3a0c54a,2,23,0.023316,0
ed8c136f-8d44-4c83-ad05-0dcfc3a0c54a,2,24,0.050103,0
ed8c136f-8d44-4c83-ad05-0dcfc3a0c54a,2,25,0.026803,0
ed8c136f-8d44-4c83-ad05-0dcfc3a0c54a,2,26,0.027093,0
ed8c136f-8d44-4c83-ad05-0dcfc3a0c54a,2,27,0.032028,0
ed8c136f-8d44-4c83-ad05-0dcfc3a0c54a,2,28,0.022275,0
ed8c136f-8d44-4c83-ad05-0dcfc3a0c54a,3,0,0.019241,0
ed8c136f-8d44-4c83-ad05-0dcfc3a0c54a,3,1,0.026860,0
ed8c136f-8d44-4c83-ad05-0dcfc3a0c54a,3,2,0.020576,0
ed8c136f-8d44-4c83-ad05-0dcfc3a0c54a,3,3,0.020948,0
ed8c136f-8d44-4c83-ad05-0dcfc3a0c54a,3,4,0.029205,0
ed8c136f-8d44-4c83-ad05-0dcfc3a0c54a,3,5,0.035293,0
ed8c136f-8d44-4c83-ad05-0dcfc3a0c54a,3,6,0.017982,0
ed8c136f-8d44-4c83-ad05-0dcfc3a0c54a,3,7,0.023884,0
ed8c136f-8d44-4c83-ad05-0dcfc3a0c54a,3,8,0.033590,0
ed8c136f-8d44-4c83-ad05-0dcfc3a0c54a,3,9,0.028885,0
ed8c136f-8d44-4c83-ad05-0dcfc3a0c54a,3,10,0.021815,0
ed8c136f-8d44-4c83-ad05-0dcfc3a0c54a,3,11,0.026322,0
ed8c136f-8d44-4c83-ad05-0dcfc3a0c54a,3,12,0.024472,0
ed8c136f-8d44-4c83-ad05-0dcfc3a0c54a,3,13,0.023233,0
ed8c136f-8d44-4c83-ad05-0dcfc3a0c54a,3,14,0.031270,0
ed8c136f-8d44-4c83-ad05-0dcfc3a0c54a,3,15,0.049397,0
ed8c136f-8d44-4c83-ad05-0dcfc3a0c54a,3,16,0.018525,0
ed8c136f-8d44-4c83-ad05-0dcfc3a0c54a,3,17,0.023214,0
ed8c136f-8d44-4c83-ad05-0dcfc3a0c54a,3,18,0.023534,0
ed8c136f-8d44-4c83-ad05-0dcfc3a0c54a,3,19,0.021216,0
ed8c136f-8d44-4c83-ad05-0dcfc3a0c54a,3,20,0.023608,0
ed8c136f-8d44-4c83-ad05-0dcfc3a0c54a,3,21,0.021061,0
ed8c136f-8d44-4c83-ad05-0dcfc3a0c54a,3,22,0.033205,0
ed8c136f-8d44-4c83-ad05-0dcfc3a0c54a,3,23,0.060223,0
ed8c136f-8d44-4c83-ad05-0dcfc3a0c54a,3,24,0.189233,0
ed8c136f-8d44-4c83-ad05-0dcfc3a0c54a,3,25,0.033993,0
ed8c136f-8d44-4c83-ad05-0dcfc3a0c54a,3,26,0.020854,0
ed8c136f-8d44-4c83-ad05-0dcfc3a0c54a,3,27,0.023749,0
ed8c136f-8d44-4c83-ad05-0dcfc3a0c54a,3,28,0.024679,0
ed8c136f-8d44-4c83-ad05-0dcfc3a0c54a,3,29,0.034048,0
ed8c136f-8d44-4c83-ad05-0dcfc3a0c54a,3,30,0.046897,0
ed8c136f-8d44-4c83-ad05-0dcfc3a0c54a,3,31,0.032000,0
ed8c136f-8d44-4c83-ad05-0dcfc3a0c54a,3,32,0.034631,0
ed8c136f-8d44-4c83-ad05-0dcfc3a0c54a,3,33,0.038384,0
ed8c136f-8d44-4c83-ad05-0dcfc3a0c54a,3,34,0.092490,0
ed8c136f-8d44-4c83-ad05-0dcfc3a0c54a,3,35,0.030388,0
ed8c136f-8d44-4c83-ad05-0dcfc3a0c54a,3,36,0.042793,0
ed8c136f-8d44-4c83-ad05-0dcfc3a0c54a,3,37,0.361516,0
ed8c136f-8d44-4c83-ad05-0dcfc3a0c54a,3,38,0.091291,0
ed8c136f-8d44-4c83-ad05-0dcfc3a0c54a,3,39,0.033254,0
ed8c136f-8d44-4c83-ad05-0dcfc3a0c54a,3,40,0.027466,0
ed8c136f-8d44-4c83-ad05-0dcfc3a0c54a,3,41,0.050626,0
ed8c136f-8d44-4c83-ad05-0dcfc3a0c54a,3,42,0.035623,0
ed8c136f-8d44-4c83-ad05-0dcfc3a0c54a,3,43,0.031010,0
ed8c136f-8d44-4c83-ad05-0dcfc3a0c54a,3,44,0.020509,0
ed8c136f-8d44-4c83-ad05-0dcfc3a0c54a,3,45,0.031716,0
ee05c9b3-529c-4268-ad72-19bd34f7197e,1,0,0.880597,1
ee05c9b3-529c-4268-ad72-19bd34f7197e,1,1,0.058409,0
ee05c9b3-529c-4268-ad72-19bd34f7197e,1,2,0.172875,0
ee05c9b3-529c-4268-ad72-19bd34f7197e,1,3,0.031451,0
ee05c9b3-529c-4268-ad72-19bd34f7197e,1,4,0.034195,0
ee05c9b3-529c-4268-ad72-19bd34f7197e,1,5,0.022919,0
ee05c9b3-529c-4268-ad72-19bd34f7197e,1,6,0.457939,0
ee05c9b3-529c-4268-ad72-19bd34f7197e,1,7,0.023059,0
ee05c9b3-529c-4268-ad72-19bd34f7197e,1,8,0.077620,0
ee05c9b3-529c-4268-ad72-19bd34f7197e,1,9,0.066526,0
ee05c9b3-529c-4268-ad72-19bd34f7197e,1,10,0.029237,0
ee05c9b3-529c-4268-ad72-19bd34f7197e,1,11,0.076927,0
ee05c9b3-529c-4268-ad72-19bd34f7197e,1,12,0.069922,0
ee05c9b3-529c-4268-ad72-19bd34f7197e,1,13,0.408241,0
ee05c9b3-529c-4268-ad72-19bd34f7197e,1,14,0.020478,0
ee05c9b3-529c-4268-ad72-19bd34f7197e,1,15,0.041309,0
ee05c9b3-529c-4268-ad72-19bd34f7197e,1,16,0.028343,0
ee05c9b3-529c-4268-ad72-19bd34f7197e,1,17,0.040751,0
ee05c9b3-529c-4268-ad72-19bd34f7197e,1,18,0.053260,0
ee05c9b3-529c-4268-ad72-19bd34f7197e,1,19,0.027598,0
ee05c9b3-529c-4268-ad72-19bd34f7197e,1,20,0.023229,0
ee05c9b3-529c-4268-ad72-19bd34f7197e,1,21,0.028584,0
ee05c9b3-529c-4268-ad72-19bd34f7197e,1,22,0.020241,0
ee05c9b3-529c-4268-ad72-19bd34f7197e,1,23,0.827360,1
ee05c9b3-529c-4268-ad72-19bd34f7197e,1,24,0.036583,0
ee05c9b3-529c-4268-ad72-19bd34f7197e,1,25,0.022440,0
ee05c9b3-529c-4268-ad72-19bd34f7197e,1,26,0.551307,1
ee05c9b3-529c-4268-ad72-19bd34f7197e,1,27,0.041925,0
ee05c9b3-529c-4268-ad72-19bd34f7197e,1,28,0.198400,0
ee05c9b3-529c-4268-ad72-19bd34f7197e,1,29,0.022885,0
ee05c9b3-529c-4268-ad72-19bd34f7197e,1,30,0.119814,0
ee05c9b3-529c-4268-ad72-19bd34f7197e,1,31,0.075144,0
ee05c9b3-529c-4268-ad72-19bd34f7197e,1,32,0.135751,0
ee05c9b3-529c-4268-ad72-19bd34f7197e,1,33,0.023664,0
ee05c9b3-529c-4268-ad72-19bd34f7197e,1,34,0.143269,0
ee05c9b3-529c-4268-ad72-19bd34f7197e,1,35,0.720187,1
ee05c9b3-529c-4268-ad72-19bd34f7197e,1,36,0.027994,0
ee05c9b3-529c-4268-ad72-19bd34f7197e,1,37,0.065761,0
ee05c9b3-529c-4268-ad72-19bd34f7197e,1,38,0.024775,0
ee05c9b3-529c-4268-ad72-19bd34f7197e,1,39,0.040273,0
ee05c9b3-529c-4268-ad72-19bd34f7197e,1,40,0.434725,0
ee05c9b3-529c-4268-ad72-19bd34f7197e,1,41,0.021190,0
ee05c9b3-529c-4268-ad72-19bd34f7197e,1,42,0.507771,1
ee05c9b3-529c-4268-ad72-19bd34f7197e,1,43,0.026976,0
ee05c9b3-529c-4268-ad72-19bd34f7197e,1,44,0.021361,0
ee05c9b3-529c-4268-ad72-19bd34f7197e,1,45,0.021556,0
ee05c9b3-529c-4268-ad72-19bd34f7197e,2,0,0.202739,0
ee05c9b3-529c-4268-ad72-19bd34f7197e,2,1,0.030893,0
ee05c9b3-529c-4268-ad72-19bd34f7197e,2,2,0.022859,0
ee05c9b3-529c-4268-ad72-19bd34f7197e,2,3,0.027786,0
ee05c9b3-529c-4268-ad72-19bd34f7197e,2,4,0.023680,0
ee05c9b3-529c-4268-ad72-19bd34f7197e,2,5,0.031650,0
ee05c9b3-529c-4268-ad72-19bd34f7197e,2,6,0.025146,0
ee05c9b3-529c-4268-ad72-19bd34f7197e,2,7,0.033989,0
ee05c9b3-529c-4268-ad72-19bd34f7197e,2,8,0.029877,0
ee05c9b3-529c-4268-ad72-19bd34f7197e,2,9,0.026304,0
ee05c9b3-529c-4268-ad72-19bd34f7197e,2,10,0.846044,1
ee05c9b3-529c-4268-ad72-19bd34f7197e,2,11,0.060944,0
ee05c9b3-529c-4268-ad72-19bd34f7197e,2,12,0.022897,0
ee05c9b3-529c-4268-ad72-19bd34f7197e,2,13,0.084972,0
ee05c9b3-529c-4268-ad72-19bd34f7197e,2,14,0.145367,0
ee05c9b3-529c-4268-ad72-19bd34f7197e,3,0,0.073818,0
ee05c9b3-529c-4268-ad72-19bd34f7197e,3,1,0.937711,1
ee05c9b3-529c-4268-ad72-19bd34f7197e,3,2,0.018702,0
ee05c9b3-529c-4268-ad72-19bd34f7197e,3,3,0.022780,0
ee05c9b3-529c-4268-ad72-19bd34f7197e,3,4,0.187795,0
ee05c9b3-529c-4268-ad72-19bd34f7197e,3,5,0.364516,0
ee05c9b3-529c-4268-ad72-19bd34f7197e,3,6,0.674197,1
ee05c9b3-529c-4268-ad72-19bd34f7197e,3,7,0.027374,0
ee05c9b3-529c-4268-ad72-19bd34f7197e,3,8,0.028520,0
ee05c9b3-529c-4268-ad72-19bd34f7197e,3,9,0.031438,0
ee05c9b3-529c-4268-ad72-19bd34f7197e,3,10,0.021460,0
13792511-5142-449f-8d3e-d77d790f65ec,1,0,0.904787,1
13792511-5142-449f-8d3e-d77d790f65ec,1,1,0.041990,0
13792511-5142-449f-8d3e-d77d790f65ec,1,2,0.027445,0
13792511-5142-449f-8d3e-d77d790f65ec,1,3,0.042255,0
13792511-5142-449f-8d3e-d77d790f65ec,1,4,0.023768,0
13792511-5142-449f-8d3e-d77d790f65ec,1,5,0.580870,1
13792511-5142-449f-8d3e-d77d790f65ec,1,6,0.941878,1
13792511-5142-449f-8d3e-d77d790f65ec,1,7,0.066400,0
13792511-5142-449f-8d3e-d77d790f65ec,1,8,0.483876,0
13792511-5142-449f-8d3e-d77d790f65ec,2,0,0.573479,1
13792511-5142-449f-8d3e-d77d790f65ec,2,1,0.265419,0
13792511-5142-449f-8d3e-d77d790f65ec,2,2,0.021938,0
13792511-5142-449f-8d3e-d77d790f65ec,2,3,0.110762,0
13792511-5142-449f-8d3e-d77d790f65ec,2,4,0.021849,0
13792511-5142-449f-8d3e-d77d790f65ec,2,5,0.022477,0
13792511-5142-449f-8d3e-d77d790f65ec,2,6,0.686439,1
13792511-5142-449f-8d3e-d77d790f65ec,2,7,0.025025,0
13792511-5142-449f-8d3e-d77d790f65ec,2,8,0.757803,1
13792511-5142-449f-8d3e-d77d790f65ec,2,9,0.211706,0
13792511-5142-449f-8d3e-d77d790f65ec,2,10,0.077646,0
13792511-5142-449f-8d3e-d77d790f65ec,2,11,0.025368,0
13792511-5142-449f-8d3e-d77d790f65ec,2,12,0.890910,1
13792511-5142-449f-8d3e-d77d790f65ec,2,13,0.988742,1
13792511-5142-449f-8d3e-d77d790f65ec,2,14,0.590794,1
13792511-5142-449f-8d3e-d77d790f65ec,2,15,0.991255,1
13792511-5142-449f-8d3e-d77d790f65ec,2,16,0.191781,0
13792511-5142-449f-8d3e-d77d790f65ec,2,17,0.197022,0
13792511-5142-449f-8d3e-d77d790f65ec,2,18,0.989177,1
13792511-5142-449f-8d3e-d77d790f65ec,2,19,0.880638,1
13792511-5142-449f-8d3e-d77d790f65ec,2,20,0.099592,0
13792511-5142-449f-8d3e-d77d790f65ec,2,21,0.118405,0
13792511-5142-449f-8d3e-d77d790f65ec,2,22,0.100614,0
13792511-5142-449f-8d3e-d77d790f65ec,2,23,0.162352,0
13792511-5142-449f-8d3e-d77d790f65ec,2,24,0.026858,0
13792511-5142-449f-8d3e-d77d790f65ec,2,25,0.156961,0
13792511-5142-449f-8d3e-d77d790f65ec,2,26,0.111691,0
13792511-5142-449f-8d3e-d77d790f65ec,2,27,0.020597,0
13792511-5142-449f-8d3e-d77d790f65ec,2,28,0.119204,0
13792511-5142-449f-8d3e-d77d790f65ec,2,29,0.970305,1
13792511-5142-449f-8d3e-d77d790f65ec,2,30,0.066524,0
13792511-5142-449f-8d3e-d77d790f65ec,2,31,0.598910,1
13792511-5142-449f-8d3e-d77d790f65ec,2,32,0.207302,0
13792511-5142-449f-8d3e-d77d790f65ec,2,33,0.324377,0
13792511-5142-449f-8d3e-d77d790f65ec,2,34,0.071310,0
13792511-5142-449f-8d3e-d77d790f65ec,2,35,0.273610,0
13792511-5142-449f-8d3e-d77d790f65ec,2,36,0.022264,0
13792511-5142-449f-8d3e-d77d790f65ec,2,37,0.021616,0
13792511-5142-449f-8d3e-d77d790f65ec,2,38,0.037719,0
13792511-5142-449f-8d3e-d77d790f65ec,2,39,0.023713,0
13792511-5142-449f-8d3e-d77d790f65ec,2,40,0.029527,0
13792511-5142-449f-8d3e-d77d790f65ec,2,41,0.244193,0
13792511-5142-449f-8d3e-d77d790f65ec,3,0,0.150727,0
13792511-5142-449f-8d3e-d77d790f65ec,3,1,0.021857,0
13792511-5142-449f-8d3e-d77d790f65ec,3,2,0.018625,0
13792511-5142-449f-8d3e-d77d790f65ec,3,3,0.019574,0
13792511-5142-449f-8d3e-d77d790f65ec,3,4,0.020978,0
13792511-5142-449f-8d3e-d77d790f65ec,3,5,0.028992,0
13792511-5142-449f-8d3e-d77d790f65ec,3,6,0.476606,0
13792511-5142-449f-8d3e-d77d790f65ec,3,7,0.029839,0
13792511-5142-449f-8d3e-d77d790f65ec,3,8,0.021405,0
13792511-5142-449f-8d3e-d77d790f65ec,3,9,0.646674,1
13792511-5142-449f-8d3e-d77d790f65ec,3,10,0.057335,0
13792511-5142-449f-8d3e-d77d790f65ec,3,11,0.053609,0
13792511-5142-449f-8d3e-d77d790f65ec,3,12,0.063151,0
13792511-5142-449f-8d3e-d77d790f65ec,3,13,0.025795,0
13792511-5142-449f-8d3e-d77d790f65ec,3,14,0.058226,0
13792511-5142-449f-8d3e-d77d790f65ec,3,15,0.029758,0
13792511-5142-449f-8d3e-d77d790f65ec,3,16,0.046457,0
13792511-5142-449f-8d3e-d77d790f65ec,3,17,0.029234,0
13792511-5142-449f-8d3e-d77d790f65ec,3,18,0.024529,0
13792511-5142-449f-8d3e-d77d790f65ec,3,19,0.024672,0
13792511-5142-449f-8d3e-d77d790f65ec,3,20,0.019440,0
13792511-5142-449f-8d3e-d77d790f65ec,3,21,0.057474,0
13792511-5142-449f-8d3e-d77d790f65ec,3,22,0.246210,0
13792511-5142-449f-8d3e-d77d790f65ec,3,23,0.021490,0
13792511-5142-449f-8d3e-d77d790f65ec,3,24,0.081237,0
13792511-5142-449f-8d3e-d77d790f65ec,3,25,0.042613,0
13792511-5142-449f-8d3e-d77d790f65ec,3,26,0.027030,0
13792511-5142-449f-8d3e-d77d790f65ec,3,27,0.025079,0
13792511-5142-449f-8d3e-d77d790f65ec,3,28,0.027886,0
2742e9c1-2943-496f-8b23-faf5332e1612,1,0,0.022597,0
2742e9c1-2943-496f-8b23-faf5332e1612,1,1,0.044084,0
2742e9c1-2943-496f-8b23-faf5332e1612,1,2,0.033770,0
2742e9c1-2943-496f-8b23-faf5332e1612,1,3,0.022290,0
2742e9c1-2943-496f-8b23-faf5332e1612,1,4,0.038898,0
2742e9c1-2943-496f-8b23-faf5332e1612,1,5,0.026279,0
2742e9c1-2943-496f-8b23-faf5332e1612,1,6,0.020832,0
2742e9c1-2943-496f-8b23-faf5332e1612,1,7,0.042674,0
2742e9c1-2943-496f-8b23-faf5332e1612,1,8,0.024662,0
2742e9c1-2943-496f-8b23-faf5332e1612,1,9,0.029479,0
2742e9c1-2943-496f-8b23-faf5332e1612,1,10,0.022923,0
2742e9c1-2943-496f-8b23-faf5332e1612,1,11,0.025072,0
2742e9c1-2943-496f-8b23-faf5332e1612,1,12,0.028521,0
2742e9c1-2943-496f-8b23-faf5332e1612,1,13,0.029368,0
2742e9c1-2943-496f-8b23-faf5332e1612,1,14,0.025942,0
2742e9c1-2943-496f-8b23-faf5332e1612,1,15,0.023946,0
2742e9c1-2943-496f-8b23-faf5332e1612,1,16,0.040230,0
2742e9c1-2943-496f-8b23-faf5332e1612,1,17,0.024406,0
2742e9c1-2943-496f-8b23-faf5332e1612,1,18,0.020938,0
2742e9c1-2943-496f-8b23-faf5332e1612,1,19,0.038663,0
2742e9c1-2943-496f-8b23-faf5332e1612,1,20,0.029055,0
2742e9c1-2943-496f-8b23-faf5332e1612,1,21,0.891322,1
2742e9c1-2943-496f-8b23-faf5332e1612,1,22,0.053488,0
2742e9c1-2943-496f-8b23-faf5332e1612,1,23,0.020723,0
2742e9c1-2943-496f-8b23-faf5332e1612,2,0,0.022962,0
2742e9c1-2943-496f-8b23-faf5332e1612,2,1,0.033792,0
2742e9c1-2943-496f-8b23-faf5332e1612,2,2,0.051530,0
2742e9c1-2943-496f-8b23-faf5332e1612,2,3,0.038266,0
2742e9c1-2943-496f-8b23-faf5332e1612,2,4,0.033400,0
2742e9c1-2943-496f-8b23-faf5332e1612,2,5,0.119156,0
2742e9c1-2943-496f-8b23-faf5332e1612,2,6,0.023677,0
2742e9c1-2943-496f-8b23-faf5332e1612,2,7,0.021550,0
2742e9c1-2943-496f-8b23-faf5332e1612,2,8,0.025287,0
2742e9c1-2943-496f-8b23-faf5332e1612,2,9,0.030406,0
2742e9c1-2943-496f-8b23-faf5332e1612,2,10,0.026928,0
2742e9c1-2943-496f-8b23-faf5332e1612,3,0,0.046653,0
2742e9c1-2943-496f-8b23-faf5332e1612,3,1,0.078737,0
2742e9c1-2943-496f-8b23-faf5332e1612,3,2,0.021178,0
2742e9c1-2943-496f-8b23-faf5332e1612,3,3,0.031939,0
2742e9c1-2943-496f-8b23-faf5332e1612,3,4,0.040335,0
2742e9c1-2943-496f-8b23-faf5332e1612,3,5,0.029709,0
2742e9c1-2943-496f-8b23-faf5332e1612,3,6,0.018811,0
2742e9c1-2943-496f-8b23-faf5332e1612,3,7,0.029728,0
2742e9c1-2943-496f-8b23-faf5332e1612,3,8,0.170787,0
2742e9c1-2943-496f-8b23-faf5332e1612,3,9,0.030622,0
2742e9c1-2943-496f-8b23-faf5332e1612,3,10,0.048904,0
2742e9c1-2943-496f-8b23-faf5332e1612,3,11,0.020300,0
2742e9c1-2943-496f-8b23-faf5332e1612,3,12,0.029473,0
2742e9c1-2943-496f-8b23-faf5332e1612,3,13,0.034005,0
2742e9c1-2943-496f-8b23-faf5332e1612,3,14,0.028164,0
2742e9c1-2943-496f-8b23-faf5332e1612,3,15,0.046846,0
2742e9c1-2943-496f-8b23-faf5332e1612,3,16,0.021091,0
2742e9c1-2943-496f-8b23-faf5332e1612,3,17,0.020139,0
2742e9c1-2943-496f-8b23-faf5332e1612,3,18,0.026949,0
2742e9c1-2943-496f-8b23-faf5332e1612,3,19,0.034115,0
2742e9c1-2943-496f-8b23-faf5332e1612,3,20,0.022374,0
2742e9c1-2943-496f-8b23-faf5332e1612,3,21,0.028274,0
2742e9c1-2943-496f-8b23-faf5332e1612,3,22,0.024654,0
2742e9c1-2943-496f-8b23-faf5332e1612,3,23,0.029216,0
2742e9c1-2943-496f-8b23-faf5332e1612,3,24,0.047398,0
2742e9c1-2943-496f-8b23-faf5332e1612,3,25,0.019945,0
2742e9c1-2943-496f-8b23-faf5332e1612,3,26,0.020050,0
2742e9c1-2943-496f-8b23-faf5332e1612,3,27,0.022748,0
2742e9c1-2943-496f-8b23-faf5332e1612,3,28,0.029301,0
2742e9c1-2943-496f-8b23-faf5332e1612,3,29,0.022178,0
2742e9c1-2943-496f-8b23-faf5332e1612,3,30,0.026791,0
2b9468af-4ab0-4f25-85f4-c3ef93d72006,1,0,0.036106,0
2b9468af-4ab0-4f25-85f4-c3ef93d72006,1,1,0.024432,0
2b9468af-4ab0-4f25-85f4-c3ef93d72006,1,2,0.042388,0
2b9468af-4ab0-4f25-85f4-c3ef93d72006,1,3,0.052323,0
2b9468af-4ab0-4f25-85f4-c3ef93d72006,1,4,0.029585,0
2b9468af-4ab0-4f25-85f4-c3ef93d72006,1,5,0.044500,0
2b9468af-4ab0-4f25-85f4-c3ef93d72006,1,6,0.274346,0
2b9468af-4ab0-4f25-85f4-c3ef93d72006,1,7,0.068008,0
2b9468af-4ab0-4f25-85f4-c3ef93d72006,1,8,0.022933,0
2b9468af-4ab0-4f25-85f4-c3ef93d72006,1,9,0.024683,0
2b9468af-4ab0-4f25-85f4-c3ef93d72006,1,10,0.024332,0
2b9468af-4ab0-4f25-85f4-c3ef93d72006,1,11,0.025029,0
2b9468af-4ab0-4f25-85f4-c3ef93d72006,1,12,0.019262,0
2b9468af-4ab0-4f25-85f4-c3ef93d72006,1,13,0.018265,0
2b9468af-4ab0-4f25-85f4-c3ef93d72006,1,14,0.026451,0
2b9468af-4ab0-4f25-85f4-c3ef93d72006,1,15,0.019091,0
2b9468af-4ab0-4f25-85f4-c3ef93d72006,1,16,0.025870,0
2b9468af-4ab0-4f25-85f4-c3ef93d72006,1,17,0.048311,0
2b9468af-4ab0-4f25-85f4-c3ef93d72006,1,18,0.035283,0
2b9468af-4ab0-4f25-85f4-c3ef93d72006,1,19,0.023415,0
2b9468af-4ab0-4f25-85f4-c3ef93d72006,1,20,0.021398,0
2b9468af-4ab0-4f25-85f4-c3ef93d72006,1,21,0.029382,0
2b9468af-4ab0-4f25-85f4-c3ef93d72006,1,22,0.021893,0
2b9468af-4ab0-4f25-85f4-c3ef93d72006,1,23,0.133187,0
2b9468af-4ab0-4f25-85f4-c3ef93d72006,1,24,0.020311,0
2b9468af-4ab0-4f25-85f4-c3ef93d72006,2,0,0.028020,0
2b9468af-4ab0-4f25-85f4-c3ef93d72006,2,1,0.024936,0
2b9468af-4ab0-4f25-85f4-c3ef93d72006,2,2,0.020555,0
2b9468af-4ab0-4f25-85f4-c3ef93d72006,2,3,0.110024,0
2b9468af-4ab0-4f25-85f4-c3ef93d72006,2,4,0.174959,0
2b9468af-4ab0-4f25-85f4-c3ef93d72006,2,5,0.024365,0
2b9468af-4ab0-4f25-85f4-c3ef93d72006,2,6,0.021184,0
2b9468af-4ab0-4f25-85f4-c3ef93d72006,2,7,0.031306,0
2b9468af-4ab0-4f25-85f4-c3ef93d72006,2,8,0.126580,0
2b9468af-4ab0-4f25-85f4-c3ef93d72006,3,0,0.228517,0
2b9468af-4ab0-4f25-85f4-c3ef93d72006,3,1,0.026553,0
2b9468af-4ab0-4f25-85f4-c3ef93d72006,3,2,0.031541,0
2b9468af-4ab0-4f25-85f4-c3ef93d72006,3,3,0.090493,0
2b9468af-4ab0-4f25-85f4-c3ef93d72006,3,4,0.023883,0
2b9468af-4ab0-4f25-85f4-c3ef93d72006,3,5,0.040998,0
2b9468af-4ab0-4f25-85f4-c3ef93d72006,3,6,0.030919,0
2b9468af-4ab0-4f25-85f4-c3ef93d72006,3,7,0.031395,0
2b9468af-4ab0-4f25-85f4-c3ef93d72006,3,8,0.056538,0
2b9468af-4ab0-4f25-85f4-c3ef93d72006,3,9,0.030496,0
2b9468af-4ab0-4f25-85f4-c3ef93d72006,3,10,0.020217,0
2b9468af-4ab0-4f25-85f4-c3ef93d72006,3,11,0.022127,0
2b9468af-4ab0-4f25-85f4-c3ef93d72006,3,12,0.175842,0
2b9468af-4ab0-4f25-85f4-c3ef93d72006,3,13,0.045658,0
2b9468af-4ab0-4f25-85f4-c3ef93d72006,3,14,0.020671,0
2b9468af-4ab0-4f25-85f4-c3ef93d72006,3,15,0.031400,0
2b9468af-4ab0-4f25-85f4-c3ef93d72006,3,16,0.036367,0
2b9468af-4ab0-4f25-85f4-c3ef93d72006,3,17,0.110835,0
2b9468af-4ab0-4f25-85f4-c3ef93d72006,3,18,0.030343,0
2b9468af-4ab0-4f25-85f4-c3ef93d72006,3,19,0.084056,0
2b9468af-4ab0-4f25-85f4-c3ef93d72006,3,20,0.045008,0
2b9468af-4ab0-4f25-85f4-c3ef93d72006,3,21,0.023230,0
2b9468af-4ab0-4f25-85f4-c3ef93d72006,3,22,0.028994,0
2b9468af-4ab0-4f25-85f4-c3ef93d72006,3,23,0.056276,0
4f473faf-f928-4cfd-8bed-00578be9db9a,1,0,0.026406,0
4f473faf-f928-4cfd-8bed-00578be9db9a,1,1,0.022922,0
4f473faf-f928-4cfd-8bed-00578be9db9a,1,2,0.022077,0
4f473faf-f928-4cfd-8bed-00578be9db9a,1,3,0.098122,0
4f473faf-f928-4cfd-8bed-00578be9db9a,1,4,0.055366,0
4f473faf-f928-4cfd-8bed-00578be9db9a,1,5,0.022661,0
4f473faf-f928-4cfd-8bed-00578be9db9a,1,6,0.025214,0
4f473faf-f928-4cfd-8bed-00578be9db9a,1,7,0.023378,0
4f473faf-f928-4cfd-8bed-00578be9db9a,1,8,0.023378,0
4f473faf-f928-4cfd-8bed-00578be9db9a,1,9,0.079150,0
4f473faf-f928-4cfd-8bed-00578be9db9a,1,10,0.023416,0
4f473faf-f928-4cfd-8bed-00578be9db9a,1,11,0.024568,0
4f473faf-f928-4cfd-8bed-00578be9db9a,1,12,0.024444,0
4f473faf-f928-4cfd-8bed-00578be9db9a,1,13,0.029864,0
4f473faf-f928-4cfd-8bed-00578be9db9a,1,14,0.019420,0
4f473faf-f928-4cfd-8bed-00578be9db9a,1,15,0.031080,0
4f473faf-f928-4cfd-8bed-00578be9db9a,1,16,0.024394,0
4f473faf-f928-4cfd-8bed-00578be9db9a,1,17,0.051271,0
4f473faf-f928-4cfd-8bed-00578be9db9a,1,18,0.027482,0
4f473faf-f928-4cfd-8bed-00578be9db9a,1,19,0.022124,0
4f473faf-f928-4cfd-8bed-00578be9db9a,1,20,0.020877,0
4f473faf-f928-4cfd-8bed-00578be9db9a,1,21,0.043986,0
4f473faf-f928-4cfd-8bed-00578be9db9a,1,22,0.022205,0
4f473faf-f928-4cfd-8bed-00578be9db9a,1,23,0.022121,0
4f473faf-f928-4cfd-8bed-00578be9db9a,1,24,0.032281,0
4f473faf-f928-4cfd-8bed-00578be9db9a,1,25,0.032622,0
4f473faf-f928-4cfd-8bed-00578be9db9a,1,26,0.124058,0
4f473faf-f928-4cfd-8bed-00578be9db9a,1,27,0.023360,0
4f473faf-f928-4cfd-8bed-00578be9db9a,1,28,0.024088,0
4f473faf-f928-4cfd-8bed-00578be9db9a,2,0,0.053448,0
4f473faf-f928-4cfd-8bed-00578be9db9a,2,1,0.107331,0
4f473faf-f928-4cfd-8bed-00578be9db9a,2,2,0.023123,0
4f473faf-f928-4cfd-8bed-00578be9db9a,2,3,0.022500,0
4f473faf-f928-4cfd-8bed-00578be9db9a,2,4,0.046394,0
4f473faf-f928-4cfd-8bed-00578be9db9a,2,5,0.035421,0
4f473faf-f928-4cfd-8bed-00578be9db9a,2,6,0.024828,0
4f473faf-f928-4cfd-8bed-00578be9db9a,2,7,0.022780,0
4f473faf-f928-4cfd-8bed-00578be9db9a,2,8,0.034968,0
4f473faf-f928-4cfd-8bed-00578be9db9a,2,9,0.111883,0
4f473faf-f928-4cfd-8bed-00578be9db9a,2,10,0.072183,0
4f473faf-f928-4cfd-8bed-00578be9db9a,2,11,0.024454,0
4f473faf-f928-4cfd-8bed-00578be9db9a,2,12,0.053936,0
4f473faf-f928-4cfd-8bed-00578be9db9a,2,13,0.026763,0
4f473faf-f928-4cfd-8bed-00578be9db9a,2,14,0.036380,0
4f473faf-f928-4cfd-8bed-00578be9db9a,2,15,0.019533,0
4f473faf-f928-4cfd-8bed-00578be9db9a,2,16,0.115924,0
4f473faf-f928-4cfd-8bed-00578be9db9a,2,17,0.042349,0
4f473faf-f928-4cfd-8bed-00578be9db9a,2,18,0.049561,0
4f473faf-f928-4cfd-8bed-00578be9db9a,2,19,0.029148,0
4f473faf-f928-4cfd-8bed-00578be9db9a,2,20,0.025966,0
4f473faf-f928-4cfd-8bed-00578be9db9a,2,21,0.023241,0
4f473faf-f928-4cfd-8bed-00578be9db9a,2,22,0.021195,0
4f473faf-f928-4cfd-8bed-00578be9db9a,2,23,0.027798,0
4f473faf-f928-4cfd-8bed-00578be9db9a,2,24,0.029872,0
4f473faf-f928-4cfd-8bed-00578be9db9a,2,25,0.025793,0
4f473faf-f928-4cfd-8bed-00578be9db9a,2,26,0.029080,0
4f473faf-f928-4cfd-8bed-00578be9db9a,2,27,0.028679,0
4f473faf-f928-4cfd-8bed-00578be9db9a,2,28,0.033296,0
4f473faf-f928-4cfd-8bed-00578be9db9a,2,29,0.050961,0
4f473faf-f928-4cfd-8bed-00578be9db9a,2,30,0.040516,0
4f473faf-f928-4cfd-8bed-00578be9db9a,2,31,0.023313,0
4f473faf-f928-4cfd-8bed-00578be9db9a,2,32,0.028002,0
4f473faf-f928-4cfd-8bed-00578be9db9a,2,33,0.022020,0
4f473faf-f928-4cfd-8bed-00578be9db9a,2,34,0.033671,0
4f473faf-f928-4cfd-8bed-00578be9db9a,2,35,0.337690,0
4f473faf-f928-4cfd-8bed-00578be9db9a,3,0,0.033724,0
4f473faf-f928-4cfd-8bed-00578be9db9a,3,1,0.022500,0
4f473faf-f928-4cfd-8bed-00578be9db9a,3,2,0.050141,0
4f473faf-f928-4cfd-8bed-00578be9db9a,3,3,0.025649,0
4f473faf-f928-4cfd-8bed-00578be9db9a,3,4,0.025650,0
4f473faf-f928-4cfd-8bed-00578be9db9a,3,5,0.054180,0
4f473faf-f928-4cfd-8bed-00578be9db9a,3,6,0.140618,0
4f473faf-f928-4cfd-8bed-00578be9db9a,3,7,0.063921,0
4f473faf-f928-4cfd-8bed-00578be9db9a,3,8,0.034124,0
4f473faf-f928-4cfd-8bed-00578be9db9a,3,9,0.053705,0
4f473faf-f928-4cfd-8bed-00578be9db9a,3,10,0.035355,0
4f473faf-f928-4cfd-8bed-00578be9db9a,3,11,0.033653,0
4f473faf-f928-4cfd-8bed-00578be9db9a,3,12,0.056059,0
4f473faf-f928-4cfd-8bed-00578be9db9a,3,13,0.024415,0
4f473faf-f928-4cfd-8bed-00578be9db9a,3,14,0.022289,0
4f473faf-f928-4cfd-8bed-00578be9db9a,3,15,0.025386,0
4f473faf-f928-4cfd-8bed-00578be9db9a,3,16,0.036460,0
4f473faf-f928-4cfd-8bed-00578be9db9a,3,17,0.095344,0
4f473faf-f928-4cfd-8bed-00578be9db9a,3,18,0.020878,0
4f473faf-f928-4cfd-8bed-00578be9db9a,3,19,0.192731,0
4f473faf-f928-4cfd-8bed-00578be9db9a,3,20,0.452593,0
4f473faf-f928-4cfd-8bed-00578be9db9a,3,21,0.048831,0
4f473faf-f928-4cfd-8bed-00578be9db9a,3,22,0.068375,0
4f473faf-f928-4cfd-8bed-00578be9db9a,3,23,0.024869,0
4f473faf-f928-4cfd-8bed-00578be9db9a,3,24,0.024517,0
4f473faf-f928-4cfd-8bed-00578be9db9a,3,25,0.029536,0
6e502405-bc90-4416-a787-3122918aa648,1,0,0.018126,0
6e502405-bc90-4416-a787-3122918aa648,1,1,0.018944,0
6e502405-bc90-4416-a787-3122918aa648,1,2,0.021994,0
6e502405-bc90-4416-a787-3122918aa648,1,3,0.023126,0
6e502405-bc90-4416-a787-3122918aa648,1,4,0.027290,0
6e502405-bc90-4416-a787-3122918aa648,1,5,0.019923,0
6e502405-bc90-4416-a787-3122918aa648,1,6,0.043210,0
6e502405-bc90-4416-a787-3122918aa648,1,7,0.083466,0
6e502405-bc90-4416-a787-3122918aa648,1,8,0.026554,0
6e502405-bc90-4416-a787-3122918aa648,1,9,0.020642,0
6e502405-bc90-4416-a787-3122918aa648,1,10,0.030041,0
6e502405-bc90-4416-a787-3122918aa648,1,11,0.021108,0
6e502405-bc90-4416-a787-3122918aa648,2,0,0.018358,0
6e502405-bc90-4416-a787-3122918aa648,2,1,0.021081,0
6e502405-bc90-4416-a787-3122918aa648,2,2,0.024120,0
6e502405-bc90-4416-a787-3122918aa648,2,3,0.028089,0
6e502405-bc90-4416-a787-3122918aa648,2,4,0.038325,0
6e502405-bc90-4416-a787-3122918aa648,2,5,0.165834,0
6e502405-bc90-4416-a787-3122918aa648,2,6,0.030998,0
6e502405-bc90-4416-a787-3122918aa648,2,7,0.032869,0
6e502405-bc90-4416-a787-3122918aa648,2,8,0.061412,0
6e502405-bc90-4416-a787-3122918aa648,2,9,0.022096,0
6e502405-bc90-4416-a787-3122918aa648,2,10,0.025594,0
6e502405-bc90-4416-a787-3122918aa648,2,11,0.021400,0
6e502405-bc90-4416-a787-3122918aa648,2,12,0.023243,0
6e502405-bc90-4416-a787-3122918aa648,2,13,0.032222,0
6e502405-bc90-4416-a787-3122918aa648,2,14,0.023910,0
6e502405-bc90-4416-a787-3122918aa648,2,15,0.020599,0
6e502405-bc90-4416-a787-3122918aa648,2,16,0.030043,0
6e502405-bc90-4416-a787-3122918aa648,2,17,0.022663,0
6e502405-bc90-4416-a787-3122918aa648,2,18,0.021001,0
6e502405-bc90-4416-a787-3122918aa648,2,19,0.025367,0
6e502405-bc90-4416-a787-3122918aa648,2,20,0.031390,0
6e502405-bc90-4416-a787-3122918aa648,2,21,0.024567,0
6e502405-bc90-4416-a787-3122918aa648,2,22,0.021406,0
6e502405-bc90-4416-a787-3122918aa648,2,23,0.032005,0
6e502405-bc90-4416-a787-3122918aa648,2,24,0.023283,0
6e502405-bc90-4416-a787-3122918aa648,2,25,0.028920,0
6e502405-bc90-4416-a787-3122918aa648,2,26,0.036877,0
6e502405-bc90-4416-a787-3122918aa648,2,27,0.022285,0
6e502405-bc90-4416-a787-3122918aa648,2,28,0.038412,0
6e502405-bc90-4416-a787-3122918aa648,3,0,0.021843,0
6e502405-bc90-4416-a787-3122918aa648,3,1,0.022664,0
6e502405-bc90-4416-a787-3122918aa648,3,2,0.020212,0
6e502405-bc90-4416-a787-3122918aa648,3,3,0.021426,0
6e502405-bc90-4416-a787-3122918aa648,3,4,0.024007,0
6e502405-bc90-4416-a787-3122918aa648,3,5,0.020507,0
6e502405-bc90-4416-a787-3122918aa648,3,6,0.025118,0
6e502405-bc90-4416-a787-3122918aa648,3,7,0.022832,0
6e502405-bc90-4416-a787-3122918aa648,3,8,0.025352,0
6e502405-bc90-4416-a787-3122918aa648,3,9,0.018108,0
6e502405-bc90-4416-a787-3122918aa648,3,10,0.026905,0
6e502405-bc90-4416-a787-3122918aa648,3,11,0.050536,0
6e502405-bc90-4416-a787-3122918aa648,3,12,0.019982,0
6e502405-bc90-4416-a787-3122918aa648,3,13,0.022248,0
6e502405-bc90-4416-a787-3122918aa648,3,14,0.025810,0
6e502405-bc90-4416-a787-3122918aa648,3,15,0.019278,0
6e502405-bc90-4416-a787-3122918aa648,3,16,0.083386,0
6e502405-bc90-4416-a787-3122918aa648,3,17,0.026977,0
6e502405-bc90-4416-a787-3122918aa648,3,18,0.024767,0
6e502405-bc90-4416-a787-3122918aa648,3,19,0.021716,0
7f9c83f7-3efa-4c7a-adef-3ebdeda96042,1,0,0.038197,0
7f9c83f7-3efa-4c7a-adef-3ebdeda96042,1,1,0.045131,0
7f9c83f7-3efa-4c7a-adef-3ebdeda96042,1,2,0.021105,0
7f9c83f7-3efa-4c7a-adef-3ebdeda96042,1,3,0.028466,0
7f9c83f7-3efa-4c7a-adef-3ebdeda96042,1,4,0.018353,0
7f9c83f7-3efa-4c7a-adef-3ebdeda96042,1,5,0.094046,0
7f9c83f7-3efa-4c7a-adef-3ebdeda96042,1,6,0.065922,0
7f9c83f7-3efa-4c7a-adef-3ebdeda96042,1,7,0.990894,1
7f9c83f7-3efa-4c7a-adef-3ebdeda96042,1,8,0.049523,0
7f9c83f7-3efa-4c7a-adef-3ebdeda96042,1,9,0.924114,1
7f9c83f7-3efa-4c7a-adef-3ebdeda96042,1,10,0.926327,1
7f9c83f7-3efa-4c7a-adef-3ebdeda96042,1,11,0.069851,0
7f9c83f7-3efa-4c7a-adef-3ebdeda96042,1,12,0.183893,0
7f9c83f7-3efa-4c7a-adef-3ebdeda96042,1,13,0.028349,0
7f9c83f7-3efa-4c7a-adef-3ebdeda96042,1,14,0.981332,1
7f9c83f7-3efa-4c7a-adef-3ebdeda96042,1,15,0.041740,0
7f9c83f7-3efa-4c7a-adef-3ebdeda96042,1,16,0.931687,1
7f9c83f7-3efa-4c7a-adef-3ebdeda96042,1,17,0.985130,1
7f9c83f7-3efa-4c7a-adef-3ebdeda96042,1,18,0.054573,0
7f9c83f7-3efa-4c7a-adef-3ebdeda96042,1,19,0.085782,0
7f9c83f7-3efa-4c7a-adef-3ebdeda96042,1,20,0.259803,0
7f9c83f7-3efa-4c7a-adef-3ebdeda96042,1,21,0.091874,0
7f9c83f7-3efa-4c7a-adef-3ebdeda96042,1,22,0.023227,0
7f9c83f7-3efa-4c7a-adef-3ebdeda96042,1,23,0.050736,0
7f9c83f7-3efa-4c7a-adef-3ebdeda96042,1,24,0.022401,0
7f9c83f7-3efa-4c7a-adef-3ebdeda96042,1,25,0.027044,0
7f9c83f7-3efa-4c7a-adef-3ebdeda96042,1,26,0.096703,0
7f9c83f7-3efa-4c7a-adef-3ebdeda96042,1,27,0.051062,0
7f9c83f7-3efa-4c7a-adef-3ebdeda96042,1,28,0.973891,1
7f9c83f7-3efa-4c7a-adef-3ebdeda96042,1,29,0.023286,0
7f9c83f7-3efa-4c7a-adef-3ebdeda96042,1,30,0.205189,0
7f9c83f7-3efa-4c7a-adef-3ebdeda96042,1,31,0.023451,0
7f9c83f7-3efa-4c7a-adef-3ebdeda96042,1,32,0.022473,0
7f9c83f7-3efa-4c7a-adef-3ebdeda96042,1,33,0.023849,0
7f9c83f7-3efa-4c7a-adef-3ebdeda96042,1,34,0.033363,0
7f9c83f7-3efa-4c7a-adef-3ebdeda96042,1,35,0.167937,0
7f9c83f7-3efa-4c7a-adef-3ebdeda96042,1,36,0.030782,0
7f9c83f7-3efa-4c7a-adef-3ebdeda96042,1,37,0.027843,0
7f9c83f7-3efa-4c7a-adef-3ebdeda96042,1,38,0.029672,0
7f9c83f7-3efa-4c7a-adef-3ebdeda96042,1,39,0.028275,0
7f9c83f7-3efa-4c7a-adef-3ebdeda96042,1,40,0.023480,0
7f9c83f7-3efa-4c7a-adef-3ebdeda96042,1,41,0.034353,0
7f9c83f7-3efa-4c7a-adef-3ebdeda96042,2,0,0.988299,1
7f9c83f7-3efa-4c7a-adef-3ebdeda96042,2,1,0.098110,0
7f9c83f7-3efa-4c7a-adef-3ebdeda96042,2,2,0.022921,0
7f9c83f7-3efa-4c7a-adef-3ebdeda96042,2,3,0.035459,0
7f9c83f7-3efa-4c7a-adef-3ebdeda96042,2,4,0.060949,0
7f9c83f7-3efa-4c7a-adef-3ebdeda96042,2,5,0.023921,0
7f9c83f7-3efa-4c7a-adef-3ebdeda96042,2,6,0.687183,1
7f9c83f7-3efa-4c7a-adef-3ebdeda96042,2,7,0.032142,0
7f9c83f7-3efa-4c7a-adef-3ebdeda96042,2,8,0.091374,0
7f9c83f7-3efa-4c7a-adef-3ebdeda96042,2,9,0.075040,0
7f9c83f7-3efa-4c7a-adef-3ebdeda96042,3,0,0.161504,0
7f9c83f7-3efa-4c7a-adef-3ebdeda96042,3,1,0.033027,0
7f9c83f7-3efa-4c7a-adef-3ebdeda96042,3,2,0.042575,0
7f9c83f7-3efa-4c7a-adef-3ebdeda96042,3,3,0.021577,0
7f9c83f7-3efa-4c7a-adef-3ebdeda96042,3,4,0.079264,0
7f9c83f7-3efa-4c7a-adef-3ebdeda96042,3,5,0.028140,0
7f9c83f7-3efa-4c7a-adef-3ebdeda96042,3,6,0.189378,0
7f9c83f7-3efa-4c7a-adef-3ebdeda96042,3,7,0.025114,0
7f9c83f7-3efa-4c7a-adef-3ebdeda96042,3,8,0.075328,0
7f9c83f7-3efa-4c7a-adef-3ebdeda96042,3,9,0.192816,0
7f9c83f7-3efa-4c7a-adef-3ebdeda96042,3,10,0.037742,0
7f9c83f7-3efa-4c7a-adef-3ebdeda96042,3,11,0.259531,0
7f9c83f7-3efa-4c7a-adef-3ebdeda96042,3,12,0.039420,0
7f9c83f7-3efa-4c7a-adef-3ebdeda96042,3,13,0.039215,0
7f9c83f7-3efa-4c7a-adef-3ebdeda96042,3,14,0.029491,0
7f9c83f7-3efa-4c7a-adef-3ebdeda96042,3,15,0.021553,0
7f9c83f7-3efa-4c7a-adef-3ebdeda96042,3,16,0.031547,0
7f9c83f7-3efa-4c7a-adef-3ebdeda96042,3,17,0.027331,0
8dac6c12-b5ca-468c-a249-7e0ab42f6b52,1,0,0.024302,0
8dac6c12-b5ca-468c-a249-7e0ab42f6b52,1,1,0.035670,0
8dac6c12-b5ca-468c-a249-7e0ab42f6b52,1,2,0.029914,0
8dac6c12-b5ca-468c-a249-7e0ab42f6b52,1,3,0.041402,0
8dac6c12-b5ca-468c-a249-7e0ab42f6b52,1,4,0.028061,0
8dac6c12-b5ca-468c-a249-7e0ab42f6b52,1,5,0.022404,0
8dac6c12-b5ca-468c-a249-7e0ab42f6b52,1,6,0.021793,0
8dac6c12-b5ca-468c-a249-7e0ab42f6b52,1,7,0.042640,0
8dac6c12-b5ca-468c-a249-7e0ab42f6b52,1,8,0.066082,0
8dac6c12-b5ca-468c-a249-7e0ab42f6b52,1,9,0.035694,0
8dac6c12-b5ca-468c-a249-7e0ab42f6b52,1,10,0.021046,0
8dac6c12-b5ca-468c-a249-7e0ab42f6b52,1,11,0.048550,0
8dac6c12-b5ca-468c-a249-7e0ab42f6b52,1,12,0.034473,0
8dac6c12-b5ca-468c-a249-7e0ab42f6b52,1,13,0.028068,0
8dac6c12-b5ca-468c-a249-7e0ab42f6b52,1,14,0.023488,0
8dac6c12-b5ca-468c-a249-7e0ab42f6b52,1,15,0.036703,0
8dac6c12-b5ca-468c-a249-7e0ab42f6b52,1,16,0.056670,0
8dac6c12-b5ca-468c-a249-7e0ab42f6b52,1,17,0.022982,0
8dac6c12-b5ca-468c-a249-7e0ab42f6b52,1,18,0.026514,0
8dac6c12-b5ca-468c-a249-7e0ab42f6b52,1,19,0.022281,0
8dac6c12-b5ca-468c-a249-7e0ab42f6b52,1,20,0.093780,0
8dac6c12-b5ca-468c-a249-7e0ab42f6b52,1,21,0.029515,0
8dac6c12-b5ca-468c-a249-7e0ab42f6b52,1,22,0.030825,0
8dac6c12-b5ca-468c-a249-7e0ab42f6b52,1,23,0.112768,0
8dac6c12-b5ca-468c-a249-7e0ab42f6b52,1,24,0.021347,0
8dac6c12-b5ca-468c-a249-7e0ab42f6b52,1,25,0.018948,0
8dac6c12-b5ca-468c-a249-7e0ab42f6b52,1,26,0.019748,0
8dac6c12-b5ca-468c-a249-7e0ab42f6b52,1,27,0.020837,0
8dac6c12-b5ca-468c-a249-7e0ab42f6b52,1,28,0.021043,0
8dac6c12-b5ca-468c-a249-7e0ab42f6b52,1,29,0.057613,0
8dac6c12-b5ca-468c-a249-7e0ab42f6b52,1,30,0.022957,0
8dac6c12-b5ca-468c-a249-7e0ab42f6b52,2,0,0.031222,0
8dac6c12-b5ca-468c-a249-7e0ab42f6b52,2,1,0.072278,0
8dac6c12-b5ca-468c-a249-7e0ab42f6b52,2,2,0.129282,0
8dac6c12-b5ca-468c-a249-7e0ab42f6b52,2,3,0.026695,0
8dac6c12-b5ca-468c-a249-7e0ab42f6b52,2,4,0.021200,0
8dac6c12-b5ca-468c-a249-7e0ab42f6b52,2,5,0.021714,0
8dac6c12-b5ca-468c-a249-7e0ab42f6b52,2,6,0.031431,0
8dac6c12-b5ca-468c-a249-7e0ab42f6b52,2,7,0.021844,0
8dac6c12-b5ca-468c-a249-7e0ab42f6b52,2,8,0.030392,0
8dac6c12-b5ca-468c-a249-7e0ab42f6b52,2,9,0.939599,1
8dac6c12-b5ca-468c-a249-7e0ab42f6b52,2,10,0.029243,0
8dac6c12-b5ca-468c-a249-7e0ab42f6b52,2,11,0.022543,0
8dac6c12-b5ca-468c-a249-7e0ab42f6b52,2,12,0.048443,0
8dac6c12-b5ca-468c-a249-7e0ab42f6b52,2,13,0.022275,0
8dac6c12-b5ca-468c-a249-7e0ab42f6b52,2,14,0.055736,0
8dac6c12-b5ca-468c-a249-7e0ab42f6b52,2,15,0.044700,0
8dac6c12-b5ca-468c-a249-7e0ab42f6b52,2,16,0.023878,0
8dac6c12-b5ca-468c-a249-7e0ab42f6b52,2,17,0.027467,0
8dac6c12-b5ca-468c-a249-7e0ab42f6b52,2,18,0.019063,0
8dac6c12-b5ca-468c-a249-7e0ab42f6b52,2,19,0.036050,0
8dac6c12-b5ca-468c-a249-7e0ab42f6b52,2,20,0.024411,0
8dac6c12-b5ca-468c-a249-7e0ab42f6b52,2,21,0.025368,0
8dac6c12-b5ca-468c-a249-7e0ab42f6b52,2,22,0.021673,0
8dac6c12-b5ca-468c-a249-7e0ab42f6b52,2,23,0.033378,0
8dac6c12-b5ca-468c-a249-7e0ab42f6b52,3,0,0.022764,0
8dac6c12-b5ca-468c-a249-7e0ab42f6b52,3,1,0.030239,0
8dac6c12-b5ca-468c-a249-7e0ab42f6b52,3,2,0.021182,0
8dac6c12-b5ca-468c-a249-7e0ab42f6b52,3,3,0.033781,0
8dac6c12-b5ca-468c-a249-7e0ab42f6b52,3,4,0.067226,0
8dac6c12-b5ca-468c-a249-7e0ab42f6b52,3,5,0.025526,0
8dac6c12-b5ca-468c-a249-7e0ab42f6b52,3,6,0.029884,0
8dac6c12-b5ca-468c-a249-7e0ab42f6b52,3,7,0.019848,0
8dac6c12-b5ca-468c-a249-7e0ab42f6b52,3,8,0.047029,0
8dac6c12-b5ca-468c-a249-7e0ab42f6b52,3,9,0.021975,0
8dac6c12-b5ca-468c-a249-7e0ab42f6b52,3,10,0.215308,0
8dac6c12-b5ca-468c-a249-7e0ab42f6b52,3,11,0.023189,0
8dac6c12-b5ca-468c-a249-7e0ab42f6b52,3,12,0.021103,0
8dac6c12-b5ca-468c-a249-7e0ab42f6b52,3,13,0.031401,0
8dac6c12-b5ca-468c-a249-7e0ab42f6b52,3,14,0.021896,0
a4edca3f-931f-4785-8c3f-f3d8fa84cbec,1,0,0.330678,0
a4edca3f-931f-4785-8c3f-f3d8fa84cbec,1,1,0.040441,0
a4edca3f-931f-4785-8c3f-f3d8fa84cbec,1,2,0.029100,0
a4edca3f-931f-4785-8c3f-f3d8fa84cbec,1,3,0.020487,0
a4edca3f-931f-4785-8c3f-f3d8fa84cbec,1,4,0.571025,1
a4edca3f-931f-4785-8c3f-f3d8fa84cbec,1,5,0.020893,0
a4edca3f-931f-4785-8c3f-f3d8fa84cbec,1,6,0.025920,0
a4edca3f-931f-4785-8c3f-f3d8fa84cbec,1,7,0.047806,0
a4edca3f-931f-4785-8c3f-f3d8fa84cbec,1,8,0.040691,0
a4edca3f-931f-4785-8c3f-f3d8fa84cbec,1,9,0.020629,0
a4edca3f-931f-4785-8c3f-f3d8fa84cbec,1,10,0.032370,0
a4edca3f-931f-4785-8c3f-f3d8fa84cbec,1,11,0.050388,0
a4edca3f-931f-4785-8c3f-f3d8fa84cbec,1,12,0.029941,0
a4edca3f-931f-4785-8c3f-f3d8fa84cbec,1,13,0.050412,0
a4edca3f-931f-4785-8c3f-f3d8fa84cbec,2,0,0.021398,0
a4edca3f-931f-4785-8c3f-f3d8fa84cbec,2,1,0.018688,0
a4edca3f-931f-4785-8c3f-f3d8fa84cbec,2,2,0.022914,0
a4edca3f-931f-4785-8c3f-f3d8fa84cbec,2,3,0.020660,0
a4edca3f-931f-4785-8c3f-f3d8fa84cbec,2,4,0.023620,0
a4edca3f-931f-4785-8c3f-f3d8fa84cbec,2,5,0.019680,0
a4edca3f-931f-4785-8c3f-f3d8fa84cbec,2,6,0.021655,0
a4edca3f-931f-4785-8c3f-f3d8fa84cbec,2,7,0.022385,0
a4edca3f-931f-4785-8c3f-f3d8fa84cbec,2,8,0.021368,0
a4edca3f-931f-4785-8c3f-f3d8fa84cbec,2,9,0.023249,0
a4edca3f-931f-4785-8c3f-f3d8fa84cbec,2,10,0.023428,0
a4edca3f-931f-4785-8c3f-f3d8fa84cbec,2,11,0.026783,0
a4edca3f-931f-4785-8c3f-f3d8fa84cbec,2,12,0.020374,0
a4edca3f-931f-4785-8c3f-f3d8fa84cbec,2,13,0.023182,0
a4edca3f-931f-4785-8c3f-f3d8fa84cbec,2,14,0.021312,0
a4edca3f-931f-4785-8c3f-f3d8fa84cbec,2,15,0.021447,0
a4edca3f-931f-4785-8c3f-f3d8fa84cbec,2,16,0.021152,0
a4edca3f-931f-4785-8c3f-f3d8fa84cbec,2,17,0.020131,0
a4edca3f-931f-4785-8c3f-f3d8fa84cbec,2,18,0.029938,0
a4edca3f-931f-4785-8c3f-f3d8fa84cbec,2,19,0.026549,0
a4edca3f-931f-4785-8c3f-f3d8fa84cbec,2,20,0.023876,0
a4edca3f-931f-4785-8c3f-f3d8fa84cbec,2,21,0.021057,0
a4edca3f-931f-4785-8c3f-f3d8fa84cbec,2,22,0.035831,0
a4edca3f-931f-4785-8c3f-f3d8fa84cbec,2,23,0.020957,0
a4edca3f-931f-4785-8c3f-f3d8fa84cbec,2,24,0.037089,0
a4edca3f-931f-4785-8c3f-f3d8fa84cbec,2,25,0.039079,0
a4edca3f-931f-4785-8c3f-f3d8fa84cbec,2,26,0.021861,0
a4edca3f-931f-4785-8c3f-f3d8fa84cbec,2,27,0.021656,0
a4edca3f-931f-4785-8c3f-f3d8fa84cbec,2,28,0.019308,0
a4edca3f-931f-4785-8c3f-f3d8fa84cbec,2,29,0.018840,0
a4edca3f-931f-4785-8c3f-f3d8fa84cbec,2,30,0.021152,0
a4edca3f-931f-4785-8c3f-f3d8fa84cbec,2,31,0.019785,0
a4edca3f-931f-4785-8c3f-f3d8fa84cbec,3,0,0.025223,0
a4edca3f-931f-4785-8c3f-f3d8fa84cbec,3,1,0.032588,0
a4edca3f-931f-4785-8c3f-f3d8fa84cbec,3,2,0.027845,0
a4edca3f-931f-4785-8c3f-f3d8fa84cbec,3,3,0.021748,0
a4edca3f-931f-4785-8c3f-f3d8fa84cbec,3,4,0.019346,0
a4edca3f-931f-4785-8c3f-f3d8fa84cbec,3,5,0.026578,0
a4edca3f-931f-4785-8c3f-f3d8fa84cbec,3,6,0.020390,0
a4edca3f-931f-4785-8c3f-f3d8fa84cbec,3,7,0.019669,0
a4edca3f-931f-4785-8c3f-f3d8fa84cbec,3,8,0.024385,0
a4edca3f-931f-4785-8c3f-f3d8fa84cbec,3,9,0.028725,0
a4edca3f-931f-4785-8c3f-f3d8fa84cbec,3,10,0.018674,0
a4edca3f-931f-4785-8c3f-f3d8fa84cbec,3,11,0.017765,0
a4edca3f-931f-4785-8c3f-f3d8fa84cbec,3,12,0.022554,0
a4edca3f-931f-4785-8c3f-f3d8fa84cbec,3,13,0.032031,0
a4edca3f-931f-4785-8c3f-f3d8fa84cbec,3,14,0.028990,0
a4edca3f-931f-4785-8c3f-f3d8fa84cbec,3,15,0.021837,0
a4edca3f-931f-4785-8c3f-f3d8fa84cbec,3,16,0.024137,0
a4edca3f-931f-4785-8c3f-f3d8fa84cbec,3,17,0.024960,0
a4edca3f-931f-4785-8c3f-f3d8fa84cbec,3,18,0.024068,0
a4edca3f-931f-4785-8c3f-f3d8fa84cbec,3,19,0.021196,0
a4edca3f-931f-4785-8c3f-f3d8fa84cbec,3,20,0.025172,0
a4edca3f-931f-4785-8c3f-f3d8fa84cbec,3,21,0.028099,0
a4edca3f-931f-4785-8c3f-f3d8fa84cbec,3,22,0.019293,0
a4edca3f-931f-4785-8c3f-f3d8fa84cbec,3,23,0.021390,0
a4edca3f-931f-4785-8c3f-f3d8fa84cbec,3,24,0.027635,0
a4edca3f-931f-4785-8c3f-f3d8fa84cbec,3,25,0.053106,0
a4edca3f-931f-4785-8c3f-f3d8fa84cbec,3,26,0.023404,0
a4edca3f-931f-4785-8c3f-f3d8fa84cbec,3,27,0.028106,0
a4edca3f-931f-4785-8c3f-f3d8fa84cbec,3,28,0.018631,0
af4a3f41-eeb5-49fa-a276-e97c230b25f0,1,0,0.019277,0
af4a3f41-eeb5-49fa-a276-e97c230b25f0,1,1,0.023248,0
af4a3f41-eeb5-49fa-a276-e97c230b25f0,1,2,0.020930,0
af4a3f41-eeb5-49fa-a276-e97c230b25f0,1,3,0.193567,0
af4a3f41-eeb5-49fa-a276-e97c230b25f0,1,4,0.038118,0
af4a3f41-eeb5-49fa-a276-e97c230b25f0,1,5,0.022186,0
af4a3f41-eeb5-49fa-a276-e97c230b25f0,1,6,0.022198,0
af4a3f41-eeb5-49fa-a276-e97c230b25f0,1,7,0.024210,0
af4a3f41-eeb5-49fa-a276-e97c230b25f0,1,8,0.022535,0
af4a3f41-eeb5-49fa-a276-e97c230b25f0,1,9,0.028479,0
af4a3f41-eeb5-49fa-a276-e97c230b25f0,1,10,0.078562,0
af4a3f41-eeb5-49fa-a276-e97c230b25f0,1,11,0.022312,0
af4a3f41-eeb5-49fa-a276-e97c230b25f0,1,12,0.023552,0
af4a3f41-eeb5-49fa-a276-e97c230b25f0,1,13,0.035957,0
af4a3f41-eeb5-49fa-a276-e97c230b25f0,1,14,0.058112,0
af4a3f41-eeb5-49fa-a276-e97c230b25f0,1,15,0.026614,0
af4a3f41-eeb5-49fa-a276-e97c230b25f0,1,16,0.024011,0
af4a3f41-eeb5-49fa-a276-e97c230b25f0,1,17,0.031596,0
af4a3f41-eeb5-49fa-a276-e97c230b25f0,1,18,0.028528,0
af4a3f41-eeb5-49fa-a276-e97c230b25f0,1,19,0.026637,0
af4a3f41-eeb5-49fa-a276-e97c230b25f0,1,20,0.026804,0
af4a3f41-eeb5-49fa-a276-e97c230b25f0,1,21,0.235609,0
af4a3f41-eeb5-49fa-a276-e97c230b25f0,1,22,0.101886,0
af4a3f41-eeb5-49fa-a276-e97c230b25f0,1,23,0.022436,0
af4a3f41-eeb5-49fa-a276-e97c230b25f0,1,24,0.020871,0
af4a3f41-eeb5-49fa-a276-e97c230b25f0,1,25,0.130349,0
af4a3f41-eeb5-49fa-a276-e97c230b25f0,1,26,0.046408,0
af4a3f41-eeb5-49fa-a276-e97c230b25f0,1,27,0.032827,0
af4a3f41-eeb5-49fa-a276-e97c230b25f0,1,28,0.132921,0
af4a3f41-eeb5-49fa-a276-e97c230b25f0,1,29,0.027372,0
af4a3f41-eeb5-49fa-a276-e97c230b25f0,1,30,0.028657,0
af4a3f41-eeb5-49fa-a276-e97c230b25f0,2,0,0.030670,0
af4a3f41-eeb5-49fa-a276-e97c230b25f0,2,1,0.062549,0
af4a3f41-eeb5-49fa-a276-e97c230b25f0,2,2,0.128221,0
af4a3f41-eeb5-49fa-a276-e97c230b25f0,2,3,0.059002,0
af4a3f41-eeb5-49fa-a276-e97c230b25f0,2,4,0.054953,0
af4a3f41-eeb5-49fa-a276-e97c230b25f0,2,5,0.029110,0
af4a3f41-eeb5-49fa-a276-e97c230b25f0,2,6,0.026245,0
af4a3f41-eeb5-49fa-a276-e97c230b25f0,2,7,0.522612,1
af4a3f41-eeb5-49fa-a276-e97c230b25f0,2,8,0.050346,0
af4a3f41-eeb5-49fa-a276-e97c230b25f0,2,9,0.028916,0
af4a3f41-eeb5-49fa-a276-e97c230b25f0,2,10,0.068519,0
af4a3f41-eeb5-49fa-a276-e97c230b25f0,2,11,0.045216,0
af4a3f41-eeb5-49fa-a276-e97c230b25f0,2,12,0.035916,0
af4a3f41-eeb5-49fa-a276-e97c230b25f0,2,13,0.035659,0
af4a3f41-eeb5-49fa-a276-e97c230b25f0,2,14,0.041259,0
af4a3f41-eeb5-49fa-a276-e97c230b25f0,2,15,0.070731,0
af4a3f41-eeb5-49fa-a276-e97c230b25f0,2,16,0.041284,0
af4a3f41-eeb5-49fa-a276-e97c230b25f0,3,0,0.043087,0
af4a3f41-eeb5-49fa-a276-e97c230b25f0,3,1,0.021717,0
af4a3f41-eeb5-49fa-a276-e97c230b25f0,3,2,0.499046,0
af4a3f41-eeb5-49fa-a276-e97c230b25f0,3,3,0.024268,0
af4a3f41-eeb5-49fa-a276-e97c230b25f0,3,4,0.021287,0
af4a3f41-eeb5-49fa-a276-e97c230b25f0,3,5,0.021560,0
af4a3f41-eeb5-49fa-a276-e97c230b25f0,3,6,0.079309,0
af4a3f41-eeb5-49fa-a276-e97c230b25f0,3,7,0.449307,0
af4a3f41-eeb5-49fa-a276-e97c230b25f0,3,8,0.064519,0
af4a3f41-eeb5-49fa-a276-e97c230b25f0,3,9,0.110495,0
af4a3f41-eeb5-49fa-a276-e97c230b25f0,3,10,0.663837,1
af4a3f41-eeb5-49fa-a276-e97c230b25f0,3,11,0.025110,0
af4a3f41-eeb5-49fa-a276-e97c230b25f0,3,12,0.835240,1
af4a3f41-eeb5-49fa-a276-e97c230b25f0,3,13,0.040054,0
af4a3f41-eeb5-49fa-a276-e97c230b25f0,3,14,0.023962,0
af4a3f41-eeb5-49fa-a276-e97c230b25f0,3,15,0.024372,0
af4a3f41-eeb5-49fa-a276-e97c230b25f0,3,16,0.077755,0
af4a3f41-eeb5-49fa-a276-e97c230b25f0,3,17,0.026721,0
af4a3f41-eeb5-49fa-a276-e97c230b25f0,3,18,0.022182,0
af4a3f41-eeb5-49fa-a276-e97c230b25f0,3,19,0.948966,1
af4a3f41-eeb5-49fa-a276-e97c230b25f0,3,20,0.137070,0
af4a3f41-eeb5-49fa-a276-e97c230b25f0,3,21,0.026450,0
af4a3f41-eeb5-49fa-a276-e97c230b25f0,3,22,0.021437,0
af4a3f41-eeb5-49fa-a276-e97c230b25f0,3,23,0.022771,0
af4a3f41-eeb5-49fa-a276-e97c230b25f0,3,24,0.025523,0
af4a3f41-eeb5-49fa-a276-e97c230b25f0,3,25,0.079645,0
af4a3f41-eeb5-49fa-a276-e97c230b25f0,3,26,0.031785,0
af4a3f41-eeb5-49fa-a276-e97c230b25f0,3,27,0.032105,0
af4a3f41-eeb5-49fa-a276-e97c230b25f0,3,28,0.555559,1
af4a3f41-eeb5-49fa-a276-e97c230b25f0,3,29,0.159540,0
af4a3f41-eeb5-49fa-a276-e97c230b25f0,3,30,0.041350,0
af4a3f41-eeb5-49fa-a276-e97c230b25f0,3,31,0.037000,0
af4a3f41-eeb5-49fa-a276-e97c230b25f0,3,32,0.029418,0
af4a3f41-eeb5-49fa-a276-e97c230b25f0,3,33,0.069230,0
c5534b7e-a373-4962-8345-3847bc41a636,1,0,0.020715,0
c5534b7e-a373-4962-8345-3847bc41a636,1,1,0.019722,0
c5534b7e-a373-4962-8345-3847bc41a636,1,2,0.020746,0
c5534b7e-a373-4962-8345-3847bc41a636,1,3,0.018387,0
c5534b7e-a373-4962-8345-3847bc41a636,1,4,0.023428,0
c5534b7e-a373-4962-8345-3847bc41a636,1,5,0.019357,0
c5534b7e-a373-4962-8345-3847bc41a636,1,6,0.026760,0
c5534b7e-a373-4962-8345-3847bc41a636,1,7,0.022251,0
c5534b7e-a373-4962-8345-3847bc41a636,1,8,0.019999,0
c5534b7e-a373-4962-8345-3847bc41a636,1,9,0.021810,0
c5534b7e-a373-4962-8345-3847bc41a636,1,10,0.021857,0
c5534b7e-a373-4962-8345-3847bc41a636,1,11,0.029215,0
c5534b7e-a373-4962-8345-3847bc41a636,1,12,0.024289,0
c5534b7e-a373-4962-8345-3847bc41a636,2,0,0.020699,0
c5534b7e-a373-4962-8345-3847bc41a636,2,1,0.020459,0
c5534b7e-a373-4962-8345-3847bc41a636,2,2,0.023566,0
c5534b7e-a373-4962-8345-3847bc41a636,2,3,0.023473,0
c5534b7e-a373-4962-8345-3847bc41a636,2,4,0.021208,0
c5534b7e-a373-4962-8345-3847bc41a636,2,5,0.022747,0
c5534b7e-a373-4962-8345-3847bc41a636,2,6,0.020056,0
c5534b7e-a373-4962-8345-3847bc41a636,2,7,0.023068,0
c5534b7e-a373-4962-8345-3847bc41a636,2,8,0.051306,0
c5534b7e-a373-4962-8345-3847bc41a636,2,9,0.025865,0
c5534b7e-a373-4962-8345-3847bc41a636,2,10,0.022915,0
c5534b7e-a373-4962-8345-3847bc41a636,2,11,0.021624,0
c5534b7e-a373-4962-8345-3847bc41a636,2,12,0.021530,0
c5534b7e-a373-4962-8345-3847bc41a636,2,13,0.022401,0
c5534b7e-a373-4962-8345-3847bc41a636,2,14,0.022731,0
c5534b7e-a373-4962-8345-3847bc41a636,2,15,0.027030,0
c5534b7e-a373-4962-8345-3847bc41a636,2,16,0.022427,0
c5534b7e-a373-4962-8345-3847bc41a636,2,17,0.064187,0
c5534b7e-a373-4962-8345-3847bc41a636,2,18,0.151565,0
c5534b7e-a373-4962-8345-3847bc41a636,2,19,0.025176,0
c5534b7e-a373-4962-8345-3847bc41a636,2,20,0.042127,0
c5534b7e-a373-4962-8345-3847bc41a636,2,21,0.028079,0
c5534b7e-a373-4962-8345-3847bc41a636,2,22,0.021582,0
c5534b7e-a373-4962-8345-3847bc41a636,2,23,0.020836,0
c5534b7e-a373-4962-8345-3847bc41a636,2,24,0.024159,0
c5534b7e-a373-4962-8345-3847bc41a636,2,25,0.027243,0
c5534b7e-a373-4962-8345-3847bc41a636,2,26,0.022016,0
c5534b7e-a373-4962-8345-3847bc41a636,2,27,0.030178,0
c5534b7e-a373-4962-8345-3847bc41a636,2,28,0.022584,0
c5534b7e-a373-4962-8345-3847bc41a636,2,29,0.034389,0
c5534b7e-a373-4962-8345-3847bc41a636,3,0,0.021415,0
c5534b7e-a373-4962-8345-3847bc41a636,3,1,0.023271,0
c5534b7e-a373-4962-8345-3847bc41a636,3,2,0.019872,0
c5534b7e-a373-4962-8345-3847bc41a636,3,3,0.019449,0
c5534b7e-a373-4962-8345-3847bc41a636,3,4,0.029580,0
c5534b7e-a373-4962-8345-3847bc41a636,3,5,0.024516,0
c5534b7e-a373-4962-8345-3847bc41a636,3,6,0.021924,0
c5534b7e-a373-4962-8345-3847bc41a636,3,7,0.017958,0
c5534b7e-a373-4962-8345-3847bc41a636,3,8,0.025611,0
c5534b7e-a373-4962-8345-3847bc41a636,3,9,0.027052,0
c5534b7e-a373-4962-8345-3847bc41a636,3,10,0.020832,0
c5534b7e-a373-4962-8345-3847bc41a636,3,11,0.025236,0
c5534b7e-a373-4962-8345-3847bc41a636,3,12,0.029291,0
c5534b7e-a373-4962-8345-3847bc41a636,3,13,0.025847,0
c5534b7e-a373-4962-8345-3847bc41a636,3,14,0.019647,0
1b96a5db-8974-46d3-82d7-5dfef02f650e,1,0,0.049955,0
1b96a5db-8974-46d3-82d7-5dfef02f650e,1,1,0.022798,0
1b96a5db-8974-46d3-82d7-5dfef02f650e,1,2,0.097775,0
1b96a5db-8974-46d3-82d7-5dfef02f650e,1,3,0.070132,0
1b96a5db-8974-46d3-82d7-5dfef02f650e,1,4,0.026620,0
1b96a5db-8974-46d3-82d7-5dfef02f650e,1,5,0.020997,0
1b96a5db-8974-46d3-82d7-5dfef02f650e,1,6,0.034153,0
1b96a5db-8974-46d3-82d7-5dfef02f650e,1,7,0.031138,0
1b96a5db-8974-46d3-82d7-5dfef02f650e,1,8,0.461504,0
1b96a5db-8974-46d3-82d7-5dfef02f650e,1,9,0.054736,0
1b96a5db-8974-46d3-82d7-5dfef02f650e,2,0,0.313135,0
1b96a5db-8974-46d3-82d7-5dfef02f650e,2,1,0.043649,0
1b96a5db-8974-46d3-82d7-5dfef02f650e,2,2,0.071857,0
1b96a5db-8974-46d3-82d7-5dfef02f650e,2,3,0.022502,0
1b96a5db-8974-46d3-82d7-5dfef02f650e,2,4,0.026112,0
1b96a5db-8974-46d3-82d7-5dfef02f650e,2,5,0.040957,0
1b96a5db-8974-46d3-82d7-5dfef02f650e,2,6,0.128067,0
1b96a5db-8974-46d3-82d7-5dfef02f650e,2,7,0.026770,0
1b96a5db-8974-46d3-82d7-5dfef02f650e,2,8,0.026609,0
1b96a5db-8974-46d3-82d7-5dfef02f650e,2,9,0.030263,0
1b96a5db-8974-46d3-82d7-5dfef02f650e,2,10,0.024134,0
1b96a5db-8974-46d3-82d7-5dfef02f650e,2,11,0.032805,0
1b96a5db-8974-46d3-82d7-5dfef02f650e,2,12,0.031461,0
1b96a5db-8974-46d3-82d7-5dfef02f650e,2,13,0.050908,0
1b96a5db-8974-46d3-82d7-5dfef02f650e,2,14,0.078197,0
1b96a5db-8974-46d3-82d7-5dfef02f650e,2,15,0.031719,0
1b96a5db-8974-46d3-82d7-5dfef02f650e,2,16,0.024981,0
1b96a5db-8974-46d3-82d7-5dfef02f650e,2,17,0.044377,0
1b96a5db-8974-46d3-82d7-5dfef02f650e,2,18,0.076467,0
1b96a5db-8974-46d3-82d7-5dfef02f650e,2,19,0.775444,1
1b96a5db-8974-46d3-82d7-5dfef02f650e,2,20,0.062274,0
1b96a5db-8974-46d3-82d7-5dfef02f650e,2,21,0.124156,0
1b96a5db-8974-46d3-82d7-5dfef02f650e,2,22,0.034760,0
1b96a5db-8974-46d3-82d7-5dfef02f650e,2,23,0.055761,0
1b96a5db-8974-46d3-82d7-5dfef02f650e,2,24,0.021102,0
1b96a5db-8974-46d3-82d7-5dfef02f650e,2,25,0.031589,0
1b96a5db-8974-46d3-82d7-5dfef02f650e,2,26,0.287468,0
1b96a5db-8974-46d3-82d7-5dfef02f650e,2,27,0.029471,0
1b96a5db-8974-46d3-82d7-5dfef02f650e,2,28,0.030551,0
1b96a5db-8974-46d3-82d7-5dfef02f650e,2,29,0.065339,0
1b96a5db-8974-46d3-82d7-5dfef02f650e,2,30,0.020240,0
1b96a5db-8974-46d3-82d7-5dfef02f650e,2,31,0.035331,0
1b96a5db-8974-46d3-82d7-5dfef02f650e,3,0,0.033067,0
1b96a5db-8974-46d3-82d7-5dfef02f650e,3,1,0.046732,0
1b96a5db-8974-46d3-82d7-5dfef02f650e,3,2,0.028936,0
1b96a5db-8974-46d3-82d7-5dfef02f650e,3,3,0.497396,0
1b96a5db-8974-46d3-82d7-5dfef02f650e,3,4,0.025306,0
1b96a5db-8974-46d3-82d7-5dfef02f650e,3,5,0.029844,0
1b96a5db-8974-46d3-82d7-5dfef02f650e,3,6,0.035571,0
1b96a5db-8974-46d3-82d7-5dfef02f650e,3,7,0.969789,1
1b96a5db-8974-46d3-82d7-5dfef02f650e,3,8,0.030050,0
1b96a5db-8974-46d3-82d7-5dfef02f650e,3,9,0.037211,0
1b96a5db-8974-46d3-82d7-5dfef02f650e,3,10,0.029762,0
1b96a5db-8974-46d3-82d7-5dfef02f650e,3,11,0.028113,0
1b96a5db-8974-46d3-82d7-5dfef02f650e,3,12,0.022112,0
1b96a5db-8974-46d3-82d7-5dfef02f650e,3,13,0.361537,0
1b96a5db-8974-46d3-82d7-5dfef02f650e,3,14,0.112197,0
1b96a5db-8974-46d3-82d7-5dfef02f650e,3,15,0.029320,0
1b96a5db-8974-46d3-82d7-5dfef02f650e,3,16,0.020247,0
1b96a5db-8974-46d3-82d7-5dfef02f650e,3,17,0.029359,0
1b96a5db-8974-46d3-82d7-5dfef02f650e,3,18,0.026906,0
1b96a5db-8974-46d3-82d7-5dfef02f650e,3,19,0.032168,0
1b96a5db-8974-46d3-82d7-5dfef02f650e,3,20,0.025678,0
1b96a5db-8974-46d3-82d7-5dfef02f650e,3,21,0.018049,0
1b96a5db-8974-46d3-82d7-5dfef02f650e,3,22,0.048536,0
1b96a5db-8974-46d3-82d7-5dfef02f650e,3,23,0.054314,0
1b96a5db-8974-46d3-82d7-5dfef02f650e,3,24,0.037237,0
1b96a5db-8974-46d3-82d7-5dfef02f650e,3,25,0.031083,0
1b96a5db-8974-46d3-82d7-5dfef02f650e,3,26,0.027080,0
1b96a5db-8974-46d3-82d7-5dfef02f650e,3,27,0.029346,0
1b96a5db-8974-46d3-82d7-5dfef02f650e,3,28,0.052266,0
1b96a5db-8974-46d3-82d7-5dfef02f650e,3,29,0.045084,0
1b96a5db-8974-46d3-82d7-5dfef02f650e,3,30,0.036105,0
1b96a5db-8974-46d3-82d7-5dfef02f650e,3,31,0.019422,0
472158a1-4e39-4214-8397-904e66f2b4c5,1,0,0.987767,1
472158a1-4e39-4214-8397-904e66f2b4c5,1,1,0.024443,0
472158a1-4e39-4214-8397-904e66f2b4c5,1,2,0.044169,0
472158a1-4e39-4214-8397-904e66f2b4c5,1,3,0.025225,0
472158a1-4e39-4214-8397-904e66f2b4c5,1,4,0.987639,1
472158a1-4e39-4214-8397-904e66f2b4c5,1,5,0.982685,1
472158a1-4e39-4214-8397-904e66f2b4c5,1,6,0.094746,0
472158a1-4e39-4214-8397-904e66f2b4c5,1,7,0.936580,1
472158a1-4e39-4214-8397-904e66f2b4c5,1,8,0.023212,0
472158a1-4e39-4214-8397-904e66f2b4c5,1,9,0.068619,0
472158a1-4e39-4214-8397-904e66f2b4c5,1,10,0.029415,0
472158a1-4e39-4214-8397-904e66f2b4c5,1,11,0.035679,0
472158a1-4e39-4214-8397-904e66f2b4c5,1,12,0.029203,0
472158a1-4e39-4214-8397-904e66f2b4c5,1,13,0.029698,0
472158a1-4e39-4214-8397-904e66f2b4c5,1,14,0.043063,0
472158a1-4e39-4214-8397-904e66f2b4c5,1,15,0.030574,0
472158a1-4e39-4214-8397-904e66f2b4c5,1,16,0.292788,0
472158a1-4e39-4214-8397-904e66f2b4c5,1,17,0.031961,0
472158a1-4e39-4214-8397-904e66f2b4c5,1,18,0.028878,0
472158a1-4e39-4214-8397-904e66f2b4c5,1,19,0.030343,0
472158a1-4e39-4214-8397-904e66f2b4c5,1,20,0.030253,0
472158a1-4e39-4214-8397-904e66f2b4c5,1,21,0.070407,0
472158a1-4e39-4214-8397-904e66f2b4c5,1,22,0.031342,0
472158a1-4e39-4214-8397-904e66f2b4c5,1,23,0.037111,0
472158a1-4e39-4214-8397-904e66f2b4c5,1,24,0.090527,0
472158a1-4e39-4214-8397-904e66f2b4c5,1,25,0.039200,0
472158a1-4e39-4214-8397-904e66f2b4c5,1,26,0.079162,0
472158a1-4e39-4214-8397-904e66f2b4c5,1,27,0.029537,0
472158a1-4e39-4214-8397-904e66f2b4c5,1,28,0.023373,0
472158a1-4e39-4214-8397-904e66f2b4c5,1,29,0.027070,0
472158a1-4e39-4214-8397-904e66f2b4c5,2,0,0.021269,0
472158a1-4e39-4214-8397-904e66f2b4c5,2,1,0.021698,0
472158a1-4e39-4214-8397-904e66f2b4c5,2,2,0.021232,0
472158a1-4e39-4214-8397-904e66f2b4c5,2,3,0.043037,0
472158a1-4e39-4214-8397-904e66f2b4c5,2,4,0.230459,0
472158a1-4e39-4214-8397-904e66f2b4c5,2,5,0.032077,0
472158a1-4e39-4214-8397-904e66f2b4c5,2,6,0.053175,0
472158a1-4e39-4214-8397-904e66f2b4c5,2,7,0.974396,1
472158a1-4e39-4214-8397-904e66f2b4c5,2,8,0.118568,0
472158a1-4e39-4214-8397-904e66f2b4c5,2,9,0.059096,0
472158a1-4e39-4214-8397-904e66f2b4c5,2,10,0.037970,0
472158a1-4e39-4214-8397-904e66f2b4c5,2,11,0.236274,0
472158a1-4e39-4214-8397-904e66f2b4c5,2,12,0.270047,0
472158a1-4e39-4214-8397-904e66f2b4c5,2,13,0.077641,0
472158a1-4e39-4214-8397-904e66f2b4c5,2,14,0.022247,0
472158a1-4e39-4214-8397-904e66f2b4c5,3,0,0.022150,0
472158a1-4e39-4214-8397-904e66f2b4c5,3,1,0.095280,0
472158a1-4e39-4214-8397-904e66f2b4c5,3,2,0.026278,0
472158a1-4e39-4214-8397-904e66f2b4c5,3,3,0.450636,0
472158a1-4e39-4214-8397-904e66f2b4c5,3,4,0.051340,0
472158a1-4e39-4214-8397-904e66f2b4c5,3,5,0.033329,0
472158a1-4e39-4214-8397-904e66f2b4c5,3,6,0.991382,1
472158a1-4e39-4214-8397-904e66f2b4c5,3,7,0.985378,1
472158a1-4e39-4214-8397-904e66f2b4c5,3,8,0.031920,0
472158a1-4e39-4214-8397-904e66f2b4c5,3,9,0.947259,1
472158a1-4e39-4214-8397-904e66f2b4c5,3,10,0.256498,0
472158a1-4e39-4214-8397-904e66f2b4c5,3,11,0.749150,1
472158a1-4e39-4214-8397-904e66f2b4c5,3,12,0.037319,0
472158a1-4e39-4214-8397-904e66f2b4c5,3,13,0.790976,1
472158a1-4e39-4214-8397-904e66f2b4c5,3,14,0.023778,0
472158a1-4e39-4214-8397-904e66f2b4c5,3,15,0.025240,0
472158a1-4e39-4214-8397-904e66f2b4c5,3,16,0.028163,0
472158a1-4e39-4214-8397-904e66f2b4c5,3,17,0.067213,0
472158a1-4e39-4214-8397-904e66f2b4c5,3,18,0.699344,1
472158a1-4e39-4214-8397-904e66f2b4c5,3,19,0.991327,1
472158a1-4e39-4214-8397-904e66f2b4c5,3,20,0.022460,0
472158a1-4e39-4214-8397-904e66f2b4c5,3,21,0.817603,1
472158a1-4e39-4214-8397-904e66f2b4c5,3,22,0.965293,1
59f2f47c-5da0-4fbc-be6e-4f15d45d82e2,1,0,0.180072,0
59f2f47c-5da0-4fbc-be6e-4f15d45d82e2,1,1,0.978851,1
59f2f47c-5da0-4fbc-be6e-4f15d45d82e2,1,2,0.037090,0
59f2f47c-5da0-4fbc-be6e-4f15d45d82e2,1,3,0.035417,0
59f2f47c-5da0-4fbc-be6e-4f15d45d82e2,1,4,0.112134,0
59f2f47c-5da0-4fbc-be6e-4f15d45d82e2,1,5,0.429312,0
59f2f47c-5da0-4fbc-be6e-4f15d45d82e2,1,6,0.046846,0
59f2f47c-5da0-4fbc-be6e-4f15d45d82e2,1,7,0.052593,0
59f2f47c-5da0-4fbc-be6e-4f15d45d82e2,1,8,0.924061,1
59f2f47c-5da0-4fbc-be6e-4f15d45d82e2,1,9,0.112863,0
59f2f47c-5da0-4fbc-be6e-4f15d45d82e2,1,10,0.416672,0
59f2f47c-5da0-4fbc-be6e-4f15d45d82e2,1,11,0.436985,0
59f2f47c-5da0-4fbc-be6e-4f15d45d82e2,1,12,0.126683,0
59f2f47c-5da0-4fbc-be6e-4f15d45d82e2,1,13,0.064865,0
59f2f47c-5da0-4fbc-be6e-4f15d45d82e2,2,0,0.532531,1
59f2f47c-5da0-4fbc-be6e-4f15d45d82e2,2,1,0.087032,0
59f2f47c-5da0-4fbc-be6e-4f15d45d82e2,2,2,0.184132,0
59f2f47c-5da0-4fbc-be6e-4f15d45d82e2,2,3,0.036194,0
59f2f47c-5da0-4fbc-be6e-4f15d45d82e2,2,4,0.313697,0
59f2f47c-5da0-4fbc-be6e-4f15d45d82e2,2,5,0.021796,0
59f2f47c-5da0-4fbc-be6e-4f15d45d82e2,2,6,0.027906,0
59f2f47c-5da0-4fbc-be6e-4f15d45d82e2,2,7,0.058801,0
59f2f47c-5da0-4fbc-be6e-4f15d45d82e2,2,8,0.994060,1
59f2f47c-5da0-4fbc-be6e-4f15d45d82e2,2,9,0.985552,1
59f2f47c-5da0-4fbc-be6e-4f15d45d82e2,2,10,0.316694,0
59f2f47c-5da0-4fbc-be6e-4f15d45d82e2,2,11,0.029848,0
59f2f47c-5da0-4fbc-be6e-4f15d45d82e2,2,12,0.118419,0
59f2f47c-5da0-4fbc-be6e-4f15d45d82e2,2,13,0.037446,0
59f2f47c-5da0-4fbc-be6e-4f15d45d82e2,3,0,0.738480,1
59f2f47c-5da0-4fbc-be6e-4f15d45d82e2,3,1,0.408395,0
59f2f47c-5da0-4fbc-be6e-4f15d45d82e2,3,2,0.029082,0
59f2f47c-5da0-4fbc-be6e-4f15d45d82e2,3,3,0.026111,0
59f2f47c-5da0-4fbc-be6e-4f15d45d82e2,3,4,0.028386,0
59f2f47c-5da0-4fbc-be6e-4f15d45d82e2,3,5,0.094420,0
59f2f47c-5da0-4fbc-be6e-4f15d45d82e2,3,6,0.036526,0
59f2f47c-5da0-4fbc-be6e-4f15d45d82e2,3,7,0.887988,1
59f2f47c-5da0-4fbc-be6e-4f15d45d82e2,3,8,0.057056,0
59f2f47c-5da0-4fbc-be6e-4f15d45d82e2,3,9,0.029648,0
59f2f47c-5da0-4fbc-be6e-4f15d45d82e2,3,10,0.980257,1
59f2f47c-5da0-4fbc-be6e-4f15d45d82e2,3,11,0.600911,1
59f2f47c-5da0-4fbc-be6e-4f15d45d82e2,3,12,0.146431,0
59f2f47c-5da0-4fbc-be6e-4f15d45d82e2,3,13,0.267937,0
59f2f47c-5da0-4fbc-be6e-4f15d45d82e2,3,14,0.034313,0
59f2f47c-5da0-4fbc-be6e-4f15d45d82e2,3,15,0.080131,0
59f2f47c-5da0-4fbc-be6e-4f15d45d82e2,3,16,0.031862,0
59f2f47c-5da0-4fbc-be6e-4f15d45d82e2,3,17,0.752821,1
59f2f47c-5da0-4fbc-be6e-4f15d45d82e2,3,18,0.027091,0
59f2f47c-5da0-4fbc-be6e-4f15d45d82e2,3,19,0.888224,1
59f2f47c-5da0-4fbc-be6e-4f15d45d82e2,3,20,0.392249,0
59f2f47c-5da0-4fbc-be6e-4f15d45d82e2,3,21,0.024655,0
59f2f47c-5da0-4fbc-be6e-4f15d45d82e2,3,22,0.971613,1
59f2f47c-5da0-4fbc-be6e-4f15d45d82e2,3,23,0.673884,1
59f2f47c-5da0-4fbc-be6e-4f15d45d82e2,3,24,0.033423,0
59f2f47c-5da0-4fbc-be6e-4f15d45d82e2,3,25,0.036898,0
59f2f47c-5da0-4fbc-be6e-4f15d45d82e2,3,26,0.075550,0
76810849-0335-4ad3-9eaf-f0d9c5baceb6,1,0,0.942038,1
76810849-0335-4ad3-9eaf-f0d9c5baceb6,1,1,0.172693,0
76810849-0335-4ad3-9eaf-f0d9c5baceb6,1,2,0.026118,0
76810849-0335-4ad3-9eaf-f0d9c5baceb6,1,3,0.429631,0
76810849-0335-4ad3-9eaf-f0d9c5baceb6,1,4,0.679863,1
76810849-0335-4ad3-9eaf-f0d9c5baceb6,1,5,0.083167,0
76810849-0335-4ad3-9eaf-f0d9c5baceb6,1,6,0.023716,0
76810849-0335-4ad3-9eaf-f0d9c5baceb6,1,7,0.022902,0
76810849-0335-4ad3-9eaf-f0d9c5baceb6,1,8,0.022545,0
76810849-0335-4ad3-9eaf-f0d9c5baceb6,1,9,0.074679,0
76810849-0335-4ad3-9eaf-f0d9c5baceb6,1,10,0.073247,0
76810849-0335-4ad3-9eaf-f0d9c5baceb6,1,11,0.060151,0
76810849-0335-4ad3-9eaf-f0d9c5baceb6,1,12,0.036365,0
76810849-0335-4ad3-9eaf-f0d9c5baceb6,1,13,0.635745,1
76810849-0335-4ad3-9eaf-f0d9c5baceb6,1,14,0.026518,0
76810849-0335-4ad3-9eaf-f0d9c5baceb6,1,15,0.022861,0
76810849-0335-4ad3-9eaf-f0d9c5baceb6,1,16,0.026842,0
76810849-0335-4ad3-9eaf-f0d9c5baceb6,1,17,0.064165,0
76810849-0335-4ad3-9eaf-f0d9c5baceb6,1,18,0.044370,0
76810849-0335-4ad3-9eaf-f0d9c5baceb6,1,19,0.540629,1
76810849-0335-4ad3-9eaf-f0d9c5baceb6,1,20,0.032032,0
76810849-0335-4ad3-9eaf-f0d9c5baceb6,1,21,0.060572,0
76810849-0335-4ad3-9eaf-f0d9c5baceb6,1,22,0.034542,0
76810849-0335-4ad3-9eaf-f0d9c5baceb6,1,23,0.079231,0
76810849-0335-4ad3-9eaf-f0d9c5baceb6,1,24,0.024187,0
76810849-0335-4ad3-9eaf-f0d9c5baceb6,1,25,0.040336,0
76810849-0335-4ad3-9eaf-f0d9c5baceb6,1,26,0.026834,0
76810849-0335-4ad3-9eaf-f0d9c5baceb6,1,27,0.033325,0
76810849-0335-4ad3-9eaf-f0d9c5baceb6,2,0,0.803821,1
76810849-0335-4ad3-9eaf-f0d9c5baceb6,2,1,0.959205,1
76810849-0335-4ad3-9eaf-f0d9c5baceb6,2,2,0.235692,0
76810849-0335-4ad3-9eaf-f0d9c5baceb6,2,3,0.104835,0
76810849-0335-4ad3-9eaf-f0d9c5baceb6,2,4,0.022136,0
76810849-0335-4ad3-9eaf-f0d9c5baceb6,2,5,0.025483,0
76810849-0335-4ad3-9eaf-f0d9c5baceb6,2,6,0.112189,0
76810849-0335-4ad3-9eaf-f0d9c5baceb6,2,7,0.964888,1
76810849-0335-4ad3-9eaf-f0d9c5baceb6,2,8,0.026091,0
76810849-0335-4ad3-9eaf-f0d9c5baceb6,2,9,0.024097,0
76810849-0335-4ad3-9eaf-f0d9c5baceb6,2,10,0.040440,0
76810849-0335-4ad3-9eaf-f0d9c5baceb6,2,11,0.151017,0
76810849-0335-4ad3-9eaf-f0d9c5baceb6,2,12,0.080725,0
76810849-0335-4ad3-9eaf-f0d9c5baceb6,2,13,0.026846,0
76810849-0335-4ad3-9eaf-f0d9c5baceb6,2,14,0.447489,0
76810849-0335-4ad3-9eaf-f0d9c5baceb6,2,15,0.104487,0
76810849-0335-4ad3-9eaf-f0d9c5baceb6,2,16,0.053502,0
76810849-0335-4ad3-9eaf-f0d9c5baceb6,2,17,0.042185,0
76810849-0335-4ad3-9eaf-f0d9c5baceb6,2,18,0.027573,0
76810849-0335-4ad3-9eaf-f0d9c5baceb6,2,19,0.038533,0
76810849-0335-4ad3-9eaf-f0d9c5baceb6,2,20,0.080383,0
76810849-0335-4ad3-9eaf-f0d9c5baceb6,2,21,0.085257,0
76810849-0335-4ad3-9eaf-f0d9c5baceb6,2,22,0.085912,0
76810849-0335-4ad3-9eaf-f0d9c5baceb6,2,23,0.033419,0
76810849-0335-4ad3-9eaf-f0d9c5baceb6,2,24,0.026920,0
76810849-0335-4ad3-9eaf-f0d9c5baceb6,2,25,0.026803,0
76810849-0335-4ad3-9eaf-f0d9c5baceb6,2,26,0.031104,0
76810849-0335-4ad3-9eaf-f0d9c5baceb6,2,27,0.023417,0
76810849-0335-4ad3-9eaf-f0d9c5baceb6,2,28,0.026487,0
76810849-0335-4ad3-9eaf-f0d9c5baceb6,2,29,0.052676,0
76810849-0335-4ad3-9eaf-f0d9c5baceb6,2,30,0.358274,0
76810849-0335-4ad3-9eaf-f0d9c5baceb6,2,31,0.026632,0
76810849-0335-4ad3-9eaf-f0d9c5baceb6,2,32,0.022279,0
76810849-0335-4ad3-9eaf-f0d9c5baceb6,2,33,0.171933,0
76810849-0335-4ad3-9eaf-f0d9c5baceb6,2,34,0.031810,0
76810849-0335-4ad3-9eaf-f0d9c5baceb6,3,0,0.983873,1
76810849-0335-4ad3-9eaf-f0d9c5baceb6,3,1,0.982126,1
76810849-0335-4ad3-9eaf-f0d9c5baceb6,3,2,0.363579,0
76810849-0335-4ad3-9eaf-f0d9c5baceb6,3,3,0.033082,0
76810849-0335-4ad3-9eaf-f0d9c5baceb6,3,4,0.282595,0
76810849-0335-4ad3-9eaf-f0d9c5baceb6,3,5,0.981395,1
76810849-0335-4ad3-9eaf-f0d9c5baceb6,3,6,0.679863,1
76810849-0335-4ad3-9eaf-f0d9c5baceb6,3,7,0.027145,0
76810849-0335-4ad3-9eaf-f0d9c5baceb6,3,8,0.032843,0
76810849-0335-4ad3-9eaf-f0d9c5baceb6,3,9,0.246621,0
76810849-0335-4ad3-9eaf-f0d9c5baceb6,3,10,0.030906,0
76810849-0335-4ad3-9eaf-f0d9c5baceb6,3,11,0.021917,0
76810849-0335-4ad3-9eaf-f0d9c5baceb6,3,12,0.033458,0
76810849-0335-4ad3-9eaf-f0d9c5baceb6,3,13,0.124054,0
76810849-0335-4ad3-9eaf-f0d9c5baceb6,3,14,0.076250,0
76810849-0335-4ad3-9eaf-f0d9c5baceb6,3,15,0.985878,1
76810849-0335-4ad3-9eaf-f0d9c5baceb6,3,16,0.298618,0
76810849-0335-4ad3-9eaf-f0d9c5baceb6,3,17,0.039688,0
76810849-0335-4ad3-9eaf-f0d9c5baceb6,3,18,0.041533,0
76810849-0335-4ad3-9eaf-f0d9c5baceb6,3,19,0.022179,0
79bf99c6-6fca-4ce4-8ae1-8771de026142,1,0,0.024499,0
79bf99c6-6fca-4ce4-8ae1-8771de026142,1,1,0.022462,0
79bf99c6-6fca-4ce4-8ae1-8771de026142,1,2,0.022422,0
79bf99c6-6fca-4ce4-8ae1-8771de026142,1,3,0.021725,0
79bf99c6-6fca-4ce4-8ae1-8771de026142,1,4,0.033430,0
79bf99c6-6fca-4ce4-8ae1-8771de026142,1,5,0.026425,0
79bf99c6-6fca-4ce4-8ae1-8771de026142,1,6,0.073336,0
79bf99c6-6fca-4ce4-8ae1-8771de026142,1,7,0.020458,0
79bf99c6-6fca-4ce4-8ae1-8771de026142,1,8,0.031882,0
79bf99c6-6fca-4ce4-8ae1-8771de026142,1,9,0.409587,0
79bf99c6-6fca-4ce4-8ae1-8771de026142,1,10,0.062829,0
79bf99c6-6fca-4ce4-8ae1-8771de026142,1,11,0.020634,0
79bf99c6-6fca-4ce4-8ae1-8771de026142,1,12,0.019734,0
79bf99c6-6fca-4ce4-8ae1-8771de026142,1,13,0.037137,0
79bf99c6-6fca-4ce4-8ae1-8771de026142,1,14,0.064914,0
79bf99c6-6fca-4ce4-8ae1-8771de026142,1,15,0.046713,0
79bf99c6-6fca-4ce4-8ae1-8771de026142,1,16,0.023660,0
79bf99c6-6fca-4ce4-8ae1-8771de026142,1,17,0.166748,0
79bf99c6-6fca-4ce4-8ae1-8771de026142,1,18,0.083473,0
79bf99c6-6fca-4ce4-8ae1-8771de026142,1,19,0.037409,0
79bf99c6-6fca-4ce4-8ae1-8771de026142,1,20,0.019292,0
79bf99c6-6fca-4ce4-8ae1-8771de026142,1,21,0.031894,0
79bf99c6-6fca-4ce4-8ae1-8771de026142,1,22,0.084640,0
79bf99c6-6fca-4ce4-8ae1-8771de026142,1,23,0.025405,0
79bf99c6-6fca-4ce4-8ae1-8771de026142,1,24,0.026098,0
79bf99c6-6fca-4ce4-8ae1-8771de026142,1,25,0.059142,0
79bf99c6-6fca-4ce4-8ae1-8771de026142,1,26,0.024895,0
79bf99c6-6fca-4ce4-8ae1-8771de026142,1,27,0.089621,0
79bf99c6-6fca-4ce4-8ae1-8771de026142,1,28,0.065514,0
79bf99c6-6fca-4ce4-8ae1-8771de026142,1,29,0.868130,1
79bf99c6-6fca-4ce4-8ae1-8771de026142,1,30,0.028927,0
79bf99c6-6fca-4ce4-8ae1-8771de026142,1,31,0.032337,0
79bf99c6-6fca-4ce4-8ae1-8771de026142,1,32,0.020638,0
79bf99c6-6fca-4ce4-8ae1-8771de026142,1,33,0.027708,0
79bf99c6-6fca-4ce4-8ae1-8771de026142,1,34,0.023473,0
79bf99c6-6fca-4ce4-8ae1-8771de026142,1,35,0.031987,0
79bf99c6-6fca-4ce4-8ae1-8771de026142,1,36,0.020199,0
79bf99c6-6fca-4ce4-8ae1-8771de026142,1,37,0.030718,0
79bf99c6-6fca-4ce4-8ae1-8771de026142,1,38,0.023586,0
79bf99c6-6fca-4ce4-8ae1-8771de026142,2,0,0.027186,0
79bf99c6-6fca-4ce4-8ae1-8771de026142,2,1,0.697910,1
79bf99c6-6fca-4ce4-8ae1-8771de026142,2,2,0.021385,0
79bf99c6-6fca-4ce4-8ae1-8771de026142,2,3,0.183627,0
79bf99c6-6fca-4ce4-8ae1-8771de026142,2,4,0.154093,0
79bf99c6-6fca-4ce4-8ae1-8771de026142,2,5,0.025167,0
79bf99c6-6fca-4ce4-8ae1-8771de026142,2,6,0.477673,0
79bf99c6-6fca-4ce4-8ae1-8771de026142,2,7,0.046568,0
79bf99c6-6fca-4ce4-8ae1-8771de026142,2,8,0.066921,0
79bf99c6-6fca-4ce4-8ae1-8771de026142,2,9,0.246936,0
79bf99c6-6fca-4ce4-8ae1-8771de026142,2,10,0.041452,0
79bf99c6-6fca-4ce4-8ae1-8771de026142,2,11,0.049263,0
79bf99c6-6fca-4ce4-8ae1-8771de026142,2,12,0.033723,0
79bf99c6-6fca-4ce4-8ae1-8771de026142,2,13,0.721506,1
79bf99c6-6fca-4ce4-8ae1-8771de026142,2,14,0.023949,0
79bf99c6-6fca-4ce4-8ae1-8771de026142,2,15,0.039329,0
79bf99c6-6fca-4ce4-8ae1-8771de026142,2,16,0.983092,1
79bf99c6-6fca-4ce4-8ae1-8771de026142,2,17,0.022434,0
79bf99c6-6fca-4ce4-8ae1-8771de026142,2,18,0.057219,0
79bf99c6-6fca-4ce4-8ae1-8771de026142,2,19,0.027598,0
79bf99c6-6fca-4ce4-8ae1-8771de026142,2,20,0.029806,0
79bf99c6-6fca-4ce4-8ae1-8771de026142,2,21,0.020423,0
79bf99c6-6fca-4ce4-8ae1-8771de026142,2,22,0.028617,0
79bf99c6-6fca-4ce4-8ae1-8771de026142,2,23,0.022956,0
79bf99c6-6fca-4ce4-8ae1-8771de026142,2,24,0.023015,0
79bf99c6-6fca-4ce4-8ae1-8771de026142,2,25,0.020115,0
79bf99c6-6fca-4ce4-8ae1-8771de026142,2,26,0.041179,0
79bf99c6-6fca-4ce4-8ae1-8771de026142,2,27,0.073031,0
79bf99c6-6fca-4ce4-8ae1-8771de026142,2,28,0.022126,0
79bf99c6-6fca-4ce4-8ae1-8771de026142,2,29,0.064753,0
79bf99c6-6fca-4ce4-8ae1-8771de026142,2,30,0.290472,0
79bf99c6-6fca-4ce4-8ae1-8771de026142,2,31,0.023243,0
79bf99c6-6fca-4ce4-8ae1-8771de026142,2,32,0.040547,0
79bf99c6-6fca-4ce4-8ae1-8771de026142,2,33,0.101553,0
79bf99c6-6fca-4ce4-8ae1-8771de026142,2,34,0.044897,0
79bf99c6-6fca-4ce4-8ae1-8771de026142,2,35,0.027262,0
79bf99c6-6fca-4ce4-8ae1-8771de026142,2,36,0.036573,0
79bf99c6-6fca-4ce4-8ae1-8771de026142,2,37,0.021045,0
79bf99c6-6fca-4ce4-8ae1-8771de026142,2,38,0.022020,0
79bf99c6-6fca-4ce4-8ae1-8771de026142,2,39,0.027452,0
79bf99c6-6fca-4ce4-8ae1-8771de026142,3,0,0.026837,0
79bf99c6-6fca-4ce4-8ae1-8771de026142,3,1,0.111513,0
79bf99c6-6fca-4ce4-8ae1-8771de026142,3,2,0.028598,0
79bf99c6-6fca-4ce4-8ae1-8771de026142,3,3,0.116438,0
79bf99c6-6fca-4ce4-8ae1-8771de026142,3,4,0.019553,0
79bf99c6-6fca-4ce4-8ae1-8771de026142,3,5,0.025462,0
79bf99c6-6fca-4ce4-8ae1-8771de026142,3,6,0.092043,0
79bf99c6-6fca-4ce4-8ae1-8771de026142,3,7,0.051822,0
79bf99c6-6fca-4ce4-8ae1-8771de026142,3,8,0.925380,1
79bf99c6-6fca-4ce4-8ae1-8771de026142,3,9,0.157630,0
79bf99c6-6fca-4ce4-8ae1-8771de026142,3,10,0.023170,0
79bf99c6-6fca-4ce4-8ae1-8771de026142,3,11,0.028617,0
79bf99c6-6fca-4ce4-8ae1-8771de026142,3,12,0.028990,0
79bf99c6-6fca-4ce4-8ae1-8771de026142,3,13,0.021959,0
79bf99c6-6fca-4ce4-8ae1-8771de026142,3,14,0.024692,0
79bf99c6-6fca-4ce4-8ae1-8771de026142,3,15,0.022585,0
79bf99c6-6fca-4ce4-8ae1-8771de026142,3,16,0.027099,0
79bf99c6-6fca-4ce4-8ae1-8771de026142,3,17,0.025507,0
79bf99c6-6fca-4ce4-8ae1-8771de026142,3,18,0.859170,1
79bf99c6-6fca-4ce4-8ae1-8771de026142,3,19,0.027340,0
79bf99c6-6fca-4ce4-8ae1-8771de026142,3,20,0.027996,0
79bf99c6-6fca-4ce4-8ae1-8771de026142,3,21,0.031697,0
79bf99c6-6fca-4ce4-8ae1-8771de026142,3,22,0.055812,0
79bf99c6-6fca-4ce4-8ae1-8771de026142,3,23,0.692132,1
79bf99c6-6fca-4ce4-8ae1-8771de026142,3,24,0.114227,0
79bf99c6-6fca-4ce4-8ae1-8771de026142,3,25,0.021549,0
79bf99c6-6fca-4ce4-8ae1-8771de026142,3,26,0.037194,0
79bf99c6-6fca-4ce4-8ae1-8771de026142,3,27,0.030721,0
79bf99c6-6fca-4ce4-8ae1-8771de026142,3,28,0.032982,0
79bf99c6-6fca-4ce4-8ae1-8771de026142,3,29,0.032453,0
79bf99c6-6fca-4ce4-8ae1-8771de026142,3,30,0.078686,0
79bf99c6-6fca-4ce4-8ae1-8771de026142,3,31,0.065965,0
79bf99c6-6fca-4ce4-8ae1-8771de026142,3,32,0.031510,0
79bf99c6-6fca-4ce4-8ae1-8771de026142,3,33,0.024578,0
79bf99c6-6fca-4ce4-8ae1-8771de026142,3,34,0.347253,0
79bf99c6-6fca-4ce4-8ae1-8771de026142,3,35,0.231439,0
79bf99c6-6fca-4ce4-8ae1-8771de026142,3,36,0.020408,0
79bf99c6-6fca-4ce4-8ae1-8771de026142,3,37,0.048007,0
7a97de89-1433-46f7-bcc2-f80b041cb9a0,1,0,0.029334,0
7a97de89-1433-46f7-bcc2-f80b041cb9a0,1,1,0.020927,0
7a97de89-1433-46f7-bcc2-f80b041cb9a0,1,2,0.030963,0
7a97de89-1433-46f7-bcc2-f80b041cb9a0,1,3,0.044742,0
7a97de89-1433-46f7-bcc2-f80b041cb9a0,1,4,0.033522,0
7a97de89-1433-46f7-bcc2-f80b041cb9a0,1,5,0.195346,0
7a97de89-1433-46f7-bcc2-f80b041cb9a0,1,6,0.052428,0
7a97de89-1433-46f7-bcc2-f80b041cb9a0,1,7,0.724504,1
7a97de89-1433-46f7-bcc2-f80b041cb9a0,1,8,0.975355,1
7a97de89-1433-46f7-bcc2-f80b041cb9a0,1,9,0.975275,1
7a97de89-1433-46f7-bcc2-f80b041cb9a0,1,10,0.991774,1
7a97de89-1433-46f7-bcc2-f80b041cb9a0,1,11,0.875651,1
7a97de89-1433-46f7-bcc2-f80b041cb9a0,1,12,0.404011,0
7a97de89-1433-46f7-bcc2-f80b041cb9a0,1,13,0.025144,0
7a97de89-1433-46f7-bcc2-f80b041cb9a0,1,14,0.042107,0
7a97de89-1433-46f7-bcc2-f80b041cb9a0,1,15,0.063898,0
7a97de89-1433-46f7-bcc2-f80b041cb9a0,1,16,0.052743,0
7a97de89-1433-46f7-bcc2-f80b041cb9a0,1,17,0.031939,0
7a97de89-1433-46f7-bcc2-f80b041cb9a0,1,18,0.950915,1
7a97de89-1433-46f7-bcc2-f80b041cb9a0,1,19,0.096078,0
7a97de89-1433-46f7-bcc2-f80b041cb9a0,1,20,0.188175,0
7a97de89-1433-46f7-bcc2-f80b041cb9a0,1,21,0.083885,0
7a97de89-1433-46f7-bcc2-f80b041cb9a0,1,22,0.055829,0
7a97de89-1433-46f7-bcc2-f80b041cb9a0,1,23,0.040614,0
7a97de89-1433-46f7-bcc2-f80b041cb9a0,1,24,0.074322,0
7a97de89-1433-46f7-bcc2-f80b041cb9a0,1,25,0.054611,0
7a97de89-1433-46f7-bcc2-f80b041cb9a0,1,26,0.074421,0
7a97de89-1433-46f7-bcc2-f80b041cb9a0,1,27,0.040723,0
7a97de89-1433-46f7-bcc2-f80b041cb9a0,1,28,0.026483,0
7a97de89-1433-46f7-bcc2-f80b041cb9a0,2,0,0.107864,0
7a97de89-1433-46f7-bcc2-f80b041cb9a0,2,1,0.023642,0
7a97de89-1433-46f7-bcc2-f80b041cb9a0,2,2,0.020464,0
7a97de89-1433-46f7-bcc2-f80b041cb9a0,2,3,0.029582,0
7a97de89-1433-46f7-bcc2-f80b041cb9a0,2,4,0.025829,0
7a97de89-1433-46f7-bcc2-f80b041cb9a0,2,5,0.125353,0
7a97de89-1433-46f7-bcc2-f80b041cb9a0,2,6,0.074912,0
7a97de89-1433-46f7-bcc2-f80b041cb9a0,2,7,0.048846,0
7a97de89-1433-46f7-bcc2-f80b041cb9a0,2,8,0.499982,0
7a97de89-1433-46f7-bcc2-f80b041cb9a0,2,9,0.037243,0
7a97de89-1433-46f7-bcc2-f80b041cb9a0,2,10,0.129863,0
7a97de89-1433-46f7-bcc2-f80b041cb9a0,2,11,0.022978,0
7a97de89-1433-46f7-bcc2-f80b041cb9a0,2,12,0.153413,0
7a97de89-1433-46f7-bcc2-f80b041cb9a0,2,13,0.030131,0
7a97de89-1433-46f7-bcc2-f80b041cb9a0,2,14,0.021774,0
7a97de89-1433-46f7-bcc2-f80b041cb9a0,2,15,0.031826,0
7a97de89-1433-46f7-bcc2-f80b041cb9a0,2,16,0.026605,0
7a97de89-1433-46f7-bcc2-f80b041cb9a0,2,17,0.020054,0
7a97de89-1433-46f7-bcc2-f80b041cb9a0,2,18,0.034039,0
7a97de89-1433-46f7-bcc2-f80b041cb9a0,2,19,0.022003,0
7a97de89-1433-46f7-bcc2-f80b041cb9a0,2,20,0.020567,0
7a97de89-1433-46f7-bcc2-f80b041cb9a0,2,21,0.025863,0
7a97de89-1433-46f7-bcc2-f80b041cb9a0,2,22,0.020051,0
7a97de89-1433-46f7-bcc2-f80b041cb9a0,2,23,0.042402,0
7a97de89-1433-46f7-bcc2-f80b041cb9a0,2,24,0.942885,1
7a97de89-1433-46f7-bcc2-f80b041cb9a0,2,25,0.659512,1
7a97de89-1433-46f7-bcc2-f80b041cb9a0,2,26,0.020731,0
7a97de89-1433-46f7-bcc2-f80b041cb9a0,2,27,0.034883,0
7a97de89-1433-46f7-bcc2-f80b041cb9a0,2,28,0.024706,0
7a97de89-1433-46f7-bcc2-f80b041cb9a0,2,29,0.032164,0
7a97de89-1433-46f7-bcc2-f80b041cb9a0,2,30,0.027095,0
7a97de89-1433-46f7-bcc2-f80b041cb9a0,3,0,0.020023,0
7a97de89-1433-46f7-bcc2-f80b041cb9a0,3,1,0.021179,0
7a97de89-1433-46f7-bcc2-f80b041cb9a0,3,2,0.055276,0
7a97de89-1433-46f7-bcc2-f80b041cb9a0,3,3,0.168440,0
7a97de89-1433-46f7-bcc2-f80b041cb9a0,3,4,0.128753,0
7a97de89-1433-46f7-bcc2-f80b041cb9a0,3,5,0.028750,0
7a97de89-1433-46f7-bcc2-f80b041cb9a0,3,6,0.023696,0
7a97de89-1433-46f7-bcc2-f80b041cb9a0,3,7,0.194255,0
7a97de89-1433-46f7-bcc2-f80b041cb9a0,3,8,0.356657,0
7a97de89-1433-46f7-bcc2-f80b041cb9a0,3,9,0.036234,0
7a97de89-1433-46f7-bcc2-f80b041cb9a0,3,10,0.103124,0
7a97de89-1433-46f7-bcc2-f80b041cb9a0,3,11,0.030322,0
7a97de89-1433-46f7-bcc2-f80b041cb9a0,3,12,0.019941,0
7a97de89-1433-46f7-bcc2-f80b041cb9a0,3,13,0.500791,1
7a97de89-1433-46f7-bcc2-f80b041cb9a0,3,14,0.020761,0
7a97de89-1433-46f7-bcc2-f80b041cb9a0,3,15,0.028279,0
7a97de89-1433-46f7-bcc2-f80b041cb9a0,3,16,0.035574,0
7a97de89-1433-46f7-bcc2-f80b041cb9a0,3,17,0.020383,0
7a97de89-1433-46f7-bcc2-f80b041cb9a0,3,18,0.031066,0
7a97de89-1433-46f7-bcc2-f80b041cb9a0,3,19,0.022281,0
7a97de89-1433-46f7-bcc2-f80b041cb9a0,3,20,0.297169,0
7a97de89-1433-46f7-bcc2-f80b041cb9a0,3,21,0.027065,0
7a97de89-1433-46f7-bcc2-f80b041cb9a0,3,22,0.022512,0
7a97de89-1433-46f7-bcc2-f80b041cb9a0,3,23,0.030145,0
7a97de89-1433-46f7-bcc2-f80b041cb9a0,3,24,0.237958,0
7a97de89-1433-46f7-bcc2-f80b041cb9a0,3,25,0.035570,0
7a97de89-1433-46f7-bcc2-f80b041cb9a0,3,26,0.062724,0
7a97de89-1433-46f7-bcc2-f80b041cb9a0,3,27,0.039014,0
7a97de89-1433-46f7-bcc2-f80b041cb9a0,3,28,0.203808,0
7a97de89-1433-46f7-bcc2-f80b041cb9a0,3,29,0.090726,0
8385a996-1afc-4778-a06d-7070a8f19e27,1,0,0.090194,0
8385a996-1afc-4778-a06d-7070a8f19e27,1,1,0.018691,0
8385a996-1afc-4778-a06d-7070a8f19e27,1,2,0.029238,0
8385a996-1afc-4778-a06d-7070a8f19e27,1,3,0.051187,0
8385a996-1afc-4778-a06d-7070a8f19e27,1,4,0.027632,0
8385a996-1afc-4778-a06d-7070a8f19e27,1,5,0.027340,0
8385a996-1afc-4778-a06d-7070a8f19e27,1,6,0.072808,0
8385a996-1afc-4778-a06d-7070a8f19e27,1,7,0.021991,0
8385a996-1afc-4778-a06d-7070a8f19e27,1,8,0.029038,0
8385a996-1afc-4778-a06d-7070a8f19e27,1,9,0.031513,0
8385a996-1afc-4778-a06d-7070a8f19e27,1,10,0.026830,0
8385a996-1afc-4778-a06d-7070a8f19e27,1,11,0.018275,0
8385a996-1afc-4778-a06d-7070a8f19e27,1,12,0.019735,0
8385a996-1afc-4778-a06d-7070a8f19e27,1,13,0.029033,0
8385a996-1afc-4778-a06d-7070a8f19e27,1,14,0.026188,0
8385a996-1afc-4778-a06d-7070a8f19e27,1,15,0.028979,0
8385a996-1afc-4778-a06d-7070a8f19e27,1,16,0.032790,0
8385a996-1afc-4778-a06d-7070a8f19e27,1,17,0.076239,0
8385a996-1afc-4778-a06d-7070a8f19e27,1,18,0.651664,1
8385a996-1afc-4778-a06d-7070a8f19e27,1,19,0.023551,0
8385a996-1afc-4778-a06d-7070a8f19e27,1,20,0.021038,0
8385a996-1afc-4778-a06d-7070a8f19e27,1,21,0.905923,1
8385a996-1afc-4778-a06d-7070a8f19e27,1,22,0.017762,0
8385a996-1afc-4778-a06d-7070a8f19e27,1,23,0.710358,1
8385a996-1afc-4778-a06d-7070a8f19e27,1,24,0.073206,0
8385a996-1afc-4778-a06d-7070a8f19e27,1,25,0.021878,0
8385a996-1afc-4778-a06d-7070a8f19e27,1,26,0.069059,0
8385a996-1afc-4778-a06d-7070a8f19e27,2,0,0.817156,1
8385a996-1afc-4778-a06d-7070a8f19e27,2,1,0.027857,0
8385a996-1afc-4778-a06d-7070a8f19e27,2,2,0.018134,0
8385a996-1afc-4778-a06d-7070a8f19e27,2,3,0.029238,0
8385a996-1afc-4778-a06d-7070a8f19e27,2,4,0.051428,0
8385a996-1afc-4778-a06d-7070a8f19e27,2,5,0.610487,1
8385a996-1afc-4778-a06d-7070a8f19e27,2,6,0.028211,0
8385a996-1afc-4778-a06d-7070a8f19e27,2,7,0.025151,0
8385a996-1afc-4778-a06d-7070a8f19e27,2,8,0.109006,0
8385a996-1afc-4778-a06d-7070a8f19e27,2,9,0.037472,0
8385a996-1afc-4778-a06d-7070a8f19e27,2,10,0.027296,0
8385a996-1afc-4778-a06d-7070a8f19e27,2,11,0.879548,1
8385a996-1afc-4778-a06d-7070a8f19e27,2,12,0.988553,1
8385a996-1afc-4778-a06d-7070a8f19e27,2,13,0.044750,0
8385a996-1afc-4778-a06d-7070a8f19e27,2,14,0.020283,0
8385a996-1afc-4778-a06d-7070a8f19e27,2,15,0.021648,0
8385a996-1afc-4778-a06d-7070a8f19e27,2,16,0.019066,0
8385a996-1afc-4778-a06d-7070a8f19e27,2,17,0.028731,0
8385a996-1afc-4778-a06d-7070a8f19e27,2,18,0.025190,0
8385a996-1afc-4778-a06d-7070a8f19e27,2,19,0.026708,0
8385a996-1afc-4778-a06d-7070a8f19e27,2,20,0.022585,0
8385a996-1afc-4778-a06d-7070a8f19e27,2,21,0.020855,0
8385a996-1afc-4778-a06d-7070a8f19e27,2,22,0.030290,0
8385a996-1afc-4778-a06d-7070a8f19e27,2,23,0.024625,0
8385a996-1afc-4778-a06d-7070a8f19e27,2,24,0.033413,0
8385a996-1afc-4778-a06d-7070a8f19e27,2,25,0.021752,0
8385a996-1afc-4778-a06d-7070a8f19e27,2,26,0.091841,0
8385a996-1afc-4778-a06d-7070a8f19e27,2,27,0.079153,0
8385a996-1afc-4778-a06d-7070a8f19e27,2,28,0.071271,0
8385a996-1afc-4778-a06d-7070a8f19e27,2,29,0.285033,0
8385a996-1afc-4778-a06d-7070a8f19e27,3,0,0.042240,0
8385a996-1afc-4778-a06d-7070a8f19e27,3,1,0.061746,0
8385a996-1afc-4778-a06d-7070a8f19e27,3,2,0.499762,0
8385a996-1afc-4778-a06d-7070a8f19e27,3,3,0.992685,1
8385a996-1afc-4778-a06d-7070a8f19e27,3,4,0.981826,1
8385a996-1afc-4778-a06d-7070a8f19e27,3,5,0.959399,1
8385a996-1afc-4778-a06d-7070a8f19e27,3,6,0.082236,0
8385a996-1afc-4778-a06d-7070a8f19e27,3,7,0.029146,0
8385a996-1afc-4778-a06d-7070a8f19e27,3,8,0.024858,0
8385a996-1afc-4778-a06d-7070a8f19e27,3,9,0.038667,0
8385a996-1afc-4778-a06d-7070a8f19e27,3,10,0.119534,0
8385a996-1afc-4778-a06d-7070a8f19e27,3,11,0.241309,0
8385a996-1afc-4778-a06d-7070a8f19e27,3,12,0.990204,1
8385a996-1afc-4778-a06d-7070a8f19e27,3,13,0.965353,1
8385a996-1afc-4778-a06d-7070a8f19e27,3,14,0.031910,0
8385a996-1afc-4778-a06d-7070a8f19e27,3,15,0.035976,0
8385a996-1afc-4778-a06d-7070a8f19e27,3,16,0.109006,0
8385a996-1afc-4778-a06d-7070a8f19e27,3,17,0.026331,0
8385a996-1afc-4778-a06d-7070a8f19e27,3,18,0.032233,0
8385a996-1afc-4778-a06d-7070a8f19e27,3,19,0.021724,0
8385a996-1afc-4778-a06d-7070a8f19e27,3,20,0.022699,0
8385a996-1afc-4778-a06d-7070a8f19e27,3,21,0.031898,0
8385a996-1afc-4778-a06d-7070a8f19e27,3,22,0.029587,0
8385a996-1afc-4778-a06d-7070a8f19e27,3,23,0.373265,0
8385a996-1afc-4778-a06d-7070a8f19e27,3,24,0.040196,0
8385a996-1afc-4778-a06d-7070a8f19e27,3,25,0.032438,0
8385a996-1afc-4778-a06d-7070a8f19e27,3,26,0.081338,0
8385a996-1afc-4778-a06d-7070a8f19e27,3,27,0.026220,0
8385a996-1afc-4778-a06d-7070a8f19e27,3,28,0.105818,0
8385a996-1afc-4778-a06d-7070a8f19e27,3,29,0.022335,0
8385a996-1afc-4778-a06d-7070a8f19e27,3,30,0.057620,0
8385a996-1afc-4778-a06d-7070a8f19e27,3,31,0.021997,0
8385a996-1afc-4778-a06d-7070a8f19e27,3,32,0.747332,1
8385a996-1afc-4778-a06d-7070a8f19e27,3,33,0.108570,0
8385a996-1afc-4778-a06d-7070a8f19e27,3,34,0.026393,0
8abec8d9-50a2-480e-969a-157f94954f4d,1,0,0.922569,1
8abec8d9-50a2-480e-969a-157f94954f4d,1,1,0.061985,0
8abec8d9-50a2-480e-969a-157f94954f4d,1,2,0.020200,0
8abec8d9-50a2-480e-969a-157f94954f4d,1,3,0.033914,0
8abec8d9-50a2-480e-969a-157f94954f4d,1,4,0.023237,0
8abec8d9-50a2-480e-969a-157f94954f4d,1,5,0.800982,1
8abec8d9-50a2-480e-969a-157f94954f4d,1,6,0.314472,0
8abec8d9-50a2-480e-969a-157f94954f4d,1,7,0.116025,0
8abec8d9-50a2-480e-969a-157f94954f4d,1,8,0.137464,0
8abec8d9-50a2-480e-969a-157f94954f4d,1,9,0.336023,0
8abec8d9-50a2-480e-969a-157f94954f4d,2,0,0.206997,0
8abec8d9-50a2-480e-969a-157f94954f4d,2,1,0.019945,0
8abec8d9-50a2-480e-969a-157f94954f4d,2,2,0.050099,0
8abec8d9-50a2-480e-969a-157f94954f4d,2,3,0.024291,0
8abec8d9-50a2-480e-969a-157f94954f4d,2,4,0.024085,0
8abec8d9-50a2-480e-969a-157f94954f4d,2,5,0.990383,1
8abec8d9-50a2-480e-969a-157f94954f4d,2,6,0.067954,0
8abec8d9-50a2-480e-969a-157f94954f4d,2,7,0.050124,0
8abec8d9-50a2-480e-969a-157f94954f4d,2,8,0.028080,0
8abec8d9-50a2-480e-969a-157f94954f4d,2,9,0.211271,0
8abec8d9-50a2-480e-969a-157f94954f4d,2,10,0.069365,0
8abec8d9-50a2-480e-969a-157f94954f4d,2,11,0.028773,0
8abec8d9-50a2-480e-969a-157f94954f4d,2,12,0.166935,0
8abec8d9-50a2-480e-969a-157f94954f4d,2,13,0.982303,1
8abec8d9-50a2-480e-969a-157f94954f4d,2,14,0.982781,1
8abec8d9-50a2-480e-969a-157f94954f4d,2,15,0.583399,1
8abec8d9-50a2-480e-969a-157f94954f4d,2,16,0.138316,0
8abec8d9-50a2-480e-969a-157f94954f4d,2,17,0.076131,0
8abec8d9-50a2-480e-969a-157f94954f4d,2,18,0.073115,0
8abec8d9-50a2-480e-969a-157f94954f4d,2,19,0.880826,1
8abec8d9-50a2-480e-969a-157f94954f4d,2,20,0.062424,0
8abec8d9-50a2-480e-969a-157f94954f4d,2,21,0.317893,0
8abec8d9-50a2-480e-969a-157f94954f4d,2,22,0.926362,1
8abec8d9-50a2-480e-969a-157f94954f4d,2,23,0.026241,0
8abec8d9-50a2-480e-969a-157f94954f4d,2,24,0.302123,0
8abec8d9-50a2-480e-969a-157f94954f4d,2,25,0.977419,1
8abec8d9-50a2-480e-969a-157f94954f4d,3,0,0.068093,0
8abec8d9-50a2-480e-969a-157f94954f4d,3,1,0.495049,0
8abec8d9-50a2-480e-969a-157f94954f4d,3,2,0.022366,0
8abec8d9-50a2-480e-969a-157f94954f4d,3,3,0.036908,0
8abec8d9-50a2-480e-969a-157f94954f4d,3,4,0.046887,0
8abec8d9-50a2-480e-969a-157f94954f4d,3,5,0.024414,0
8abec8d9-50a2-480e-969a-157f94954f4d,3,6,0.113724,0
8abec8d9-50a2-480e-969a-157f94954f4d,3,7,0.992854,1
8abec8d9-50a2-480e-969a-157f94954f4d,3,8,0.053416,0
8abec8d9-50a2-480e-969a-157f94954f4d,3,9,0.682663,1
8abec8d9-50a2-480e-969a-157f94954f4d,3,10,0.033239,0
8abec8d9-50a2-480e-969a-157f94954f4d,3,11,0.382998,0
8abec8d9-50a2-480e-969a-157f94954f4d,3,12,0.020314,0
8abec8d9-50a2-480e-969a-157f94954f4d,3,13,0.121516,0
8abec8d9-50a2-480e-969a-157f94954f4d,3,14,0.057085,0
8abec8d9-50a2-480e-969a-157f94954f4d,3,15,0.052625,0
8abec8d9-50a2-480e-969a-157f94954f4d,3,16,0.050842,0
8abec8d9-50a2-480e-969a-157f94954f4d,3,17,0.028611,0
8abec8d9-50a2-480e-969a-157f94954f4d,3,18,0.097062,0
d4a4bc34-e48b-4485-86b2-f1daf4d464dd,1,0,0.558047,1
d4a4bc34-e48b-4485-86b2-f1daf4d464dd,1,1,0.021698,0
d4a4bc34-e48b-4485-86b2-f1daf4d464dd,1,2,0.946096,1
d4a4bc34-e48b-4485-86b2-f1daf4d464dd,1,3,0.091511,0
d4a4bc34-e48b-4485-86b2-f1daf4d464dd,1,4,0.043982,0
d4a4bc34-e48b-4485-86b2-f1daf4d464dd,1,5,0.032626,0
d4a4bc34-e48b-4485-86b2-f1daf4d464dd,1,6,0.139758,0
d4a4bc34-e48b-4485-86b2-f1daf4d464dd,1,7,0.036024,0
d4a4bc34-e48b-4485-86b2-f1daf4d464dd,1,8,0.023354,0
d4a4bc34-e48b-4485-86b2-f1daf4d464dd,1,9,0.204906,0
d4a4bc34-e48b-4485-86b2-f1daf4d464dd,1,10,0.025958,0
d4a4bc34-e48b-4485-86b2-f1daf4d464dd,1,11,0.049841,0
d4a4bc34-e48b-4485-86b2-f1daf4d464dd,1,12,0.036221,0
d4a4bc34-e48b-4485-86b2-f1daf4d464dd,1,13,0.032907,0
d4a4bc34-e48b-4485-86b2-f1daf4d464dd,1,14,0.039035,0
d4a4bc34-e48b-4485-86b2-f1daf4d464dd,1,15,0.108249,0
d4a4bc34-e48b-4485-86b2-f1daf4d464dd,1,16,0.036845,0
d4a4bc34-e48b-4485-86b2-f1daf4d464dd,2,0,0.082412,0
d4a4bc34-e48b-4485-86b2-f1daf4d464dd,2,1,0.117188,0
d4a4bc34-e48b-4485-86b2-f1daf4d464dd,2,2,0.025913,0
d4a4bc34-e48b-4485-86b2-f1daf4d464dd,2,3,0.031767,0
d4a4bc34-e48b-4485-86b2-f1daf4d464dd,2,4,0.982960,1
d4a4bc34-e48b-4485-86b2-f1daf4d464dd,2,5,0.256422,0
d4a4bc34-e48b-4485-86b2-f1daf4d464dd,2,6,0.357648,0
d4a4bc34-e48b-4485-86b2-f1daf4d464dd,2,7,0.028476,0
d4a4bc34-e48b-4485-86b2-f1daf4d464dd,2,8,0.037174,0
d4a4bc34-e48b-4485-86b2-f1daf4d464dd,2,9,0.023048,0
d4a4bc34-e48b-4485-86b2-f1daf4d464dd,2,10,0.511067,1
d4a4bc34-e48b-4485-86b2-f1daf4d464dd,2,11,0.030467,0
d4a4bc34-e48b-4485-86b2-f1daf4d464dd,2,12,0.066196,0
d4a4bc34-e48b-4485-86b2-f1daf4d464dd,2,13,0.180043,0
d4a4bc34-e48b-4485-86b2-f1daf4d464dd,2,14,0.992526,1
d4a4bc34-e48b-4485-86b2-f1daf4d464dd,3,0,0.259041,0
d4a4bc34-e48b-4485-86b2-f1daf4d464dd,3,1,0.027134,0
d4a4bc34-e48b-4485-86b2-f1daf4d464dd,3,2,0.032626,0
d4a4bc34-e48b-4485-86b2-f1daf4d464dd,3,3,0.040434,0
d4a4bc34-e48b-4485-86b2-f1daf4d464dd,3,4,0.045113,0
d4a4bc34-e48b-4485-86b2-f1daf4d464dd,3,5,0.861724,1
d4a4bc34-e48b-4485-86b2-f1daf4d464dd,3,6,0.686490,1
d4a4bc34-e48b-4485-86b2-f1daf4d464dd,3,7,0.027709,0
d4a4bc34-e48b-4485-86b2-f1daf4d464dd,3,8,0.991696,1
d4a4bc34-e48b-4485-86b2-f1daf4d464dd,3,9,0.063807,0
d4a4bc34-e48b-4485-86b2-f1daf4d464dd,3,10,0.022576,0
d4a4bc34-e48b-4485-86b2-f1daf4d464dd,3,11,0.738103,1
d4a4bc34-e48b-4485-86b2-f1daf4d464dd,3,12,0.044554,0
d4a4bc34-e48b-4485-86b2-f1daf4d464dd,3,13,0.989591,1
d4a4bc34-e48b-4485-86b2-f1daf4d464dd,3,14,0.030117,0
d4a4bc34-e48b-4485-86b2-f1daf4d464dd,3,15,0.051627,0
d4a4bc34-e48b-4485-86b2-f1daf4d464dd,3,16,0.027748,0
d4a4bc34-e48b-4485-86b2-f1daf4d464dd,3,17,0.022239,0
d4a4bc34-e48b-4485-86b2-f1daf4d464dd,3,18,0.231691,0
d4a4bc34-e48b-4485-86b2-f1daf4d464dd,3,19,0.022991,0
d4a4bc34-e48b-4485-86b2-f1daf4d464dd,3,20,0.033066,0
d4a4bc34-e48b-4485-86b2-f1daf4d464dd,3,21,0.044138,0
d4a4bc34-e48b-4485-86b2-f1daf4d464dd,3,22,0.066054,0
d4a4bc34-e48b-4485-86b2-f1daf4d464dd,3,23,0.060748,0
d4a4bc34-e48b-4485-86b2-f1daf4d464dd,3,24,0.024068,0
d4a4bc34-e48b-4485-86b2-f1daf4d464dd,3,25,0.796727,1
d4a4bc34-e48b-4485-86b2-f1daf4d464dd,3,26,0.024784,0
d4a4bc34-e48b-4485-86b2-f1daf4d464dd,3,27,0.046161,0
eadabee7-3db9-43c4-a485-3e8b1882cd3c,1,0,0.026564,0
eadabee7-3db9-43c4-a485-3e8b1882cd3c,1,1,0.021457,0
eadabee7-3db9-43c4-a485-3e8b1882cd3c,1,2,0.045982,0
eadabee7-3db9-43c4-a485-3e8b1882cd3c,1,3,0.024967,0
eadabee7-3db9-43c4-a485-3e8b1882cd3c,1,4,0.053849,0
eadabee7-3db9-43c4-a485-3e8b1882cd3c,1,5,0.021136,0
eadabee7-3db9-43c4-a485-3e8b1882cd3c,1,6,0.019593,0
eadabee7-3db9-43c4-a485-3e8b1882cd3c,1,7,0.023797,0
eadabee7-3db9-43c4-a485-3e8b1882cd3c,1,8,0.037984,0
eadabee7-3db9-43c4-a485-3e8b1882cd3c,1,9,0.927418,1
eadabee7-3db9-43c4-a485-3e8b1882cd3c,2,0,0.041770,0
eadabee7-3db9-43c4-a485-3e8b1882cd3c,2,1,0.035874,0
eadabee7-3db9-43c4-a485-3e8b1882cd3c,2,2,0.022963,0
eadabee7-3db9-43c4-a485-3e8b1882cd3c,2,3,0.026269,0
eadabee7-3db9-43c4-a485-3e8b1882cd3c,2,4,0.041670,0
eadabee7-3db9-43c4-a485-3e8b1882cd3c,2,5,0.020602,0
eadabee7-3db9-43c4-a485-3e8b1882cd3c,2,6,0.041227,0
eadabee7-3db9-43c4-a485-3e8b1882cd3c,2,7,0.053694,0
eadabee7-3db9-43c4-a485-3e8b1882cd3c,2,8,0.043607,0
eadabee7-3db9-43c4-a485-3e8b1882cd3c,2,9,0.034597,0
eadabee7-3db9-43c4-a485-3e8b1882cd3c,2,10,0.032839,0
eadabee7-3db9-43c4-a485-3e8b1882cd3c,2,11,0.021873,0
eadabee7-3db9-43c4-a485-3e8b1882cd3c,2,12,0.024577,0
eadabee7-3db9-43c4-a485-3e8b1882cd3c,2,13,0.029834,0
eadabee7-3db9-43c4-a485-3e8b1882cd3c,2,14,0.020082,0
eadabee7-3db9-43c4-a485-3e8b1882cd3c,2,15,0.023321,0
eadabee7-3db9-43c4-a485-3e8b1882cd3c,2,16,0.023279,0
eadabee7-3db9-43c4-a485-3e8b1882cd3c,2,17,0.025827,0
eadabee7-3db9-43c4-a485-3e8b1882cd3c,2,18,0.032077,0
eadabee7-3db9-43c4-a485-3e8b1882cd3c,2,19,0.086725,0
eadabee7-3db9-43c4-a485-3e8b1882cd3c,2,20,0.025746,0
eadabee7-3db9-43c4-a485-3e8b1882cd3c,2,21,0.062126,0
eadabee7-3db9-43c4-a485-3e8b1882cd3c,2,22,0.027107,0
eadabee7-3db9-43c4-a485-3e8b1882cd3c,2,23,0.025168,0
eadabee7-3db9-43c4-a485-3e8b1882cd3c,2,24,0.024836,0
eadabee7-3db9-43c4-a485-3e8b1882cd3c,2,25,0.082020,0
eadabee7-3db9-43c4-a485-3e8b1882cd3c,2,26,0.046556,0
eadabee7-3db9-43c4-a485-3e8b1882cd3c,2,27,0.172077,0
eadabee7-3db9-43c4-a485-3e8b1882cd3c,2,28,0.265120,0
eadabee7-3db9-43c4-a485-3e8b1882cd3c,2,29,0.063966,0
eadabee7-3db9-43c4-a485-3e8b1882cd3c,2,30,0.856976,1
eadabee7-3db9-43c4-a485-3e8b1882cd3c,2,31,0.047432,0
eadabee7-3db9-43c4-a485-3e8b1882cd3c,2,32,0.046171,0
eadabee7-3db9-43c4-a485-3e8b1882cd3c,2,33,0.175331,0
eadabee7-3db9-43c4-a485-3e8b1882cd3c,2,34,0.023226,0
eadabee7-3db9-43c4-a485-3e8b1882cd3c,2,35,0.037921,0
eadabee7-3db9-43c4-a485-3e8b1882cd3c,2,36,0.034294,0
eadabee7-3db9-43c4-a485-3e8b1882cd3c,2,37,0.026074,0
eadabee7-3db9-43c4-a485-3e8b1882cd3c,2,38,0.024574,0
eadabee7-3db9-43c4-a485-3e8b1882cd3c,2,39,0.018787,0
eadabee7-3db9-43c4-a485-3e8b1882cd3c,3,0,0.031614,0
eadabee7-3db9-43c4-a485-3e8b1882cd3c,3,1,0.027763,0
eadabee7-3db9-43c4-a485-3e8b1882cd3c,3,2,0.032754,0
eadabee7-3db9-43c4-a485-3e8b1882cd3c,3,3,0.029958,0
eadabee7-3db9-43c4-a485-3e8b1882cd3c,3,4,0.031805,0
eadabee7-3db9-43c4-a485-3e8b1882cd3c,3,5,0.027007,0
eadabee7-3db9-43c4-a485-3e8b1882cd3c,3,6,0.024454,0
eadabee7-3db9-43c4-a485-3e8b1882cd3c,3,7,0.030778,0
eadabee7-3db9-43c4-a485-3e8b1882cd3c,3,8,0.022567,0
eadabee7-3db9-43c4-a485-3e8b1882cd3c,3,9,0.020284,0
eadabee7-3db9-43c4-a485-3e8b1882cd3c,3,10,0.192833,0
eadabee7-3db9-43c4-a485-3e8b1882cd3c,3,11,0.101981,0
eadabee7-3db9-43c4-a485-3e8b1882cd3c,3,12,0.467238,0
eadabee7-3db9-43c4-a485-3e8b1882cd3c,3,13,0.020887,0
eadabee7-3db9-43c4-a485-3e8b1882cd3c,3,14,0.025096,0
eadabee7-3db9-43c4-a485-3e8b1882cd3c,3,15,0.039365,0
eadabee7-3db9-43c4-a485-3e8b1882cd3c,3,16,0.039030,0
eadabee7-3db9-43c4-a485-3e8b1882cd3c,3,17,0.539883,1
eadabee7-3db9-43c4-a485-3e8b1882cd3c,3,18,0.027902,0
eadabee7-3db9-43c4-a485-3e8b1882cd3c,3,19,0.025219,0
eadabee7-3db9-43c4-a485-3e8b1882cd3c,3,20,0.041023,0
eadabee7-3db9-43c4-a485-3e8b1882cd3c,3,21,0.071735,0
eadabee7-3db9-43c4-a485-3e8b1882cd3c,3,22,0.027445,0
0c78e748-efbf-417c-a8c1-beeb6480147f,1,0,0.063945,0
0c78e748-efbf-417c-a8c1-beeb6480147f,1,1,0.021330,0
0c78e748-efbf-417c-a8c1-beeb6480147f,1,2,0.023501,0
0c78e748-efbf-417c-a8c1-beeb6480147f,1,3,0.024672,0
0c78e748-efbf-417c-a8c1-beeb6480147f,1,4,0.025451,0
0c78e748-efbf-417c-a8c1-beeb6480147f,1,5,0.032200,0
0c78e748-efbf-417c-a8c1-beeb6480147f,1,6,0.043149,0
0c78e748-efbf-417c-a8c1-beeb6480147f,1,7,0.023381,0
0c78e748-efbf-417c-a8c1-beeb6480147f,1,8,0.307738,0
0c78e748-efbf-417c-a8c1-beeb6480147f,1,9,0.925131,1
0c78e748-efbf-417c-a8c1-beeb6480147f,1,10,0.858755,1
0c78e748-efbf-417c-a8c1-beeb6480147f,1,11,0.033838,0
0c78e748-efbf-417c-a8c1-beeb6480147f,1,12,0.019354,0
0c78e748-efbf-417c-a8c1-beeb6480147f,1,13,0.021632,0
0c78e748-efbf-417c-a8c1-beeb6480147f,2,0,0.051831,0
0c78e748-efbf-417c-a8c1-beeb6480147f,2,1,0.040159,0
0c78e748-efbf-417c-a8c1-beeb6480147f,2,2,0.026980,0
0c78e748-efbf-417c-a8c1-beeb6480147f,2,3,0.040254,0
0c78e748-efbf-417c-a8c1-beeb6480147f,2,4,0.026135,0
0c78e748-efbf-417c-a8c1-beeb6480147f,2,5,0.032904,0
0c78e748-efbf-417c-a8c1-beeb6480147f,2,6,0.025178,0
0c78e748-efbf-417c-a8c1-beeb6480147f,2,7,0.035403,0
0c78e748-efbf-417c-a8c1-beeb6480147f,2,8,0.025715,0
0c78e748-efbf-417c-a8c1-beeb6480147f,2,9,0.036821,0
0c78e748-efbf-417c-a8c1-beeb6480147f,2,10,0.022678,0
0c78e748-efbf-417c-a8c1-beeb6480147f,2,11,0.052333,0
0c78e748-efbf-417c-a8c1-beeb6480147f,2,12,0.378711,0
0c78e748-efbf-417c-a8c1-beeb6480147f,2,13,0.776245,1
0c78e748-efbf-417c-a8c1-beeb6480147f,2,14,0.037430,0
0c78e748-efbf-417c-a8c1-beeb6480147f,2,15,0.041742,0
0c78e748-efbf-417c-a8c1-beeb6480147f,2,16,0.045066,0
0c78e748-efbf-417c-a8c1-beeb6480147f,2,17,0.028849,0
0c78e748-efbf-417c-a8c1-beeb6480147f,2,18,0.028189,0
0c78e748-efbf-417c-a8c1-beeb6480147f,2,19,0.032904,0
0c78e748-efbf-417c-a8c1-beeb6480147f,2,20,0.020787,0
0c78e748-efbf-417c-a8c1-beeb6480147f,2,21,0.038653,0
0c78e748-efbf-417c-a8c1-beeb6480147f,2,22,0.021229,0
0c78e748-efbf-417c-a8c1-beeb6480147f,2,23,0.028529,0
0c78e748-efbf-417c-a8c1-beeb6480147f,2,24,0.394219,0
0c78e748-efbf-417c-a8c1-beeb6480147f,3,0,0.025211,0
0c78e748-efbf-417c-a8c1-beeb6480147f,3,1,0.022712,0
0c78e748-efbf-417c-a8c1-beeb6480147f,3,2,0.041416,0
0c78e748-efbf-417c-a8c1-beeb6480147f,3,3,0.663324,1
0c78e748-efbf-417c-a8c1-beeb6480147f,3,4,0.049651,0
0c78e748-efbf-417c-a8c1-beeb6480147f,3,5,0.977152,1
0c78e748-efbf-417c-a8c1-beeb6480147f,3,6,0.065399,0
0c78e748-efbf-417c-a8c1-beeb6480147f,3,7,0.027100,0
0c78e748-efbf-417c-a8c1-beeb6480147f,3,8,0.116460,0
0c78e748-efbf-417c-a8c1-beeb6480147f,3,9,0.020176,0
0c78e748-efbf-417c-a8c1-beeb6480147f,3,10,0.136222,0
0c78e748-efbf-417c-a8c1-beeb6480147f,3,11,0.096344,0
0c78e748-efbf-417c-a8c1-beeb6480147f,3,12,0.023039,0
0c78e748-efbf-417c-a8c1-beeb6480147f,3,13,0.072797,0
0c78e748-efbf-417c-a8c1-beeb6480147f,3,14,0.039511,0
0c78e748-efbf-417c-a8c1-beeb6480147f,3,15,0.025003,0
0c78e748-efbf-417c-a8c1-beeb6480147f,3,16,0.062155,0
0c78e748-efbf-417c-a8c1-beeb6480147f,3,17,0.022718,0
47a209b0-fc26-4a0a-a1fe-e4310d1d2419,1,0,0.981175,1
47a209b0-fc26-4a0a-a1fe-e4310d1d2419,1,1,0.033571,0
47a209b0-fc26-4a0a-a1fe-e4310d1d2419,1,2,0.022934,0
47a209b0-fc26-4a0a-a1fe-e4310d1d2419,1,3,0.025003,0
47a209b0-fc26-4a0a-a1fe-e4310d1d2419,1,4,0.541001,1
47a209b0-fc26-4a0a-a1fe-e4310d1d2419,1,5,0.024205,0
47a209b0-fc26-4a0a-a1fe-e4310d1d2419,1,6,0.030755,0
47a209b0-fc26-4a0a-a1fe-e4310d1d2419,1,7,0.796288,1
47a209b0-fc26-4a0a-a1fe-e4310d1d2419,1,8,0.023891,0
47a209b0-fc26-4a0a-a1fe-e4310d1d2419,1,9,0.238518,0
47a209b0-fc26-4a0a-a1fe-e4310d1d2419,1,10,0.158667,0
47a209b0-fc26-4a0a-a1fe-e4310d1d2419,1,11,0.052700,0
47a209b0-fc26-4a0a-a1fe-e4310d1d2419,1,12,0.976040,1
47a209b0-fc26-4a0a-a1fe-e4310d1d2419,1,13,0.044931,0
47a209b0-fc26-4a0a-a1fe-e4310d1d2419,1,14,0.049295,0
47a209b0-fc26-4a0a-a1fe-e4310d1d2419,1,15,0.024991,0
47a209b0-fc26-4a0a-a1fe-e4310d1d2419,1,16,0.992010,1
47a209b0-fc26-4a0a-a1fe-e4310d1d2419,1,17,0.022040,0
47a209b0-fc26-4a0a-a1fe-e4310d1d2419,1,18,0.090395,0
47a209b0-fc26-4a0a-a1fe-e4310d1d2419,1,19,0.035636,0
47a209b0-fc26-4a0a-a1fe-e4310d1d2419,1,20,0.090115,0
47a209b0-fc26-4a0a-a1fe-e4310d1d2419,1,21,0.024907,0
47a209b0-fc26-4a0a-a1fe-e4310d1d2419,1,22,0.077440,0
47a209b0-fc26-4a0a-a1fe-e4310d1d2419,1,23,0.026927,0
47a209b0-fc26-4a0a-a1fe-e4310d1d2419,1,24,0.034476,0
47a209b0-fc26-4a0a-a1fe-e4310d1d2419,1,25,0.055983,0
47a209b0-fc26-4a0a-a1fe-e4310d1d2419,2,0,0.074896,0
47a209b0-fc26-4a0a-a1fe-e4310d1d2419,2,1,0.413508,0
47a209b0-fc26-4a0a-a1fe-e4310d1d2419,2,2,0.054031,0
47a209b0-fc26-4a0a-a1fe-e4310d1d2419,2,3,0.046640,0
47a209b0-fc26-4a0a-a1fe-e4310d1d2419,2,4,0.021907,0
47a209b0-fc26-4a0a-a1fe-e4310d1d2419,2,5,0.021076,0
47a209b0-fc26-4a0a-a1fe-e4310d1d2419,2,6,0.325713,0
47a209b0-fc26-4a0a-a1fe-e4310d1d2419,2,7,0.027333,0
47a209b0-fc26-4a0a-a1fe-e4310d1d2419,2,8,0.027946,0
47a209b0-fc26-4a0a-a1fe-e4310d1d2419,2,9,0.023407,0
47a209b0-fc26-4a0a-a1fe-e4310d1d2419,2,10,0.019907,0
47a209b0-fc26-4a0a-a1fe-e4310d1d2419,2,11,0.059719,0
47a209b0-fc26-4a0a-a1fe-e4310d1d2419,2,12,0.101135,0
47a209b0-fc26-4a0a-a1fe-e4310d1d2419,2,13,0.039497,0
47a209b0-fc26-4a0a-a1fe-e4310d1d2419,2,14,0.057383,0
47a209b0-fc26-4a0a-a1fe-e4310d1d2419,2,15,0.022000,0
47a209b0-fc26-4a0a-a1fe-e4310d1d2419,2,16,0.030153,0
47a209b0-fc26-4a0a-a1fe-e4310d1d2419,2,17,0.018684,0
47a209b0-fc26-4a0a-a1fe-e4310d1d2419,2,18,0.023344,0
47a209b0-fc26-4a0a-a1fe-e4310d1d2419,2,19,0.298586,0
47a209b0-fc26-4a0a-a1fe-e4310d1d2419,2,20,0.073121,0
47a209b0-fc26-4a0a-a1fe-e4310d1d2419,2,21,0.291310,0
47a209b0-fc26-4a0a-a1fe-e4310d1d2419,2,22,0.084322,0
47a209b0-fc26-4a0a-a1fe-e4310d1d2419,2,23,0.055849,0
47a209b0-fc26-4a0a-a1fe-e4310d1d2419,2,24,0.721361,1
47a209b0-fc26-4a0a-a1fe-e4310d1d2419,2,25,0.019672,0
47a209b0-fc26-4a0a-a1fe-e4310d1d2419,2,26,0.031049,0
47a209b0-fc26-4a0a-a1fe-e4310d1d2419,2,27,0.024543,0
47a209b0-fc26-4a0a-a1fe-e4310d1d2419,2,28,0.042945,0
47a209b0-fc26-4a0a-a1fe-e4310d1d2419,2,29,0.019125,0
47a209b0-fc26-4a0a-a1fe-e4310d1d2419,2,30,0.030962,0
47a209b0-fc26-4a0a-a1fe-e4310d1d2419,2,31,0.200692,0
47a209b0-fc26-4a0a-a1fe-e4310d1d2419,2,32,0.189131,0
47a209b0-fc26-4a0a-a1fe-e4310d1d2419,2,33,0.040254,0
47a209b0-fc26-4a0a-a1fe-e4310d1d2419,2,34,0.027572,0
47a209b0-fc26-4a0a-a1fe-e4310d1d2419,2,35,0.060210,0
47a209b0-fc26-4a0a-a1fe-e4310d1d2419,2,36,0.020360,0
47a209b0-fc26-4a0a-a1fe-e4310d1d2419,2,37,0.027821,0
47a209b0-fc26-4a0a-a1fe-e4310d1d2419,2,38,0.022856,0
47a209b0-fc26-4a0a-a1fe-e4310d1d2419,3,0,0.147209,0
47a209b0-fc26-4a0a-a1fe-e4310d1d2419,3,1,0.195703,0
47a209b0-fc26-4a0a-a1fe-e4310d1d2419,3,2,0.028237,0
47a209b0-fc26-4a0a-a1fe-e4310d1d2419,3,3,0.038539,0
47a209b0-fc26-4a0a-a1fe-e4310d1d2419,3,4,0.989357,1
47a209b0-fc26-4a0a-a1fe-e4310d1d2419,3,5,0.226225,0
47a209b0-fc26-4a0a-a1fe-e4310d1d2419,3,6,0.805116,1
47a209b0-fc26-4a0a-a1fe-e4310d1d2419,3,7,0.704971,1
47a209b0-fc26-4a0a-a1fe-e4310d1d2419,3,8,0.993270,1
47a209b0-fc26-4a0a-a1fe-e4310d1d2419,3,9,0.548391,1
47a209b0-fc26-4a0a-a1fe-e4310d1d2419,3,10,0.075913,0
47a209b0-fc26-4a0a-a1fe-e4310d1d2419,3,11,0.020376,0
47a209b0-fc26-4a0a-a1fe-e4310d1d2419,3,12,0.036663,0
47a209b0-fc26-4a0a-a1fe-e4310d1d2419,3,13,0.736707,1
47a209b0-fc26-4a0a-a1fe-e4310d1d2419,3,14,0.044552,0
47a209b0-fc26-4a0a-a1fe-e4310d1d2419,3,15,0.037015,0
47a209b0-fc26-4a0a-a1fe-e4310d1d2419,3,16,0.034602,0
47a209b0-fc26-4a0a-a1fe-e4310d1d2419,3,17,0.027412,0
47a209b0-fc26-4a0a-a1fe-e4310d1d2419,3,18,0.024492,0
47a209b0-fc26-4a0a-a1fe-e4310d1d2419,3,19,0.971612,1
47a209b0-fc26-4a0a-a1fe-e4310d1d2419,3,20,0.029193,0
47a209b0-fc26-4a0a-a1fe-e4310d1d2419,3,21,0.037917,0
47a209b0-fc26-4a0a-a1fe-e4310d1d2419,3,22,0.099359,0
47a209b0-fc26-4a0a-a1fe-e4310d1d2419,3,23,0.026228,0
47a209b0-fc26-4a0a-a1fe-e4310d1d2419,3,24,0.877138,1
47a209b0-fc26-4a0a-a1fe-e4310d1d2419,3,25,0.035155,0
47a209b0-fc26-4a0a-a1fe-e4310d1d2419,3,26,0.480718,0
47a209b0-fc26-4a0a-a1fe-e4310d1d2419,3,27,0.035074,0
47a209b0-fc26-4a0a-a1fe-e4310d1d2419,3,28,0.986789,1
47a209b0-fc26-4a0a-a1fe-e4310d1d2419,3,29,0.128079,0
47a209b0-fc26-4a0a-a1fe-e4310d1d2419,3,30,0.570259,1
47a209b0-fc26-4a0a-a1fe-e4310d1d2419,3,31,0.249649,0
47a209b0-fc26-4a0a-a1fe-e4310d1d2419,3,32,0.093461,0
47a209b0-fc26-4a0a-a1fe-e4310d1d2419,3,33,0.455482,0
47a209b0-fc26-4a0a-a1fe-e4310d1d2419,3,34,0.767830,1
47a209b0-fc26-4a0a-a1fe-e4310d1d2419,3,35,0.086616,0
47a209b0-fc26-4a0a-a1fe-e4310d1d2419,3,36,0.113257,0
47a209b0-fc26-4a0a-a1fe-e4310d1d2419,3,37,0.024162,0
47a209b0-fc26-4a0a-a1fe-e4310d1d2419,3,38,0.085097,0
47a209b0-fc26-4a0a-a1fe-e4310d1d2419,3,39,0.029002,0
47a209b0-fc26-4a0a-a1fe-e4310d1d2419,3,40,0.158078,0
47a209b0-fc26-4a0a-a1fe-e4310d1d2419,3,41,0.025442,0
47a209b0-fc26-4a0a-a1fe-e4310d1d2419,3,42,0.019844,0
542cd22c-ea80-4669-995b-6ac6a33823f7,1,0,0.024982,0
542cd22c-ea80-4669-995b-6ac6a33823f7,1,1,0.035398,0
542cd22c-ea80-4669-995b-6ac6a33823f7,1,2,0.026172,0
542cd22c-ea80-4669-995b-6ac6a33823f7,1,3,0.061878,0
542cd22c-ea80-4669-995b-6ac6a33823f7,1,4,0.020386,0
542cd22c-ea80-4669-995b-6ac6a33823f7,1,5,0.022162,0
542cd22c-ea80-4669-995b-6ac6a33823f7,1,6,0.027627,0
542cd22c-ea80-4669-995b-6ac6a33823f7,1,7,0.021880,0
542cd22c-ea80-4669-995b-6ac6a33823f7,1,8,0.023057,0
542cd22c-ea80-4669-995b-6ac6a33823f7,1,9,0.030193,0
542cd22c-ea80-4669-995b-6ac6a33823f7,1,10,0.020325,0
542cd22c-ea80-4669-995b-6ac6a33823f7,1,11,0.025928,0
542cd22c-ea80-4669-995b-6ac6a33823f7,1,12,0.049881,0
542cd22c-ea80-4669-995b-6ac6a33823f7,1,13,0.037534,0
542cd22c-ea80-4669-995b-6ac6a33823f7,1,14,0.045379,0
542cd22c-ea80-4669-995b-6ac6a33823f7,1,15,0.027213,0
542cd22c-ea80-4669-995b-6ac6a33823f7,1,16,0.022103,0
542cd22c-ea80-4669-995b-6ac6a33823f7,1,17,0.017272,0
542cd22c-ea80-4669-995b-6ac6a33823f7,1,18,0.023349,0
542cd22c-ea80-4669-995b-6ac6a33823f7,1,19,0.480763,0
542cd22c-ea80-4669-995b-6ac6a33823f7,1,20,0.019753,0
542cd22c-ea80-4669-995b-6ac6a33823f7,1,21,0.031983,0
542cd22c-ea80-4669-995b-6ac6a33823f7,1,22,0.022618,0
542cd22c-ea80-4669-995b-6ac6a33823f7,1,23,0.062528,0
542cd22c-ea80-4669-995b-6ac6a33823f7,1,24,0.022864,0
542cd22c-ea80-4669-995b-6ac6a33823f7,2,0,0.589842,1
542cd22c-ea80-4669-995b-6ac6a33823f7,2,1,0.027404,0
542cd22c-ea80-4669-995b-6ac6a33823f7,2,2,0.024827,0
542cd22c-ea80-4669-995b-6ac6a33823f7,2,3,0.026036,0
542cd22c-ea80-4669-995b-6ac6a33823f7,2,4,0.036721,0
542cd22c-ea80-4669-995b-6ac6a33823f7,2,5,0.024891,0
542cd22c-ea80-4669-995b-6ac6a33823f7,2,6,0.019827,0
542cd22c-ea80-4669-995b-6ac6a33823f7,2,7,0.969810,1
542cd22c-ea80-4669-995b-6ac6a33823f7,2,8,0.300298,0
542cd22c-ea80-4669-995b-6ac6a33823f7,2,9,0.021115,0
542cd22c-ea80-4669-995b-6ac6a33823f7,2,10,0.018413,0
542cd22c-ea80-4669-995b-6ac6a33823f7,2,11,0.028388,0
542cd22c-ea80-4669-995b-6ac6a33823f7,2,12,0.029152,0
542cd22c-ea80-4669-995b-6ac6a33823f7,2,13,0.020350,0
542cd22c-ea80-4669-995b-6ac6a33823f7,2,14,0.788332,1
542cd22c-ea80-4669-995b-6ac6a33823f7,2,15,0.028622,0
542cd22c-ea80-4669-995b-6ac6a33823f7,2,16,0.038285,0
542cd22c-ea80-4669-995b-6ac6a33823f7,2,17,0.042029,0
542cd22c-ea80-4669-995b-6ac6a33823f7,3,0,0.085051,0
542cd22c-ea80-4669-995b-6ac6a33823f7,3,1,0.135745,0
542cd22c-ea80-4669-995b-6ac6a33823f7,3,2,0.034205,0
542cd22c-ea80-4669-995b-6ac6a33823f7,3,3,0.021157,0
542cd22c-ea80-4669-995b-6ac6a33823f7,3,4,0.023354,0
542cd22c-ea80-4669-995b-6ac6a33823f7,3,5,0.023105,0
542cd22c-ea80-4669-995b-6ac6a33823f7,3,6,0.021831,0
542cd22c-ea80-4669-995b-6ac6a33823f7,3,7,0.027524,0
542cd22c-ea80-4669-995b-6ac6a33823f7,3,8,0.026842,0
542cd22c-ea80-4669-995b-6ac6a33823f7,3,9,0.018582,0
542cd22c-ea80-4669-995b-6ac6a33823f7,3,10,0.020079,0
542cd22c-ea80-4669-995b-6ac6a33823f7,3,11,0.020499,0
542cd22c-ea80-4669-995b-6ac6a33823f7,3,12,0.023930,0
542cd22c-ea80-4669-995b-6ac6a33823f7,3,13,0.070459,0
542cd22c-ea80-4669-995b-6ac6a33823f7,3,14,0.057078,0
542cd22c-ea80-4669-995b-6ac6a33823f7,3,15,0.139695,0
542cd22c-ea80-4669-995b-6ac6a33823f7,3,16,0.024126,0
542cd22c-ea80-4669-995b-6ac6a33823f7,3,17,0.034158,0
542cd22c-ea80-4669-995b-6ac6a33823f7,3,18,0.112782,0
542cd22c-ea80-4669-995b-6ac6a33823f7,3,19,0.031685,0
542cd22c-ea80-4669-995b-6ac6a33823f7,3,20,0.039464,0
542cd22c-ea80-4669-995b-6ac6a33823f7,3,21,0.031811,0
542cd22c-ea80-4669-995b-6ac6a33823f7,3,22,0.910703,1
542cd22c-ea80-4669-995b-6ac6a33823f7,3,23,0.023994,0
542cd22c-ea80-4669-995b-6ac6a33823f7,3,24,0.023673,0
542cd22c-ea80-4669-995b-6ac6a33823f7,3,25,0.034990,0
542cd22c-ea80-4669-995b-6ac6a33823f7,3,26,0.017846,0
542cd22c-ea80-4669-995b-6ac6a33823f7,3,27,0.039423,0
542cd22c-ea80-4669-995b-6ac6a33823f7,3,28,0.025984,0
542cd22c-ea80-4669-995b-6ac6a33823f7,3,29,0.037437,0
542cd22c-ea80-4669-995b-6ac6a33823f7,3,30,0.078157,0
542cd22c-ea80-4669-995b-6ac6a33823f7,3,31,0.027790,0
58f414e5-a122-49f5-819e-512d91069da5,1,0,0.053690,0
58f414e5-a122-49f5-819e-512d91069da5,1,1,0.022265,0
58f414e5-a122-49f5-819e-512d91069da5,1,2,0.022643,0
58f414e5-a122-49f5-819e-512d91069da5,1,3,0.045097,0
58f414e5-a122-49f5-819e-512d91069da5,1,4,0.024325,0
58f414e5-a122-49f5-819e-512d91069da5,1,5,0.067440,0
58f414e5-a122-49f5-819e-512d91069da5,1,6,0.024745,0
58f414e5-a122-49f5-819e-512d91069da5,1,7,0.023026,0
58f414e5-a122-49f5-819e-512d91069da5,1,8,0.024517,0
58f414e5-a122-49f5-819e-512d91069da5,1,9,0.020582,0
58f414e5-a122-49f5-819e-512d91069da5,1,10,0.031145,0
58f414e5-a122-49f5-819e-512d91069da5,1,11,0.022588,0
58f414e5-a122-49f5-819e-512d91069da5,1,12,0.059689,0
58f414e5-a122-49f5-819e-512d91069da5,1,13,0.033415,0
58f414e5-a122-49f5-819e-512d91069da5,1,14,0.024479,0
58f414e5-a122-49f5-819e-512d91069da5,1,15,0.025710,0
58f414e5-a122-49f5-819e-512d91069da5,1,16,0.024738,0
58f414e5-a122-49f5-819e-512d91069da5,1,17,0.042649,0
58f414e5-a122-49f5-819e-512d91069da5,1,18,0.201046,0
58f414e5-a122-49f5-819e-512d91069da5,1,19,0.021271,0
58f414e5-a122-49f5-819e-512d91069da5,1,20,0.098533,0
58f414e5-a122-49f5-819e-512d91069da5,1,21,0.053851,0
58f414e5-a122-49f5-819e-512d91069da5,1,22,0.029132,0
58f414e5-a122-49f5-819e-512d91069da5,1,23,0.023216,0
58f414e5-a122-49f5-819e-512d91069da5,1,24,0.024158,0
58f414e5-a122-49f5-819e-512d91069da5,1,25,0.024729,0
58f414e5-a122-49f5-819e-512d91069da5,1,26,0.028124,0
58f414e5-a122-49f5-819e-512d91069da5,1,27,0.021677,0
58f414e5-a122-49f5-819e-512d91069da5,1,28,0.026325,0
58f414e5-a122-49f5-819e-512d91069da5,1,29,0.021704,0
58f414e5-a122-49f5-819e-512d91069da5,1,30,0.021508,0
58f414e5-a122-49f5-819e-512d91069da5,1,31,0.029498,0
58f414e5-a122-49f5-819e-512d91069da5,1,32,0.018412,0
58f414e5-a122-49f5-819e-512d91069da5,1,33,0.160357,0
58f414e5-a122-49f5-819e-512d91069da5,1,34,0.044543,0
58f414e5-a122-49f5-819e-512d91069da5,1,35,0.064043,0
58f414e5-a122-49f5-819e-512d91069da5,2,0,0.064329,0
58f414e5-a122-49f5-819e-512d91069da5,2,1,0.056174,0
58f414e5-a122-49f5-819e-512d91069da5,2,2,0.156147,0
58f414e5-a122-49f5-819e-512d91069da5,2,3,0.058247,0
58f414e5-a122-49f5-819e-512d91069da5,2,4,0.077768,0
58f414e5-a122-49f5-819e-512d91069da5,2,5,0.027173,0
58f414e5-a122-49f5-819e-512d91069da5,2,6,0.953348,1
58f414e5-a122-49f5-819e-512d91069da5,2,7,0.027553,0
58f414e5-a122-49f5-819e-512d91069da5,2,8,0.028102,0
58f414e5-a122-49f5-819e-512d91069da5,2,9,0.037994,0
58f414e5-a122-49f5-819e-512d91069da5,2,10,0.035487,0
58f414e5-a122-49f5-819e-512d91069da5,2,11,0.020110,0
58f414e5-a122-49f5-819e-512d91069da5,2,12,0.036809,0
58f414e5-a122-49f5-819e-512d91069da5,2,13,0.022145,0
58f414e5-a122-49f5-819e-512d91069da5,2,14,0.024874,0
58f414e5-a122-49f5-819e-512d91069da5,2,15,0.465960,0
58f414e5-a122-49f5-819e-512d91069da5,2,16,0.855874,1
58f414e5-a122-49f5-819e-512d91069da5,2,17,0.021610,0
58f414e5-a122-49f5-819e-512d91069da5,2,18,0.431133,0
58f414e5-a122-49f5-819e-512d91069da5,2,19,0.793201,1
58f414e5-a122-49f5-819e-512d91069da5,2,20,0.031602,0
58f414e5-a122-49f5-819e-512d91069da5,2,21,0.028622,0
58f414e5-a122-49f5-819e-512d91069da5,2,22,0.143375,0
58f414e5-a122-49f5-819e-512d91069da5,2,23,0.810605,1
58f414e5-a122-49f5-819e-512d91069da5,2,24,0.805133,1
58f414e5-a122-49f5-819e-512d91069da5,2,25,0.464953,0
58f414e5-a122-49f5-819e-512d91069da5,2,26,0.046945,0
58f414e5-a122-49f5-819e-512d91069da5,2,27,0.973982,1
58f414e5-a122-49f5-819e-512d91069da5,2,28,0.022344,0
58f414e5-a122-49f5-819e-512d91069da5,2,29,0.030451,0
58f414e5-a122-49f5-819e-512d91069da5,2,30,0.032649,0
58f414e5-a122-49f5-819e-512d91069da5,2,31,0.914454,1
58f414e5-a122-49f5-819e-512d91069da5,2,32,0.052568,0
58f414e5-a122-49f5-819e-512d91069da5,2,33,0.040209,0
58f414e5-a122-49f5-819e-512d91069da5,2,34,0.038401,0
58f414e5-a122-49f5-819e-512d91069da5,2,35,0.040301,0
58f414e5-a122-49f5-819e-512d91069da5,2,36,0.019306,0
58f414e5-a122-49f5-819e-512d91069da5,2,37,0.038673,0
58f414e5-a122-49f5-819e-512d91069da5,2,38,0.056241,0
58f414e5-a122-49f5-819e-512d91069da5,2,39,0.029069,0
58f414e5-a122-49f5-819e-512d91069da5,2,40,0.028732,0
58f414e5-a122-49f5-819e-512d91069da5,2,41,0.020491,0
58f414e5-a122-49f5-819e-512d91069da5,2,42,0.901801,1
58f414e5-a122-49f5-819e-512d91069da5,2,43,0.021139,0
58f414e5-a122-49f5-819e-512d91069da5,2,44,0.019879,0
58f414e5-a122-49f5-819e-512d91069da5,2,45,0.034835,0
58f414e5-a122-49f5-819e-512d91069da5,2,46,0.020304,0
58f414e5-a122-49f5-819e-512d91069da5,2,47,0.033896,0
58f414e5-a122-49f5-819e-512d91069da5,2,48,0.950482,1
58f414e5-a122-49f5-819e-512d91069da5,2,49,0.041648,0
58f414e5-a122-49f5-819e-512d91069da5,2,50,0.034147,0
58f414e5-a122-49f5-819e-512d91069da5,2,51,0.032800,0
58f414e5-a122-49f5-819e-512d91069da5,2,52,0.043020,0
58f414e5-a122-49f5-819e-512d91069da5,2,53,0.023522,0
58f414e5-a122-49f5-819e-512d91069da5,2,54,0.025081,0
58f414e5-a122-49f5-819e-512d91069da5,2,55,0.030012,0
58f414e5-a122-49f5-819e-512d91069da5,2,56,0.027358,0
58f414e5-a122-49f5-819e-512d91069da5,2,57,0.067659,0
58f414e5-a122-49f5-819e-512d91069da5,2,58,0.042853,0
58f414e5-a122-49f5-819e-512d91069da5,2,59,0.028853,0
58f414e5-a122-49f5-819e-512d91069da5,2,60,0.080375,0
58f414e5-a122-49f5-819e-512d91069da5,2,61,0.030143,0
58f414e5-a122-49f5-819e-512d91069da5,2,62,0.021895,0
58f414e5-a122-49f5-819e-512d91069da5,2,63,0.072679,0
58f414e5-a122-49f5-819e-512d91069da5,2,64,0.040458,0
58f414e5-a122-49f5-819e-512d91069da5,3,0,0.029473,0
58f414e5-a122-49f5-819e-512d91069da5,3,1,0.028465,0
58f414e5-a122-49f5-819e-512d91069da5,3,2,0.026823,0
58f414e5-a122-49f5-819e-512d91069da5,3,3,0.022421,0
58f414e5-a122-49f5-819e-512d91069da5,3,4,0.024619,0
58f414e5-a122-49f5-819e-512d91069da5,3,5,0.019801,0
58f414e5-a122-49f5-819e-512d91069da5,3,6,0.024995,0
58f414e5-a122-49f5-819e-512d91069da5,3,7,0.021304,0
58f414e5-a122-49f5-819e-512d91069da5,3,8,0.027039,0
58f414e5-a122-49f5-819e-512d91069da5,3,9,0.023694,0
58f414e5-a122-49f5-819e-512d91069da5,3,10,0.020505,0
58f414e5-a122-49f5-819e-512d91069da5,3,11,0.024723,0
58f414e5-a122-49f5-819e-512d91069da5,3,12,0.023329,0
58f414e5-a122-49f5-819e-512d91069da5,3,13,0.025050,0
58f414e5-a122-49f5-819e-512d91069da5,3,14,0.022815,0
58f414e5-a122-49f5-819e-512d91069da5,3,15,0.022857,0
58f414e5-a122-49f5-819e-512d91069da5,3,16,0.019162,0
58f414e5-a122-49f5-819e-512d91069da5,3,17,0.027362,0
58f414e5-a122-49f5-819e-512d91069da5,3,18,0.027431,0
58f414e5-a122-49f5-819e-512d91069da5,3,19,0.018095,0
58f414e5-a122-49f5-819e-512d91069da5,3,20,0.032006,0
58f414e5-a122-49f5-819e-512d91069da5,3,21,0.021250,0
58f414e5-a122-49f5-819e-512d91069da5,3,22,0.025835,0
58f414e5-a122-49f5-819e-512d91069da5,3,23,0.018729,0
58f414e5-a122-49f5-819e-512d91069da5,3,24,0.022259,0
58f414e5-a122-49f5-819e-512d91069da5,3,25,0.022904,0
58f414e5-a122-49f5-819e-512d91069da5,3,26,0.021229,0
58f414e5-a122-49f5-819e-512d91069da5,3,27,0.051136,0
58f414e5-a122-49f5-819e-512d91069da5,3,28,0.023811,0
58f414e5-a122-49f5-819e-512d91069da5,3,29,0.023207,0
58f414e5-a122-49f5-819e-512d91069da5,3,30,0.024447,0
58f414e5-a122-49f5-819e-512d91069da5,3,31,0.025277,0
58f414e5-a122-49f5-819e-512d91069da5,3,32,0.026197,0
58f414e5-a122-49f5-819e-512d91069da5,3,33,0.025510,0
58f414e5-a122-49f5-819e-512d91069da5,3,34,0.025935,0
58f414e5-a122-49f5-819e-512d91069da5,3,35,0.021230,0
58f414e5-a122-49f5-819e-512d91069da5,3,36,0.021035,0
58f414e5-a122-49f5-819e-512d91069da5,3,37,0.031891,0
58f414e5-a122-49f5-819e-512d91069da5,3,38,0.025488,0
58f414e5-a122-49f5-819e-512d91069da5,3,39,0.021649,0
58f414e5-a122-49f5-819e-512d91069da5,3,40,0.019038,0
58f414e5-a122-49f5-819e-512d91069da5,3,41,0.032975,0
58f414e5-a122-49f5-819e-512d91069da5,3,42,0.018997,0
58f414e5-a122-49f5-819e-512d91069da5,3,43,0.027372,0
58f414e5-a122-49f5-819e-512d91069da5,3,44,0.018935,0
58f414e5-a122-49f5-819e-512d91069da5,3,45,0.023242,0
58f414e5-a122-49f5-819e-512d91069da5,3,46,0.025850,0
58f414e5-a122-49f5-819e-512d91069da5,3,47,0.024888,0
58f414e5-a122-49f5-819e-512d91069da5,3,48,0.021331,0
58f414e5-a122-49f5-819e-512d91069da5,3,49,0.021450,0
58f414e5-a122-49f5-819e-512d91069da5,3,50,0.022178,0
58f414e5-a122-49f5-819e-512d91069da5,3,51,0.021140,0
58f414e5-a122-49f5-819e-512d91069da5,3,52,0.019161,0
58f414e5-a122-49f5-819e-512d91069da5,3,53,0.034044,0
58f414e5-a122-49f5-819e-512d91069da5,3,54,0.019150,0
58f414e5-a122-49f5-819e-512d91069da5,3,55,0.025147,0
58f414e5-a122-49f5-819e-512d91069da5,3,56,0.022731,0
72fa9b13-4e59-4716-8df9-4c3580e7dddf,1,0,0.018643,0
72fa9b13-4e59-4716-8df9-4c3580e7dddf,1,1,0.021662,0
72fa9b13-4e59-4716-8df9-4c3580e7dddf,1,2,0.037405,0
72fa9b13-4e59-4716-8df9-4c3580e7dddf,1,3,0.020171,0
72fa9b13-4e59-4716-8df9-4c3580e7dddf,1,4,0.032228,0
72fa9b13-4e59-4716-8df9-4c3580e7dddf,1,5,0.050503,0
72fa9b13-4e59-4716-8df9-4c3580e7dddf,1,6,0.029769,0
72fa9b13-4e59-4716-8df9-4c3580e7dddf,1,7,0.451838,0
72fa9b13-4e59-4716-8df9-4c3580e7dddf,1,8,0.033924,0
72fa9b13-4e59-4716-8df9-4c3580e7dddf,1,9,0.027503,0
72fa9b13-4e59-4716-8df9-4c3580e7dddf,1,10,0.020796,0
72fa9b13-4e59-4716-8df9-4c3580e7dddf,1,11,0.106449,0
72fa9b13-4e59-4716-8df9-4c3580e7dddf,1,12,0.313835,0
72fa9b13-4e59-4716-8df9-4c3580e7dddf,1,13,0.036183,0
72fa9b13-4e59-4716-8df9-4c3580e7dddf,1,14,0.021385,0
72fa9b13-4e59-4716-8df9-4c3580e7dddf,1,15,0.041753,0
72fa9b13-4e59-4716-8df9-4c3580e7dddf,1,16,0.129391,0
72fa9b13-4e59-4716-8df9-4c3580e7dddf,1,17,0.108545,0
72fa9b13-4e59-4716-8df9-4c3580e7dddf,1,18,0.394805,0
72fa9b13-4e59-4716-8df9-4c3580e7dddf,1,19,0.050153,0
72fa9b13-4e59-4716-8df9-4c3580e7dddf,1,20,0.968572,1
72fa9b13-4e59-4716-8df9-4c3580e7dddf,1,21,0.025048,0
72fa9b13-4e59-4716-8df9-4c3580e7dddf,1,22,0.027041,0
72fa9b13-4e59-4716-8df9-4c3580e7dddf,1,23,0.030620,0
72fa9b13-4e59-4716-8df9-4c3580e7dddf,1,24,0.039506,0
72fa9b13-4e59-4716-8df9-4c3580e7dddf,1,25,0.536365,1
72fa9b13-4e59-4716-8df9-4c3580e7dddf,1,26,0.194681,0
72fa9b13-4e59-4716-8df9-4c3580e7dddf,1,27,0.024829,0
72fa9b13-4e59-4716-8df9-4c3580e7dddf,2,0,0.019218,0
72fa9b13-4e59-4716-8df9-4c3580e7dddf,2,1,0.018962,0
72fa9b13-4e59-4716-8df9-4c3580e7dddf,2,2,0.330035,0
72fa9b13-4e59-4716-8df9-4c3580e7dddf,2,3,0.021672,0
72fa9b13-4e59-4716-8df9-4c3580e7dddf,2,4,0.020802,0
72fa9b13-4e59-4716-8df9-4c3580e7dddf,2,5,0.021315,0
72fa9b13-4e59-4716-8df9-4c3580e7dddf,2,6,0.020403,0
72fa9b13-4e59-4716-8df9-4c3580e7dddf,2,7,0.086966,0
72fa9b13-4e59-4716-8df9-4c3580e7dddf,2,8,0.026545,0
72fa9b13-4e59-4716-8df9-4c3580e7dddf,2,9,0.027058,0
72fa9b13-4e59-4716-8df9-4c3580e7dddf,2,10,0.019830,0
72fa9b13-4e59-4716-8df9-4c3580e7dddf,2,11,0.023399,0
72fa9b13-4e59-4716-8df9-4c3580e7dddf,2,12,0.028844,0
72fa9b13-4e59-4716-8df9-4c3580e7dddf,3,0,0.018912,0
72fa9b13-4e59-4716-8df9-4c3580e7dddf,3,1,0.447617,0
72fa9b13-4e59-4716-8df9-4c3580e7dddf,3,2,0.021878,0
72fa9b13-4e59-4716-8df9-4c3580e7dddf,3,3,0.192237,0
72fa9b13-4e59-4716-8df9-4c3580e7dddf,3,4,0.030426,0
72fa9b13-4e59-4716-8df9-4c3580e7dddf,3,5,0.028026,0
72fa9b13-4e59-4716-8df9-4c3580e7dddf,3,6,0.029484,0
72fa9b13-4e59-4716-8df9-4c3580e7dddf,3,7,0.202858,0
72fa9b13-4e59-4716-8df9-4c3580e7dddf,3,8,0.026851,0
72fa9b13-4e59-4716-8df9-4c3580e7dddf,3,9,0.045607,0
72fa9b13-4e59-4716-8df9-4c3580e7dddf,3,10,0.054479,0
72fa9b13-4e59-4716-8df9-4c3580e7dddf,3,11,0.892572,1
72fa9b13-4e59-4716-8df9-4c3580e7dddf,3,12,0.033150,0
72fa9b13-4e59-4716-8df9-4c3580e7dddf,3,13,0.020527,0
72fa9b13-4e59-4716-8df9-4c3580e7dddf,3,14,0.018261,0
72fa9b13-4e59-4716-8df9-4c3580e7dddf,3,15,0.028600,0
72fa9b13-4e59-4716-8df9-4c3580e7dddf,3,16,0.021212,0
72fa9b13-4e59-4716-8df9-4c3580e7dddf,3,17,0.023630,0
72fa9b13-4e59-4716-8df9-4c3580e7dddf,3,18,0.031841,0
72fa9b13-4e59-4716-8df9-4c3580e7dddf,3,19,0.041362,0
72fa9b13-4e59-4716-8df9-4c3580e7dddf,3,20,0.023992,0
72fa9b13-4e59-4716-8df9-4c3580e7dddf,3,21,0.053016,0
72fa9b13-4e59-4716-8df9-4c3580e7dddf,3,22,0.025018,0
72fa9b13-4e59-4716-8df9-4c3580e7dddf,3,23,0.032811,0
72fa9b13-4e59-4716-8df9-4c3580e7dddf,3,24,0.023498,0
72fa9b13-4e59-4716-8df9-4c3580e7dddf,3,25,0.033997,0
72fa9b13-4e59-4716-8df9-4c3580e7dddf,3,26,0.040296,0
72fa9b13-4e59-4716-8df9-4c3580e7dddf,3,27,0.024878,0
72fa9b13-4e59-4716-8df9-4c3580e7dddf,3,28,0.030153,0
72fa9b13-4e59-4716-8df9-4c3580e7dddf,3,29,0.021406,0
72fa9b13-4e59-4716-8df9-4c3580e7dddf,3,30,0.024111,0
84b3c118-50d2-45a5-a91f-7ed95b5d0143,1,0,0.166345,0
84b3c118-50d2-45a5-a91f-7ed95b5d0143,1,1,0.236218,0
84b3c118-50d2-45a5-a91f-7ed95b5d0143,1,2,0.026391,0
84b3c118-50d2-45a5-a91f-7ed95b5d0143,1,3,0.043154,0
84b3c118-50d2-45a5-a91f-7ed95b5d0143,1,4,0.040844,0
84b3c118-50d2-45a5-a91f-7ed95b5d0143,1,5,0.056558,0
84b3c118-50d2-45a5-a91f-7ed95b5d0143,1,6,0.024155,0
84b3c118-50d2-45a5-a91f-7ed95b5d0143,1,7,0.271344,0
84b3c118-50d2-45a5-a91f-7ed95b5d0143,1,8,0.951638,1
84b3c118-50d2-45a5-a91f-7ed95b5d0143,1,9,0.030677,0
84b3c118-50d2-45a5-a91f-7ed95b5d0143,1,10,0.693534,1
84b3c118-50d2-45a5-a91f-7ed95b5d0143,1,11,0.104560,0
84b3c118-50d2-45a5-a91f-7ed95b5d0143,1,12,0.263130,0
84b3c118-50d2-45a5-a91f-7ed95b5d0143,1,13,0.027264,0
84b3c118-50d2-45a5-a91f-7ed95b5d0143,1,14,0.155217,0
84b3c118-50d2-45a5-a91f-7ed95b5d0143,1,15,0.206685,0
84b3c118-50d2-45a5-a91f-7ed95b5d0143,1,16,0.275011,0
84b3c118-50d2-45a5-a91f-7ed95b5d0143,1,17,0.079401,0
84b3c118-50d2-45a5-a91f-7ed95b5d0143,1,18,0.392944,0
84b3c118-50d2-45a5-a91f-7ed95b5d0143,1,19,0.045515,0
84b3c118-50d2-45a5-a91f-7ed95b5d0143,1,20,0.077103,0
84b3c118-50d2-45a5-a91f-7ed95b5d0143,1,21,0.086380,0
84b3c118-50d2-45a5-a91f-7ed95b5d0143,1,22,0.043830,0
84b3c118-50d2-45a5-a91f-7ed95b5d0143,1,23,0.115081,0
84b3c118-50d2-45a5-a91f-7ed95b5d0143,1,24,0.027344,0
84b3c118-50d2-45a5-a91f-7ed95b5d0143,1,25,0.061910,0
84b3c118-50d2-45a5-a91f-7ed95b5d0143,1,26,0.044356,0
84b3c118-50d2-45a5-a91f-7ed95b5d0143,1,27,0.022666,0
84b3c118-50d2-45a5-a91f-7ed95b5d0143,1,28,0.034104,0
84b3c118-50d2-45a5-a91f-7ed95b5d0143,1,29,0.025575,0
84b3c118-50d2-45a5-a91f-7ed95b5d0143,2,0,0.235829,0
84b3c118-50d2-45a5-a91f-7ed95b5d0143,2,1,0.854074,1
84b3c118-50d2-45a5-a91f-7ed95b5d0143,2,2,0.978935,1
84b3c118-50d2-45a5-a91f-7ed95b5d0143,2,3,0.168507,0
84b3c118-50d2-45a5-a91f-7ed95b5d0143,2,4,0.111095,0
84b3c118-50d2-45a5-a91f-7ed95b5d0143,2,5,0.220069,0
84b3c118-50d2-45a5-a91f-7ed95b5d0143,2,6,0.914900,1
84b3c118-50d2-45a5-a91f-7ed95b5d0143,2,7,0.095752,0
84b3c118-50d2-45a5-a91f-7ed95b5d0143,2,8,0.032373,0
84b3c118-50d2-45a5-a91f-7ed95b5d0143,2,9,0.918902,1
84b3c118-50d2-45a5-a91f-7ed95b5d0143,2,10,0.254904,0
84b3c118-50d2-45a5-a91f-7ed95b5d0143,2,11,0.884506,1
84b3c118-50d2-45a5-a91f-7ed95b5d0143,2,12,0.126364,0
84b3c118-50d2-45a5-a91f-7ed95b5d0143,2,13,0.420154,0
84b3c118-50d2-45a5-a91f-7ed95b5d0143,2,14,0.031217,0
84b3c118-50d2-45a5-a91f-7ed95b5d0143,2,15,0.024076,0
84b3c118-50d2-45a5-a91f-7ed95b5d0143,2,16,0.019117,0
84b3c118-50d2-45a5-a91f-7ed95b5d0143,2,17,0.044520,0
84b3c118-50d2-45a5-a91f-7ed95b5d0143,2,18,0.046108,0
84b3c118-50d2-45a5-a91f-7ed95b5d0143,2,19,0.034338,0
84b3c118-50d2-45a5-a91f-7ed95b5d0143,2,20,0.034513,0
84b3c118-50d2-45a5-a91f-7ed95b5d0143,2,21,0.047806,0
84b3c118-50d2-45a5-a91f-7ed95b5d0143,2,22,0.030057,0
84b3c118-50d2-45a5-a91f-7ed95b5d0143,2,23,0.021513,0
84b3c118-50d2-45a5-a91f-7ed95b5d0143,2,24,0.040068,0
84b3c118-50d2-45a5-a91f-7ed95b5d0143,2,25,0.021912,0
84b3c118-50d2-45a5-a91f-7ed95b5d0143,2,26,0.026519,0
84b3c118-50d2-45a5-a91f-7ed95b5d0143,2,27,0.021230,0
84b3c118-50d2-45a5-a91f-7ed95b5d0143,2,28,0.627863,1
84b3c118-50d2-45a5-a91f-7ed95b5d0143,2,29,0.023263,0
84b3c118-50d2-45a5-a91f-7ed95b5d0143,2,30,0.138593,0
84b3c118-50d2-45a5-a91f-7ed95b5d0143,2,31,0.026307,0
84b3c118-50d2-45a5-a91f-7ed95b5d0143,2,32,0.068004,0
84b3c118-50d2-45a5-a91f-7ed95b5d0143,2,33,0.637101,1
84b3c118-50d2-45a5-a91f-7ed95b5d0143,2,34,0.049754,0
84b3c118-50d2-45a5-a91f-7ed95b5d0143,2,35,0.183566,0
84b3c118-50d2-45a5-a91f-7ed95b5d0143,2,36,0.039043,0
84b3c118-50d2-45a5-a91f-7ed95b5d0143,2,37,0.045909,0
84b3c118-50d2-45a5-a91f-7ed95b5d0143,2,38,0.051635,0
84b3c118-50d2-45a5-a91f-7ed95b5d0143,2,39,0.020867,0
84b3c118-50d2-45a5-a91f-7ed95b5d0143,2,40,0.027202,0
84b3c118-50d2-45a5-a91f-7ed95b5d0143,2,41,0.032493,0
84b3c118-50d2-45a5-a91f-7ed95b5d0143,2,42,0.022073,0
84b3c118-50d2-45a5-a91f-7ed95b5d0143,2,43,0.146919,0
84b3c118-50d2-45a5-a91f-7ed95b5d0143,2,44,0.023922,0
84b3c118-50d2-45a5-a91f-7ed95b5d0143,2,45,0.024286,0
84b3c118-50d2-45a5-a91f-7ed95b5d0143,2,46,0.339629,0
84b3c118-50d2-45a5-a91f-7ed95b5d0143,2,47,0.080859,0
84b3c118-50d2-45a5-a91f-7ed95b5d0143,2,48,0.029651,0
84b3c118-50d2-45a5-a91f-7ed95b5d0143,2,49,0.085325,0
84b3c118-50d2-45a5-a91f-7ed95b5d0143,2,50,0.077863,0
84b3c118-50d2-45a5-a91f-7ed95b5d0143,2,51,0.291002,0
84b3c118-50d2-45a5-a91f-7ed95b5d0143,2,52,0.703813,1
84b3c118-50d2-45a5-a91f-7ed95b5d0143,2,53,0.976666,1
84b3c118-50d2-45a5-a91f-7ed95b5d0143,2,54,0.922857,1
84b3c118-50d2-45a5-a91f-7ed95b5d0143,2,55,0.027038,0
84b3c118-50d2-45a5-a91f-7ed95b5d0143,2,56,0.028216,0
84b3c118-50d2-45a5-a91f-7ed95b5d0143,2,57,0.019379,0
84b3c118-50d2-45a5-a91f-7ed95b5d0143,2,58,0.021290,0
84b3c118-50d2-45a5-a91f-7ed95b5d0143,2,59,0.031934,0
84b3c118-50d2-45a5-a91f-7ed95b5d0143,2,60,0.031752,0
84b3c118-50d2-45a5-a91f-7ed95b5d0143,2,61,0.039669,0
84b3c118-50d2-45a5-a91f-7ed95b5d0143,2,62,0.025762,0
84b3c118-50d2-45a5-a91f-7ed95b5d0143,2,63,0.039921,0
84b3c118-50d2-45a5-a91f-7ed95b5d0143,2,64,0.206925,0
84b3c118-50d2-45a5-a91f-7ed95b5d0143,2,65,0.912685,1
84b3c118-50d2-45a5-a91f-7ed95b5d0143,2,66,0.978185,1
84b3c118-50d2-45a5-a91f-7ed95b5d0143,2,67,0.063749,0
84b3c118-50d2-45a5-a91f-7ed95b5d0143,2,68,0.023472,0
84b3c118-50d2-45a5-a91f-7ed95b5d0143,2,69,0.021481,0
84b3c118-50d2-45a5-a91f-7ed95b5d0143,2,70,0.027172,0
84b3c118-50d2-45a5-a91f-7ed95b5d0143,2,71,0.099282,0
84b3c118-50d2-45a5-a91f-7ed95b5d0143,2,72,0.029594,0
84b3c118-50d2-45a5-a91f-7ed95b5d0143,3,0,0.034065,0
84b3c118-50d2-45a5-a91f-7ed95b5d0143,3,1,0.031891,0
84b3c118-50d2-45a5-a91f-7ed95b5d0143,3,2,0.029477,0
84b3c118-50d2-45a5-a91f-7ed95b5d0143,3,3,0.805039,1
84b3c118-50d2-45a5-a91f-7ed95b5d0143,3,4,0.022834,0
84b3c118-50d2-45a5-a91f-7ed95b5d0143,3,5,0.030073,0
84b3c118-50d2-45a5-a91f-7ed95b5d0143,3,6,0.029846,0
84b3c118-50d2-45a5-a91f-7ed95b5d0143,3,7,0.029553,0
be026bd1-52b1-4789-bfd3-3632af17b054,1,0,0.061379,0
be026bd1-52b1-4789-bfd3-3632af17b054,1,1,0.021730,0
be026bd1-52b1-4789-bfd3-3632af17b054,1,2,0.033033,0
be026bd1-52b1-4789-bfd3-3632af17b054,1,3,0.029836,0
be026bd1-52b1-4789-bfd3-3632af17b054,1,4,0.020098,0
be026bd1-52b1-4789-bfd3-3632af17b054,1,5,0.035603,0
be026bd1-52b1-4789-bfd3-3632af17b054,1,6,0.068639,0
be026bd1-52b1-4789-bfd3-3632af17b054,1,7,0.081598,0
be026bd1-52b1-4789-bfd3-3632af17b054,1,8,0.023758,0
be026bd1-52b1-4789-bfd3-3632af17b054,1,9,0.031055,0
be026bd1-52b1-4789-bfd3-3632af17b054,1,10,0.040147,0
be026bd1-52b1-4789-bfd3-3632af17b054,1,11,0.044039,0
be026bd1-52b1-4789-bfd3-3632af17b054,1,12,0.034725,0
be026bd1-52b1-4789-bfd3-3632af17b054,2,0,0.021037,0
be026bd1-52b1-4789-bfd3-3632af17b054,2,1,0.025043,0
be026bd1-52b1-4789-bfd3-3632af17b054,2,2,0.023642,0
be026bd1-52b1-4789-bfd3-3632af17b054,2,3,0.032059,0
be026bd1-52b1-4789-bfd3-3632af17b054,2,4,0.397443,0
be026bd1-52b1-4789-bfd3-3632af17b054,2,5,0.269340,0
be026bd1-52b1-4789-bfd3-3632af17b054,2,6,0.024518,0
be026bd1-52b1-4789-bfd3-3632af17b054,2,7,0.376807,0
be026bd1-52b1-4789-bfd3-3632af17b054,2,8,0.950733,1
be026bd1-52b1-4789-bfd3-3632af17b054,2,9,0.024342,0
be026bd1-52b1-4789-bfd3-3632af17b054,2,10,0.022135,0
be026bd1-52b1-4789-bfd3-3632af17b054,2,11,0.027110,0
be026bd1-52b1-4789-bfd3-3632af17b054,2,12,0.072133,0
be026bd1-52b1-4789-bfd3-3632af17b054,2,13,0.020978,0
be026bd1-52b1-4789-bfd3-3632af17b054,2,14,0.020931,0
be026bd1-52b1-4789-bfd3-3632af17b054,2,15,0.021117,0
be026bd1-52b1-4789-bfd3-3632af17b054,2,16,0.046949,0
be026bd1-52b1-4789-bfd3-3632af17b054,2,17,0.028150,0
be026bd1-52b1-4789-bfd3-3632af17b054,2,18,0.022089,0
be026bd1-52b1-4789-bfd3-3632af17b054,2,19,0.023027,0
be026bd1-52b1-4789-bfd3-3632af17b054,2,20,0.026191,0
be026bd1-52b1-4789-bfd3-3632af17b054,2,21,0.047255,0
be026bd1-52b1-4789-bfd3-3632af17b054,2,22,0.058937,0
be026bd1-52b1-4789-bfd3-3632af17b054,2,23,0.030612,0
be026bd1-52b1-4789-bfd3-3632af17b054,2,24,0.991659,1
be026bd1-52b1-4789-bfd3-3632af17b054,2,25,0.048491,0
be026bd1-52b1-4789-bfd3-3632af17b054,2,26,0.024279,0
be026bd1-52b1-4789-bfd3-3632af17b054,2,27,0.028467,0
be026bd1-52b1-4789-bfd3-3632af17b054,2,28,0.067899,0
be026bd1-52b1-4789-bfd3-3632af17b054,2,29,0.021017,0
be026bd1-52b1-4789-bfd3-3632af17b054,2,30,0.023218,0
be026bd1-52b1-4789-bfd3-3632af17b054,2,31,0.096354,0
be026bd1-52b1-4789-bfd3-3632af17b054,2,32,0.093226,0
be026bd1-52b1-4789-bfd3-3632af17b054,3,0,0.049898,0
be026bd1-52b1-4789-bfd3-3632af17b054,3,1,0.025406,0
be026bd1-52b1-4789-bfd3-3632af17b054,3,2,0.025211,0
be026bd1-52b1-4789-bfd3-3632af17b054,3,3,0.020643,0
be026bd1-52b1-4789-bfd3-3632af17b054,3,4,0.042748,0
be026bd1-52b1-4789-bfd3-3632af17b054,3,5,0.021760,0
be026bd1-52b1-4789-bfd3-3632af17b054,3,6,0.122084,0
be026bd1-52b1-4789-bfd3-3632af17b054,3,7,0.143657,0
be026bd1-52b1-4789-bfd3-3632af17b054,3,8,0.034104,0
be026bd1-52b1-4789-bfd3-3632af17b054,3,9,0.987627,1
be026bd1-52b1-4789-bfd3-3632af17b054,3,10,0.024238,0
be026bd1-52b1-4789-bfd3-3632af17b054,3,11,0.029911,0
be026bd1-52b1-4789-bfd3-3632af17b054,3,12,0.186751,0
be026bd1-52b1-4789-bfd3-3632af17b054,3,13,0.023810,0
be026bd1-52b1-4789-bfd3-3632af17b054,3,14,0.038395,0
be026bd1-52b1-4789-bfd3-3632af17b054,3,15,0.051820,0
be026bd1-52b1-4789-bfd3-3632af17b054,3,16,0.043511,0
be026bd1-52b1-4789-bfd3-3632af17b054,3,17,0.037653,0
be026bd1-52b1-4789-bfd3-3632af17b054,3,18,0.075992,0
be026bd1-52b1-4789-bfd3-3632af17b054,3,19,0.084254,0
be026bd1-52b1-4789-bfd3-3632af17b054,3,20,0.020521,0
be026bd1-52b1-4789-bfd3-3632af17b054,3,21,0.025950,0
be026bd1-52b1-4789-bfd3-3632af17b054,3,22,0.020926,0
be026bd1-52b1-4789-bfd3-3632af17b054,3,23,0.031479,0
be026bd1-52b1-4789-bfd3-3632af17b054,3,24,0.094143,0
be026bd1-52b1-4789-bfd3-3632af17b054,3,25,0.022948,0
be026bd1-52b1-4789-bfd3-3632af17b054,3,26,0.022251,0
be026bd1-52b1-4789-bfd3-3632af17b054,3,27,0.026659,0
be026bd1-52b1-4789-bfd3-3632af17b054,3,28,0.021760,0
d16050b3-979f-4834-90db-b8823691b87e,1,0,0.423858,0
d16050b3-979f-4834-90db-b8823691b87e,1,1,0.789540,1
d16050b3-979f-4834-90db-b8823691b87e,1,2,0.025131,0
d16050b3-979f-4834-90db-b8823691b87e,1,3,0.020826,0
d16050b3-979f-4834-90db-b8823691b87e,1,4,0.041056,0
d16050b3-979f-4834-90db-b8823691b87e,1,5,0.027038,0
d16050b3-979f-4834-90db-b8823691b87e,1,6,0.020769,0
d16050b3-979f-4834-90db-b8823691b87e,1,7,0.645726,1
d16050b3-979f-4834-90db-b8823691b87e,1,8,0.022438,0
d16050b3-979f-4834-90db-b8823691b87e,1,9,0.033912,0
d16050b3-979f-4834-90db-b8823691b87e,1,10,0.019738,0
d16050b3-979f-4834-90db-b8823691b87e,1,11,0.032717,0
d16050b3-979f-4834-90db-b8823691b87e,1,12,0.027966,0
d16050b3-979f-4834-90db-b8823691b87e,1,13,0.026712,0
d16050b3-979f-4834-90db-b8823691b87e,1,14,0.023953,0
d16050b3-979f-4834-90db-b8823691b87e,1,15,0.022201,0
d16050b3-979f-4834-90db-b8823691b87e,1,16,0.049558,0
d16050b3-979f-4834-90db-b8823691b87e,1,17,0.971446,1
d16050b3-979f-4834-90db-b8823691b87e,1,18,0.878535,1
d16050b3-979f-4834-90db-b8823691b87e,1,19,0.810221,1
d16050b3-979f-4834-90db-b8823691b87e,1,20,0.297751,0
d16050b3-979f-4834-90db-b8823691b87e,1,21,0.403508,0
d16050b3-979f-4834-90db-b8823691b87e,1,22,0.038476,0
d16050b3-979f-4834-90db-b8823691b87e,1,23,0.023865,0
d16050b3-979f-4834-90db-b8823691b87e,1,24,0.023457,0
d16050b3-979f-4834-90db-b8823691b87e,1,25,0.124067,0
d16050b3-979f-4834-90db-b8823691b87e,1,26,0.047752,0
d16050b3-979f-4834-90db-b8823691b87e,1,27,0.035854,0
d16050b3-979f-4834-90db-b8823691b87e,1,28,0.304596,0
d16050b3-979f-4834-90db-b8823691b87e,1,29,0.023187,0
d16050b3-979f-4834-90db-b8823691b87e,1,30,0.053209,0
d16050b3-979f-4834-90db-b8823691b87e,1,31,0.574914,1
d16050b3-979f-4834-90db-b8823691b87e,1,32,0.655289,1
d16050b3-979f-4834-90db-b8823691b87e,1,33,0.351467,0
d16050b3-979f-4834-90db-b8823691b87e,2,0,0.977398,1
d16050b3-979f-4834-90db-b8823691b87e,2,1,0.643115,1
d16050b3-979f-4834-90db-b8823691b87e,2,2,0.666188,1
d16050b3-979f-4834-90db-b8823691b87e,2,3,0.038678,0
d16050b3-979f-4834-90db-b8823691b87e,2,4,0.031395,0
d16050b3-979f-4834-90db-b8823691b87e,2,5,0.021403,0
d16050b3-979f-4834-90db-b8823691b87e,2,6,0.598900,1
d16050b3-979f-4834-90db-b8823691b87e,2,7,0.048300,0
d16050b3-979f-4834-90db-b8823691b87e,2,8,0.021155,0
d16050b3-979f-4834-90db-b8823691b87e,2,9,0.019687,0
d16050b3-979f-4834-90db-b8823691b87e,2,10,0.028782,0
d16050b3-979f-4834-90db-b8823691b87e,2,11,0.561243,1
d16050b3-979f-4834-90db-b8823691b87e,2,12,0.215509,0
d16050b3-979f-4834-90db-b8823691b87e,2,13,0.721886,1
d16050b3-979f-4834-90db-b8823691b87e,2,14,0.928375,1
d16050b3-979f-4834-90db-b8823691b87e,2,15,0.048239,0
d16050b3-979f-4834-90db-b8823691b87e,2,16,0.022361,0
d16050b3-979f-4834-90db-b8823691b87e,2,17,0.020309,0
d16050b3-979f-4834-90db-b8823691b87e,2,18,0.035396,0
d16050b3-979f-4834-90db-b8823691b87e,2,19,0.036027,0
d16050b3-979f-4834-90db-b8823691b87e,2,20,0.020368,0
d16050b3-979f-4834-90db-b8823691b87e,2,21,0.047632,0
d16050b3-979f-4834-90db-b8823691b87e,2,22,0.289847,0
d16050b3-979f-4834-90db-b8823691b87e,2,23,0.075971,0
d16050b3-979f-4834-90db-b8823691b87e,2,24,0.035384,0
d16050b3-979f-4834-90db-b8823691b87e,2,25,0.990269,1
d16050b3-979f-4834-90db-b8823691b87e,2,26,0.028053,0
d16050b3-979f-4834-90db-b8823691b87e,2,27,0.473985,0
d16050b3-979f-4834-90db-b8823691b87e,2,28,0.024434,0
d16050b3-979f-4834-90db-b8823691b87e,2,29,0.021802,0
d16050b3-979f-4834-90db-b8823691b87e,3,0,0.980661,1
d16050b3-979f-4834-90db-b8823691b87e,3,1,0.970160,1
d16050b3-979f-4834-90db-b8823691b87e,3,2,0.926087,1
d16050b3-979f-4834-90db-b8823691b87e,3,3,0.290668,0
d16050b3-979f-4834-90db-b8823691b87e,3,4,0.047720,0
d16050b3-979f-4834-90db-b8823691b87e,3,5,0.029981,0
d16050b3-979f-4834-90db-b8823691b87e,3,6,0.542778,1
d16050b3-979f-4834-90db-b8823691b87e,3,7,0.048255,0
d16050b3-979f-4834-90db-b8823691b87e,3,8,0.034605,0
d16050b3-979f-4834-90db-b8823691b87e,3,9,0.272679,0
d16050b3-979f-4834-90db-b8823691b87e,3,10,0.039153,0
d16050b3-979f-4834-90db-b8823691b87e,3,11,0.018742,0
d16050b3-979f-4834-90db-b8823691b87e,3,12,0.093531,0
d16050b3-979f-4834-90db-b8823691b87e,3,13,0.022993,0
d16050b3-979f-4834-90db-b8823691b87e,3,14,0.027310,0
d16050b3-979f-4834-90db-b8823691b87e,3,15,0.040820,0
dd1e6e3b-f36c-4064-8ef9-940984e9afa2,1,0,0.026347,0
dd1e6e3b-f36c-4064-8ef9-940984e9afa2,1,1,0.273279,0
dd1e6e3b-f36c-4064-8ef9-940984e9afa2,1,2,0.831329,1
dd1e6e3b-f36c-4064-8ef9-940984e9afa2,1,3,0.025320,0
dd1e6e3b-f36c-4064-8ef9-940984e9afa2,1,4,0.036131,0
dd1e6e3b-f36c-4064-8ef9-940984e9afa2,1,5,0.990269,1
dd1e6e3b-f36c-4064-8ef9-940984e9afa2,1,6,0.153377,0
dd1e6e3b-f36c-4064-8ef9-940984e9afa2,1,7,0.969992,1
dd1e6e3b-f36c-4064-8ef9-940984e9afa2,1,8,0.037330,0
dd1e6e3b-f36c-4064-8ef9-940984e9afa2,1,9,0.026403,0
dd1e6e3b-f36c-4064-8ef9-940984e9afa2,1,10,0.049022,0
dd1e6e3b-f36c-4064-8ef9-940984e9afa2,1,11,0.096397,0
dd1e6e3b-f36c-4064-8ef9-940984e9afa2,1,12,0.023037,0
dd1e6e3b-f36c-4064-8ef9-940984e9afa2,1,13,0.040609,0
dd1e6e3b-f36c-4064-8ef9-940984e9afa2,1,14,0.020473,0
dd1e6e3b-f36c-4064-8ef9-940984e9afa2,1,15,0.020037,0
dd1e6e3b-f36c-4064-8ef9-940984e9afa2,1,16,0.019785,0
dd1e6e3b-f36c-4064-8ef9-940984e9afa2,1,17,0.031538,0
dd1e6e3b-f36c-4064-8ef9-940984e9afa2,1,18,0.028771,0
dd1e6e3b-f36c-4064-8ef9-940984e9afa2,1,19,0.019523,0
dd1e6e3b-f36c-4064-8ef9-940984e9afa2,1,20,0.024951,0
dd1e6e3b-f36c-4064-8ef9-940984e9afa2,1,21,0.024779,0
dd1e6e3b-f36c-4064-8ef9-940984e9afa2,1,22,0.028038,0
dd1e6e3b-f36c-4064-8ef9-940984e9afa2,1,23,0.194872,0
dd1e6e3b-f36c-4064-8ef9-940984e9afa2,1,24,0.237916,0
dd1e6e3b-f36c-4064-8ef9-940984e9afa2,1,25,0.040265,0
dd1e6e3b-f36c-4064-8ef9-940984e9afa2,1,26,0.867997,1
dd1e6e3b-f36c-4064-8ef9-940984e9afa2,1,27,0.162450,0
dd1e6e3b-f36c-4064-8ef9-940984e9afa2,1,28,0.926759,1
dd1e6e3b-f36c-4064-8ef9-940984e9afa2,1,29,0.089783,0
dd1e6e3b-f36c-4064-8ef9-940984e9afa2,1,30,0.032674,0
dd1e6e3b-f36c-4064-8ef9-940984e9afa2,1,31,0.150713,0
dd1e6e3b-f36c-4064-8ef9-940984e9afa2,1,32,0.063871,0
dd1e6e3b-f36c-4064-8ef9-940984e9afa2,1,33,0.019878,0
dd1e6e3b-f36c-4064-8ef9-940984e9afa2,1,34,0.030067,0
dd1e6e3b-f36c-4064-8ef9-940984e9afa2,2,0,0.409233,0
dd1e6e3b-f36c-4064-8ef9-940984e9afa2,2,1,0.022947,0
dd1e6e3b-f36c-4064-8ef9-940984e9afa2,2,2,0.021941,0
dd1e6e3b-f36c-4064-8ef9-940984e9afa2,2,3,0.021900,0
dd1e6e3b-f36c-4064-8ef9-940984e9afa2,2,4,0.039192,0
dd1e6e3b-f36c-4064-8ef9-940984e9afa2,2,5,0.031573,0
dd1e6e3b-f36c-4064-8ef9-940984e9afa2,2,6,0.033816,0
dd1e6e3b-f36c-4064-8ef9-940984e9afa2,2,7,0.023153,0
dd1e6e3b-f36c-4064-8ef9-940984e9afa2,2,8,0.020229,0
dd1e6e3b-f36c-4064-8ef9-940984e9afa2,2,9,0.049387,0
dd1e6e3b-f36c-4064-8ef9-940984e9afa2,2,10,0.022211,0
dd1e6e3b-f36c-4064-8ef9-940984e9afa2,2,11,0.025545,0
dd1e6e3b-f36c-4064-8ef9-940984e9afa2,2,12,0.023551,0
dd1e6e3b-f36c-4064-8ef9-940984e9afa2,2,13,0.040609,0
dd1e6e3b-f36c-4064-8ef9-940984e9afa2,2,14,0.031679,0
dd1e6e3b-f36c-4064-8ef9-940984e9afa2,2,15,0.022134,0
dd1e6e3b-f36c-4064-8ef9-940984e9afa2,2,16,0.025572,0
dd1e6e3b-f36c-4064-8ef9-940984e9afa2,2,17,0.341078,0
dd1e6e3b-f36c-4064-8ef9-940984e9afa2,2,18,0.986394,1
dd1e6e3b-f36c-4064-8ef9-940984e9afa2,2,19,0.024403,0
dd1e6e3b-f36c-4064-8ef9-940984e9afa2,2,20,0.024094,0
dd1e6e3b-f36c-4064-8ef9-940984e9afa2,2,21,0.028217,0
dd1e6e3b-f36c-4064-8ef9-940984e9afa2,2,22,0.075217,0
dd1e6e3b-f36c-4064-8ef9-940984e9afa2,2,23,0.050677,0
dd1e6e3b-f36c-4064-8ef9-940984e9afa2,2,24,0.042788,0
dd1e6e3b-f36c-4064-8ef9-940984e9afa2,2,25,0.029463,0
dd1e6e3b-f36c-4064-8ef9-940984e9afa2,2,26,0.101685,0
dd1e6e3b-f36c-4064-8ef9-940984e9afa2,2,27,0.037106,0
dd1e6e3b-f36c-4064-8ef9-940984e9afa2,3,0,0.274355,0
dd1e6e3b-f36c-4064-8ef9-940984e9afa2,3,1,0.019792,0
dd1e6e3b-f36c-4064-8ef9-940984e9afa2,3,2,0.022251,0
dd1e6e3b-f36c-4064-8ef9-940984e9afa2,3,3,0.022459,0
dd1e6e3b-f36c-4064-8ef9-940984e9afa2,3,4,0.029015,0
dd1e6e3b-f36c-4064-8ef9-940984e9afa2,3,5,0.024218,0
dd1e6e3b-f36c-4064-8ef9-940984e9afa2,3,6,0.028821,0
dd1e6e3b-f36c-4064-8ef9-940984e9afa2,3,7,0.038227,0
dd1e6e3b-f36c-4064-8ef9-940984e9afa2,3,8,0.025873,0
dd1e6e3b-f36c-4064-8ef9-940984e9afa2,3,9,0.042671,0
dd1e6e3b-f36c-4064-8ef9-940984e9afa2,3,10,0.054983,0
dd1e6e3b-f36c-4064-8ef9-940984e9afa2,3,11,0.038097,0
dd1e6e3b-f36c-4064-8ef9-940984e9afa2,3,12,0.237343,0
dd1e6e3b-f36c-4064-8ef9-940984e9afa2,3,13,0.024641,0
dd1e6e3b-f36c-4064-8ef9-940984e9afa2,3,14,0.022601,0
dd1e6e3b-f36c-4064-8ef9-940984e9afa2,3,15,0.021163,0
dd1e6e3b-f36c-4064-8ef9-940984e9afa2,3,16,0.022088,0
dd1e6e3b-f36c-4064-8ef9-940984e9afa2,3,17,0.025181,0
dd1e6e3b-f36c-4064-8ef9-940984e9afa2,3,18,0.049063,0
dd1e6e3b-f36c-4064-8ef9-940984e9afa2,3,19,0.023412,0
dd1e6e3b-f36c-4064-8ef9-940984e9afa2,3,20,0.025354,0
dd1e6e3b-f36c-4064-8ef9-940984e9afa2,3,21,0.034190,0
dd1e6e3b-f36c-4064-8ef9-940984e9afa2,3,22,0.025902,0
dd1e6e3b-f36c-4064-8ef9-940984e9afa2,3,23,0.020323,0
dd1e6e3b-f36c-4064-8ef9-940984e9afa2,3,24,0.037366,0
dd1e6e3b-f36c-4064-8ef9-940984e9afa2,3,25,0.020407,0
df6a55fb-dfe5-4362-89a6-8c040d648a70,1,0,0.023276,0
df6a55fb-dfe5-4362-89a6-8c040d648a70,1,1,0.023138,0
df6a55fb-dfe5-4362-89a6-8c040d648a70,1,2,0.022561,0
df6a55fb-dfe5-4362-89a6-8c040d648a70,1,3,0.022279,0
df6a55fb-dfe5-4362-89a6-8c040d648a70,1,4,0.024371,0
df6a55fb-dfe5-4362-89a6-8c040d648a70,1,5,0.021029,0
df6a55fb-dfe5-4362-89a6-8c040d648a70,1,6,0.023099,0
df6a55fb-dfe5-4362-89a6-8c040d648a70,1,7,0.022474,0
df6a55fb-dfe5-4362-89a6-8c040d648a70,1,8,0.025700,0
df6a55fb-dfe5-4362-89a6-8c040d648a70,1,9,0.064320,0
df6a55fb-dfe5-4362-89a6-8c040d648a70,1,10,0.034904,0
df6a55fb-dfe5-4362-89a6-8c040d648a70,1,11,0.025319,0
df6a55fb-dfe5-4362-89a6-8c040d648a70,1,12,0.025768,0
df6a55fb-dfe5-4362-89a6-8c040d648a70,1,13,0.025635,0
df6a55fb-dfe5-4362-89a6-8c040d648a70,1,14,0.028696,0
df6a55fb-dfe5-4362-89a6-8c040d648a70,1,15,0.020011,0
df6a55fb-dfe5-4362-89a6-8c040d648a70,1,16,0.032508,0
df6a55fb-dfe5-4362-89a6-8c040d648a70,1,17,0.026518,0
df6a55fb-dfe5-4362-89a6-8c040d648a70,2,0,0.019515,0
df6a55fb-dfe5-4362-89a6-8c040d648a70,2,1,0.019980,0
df6a55fb-dfe5-4362-89a6-8c040d648a70,2,2,0.022944,0
df6a55fb-dfe5-4362-89a6-8c040d648a70,2,3,0.020811,0
df6a55fb-dfe5-4362-89a6-8c040d648a70,2,4,0.025625,0
df6a55fb-dfe5-4362-89a6-8c040d648a70,2,5,0.027245,0
df6a55fb-dfe5-4362-89a6-8c040d648a70,2,6,0.028401,0
df6a55fb-dfe5-4362-89a6-8c040d648a70,2,7,0.022026,0
df6a55fb-dfe5-4362-89a6-8c040d648a70,2,8,0.020002,0
df6a55fb-dfe5-4362-89a6-8c040d648a70,2,9,0.020871,0
df6a55fb-dfe5-4362-89a6-8c040d648a70,2,10,0.029950,0
df6a55fb-dfe5-4362-89a6-8c040d648a70,3,0,0.020822,0
df6a55fb-dfe5-4362-89a6-8c040d648a70,3,1,0.022777,0
df6a55fb-dfe5-4362-89a6-8c040d648a70,3,2,0.021373,0
df6a55fb-dfe5-4362-89a6-8c040d648a70,3,3,0.030212,0
df6a55fb-dfe5-4362-89a6-8c040d648a70,3,4,0.019916,0
df6a55fb-dfe5-4362-89a6-8c040d648a70,3,5,0.026285,0
df6a55fb-dfe5-4362-89a6-8c040d648a70,3,6,0.036317,0
df6a55fb-dfe5-4362-89a6-8c040d648a70,3,7,0.022009,0
df6a55fb-dfe5-4362-89a6-8c040d648a70,3,8,0.026960,0
df6a55fb-dfe5-4362-89a6-8c040d648a70,3,9,0.024666,0
df6a55fb-dfe5-4362-89a6-8c040d648a70,3,10,0.023924,0
df6a55fb-dfe5-4362-89a6-8c040d648a70,3,11,0.023057,0
df6a55fb-dfe5-4362-89a6-8c040d648a70,3,12,0.030712,0
df6a55fb-dfe5-4362-89a6-8c040d648a70,3,13,0.025894,0
df6a55fb-dfe5-4362-89a6-8c040d648a70,3,14,0.970146,1
df6a55fb-dfe5-4362-89a6-8c040d648a70,3,15,0.039812,0
df6a55fb-dfe5-4362-89a6-8c040d648a70,3,16,0.031675,0
df6a55fb-dfe5-4362-89a6-8c040d648a70,3,17,0.027776,0
df6a55fb-dfe5-4362-89a6-8c040d648a70,3,18,0.031492,0
df6a55fb-dfe5-4362-89a6-8c040d648a70,3,19,0.038950,0
df6a55fb-dfe5-4362-89a6-8c040d648a70,3,20,0.024013,0
df6a55fb-dfe5-4362-89a6-8c040d648a70,3,21,0.021975,0
01c59743-7082-44fc-8414-3c04126f470f,1,0,0.133509,0
01c59743-7082-44fc-8414-3c04126f470f,1,1,0.022335,0
01c59743-7082-44fc-8414-3c04126f470f,1,2,0.095976,0
01c59743-7082-44fc-8414-3c04126f470f,1,3,0.669151,1
01c59743-7082-44fc-8414-3c04126f470f,1,4,0.019225,0
01c59743-7082-44fc-8414-3c04126f470f,1,5,0.026522,0
01c59743-7082-44fc-8414-3c04126f470f,1,6,0.036540,0
01c59743-7082-44fc-8414-3c04126f470f,1,7,0.019549,0
01c59743-7082-44fc-8414-3c04126f470f,1,8,0.195464,0
01c59743-7082-44fc-8414-3c04126f470f,1,9,0.025265,0
01c59743-7082-44fc-8414-3c04126f470f,1,10,0.043879,0
01c59743-7082-44fc-8414-3c04126f470f,1,11,0.028555,0
01c59743-7082-44fc-8414-3c04126f470f,1,12,0.217674,0
01c59743-7082-44fc-8414-3c04126f470f,1,13,0.027965,0
01c59743-7082-44fc-8414-3c04126f470f,1,14,0.097710,0
01c59743-7082-44fc-8414-3c04126f470f,1,15,0.052841,0
01c59743-7082-44fc-8414-3c04126f470f,1,16,0.023411,0
01c59743-7082-44fc-8414-3c04126f470f,1,17,0.028883,0
01c59743-7082-44fc-8414-3c04126f470f,1,18,0.024069,0
01c59743-7082-44fc-8414-3c04126f470f,1,19,0.029578,0
01c59743-7082-44fc-8414-3c04126f470f,1,20,0.032459,0
01c59743-7082-44fc-8414-3c04126f470f,1,21,0.060911,0
01c59743-7082-44fc-8414-3c04126f470f,1,22,0.033538,0
01c59743-7082-44fc-8414-3c04126f470f,1,23,0.992301,1
01c59743-7082-44fc-8414-3c04126f470f,1,24,0.034244,0
01c59743-7082-44fc-8414-3c04126f470f,1,25,0.989507,1
01c59743-7082-44fc-8414-3c04126f470f,1,26,0.047092,0
01c59743-7082-44fc-8414-3c04126f470f,1,27,0.062988,0
01c59743-7082-44fc-8414-3c04126f470f,1,28,0.061249,0
01c59743-7082-44fc-8414-3c04126f470f,1,29,0.024130,0
01c59743-7082-44fc-8414-3c04126f470f,2,0,0.040653,0
01c59743-7082-44fc-8414-3c04126f470f,2,1,0.273521,0
01c59743-7082-44fc-8414-3c04126f470f,2,2,0.123726,0
01c59743-7082-44fc-8414-3c04126f470f,2,3,0.021759,0
01c59743-7082-44fc-8414-3c04126f470f,2,4,0.026861,0
01c59743-7082-44fc-8414-3c04126f470f,2,5,0.021344,0
01c59743-7082-44fc-8414-3c04126f470f,2,6,0.081075,0
01c59743-7082-44fc-8414-3c04126f470f,2,7,0.029122,0
01c59743-7082-44fc-8414-3c04126f470f,2,8,0.181931,0
01c59743-7082-44fc-8414-3c04126f470f,2,9,0.085788,0
01c59743-7082-44fc-8414-3c04126f470f,2,10,0.021483,0
01c59743-7082-44fc-8414-3c04126f470f,2,11,0.021948,0
01c59743-7082-44fc-8414-3c04126f470f,2,12,0.035532,0
01c59743-7082-44fc-8414-3c04126f470f,2,13,0.021019,0
01c59743-7082-44fc-8414-3c04126f470f,2,14,0.024626,0
01c59743-7082-44fc-8414-3c04126f470f,2,15,0.046132,0
01c59743-7082-44fc-8414-3c04126f470f,2,16,0.027118,0
01c59743-7082-44fc-8414-3c04126f470f,2,17,0.104630,0
01c59743-7082-44fc-8414-3c04126f470f,2,18,0.255951,0
01c59743-7082-44fc-8414-3c04126f470f,2,19,0.029046,0
01c59743-7082-44fc-8414-3c04126f470f,2,20,0.068071,0
01c59743-7082-44fc-8414-3c04126f470f,2,21,0.027642,0
01c59743-7082-44fc-8414-3c04126f470f,2,22,0.610879,1
01c59743-7082-44fc-8414-3c04126f470f,2,23,0.048716,0
01c59743-7082-44fc-8414-3c04126f470f,2,24,0.306017,0
01c59743-7082-44fc-8414-3c04126f470f,2,25,0.062469,0
01c59743-7082-44fc-8414-3c04126f470f,2,26,0.061188,0
01c59743-7082-44fc-8414-3c04126f470f,2,27,0.164363,0
01c59743-7082-44fc-8414-3c04126f470f,2,28,0.029094,0
01c59743-7082-44fc-8414-3c04126f470f,2,29,0.023286,0
01c59743-7082-44fc-8414-3c04126f470f,2,30,0.028688,0
01c59743-7082-44fc-8414-3c04126f470f,2,31,0.022055,0
01c59743-7082-44fc-8414-3c04126f470f,2,32,0.031103,0
01c59743-7082-44fc-8414-3c04126f470f,2,33,0.042615,0
01c59743-7082-44fc-8414-3c04126f470f,2,34,0.039057,0
01c59743-7082-44fc-8414-3c04126f470f,2,35,0.745591,1
01c59743-7082-44fc-8414-3c04126f470f,2,36,0.022034,0
01c59743-7082-44fc-8414-3c04126f470f,2,37,0.424476,0
01c59743-7082-44fc-8414-3c04126f470f,2,38,0.074015,0
01c59743-7082-44fc-8414-3c04126f470f,2,39,0.030557,0
01c59743-7082-44fc-8414-3c04126f470f,2,40,0.031420,0
01c59743-7082-44fc-8414-3c04126f470f,2,41,0.976932,1
01c59743-7082-44fc-8414-3c04126f470f,2,42,0.700422,1
01c59743-7082-44fc-8414-3c04126f470f,2,43,0.028416,0
01c59743-7082-44fc-8414-3c04126f470f,2,44,0.029403,0
01c59743-7082-44fc-8414-3c04126f470f,2,45,0.136213,0
01c59743-7082-44fc-8414-3c04126f470f,2,46,0.028349,0
01c59743-7082-44fc-8414-3c04126f470f,2,47,0.025283,0
01c59743-7082-44fc-8414-3c04126f470f,2,48,0.474738,0
01c59743-7082-44fc-8414-3c04126f470f,2,49,0.975471,1
01c59743-7082-44fc-8414-3c04126f470f,3,0,0.025408,0
01c59743-7082-44fc-8414-3c04126f470f,3,1,0.019352,0
01c59743-7082-44fc-8414-3c04126f470f,3,2,0.042521,0
01c59743-7082-44fc-8414-3c04126f470f,3,3,0.025563,0
01c59743-7082-44fc-8414-3c04126f470f,3,4,0.024964,0
01c59743-7082-44fc-8414-3c04126f470f,3,5,0.022013,0
01c59743-7082-44fc-8414-3c04126f470f,3,6,0.036774,0
01c59743-7082-44fc-8414-3c04126f470f,3,7,0.109736,0
01c59743-7082-44fc-8414-3c04126f470f,3,8,0.079812,0
01c59743-7082-44fc-8414-3c04126f470f,3,9,0.029138,0
01c59743-7082-44fc-8414-3c04126f470f,3,10,0.083476,0
01c59743-7082-44fc-8414-3c04126f470f,3,11,0.027988,0
01c59743-7082-44fc-8414-3c04126f470f,3,12,0.030802,0
01c59743-7082-44fc-8414-3c04126f470f,3,13,0.034376,0
01c59743-7082-44fc-8414-3c04126f470f,3,14,0.037912,0
01c59743-7082-44fc-8414-3c04126f470f,3,15,0.049778,0
01c59743-7082-44fc-8414-3c04126f470f,3,16,0.341741,0
01c59743-7082-44fc-8414-3c04126f470f,3,17,0.027508,0
01c59743-7082-44fc-8414-3c04126f470f,3,18,0.408599,0
01c59743-7082-44fc-8414-3c04126f470f,3,19,0.036532,0
01c59743-7082-44fc-8414-3c04126f470f,3,20,0.023714,0
01c59743-7082-44fc-8414-3c04126f470f,3,21,0.021017,0
01c59743-7082-44fc-8414-3c04126f470f,3,22,0.056848,0
01c59743-7082-44fc-8414-3c04126f470f,3,23,0.052215,0
01c59743-7082-44fc-8414-3c04126f470f,3,24,0.027922,0
01c59743-7082-44fc-8414-3c04126f470f,3,25,0.044448,0
01c59743-7082-44fc-8414-3c04126f470f,3,26,0.062467,0
01c59743-7082-44fc-8414-3c04126f470f,3,27,0.031651,0
01c59743-7082-44fc-8414-3c04126f470f,3,28,0.022835,0
01c59743-7082-44fc-8414-3c04126f470f,3,29,0.049237,0
01c59743-7082-44fc-8414-3c04126f470f,3,30,0.019631,0
01c59743-7082-44fc-8414-3c04126f470f,3,31,0.020063,0
06ffda2d-1caf-45ba-99e2-268aac1bf0e1,1,0,0.059823,0
06ffda2d-1caf-45ba-99e2-268aac1bf0e1,1,1,0.026601,0
06ffda2d-1caf-45ba-99e2-268aac1bf0e1,1,2,0.021885,0
06ffda2d-1caf-45ba-99e2-268aac1bf0e1,1,3,0.019763,0
06ffda2d-1caf-45ba-99e2-268aac1bf0e1,1,4,0.046401,0
06ffda2d-1caf-45ba-99e2-268aac1bf0e1,1,5,0.041327,0
06ffda2d-1caf-45ba-99e2-268aac1bf0e1,1,6,0.178706,0
06ffda2d-1caf-45ba-99e2-268aac1bf0e1,1,7,0.029141,0
06ffda2d-1caf-45ba-99e2-268aac1bf0e1,1,8,0.029309,0
06ffda2d-1caf-45ba-99e2-268aac1bf0e1,1,9,0.024070,0
06ffda2d-1caf-45ba-99e2-268aac1bf0e1,1,10,0.051702,0
06ffda2d-1caf-45ba-99e2-268aac1bf0e1,1,11,0.031724,0
06ffda2d-1caf-45ba-99e2-268aac1bf0e1,1,12,0.022935,0
06ffda2d-1caf-45ba-99e2-268aac1bf0e1,1,13,0.253901,0
06ffda2d-1caf-45ba-99e2-268aac1bf0e1,1,14,0.080616,0
06ffda2d-1caf-45ba-99e2-268aac1bf0e1,2,0,0.649257,1
06ffda2d-1caf-45ba-99e2-268aac1bf0e1,2,1,0.022311,0
06ffda2d-1caf-45ba-99e2-268aac1bf0e1,2,2,0.027500,0
06ffda2d-1caf-45ba-99e2-268aac1bf0e1,2,3,0.029683,0
06ffda2d-1caf-45ba-99e2-268aac1bf0e1,2,4,0.027491,0
06ffda2d-1caf-45ba-99e2-268aac1bf0e1,2,5,0.020599,0
06ffda2d-1caf-45ba-99e2-268aac1bf0e1,2,6,0.036020,0
06ffda2d-1caf-45ba-99e2-268aac1bf0e1,2,7,0.068991,0
06ffda2d-1caf-45ba-99e2-268aac1bf0e1,2,8,0.022459,0
06ffda2d-1caf-45ba-99e2-268aac1bf0e1,2,9,0.024813,0
06ffda2d-1caf-45ba-99e2-268aac1bf0e1,2,10,0.022687,0
06ffda2d-1caf-45ba-99e2-268aac1bf0e1,2,11,0.023584,0
06ffda2d-1caf-45ba-99e2-268aac1bf0e1,2,12,0.022917,0
06ffda2d-1caf-45ba-99e2-268aac1bf0e1,2,13,0.045906,0
06ffda2d-1caf-45ba-99e2-268aac1bf0e1,2,14,0.020498,0
06ffda2d-1caf-45ba-99e2-268aac1bf0e1,2,15,0.026719,0
06ffda2d-1caf-45ba-99e2-268aac1bf0e1,2,16,0.027433,0
06ffda2d-1caf-45ba-99e2-268aac1bf0e1,2,17,0.069198,0
06ffda2d-1caf-45ba-99e2-268aac1bf0e1,2,18,0.025499,0
06ffda2d-1caf-45ba-99e2-268aac1bf0e1,2,19,0.029194,0
06ffda2d-1caf-45ba-99e2-268aac1bf0e1,2,20,0.024740,0
06ffda2d-1caf-45ba-99e2-268aac1bf0e1,2,21,0.025283,0
06ffda2d-1caf-45ba-99e2-268aac1bf0e1,2,22,0.022286,0
06ffda2d-1caf-45ba-99e2-268aac1bf0e1,3,0,0.154667,0
06ffda2d-1caf-45ba-99e2-268aac1bf0e1,3,1,0.020343,0
06ffda2d-1caf-45ba-99e2-268aac1bf0e1,3,2,0.024238,0
06ffda2d-1caf-45ba-99e2-268aac1bf0e1,3,3,0.035084,0
06ffda2d-1caf-45ba-99e2-268aac1bf0e1,3,4,0.019734,0
06ffda2d-1caf-45ba-99e2-268aac1bf0e1,3,5,0.025682,0
06ffda2d-1caf-45ba-99e2-268aac1bf0e1,3,6,0.140098,0
06ffda2d-1caf-45ba-99e2-268aac1bf0e1,3,7,0.430631,0
06ffda2d-1caf-45ba-99e2-268aac1bf0e1,3,8,0.268375,0
06ffda2d-1caf-45ba-99e2-268aac1bf0e1,3,9,0.896997,1
06ffda2d-1caf-45ba-99e2-268aac1bf0e1,3,10,0.155738,0
06ffda2d-1caf-45ba-99e2-268aac1bf0e1,3,11,0.023951,0
06ffda2d-1caf-45ba-99e2-268aac1bf0e1,3,12,0.058896,0
06ffda2d-1caf-45ba-99e2-268aac1bf0e1,3,13,0.020693,0
06ffda2d-1caf-45ba-99e2-268aac1bf0e1,3,14,0.060005,0
06ffda2d-1caf-45ba-99e2-268aac1bf0e1,3,15,0.019933,0
06ffda2d-1caf-45ba-99e2-268aac1bf0e1,3,16,0.065843,0
06ffda2d-1caf-45ba-99e2-268aac1bf0e1,3,17,0.020276,0
06ffda2d-1caf-45ba-99e2-268aac1bf0e1,3,18,0.022308,0
06ffda2d-1caf-45ba-99e2-268aac1bf0e1,3,19,0.020237,0
06ffda2d-1caf-45ba-99e2-268aac1bf0e1,3,20,0.029786,0
06ffda2d-1caf-45ba-99e2-268aac1bf0e1,3,21,0.023623,0
06ffda2d-1caf-45ba-99e2-268aac1bf0e1,3,22,0.024417,0
1ed4f378-b9d4-43b8-8d50-53d0cc063332,1,0,0.960457,1
1ed4f378-b9d4-43b8-8d50-53d0cc063332,1,1,0.948684,1
1ed4f378-b9d4-43b8-8d50-53d0cc063332,1,2,0.643272,1
1ed4f378-b9d4-43b8-8d50-53d0cc063332,1,3,0.562895,1
1ed4f378-b9d4-43b8-8d50-53d0cc063332,1,4,0.250390,0
1ed4f378-b9d4-43b8-8d50-53d0cc063332,1,5,0.333951,0
1ed4f378-b9d4-43b8-8d50-53d0cc063332,1,6,0.643496,1
1ed4f378-b9d4-43b8-8d50-53d0cc063332,1,7,0.197199,0
1ed4f378-b9d4-43b8-8d50-53d0cc063332,1,8,0.055632,0
1ed4f378-b9d4-43b8-8d50-53d0cc063332,1,9,0.056347,0
1ed4f378-b9d4-43b8-8d50-53d0cc063332,1,10,0.660233,1
1ed4f378-b9d4-43b8-8d50-53d0cc063332,1,11,0.437082,0
1ed4f378-b9d4-43b8-8d50-53d0cc063332,1,12,0.054280,0
1ed4f378-b9d4-43b8-8d50-53d0cc063332,1,13,0.090862,0
1ed4f378-b9d4-43b8-8d50-53d0cc063332,1,14,0.319059,0
1ed4f378-b9d4-43b8-8d50-53d0cc063332,1,15,0.091908,0
1ed4f378-b9d4-43b8-8d50-53d0cc063332,1,16,0.026193,0
1ed4f378-b9d4-43b8-8d50-53d0cc063332,1,17,0.027576,0
1ed4f378-b9d4-43b8-8d50-53d0cc063332,1,18,0.035722,0
1ed4f378-b9d4-43b8-8d50-53d0cc063332,1,19,0.119968,0
1ed4f378-b9d4-43b8-8d50-53d0cc063332,1,20,0.719965,1
1ed4f378-b9d4-43b8-8d50-53d0cc063332,1,21,0.224188,0
1ed4f378-b9d4-43b8-8d50-53d0cc063332,1,22,0.018617,0
1ed4f378-b9d4-43b8-8d50-53d0cc063332,1,23,0.990957,1
1ed4f378-b9d4-43b8-8d50-53d0cc063332,1,24,0.713332,1
1ed4f378-b9d4-43b8-8d50-53d0cc063332,1,25,0.028673,0
1ed4f378-b9d4-43b8-8d50-53d0cc063332,1,26,0.028271,0
1ed4f378-b9d4-43b8-8d50-53d0cc063332,1,27,0.452727,0
1ed4f378-b9d4-43b8-8d50-53d0cc063332,1,28,0.039192,0
1ed4f378-b9d4-43b8-8d50-53d0cc063332,2,0,0.981618,1
1ed4f378-b9d4-43b8-8d50-53d0cc063332,2,1,0.499164,0
1ed4f378-b9d4-43b8-8d50-53d0cc063332,2,2,0.610074,1
1ed4f378-b9d4-43b8-8d50-53d0cc063332,2,3,0.493476,0
1ed4f378-b9d4-43b8-8d50-53d0cc063332,2,4,0.043025,0
1ed4f378-b9d4-43b8-8d50-53d0cc063332,2,5,0.023895,0
1ed4f378-b9d4-43b8-8d50-53d0cc063332,2,6,0.952981,1
1ed4f378-b9d4-43b8-8d50-53d0cc063332,2,7,0.275052,0
1ed4f378-b9d4-43b8-8d50-53d0cc063332,2,8,0.971971,1
1ed4f378-b9d4-43b8-8d50-53d0cc063332,2,9,0.048743,0
1ed4f378-b9d4-43b8-8d50-53d0cc063332,2,10,0.367087,0
1ed4f378-b9d4-43b8-8d50-53d0cc063332,2,11,0.976577,1
1ed4f378-b9d4-43b8-8d50-53d0cc063332,2,12,0.115594,0
1ed4f378-b9d4-43b8-8d50-53d0cc063332,2,13,0.028944,0
1ed4f378-b9d4-43b8-8d50-53d0cc063332,2,14,0.753805,1
1ed4f378-b9d4-43b8-8d50-53d0cc063332,2,15,0.103897,0
1ed4f378-b9d4-43b8-8d50-53d0cc063332,2,16,0.739785,1
1ed4f378-b9d4-43b8-8d50-53d0cc063332,2,17,0.401296,0
1ed4f378-b9d4-43b8-8d50-53d0cc063332,2,18,0.063358,0
1ed4f378-b9d4-43b8-8d50-53d0cc063332,2,19,0.023520,0
1ed4f378-b9d4-43b8-8d50-53d0cc063332,2,20,0.034607,0
1ed4f378-b9d4-43b8-8d50-53d0cc063332,2,21,0.040681,0
1ed4f378-b9d4-43b8-8d50-53d0cc063332,2,22,0.902165,1
1ed4f378-b9d4-43b8-8d50-53d0cc063332,2,23,0.083307,0
1ed4f378-b9d4-43b8-8d50-53d0cc063332,2,24,0.017622,0
1ed4f378-b9d4-43b8-8d50-53d0cc063332,2,25,0.022571,0
1ed4f378-b9d4-43b8-8d50-53d0cc063332,2,26,0.038110,0
1ed4f378-b9d4-43b8-8d50-53d0cc063332,2,27,0.034151,0
1ed4f378-b9d4-43b8-8d50-53d0cc063332,2,28,0.033515,0
1ed4f378-b9d4-43b8-8d50-53d0cc063332,2,29,0.094338,0
1ed4f378-b9d4-43b8-8d50-53d0cc063332,2,30,0.040355,0
1ed4f378-b9d4-43b8-8d50-53d0cc063332,2,31,0.044315,0
1ed4f378-b9d4-43b8-8d50-53d0cc063332,2,32,0.034097,0
1ed4f378-b9d4-43b8-8d50-53d0cc063332,2,33,0.021306,0
1ed4f378-b9d4-43b8-8d50-53d0cc063332,2,34,0.028787,0
1ed4f378-b9d4-43b8-8d50-53d0cc063332,2,35,0.057234,0
1ed4f378-b9d4-43b8-8d50-53d0cc063332,2,36,0.146076,0
1ed4f378-b9d4-43b8-8d50-53d0cc063332,2,37,0.602151,1
1ed4f378-b9d4-43b8-8d50-53d0cc063332,2,38,0.022761,0
1ed4f378-b9d4-43b8-8d50-53d0cc063332,2,39,0.098706,0
1ed4f378-b9d4-43b8-8d50-53d0cc063332,2,40,0.041800,0
1ed4f378-b9d4-43b8-8d50-53d0cc063332,2,41,0.083673,0
1ed4f378-b9d4-43b8-8d50-53d0cc063332,2,42,0.031559,0
1ed4f378-b9d4-43b8-8d50-53d0cc063332,2,43,0.343157,0
1ed4f378-b9d4-43b8-8d50-53d0cc063332,2,44,0.021483,0
1ed4f378-b9d4-43b8-8d50-53d0cc063332,3,0,0.935179,1
1ed4f378-b9d4-43b8-8d50-53d0cc063332,3,1,0.025942,0
1ed4f378-b9d4-43b8-8d50-53d0cc063332,3,2,0.954425,1
1ed4f378-b9d4-43b8-8d50-53d0cc063332,3,3,0.552322,1
1ed4f378-b9d4-43b8-8d50-53d0cc063332,3,4,0.913967,1
1ed4f378-b9d4-43b8-8d50-53d0cc063332,3,5,0.029007,0
1ed4f378-b9d4-43b8-8d50-53d0cc063332,3,6,0.363282,0
1ed4f378-b9d4-43b8-8d50-53d0cc063332,3,7,0.820105,1
1ed4f378-b9d4-43b8-8d50-53d0cc063332,3,8,0.208740,0
1ed4f378-b9d4-43b8-8d50-53d0cc063332,3,9,0.022599,0
1ed4f378-b9d4-43b8-8d50-53d0cc063332,3,10,0.063988,0
1ed4f378-b9d4-43b8-8d50-53d0cc063332,3,11,0.019955,0
1ed4f378-b9d4-43b8-8d50-53d0cc063332,3,12,0.031745,0
1ed4f378-b9d4-43b8-8d50-53d0cc063332,3,13,0.053848,0
1ed4f378-b9d4-43b8-8d50-53d0cc063332,3,14,0.023060,0
1ed4f378-b9d4-43b8-8d50-53d0cc063332,3,15,0.166357,0
1ed4f378-b9d4-43b8-8d50-53d0cc063332,3,16,0.864033,1
1ed4f378-b9d4-43b8-8d50-53d0cc063332,3,17,0.040849,0
1ed4f378-b9d4-43b8-8d50-53d0cc063332,3,18,0.022105,0
1f99798f-2b60-4ecb-b5f4-4aa7991e8ace,1,0,0.021076,0
1f99798f-2b60-4ecb-b5f4-4aa7991e8ace,1,1,0.027875,0
1f99798f-2b60-4ecb-b5f4-4aa7991e8ace,1,2,0.040991,0
1f99798f-2b60-4ecb-b5f4-4aa7991e8ace,1,3,0.022408,0
1f99798f-2b60-4ecb-b5f4-4aa7991e8ace,1,4,0.023236,0
1f99798f-2b60-4ecb-b5f4-4aa7991e8ace,1,5,0.023363,0
1f99798f-2b60-4ecb-b5f4-4aa7991e8ace,1,6,0.021210,0
1f99798f-2b60-4ecb-b5f4-4aa7991e8ace,1,7,0.038813,0
1f99798f-2b60-4ecb-b5f4-4aa7991e8ace,1,8,0.054855,0
1f99798f-2b60-4ecb-b5f4-4aa7991e8ace,1,9,0.020578,0
1f99798f-2b60-4ecb-b5f4-4aa7991e8ace,1,10,0.055212,0
1f99798f-2b60-4ecb-b5f4-4aa7991e8ace,1,11,0.023894,0
1f99798f-2b60-4ecb-b5f4-4aa7991e8ace,1,12,0.036704,0
1f99798f-2b60-4ecb-b5f4-4aa7991e8ace,1,13,0.021990,0
1f99798f-2b60-4ecb-b5f4-4aa7991e8ace,1,14,0.024714,0
1f99798f-2b60-4ecb-b5f4-4aa7991e8ace,1,15,0.024201,0
1f99798f-2b60-4ecb-b5f4-4aa7991e8ace,1,16,0.342769,0
1f99798f-2b60-4ecb-b5f4-4aa7991e8ace,1,17,0.022152,0
1f99798f-2b60-4ecb-b5f4-4aa7991e8ace,1,18,0.027301,0
1f99798f-2b60-4ecb-b5f4-4aa7991e8ace,1,19,0.059295,0
1f99798f-2b60-4ecb-b5f4-4aa7991e8ace,1,20,0.083728,0
1f99798f-2b60-4ecb-b5f4-4aa7991e8ace,1,21,0.066994,0
1f99798f-2b60-4ecb-b5f4-4aa7991e8ace,1,22,0.028811,0
1f99798f-2b60-4ecb-b5f4-4aa7991e8ace,1,23,0.028150,0
1f99798f-2b60-4ecb-b5f4-4aa7991e8ace,1,24,0.021617,0
1f99798f-2b60-4ecb-b5f4-4aa7991e8ace,1,25,0.021736,0
1f99798f-2b60-4ecb-b5f4-4aa7991e8ace,1,26,0.024281,0
1f99798f-2b60-4ecb-b5f4-4aa7991e8ace,1,27,0.020421,0
1f99798f-2b60-4ecb-b5f4-4aa7991e8ace,1,28,0.030158,0
1f99798f-2b60-4ecb-b5f4-4aa7991e8ace,1,29,0.038304,0
1f99798f-2b60-4ecb-b5f4-4aa7991e8ace,1,30,0.029510,0
1f99798f-2b60-4ecb-b5f4-4aa7991e8ace,1,31,0.027775,0
1f99798f-2b60-4ecb-b5f4-4aa7991e8ace,1,32,0.228656,0
1f99798f-2b60-4ecb-b5f4-4aa7991e8ace,1,33,0.990217,1
1f99798f-2b60-4ecb-b5f4-4aa7991e8ace,2,0,0.023147,0
1f99798f-2b60-4ecb-b5f4-4aa7991e8ace,2,1,0.022727,0
1f99798f-2b60-4ecb-b5f4-4aa7991e8ace,2,2,0.019768,0
1f99798f-2b60-4ecb-b5f4-4aa7991e8ace,2,3,0.028030,0
1f99798f-2b60-4ecb-b5f4-4aa7991e8ace,2,4,0.022213,0
1f99798f-2b60-4ecb-b5f4-4aa7991e8ace,2,5,0.030505,0
1f99798f-2b60-4ecb-b5f4-4aa7991e8ace,2,6,0.031668,0
1f99798f-2b60-4ecb-b5f4-4aa7991e8ace,2,7,0.033554,0
1f99798f-2b60-4ecb-b5f4-4aa7991e8ace,2,8,0.033716,0
1f99798f-2b60-4ecb-b5f4-4aa7991e8ace,2,9,0.040042,0
1f99798f-2b60-4ecb-b5f4-4aa7991e8ace,2,10,0.029041,0
1f99798f-2b60-4ecb-b5f4-4aa7991e8ace,2,11,0.074185,0
1f99798f-2b60-4ecb-b5f4-4aa7991e8ace,2,12,0.029793,0
1f99798f-2b60-4ecb-b5f4-4aa7991e8ace,2,13,0.064684,0
1f99798f-2b60-4ecb-b5f4-4aa7991e8ace,2,14,0.087875,0
1f99798f-2b60-4ecb-b5f4-4aa7991e8ace,2,15,0.037697,0
1f99798f-2b60-4ecb-b5f4-4aa7991e8ace,2,16,0.024147,0
1f99798f-2b60-4ecb-b5f4-4aa7991e8ace,2,17,0.188232,0
1f99798f-2b60-4ecb-b5f4-4aa7991e8ace,2,18,0.046877,0
1f99798f-2b60-4ecb-b5f4-4aa7991e8ace,2,19,0.031861,0
1f99798f-2b60-4ecb-b5f4-4aa7991e8ace,2,20,0.023522,0
1f99798f-2b60-4ecb-b5f4-4aa7991e8ace,2,21,0.027636,0
1f99798f-2b60-4ecb-b5f4-4aa7991e8ace,2,22,0.022980,0
1f99798f-2b60-4ecb-b5f4-4aa7991e8ace,2,23,0.023700,0
1f99798f-2b60-4ecb-b5f4-4aa7991e8ace,2,24,0.021684,0
1f99798f-2b60-4ecb-b5f4-4aa7991e8ace,2,25,0.020849,0
1f99798f-2b60-4ecb-b5f4-4aa7991e8ace,2,26,0.025317,0
1f99798f-2b60-4ecb-b5f4-4aa7991e8ace,2,27,0.056229,0
1f99798f-2b60-4ecb-b5f4-4aa7991e8ace,2,28,0.022823,0
1f99798f-2b60-4ecb-b5f4-4aa7991e8ace,2,29,0.041325,0
1f99798f-2b60-4ecb-b5f4-4aa7991e8ace,2,30,0.023405,0
1f99798f-2b60-4ecb-b5f4-4aa7991e8ace,2,31,0.024865,0
1f99798f-2b60-4ecb-b5f4-4aa7991e8ace,2,32,0.080715,0
1f99798f-2b60-4ecb-b5f4-4aa7991e8ace,2,33,0.034779,0
1f99798f-2b60-4ecb-b5f4-4aa7991e8ace,2,34,0.040976,0
1f99798f-2b60-4ecb-b5f4-4aa7991e8ace,2,35,0.052387,0
1f99798f-2b60-4ecb-b5f4-4aa7991e8ace,2,36,0.027628,0
1f99798f-2b60-4ecb-b5f4-4aa7991e8ace,2,37,0.038480,0
1f99798f-2b60-4ecb-b5f4-4aa7991e8ace,2,38,0.057976,0
1f99798f-2b60-4ecb-b5f4-4aa7991e8ace,2,39,0.021973,0
1f99798f-2b60-4ecb-b5f4-4aa7991e8ace,3,0,0.031230,0
1f99798f-2b60-4ecb-b5f4-4aa7991e8ace,3,1,0.018829,0
1f99798f-2b60-4ecb-b5f4-4aa7991e8ace,3,2,0.020995,0
1f99798f-2b60-4ecb-b5f4-4aa7991e8ace,3,3,0.030055,0
1f99798f-2b60-4ecb-b5f4-4aa7991e8ace,3,4,0.024208,0
1f99798f-2b60-4ecb-b5f4-4aa7991e8ace,3,5,0.028203,0
1f99798f-2b60-4ecb-b5f4-4aa7991e8ace,3,6,0.041087,0
1f99798f-2b60-4ecb-b5f4-4aa7991e8ace,3,7,0.023754,0
1f99798f-2b60-4ecb-b5f4-4aa7991e8ace,3,8,0.129387,0
1f99798f-2b60-4ecb-b5f4-4aa7991e8ace,3,9,0.288319,0
1f99798f-2b60-4ecb-b5f4-4aa7991e8ace,3,10,0.035303,0
1f99798f-2b60-4ecb-b5f4-4aa7991e8ace,3,11,0.025893,0
1f99798f-2b60-4ecb-b5f4-4aa7991e8ace,3,12,0.024012,0
1f99798f-2b60-4ecb-b5f4-4aa7991e8ace,3,13,0.022006,0
1f99798f-2b60-4ecb-b5f4-4aa7991e8ace,3,14,0.023364,0
1f99798f-2b60-4ecb-b5f4-4aa7991e8ace,3,15,0.602600,1
1f99798f-2b60-4ecb-b5f4-4aa7991e8ace,3,16,0.929532,1
1f99798f-2b60-4ecb-b5f4-4aa7991e8ace,3,17,0.026126,0
1f99798f-2b60-4ecb-b5f4-4aa7991e8ace,3,18,0.020677,0
1f99798f-2b60-4ecb-b5f4-4aa7991e8ace,3,19,0.032656,0
1f99798f-2b60-4ecb-b5f4-4aa7991e8ace,3,20,0.027720,0
1f99798f-2b60-4ecb-b5f4-4aa7991e8ace,3,21,0.025852,0
1f99798f-2b60-4ecb-b5f4-4aa7991e8ace,3,22,0.021469,0
1f99798f-2b60-4ecb-b5f4-4aa7991e8ace,3,23,0.022175,0
1f99798f-2b60-4ecb-b5f4-4aa7991e8ace,3,24,0.018984,0
1f99798f-2b60-4ecb-b5f4-4aa7991e8ace,3,25,0.032008,0
1f99798f-2b60-4ecb-b5f4-4aa7991e8ace,3,26,0.027673,0
1f99798f-2b60-4ecb-b5f4-4aa7991e8ace,3,27,0.023568,0
1f99798f-2b60-4ecb-b5f4-4aa7991e8ace,3,28,0.017581,0
1f99798f-2b60-4ecb-b5f4-4aa7991e8ace,3,29,0.033570,0
1f99798f-2b60-4ecb-b5f4-4aa7991e8ace,3,30,0.023349,0
1f99798f-2b60-4ecb-b5f4-4aa7991e8ace,3,31,0.030276,0
1f99798f-2b60-4ecb-b5f4-4aa7991e8ace,3,32,0.020756,0
1f99798f-2b60-4ecb-b5f4-4aa7991e8ace,3,33,0.029246,0
1f99798f-2b60-4ecb-b5f4-4aa7991e8ace,3,34,0.020628,0
1f99798f-2b60-4ecb-b5f4-4aa7991e8ace,3,35,0.026407,0
1f99798f-2b60-4ecb-b5f4-4aa7991e8ace,3,36,0.019219,0
2a3fde8a-082a-4d8f-9567-f7e8366c0200,1,0,0.030246,0
2a3fde8a-082a-4d8f-9567-f7e8366c0200,1,1,0.023142,0
2a3fde8a-082a-4d8f-9567-f7e8366c0200,1,2,0.036727,0
2a3fde8a-082a-4d8f-9567-f7e8366c0200,1,3,0.023463,0
2a3fde8a-082a-4d8f-9567-f7e8366c0200,1,4,0.026050,0
2a3fde8a-082a-4d8f-9567-f7e8366c0200,1,5,0.029717,0
2a3fde8a-082a-4d8f-9567-f7e8366c0200,1,6,0.046822,0
2a3fde8a-082a-4d8f-9567-f7e8366c0200,1,7,0.036210,0
2a3fde8a-082a-4d8f-9567-f7e8366c0200,1,8,0.970205,1
2a3fde8a-082a-4d8f-9567-f7e8366c0200,1,9,0.027095,0
2a3fde8a-082a-4d8f-9567-f7e8366c0200,1,10,0.227267,0
2a3fde8a-082a-4d8f-9567-f7e8366c0200,1,11,0.984971,1
2a3fde8a-082a-4d8f-9567-f7e8366c0200,1,12,0.519785,1
2a3fde8a-082a-4d8f-9567-f7e8366c0200,1,13,0.982309,1
2a3fde8a-082a-4d8f-9567-f7e8366c0200,1,14,0.300967,0
2a3fde8a-082a-4d8f-9567-f7e8366c0200,1,15,0.352656,0
2a3fde8a-082a-4d8f-9567-f7e8366c0200,1,16,0.030633,0
2a3fde8a-082a-4d8f-9567-f7e8366c0200,1,17,0.033195,0
2a3fde8a-082a-4d8f-9567-f7e8366c0200,1,18,0.038338,0
2a3fde8a-082a-4d8f-9567-f7e8366c0200,1,19,0.038508,0
2a3fde8a-082a-4d8f-9567-f7e8366c0200,1,20,0.062665,0
2a3fde8a-082a-4d8f-9567-f7e8366c0200,1,21,0.794520,1
2a3fde8a-082a-4d8f-9567-f7e8366c0200,1,22,0.057899,0
2a3fde8a-082a-4d8f-9567-f7e8366c0200,1,23,0.051182,0
2a3fde8a-082a-4d8f-9567-f7e8366c0200,1,24,0.263283,0
2a3fde8a-082a-4d8f-9567-f7e8366c0200,1,25,0.446587,0
2a3fde8a-082a-4d8f-9567-f7e8366c0200,1,26,0.101918,0
2a3fde8a-082a-4d8f-9567-f7e8366c0200,1,27,0.945898,1
2a3fde8a-082a-4d8f-9567-f7e8366c0200,1,28,0.969511,1
2a3fde8a-082a-4d8f-9567-f7e8366c0200,1,29,0.028679,0
2a3fde8a-082a-4d8f-9567-f7e8366c0200,1,30,0.229486,0
2a3fde8a-082a-4d8f-9567-f7e8366c0200,1,31,0.032402,0
2a3fde8a-082a-4d8f-9567-f7e8366c0200,1,32,0.022695,0
2a3fde8a-082a-4d8f-9567-f7e8366c0200,1,33,0.272074,0
2a3fde8a-082a-4d8f-9567-f7e8366c0200,1,34,0.096469,0
2a3fde8a-082a-4d8f-9567-f7e8366c0200,1,35,0.071900,0
2a3fde8a-082a-4d8f-9567-f7e8366c0200,1,36,0.028751,0
2a3fde8a-082a-4d8f-9567-f7e8366c0200,1,37,0.024849,0
2a3fde8a-082a-4d8f-9567-f7e8366c0200,2,0,0.034280,0
2a3fde8a-082a-4d8f-9567-f7e8366c0200,2,1,0.574179,1
2a3fde8a-082a-4d8f-9567-f7e8366c0200,2,2,0.021455,0
2a3fde8a-082a-4d8f-9567-f7e8366c0200,2,3,0.033039,0
2a3fde8a-082a-4d8f-9567-f7e8366c0200,2,4,0.157719,0
2a3fde8a-082a-4d8f-9567-f7e8366c0200,2,5,0.047180,0
2a3fde8a-082a-4d8f-9567-f7e8366c0200,2,6,0.040295,0
2a3fde8a-082a-4d8f-9567-f7e8366c0200,2,7,0.032991,0
2a3fde8a-082a-4d8f-9567-f7e8366c0200,2,8,0.023251,0
2a3fde8a-082a-4d8f-9567-f7e8366c0200,2,9,0.026359,0
2a3fde8a-082a-4d8f-9567-f7e8366c0200,2,10,0.024577,0
2a3fde8a-082a-4d8f-9567-f7e8366c0200,2,11,0.157301,0
2a3fde8a-082a-4d8f-9567-f7e8366c0200,2,12,0.034451,0
2a3fde8a-082a-4d8f-9567-f7e8366c0200,2,13,0.023465,0
2a3fde8a-082a-4d8f-9567-f7e8366c0200,2,14,0.023260,0
2a3fde8a-082a-4d8f-9567-f7e8366c0200,2,15,0.041647,0
2a3fde8a-082a-4d8f-9567-f7e8366c0200,2,16,0.185469,0
2a3fde8a-082a-4d8f-9567-f7e8366c0200,2,17,0.058106,0
2a3fde8a-082a-4d8f-9567-f7e8366c0200,2,18,0.038746,0
2a3fde8a-082a-4d8f-9567-f7e8366c0200,2,19,0.024745,0
2a3fde8a-082a-4d8f-9567-f7e8366c0200,2,20,0.038173,0
2a3fde8a-082a-4d8f-9567-f7e8366c0200,2,21,0.023893,0
2a3fde8a-082a-4d8f-9567-f7e8366c0200,2,22,0.025684,0
2a3fde8a-082a-4d8f-9567-f7e8366c0200,2,23,0.194822,0
2a3fde8a-082a-4d8f-9567-f7e8366c0200,2,24,0.026164,0
2a3fde8a-082a-4d8f-9567-f7e8366c0200,2,25,0.993466,1
2a3fde8a-082a-4d8f-9567-f7e8366c0200,2,26,0.047742,0
2a3fde8a-082a-4d8f-9567-f7e8366c0200,2,27,0.024063,0
2a3fde8a-082a-4d8f-9567-f7e8366c0200,2,28,0.034024,0
2a3fde8a-082a-4d8f-9567-f7e8366c0200,2,29,0.039715,0
2a3fde8a-082a-4d8f-9567-f7e8366c0200,2,30,0.021495,0
2a3fde8a-082a-4d8f-9567-f7e8366c0200,2,31,0.026432,0
2a3fde8a-082a-4d8f-9567-f7e8366c0200,2,32,0.033691,0
2a3fde8a-082a-4d8f-9567-f7e8366c0200,2,33,0.026951,0
2a3fde8a-082a-4d8f-9567-f7e8366c0200,2,34,0.020054,0
2a3fde8a-082a-4d8f-9567-f7e8366c0200,2,35,0.022531,0
2a3fde8a-082a-4d8f-9567-f7e8366c0200,2,36,0.026320,0
2a3fde8a-082a-4d8f-9567-f7e8366c0200,2,37,0.021080,0
2a3fde8a-082a-4d8f-9567-f7e8366c0200,2,38,0.028843,0
2a3fde8a-082a-4d8f-9567-f7e8366c0200,2,39,0.019735,0
2a3fde8a-082a-4d8f-9567-f7e8366c0200,2,40,0.049560,0
2a3fde8a-082a-4d8f-9567-f7e8366c0200,2,41,0.024014,0
2a3fde8a-082a-4d8f-9567-f7e8366c0200,2,42,0.064393,0
2a3fde8a-082a-4d8f-9567-f7e8366c0200,2,43,0.040155,0
2a3fde8a-082a-4d8f-9567-f7e8366c0200,2,44,0.030051,0
2a3fde8a-082a-4d8f-9567-f7e8366c0200,2,45,0.035014,0
2a3fde8a-082a-4d8f-9567-f7e8366c0200,2,46,0.031986,0
2a3fde8a-082a-4d8f-9567-f7e8366c0200,2,47,0.024697,0
2a3fde8a-082a-4d8f-9567-f7e8366c0200,2,48,0.028332,0
2a3fde8a-082a-4d8f-9567-f7e8366c0200,2,49,0.037921,0
2a3fde8a-082a-4d8f-9567-f7e8366c0200,3,0,0.029988,0
2a3fde8a-082a-4d8f-9567-f7e8366c0200,3,1,0.019336,0
2a3fde8a-082a-4d8f-9567-f7e8366c0200,3,2,0.203315,0
2a3fde8a-082a-4d8f-9567-f7e8366c0200,3,3,0.081786,0
2a3fde8a-082a-4d8f-9567-f7e8366c0200,3,4,0.024590,0
2a3fde8a-082a-4d8f-9567-f7e8366c0200,3,5,0.199351,0
2a3fde8a-082a-4d8f-9567-f7e8366c0200,3,6,0.971277,1
2a3fde8a-082a-4d8f-9567-f7e8366c0200,3,7,0.061001,0
2a3fde8a-082a-4d8f-9567-f7e8366c0200,3,8,0.022711,0
2a3fde8a-082a-4d8f-9567-f7e8366c0200,3,9,0.018353,0
2a3fde8a-082a-4d8f-9567-f7e8366c0200,3,10,0.030882,0
2a3fde8a-082a-4d8f-9567-f7e8366c0200,3,11,0.060361,0
2a3fde8a-082a-4d8f-9567-f7e8366c0200,3,12,0.029464,0
2a3fde8a-082a-4d8f-9567-f7e8366c0200,3,13,0.029534,0
2a3fde8a-082a-4d8f-9567-f7e8366c0200,3,14,0.027418,0
2a3fde8a-082a-4d8f-9567-f7e8366c0200,3,15,0.044118,0
2a3fde8a-082a-4d8f-9567-f7e8366c0200,3,16,0.020738,0
2a3fde8a-082a-4d8f-9567-f7e8366c0200,3,17,0.035169,0
87609973-bd58-42a5-96e2-ee5aa47433f5,1,0,0.838667,1
87609973-bd58-42a5-96e2-ee5aa47433f5,1,1,0.891952,1
87609973-bd58-42a5-96e2-ee5aa47433f5,1,2,0.422408,0
87609973-bd58-42a5-96e2-ee5aa47433f5,1,3,0.787966,1
87609973-bd58-42a5-96e2-ee5aa47433f5,1,4,0.248261,0
87609973-bd58-42a5-96e2-ee5aa47433f5,1,5,0.127254,0
87609973-bd58-42a5-96e2-ee5aa47433f5,1,6,0.991900,1
87609973-bd58-42a5-96e2-ee5aa47433f5,1,7,0.081466,0
87609973-bd58-42a5-96e2-ee5aa47433f5,1,8,0.030216,0
87609973-bd58-42a5-96e2-ee5aa47433f5,1,9,0.247872,0
87609973-bd58-42a5-96e2-ee5aa47433f5,1,10,0.033287,0
87609973-bd58-42a5-96e2-ee5aa47433f5,1,11,0.027040,0
87609973-bd58-42a5-96e2-ee5aa47433f5,1,12,0.032244,0
87609973-bd58-42a5-96e2-ee5aa47433f5,1,13,0.022470,0
87609973-bd58-42a5-96e2-ee5aa47433f5,1,14,0.023575,0
87609973-bd58-42a5-96e2-ee5aa47433f5,1,15,0.017960,0
87609973-bd58-42a5-96e2-ee5aa47433f5,1,16,0.022330,0
87609973-bd58-42a5-96e2-ee5aa47433f5,1,17,0.022006,0
87609973-bd58-42a5-96e2-ee5aa47433f5,1,18,0.024309,0
87609973-bd58-42a5-96e2-ee5aa47433f5,2,0,0.869471,1
87609973-bd58-42a5-96e2-ee5aa47433f5,2,1,0.212509,0
87609973-bd58-42a5-96e2-ee5aa47433f5,2,2,0.388436,0
87609973-bd58-42a5-96e2-ee5aa47433f5,2,3,0.781789,1
87609973-bd58-42a5-96e2-ee5aa47433f5,2,4,0.044411,0
87609973-bd58-42a5-96e2-ee5aa47433f5,2,5,0.032514,0
87609973-bd58-42a5-96e2-ee5aa47433f5,2,6,0.024430,0
87609973-bd58-42a5-96e2-ee5aa47433f5,2,7,0.032843,0
87609973-bd58-42a5-96e2-ee5aa47433f5,2,8,0.048726,0
87609973-bd58-42a5-96e2-ee5aa47433f5,2,9,0.032401,0
87609973-bd58-42a5-96e2-ee5aa47433f5,2,10,0.914755,1
87609973-bd58-42a5-96e2-ee5aa47433f5,2,11,0.023720,0
87609973-bd58-42a5-96e2-ee5aa47433f5,2,12,0.022715,0
87609973-bd58-42a5-96e2-ee5aa47433f5,2,13,0.036663,0
87609973-bd58-42a5-96e2-ee5aa47433f5,2,14,0.023405,0
87609973-bd58-42a5-96e2-ee5aa47433f5,2,15,0.024725,0
87609973-bd58-42a5-96e2-ee5aa47433f5,2,16,0.030764,0
87609973-bd58-42a5-96e2-ee5aa47433f5,2,17,0.023399,0
87609973-bd58-42a5-96e2-ee5aa47433f5,3,0,0.889199,1
87609973-bd58-42a5-96e2-ee5aa47433f5,3,1,0.696961,1
87609973-bd58-42a5-96e2-ee5aa47433f5,3,2,0.624791,1
87609973-bd58-42a5-96e2-ee5aa47433f5,3,3,0.019956,0
87609973-bd58-42a5-96e2-ee5aa47433f5,3,4,0.030121,0
87609973-bd58-42a5-96e2-ee5aa47433f5,3,5,0.610263,1
87609973-bd58-42a5-96e2-ee5aa47433f5,3,6,0.029635,0
87609973-bd58-42a5-96e2-ee5aa47433f5,3,7,0.274929,0
87609973-bd58-42a5-96e2-ee5aa47433f5,3,8,0.089318,0
87609973-bd58-42a5-96e2-ee5aa47433f5,3,9,0.040522,0
ad409798-ee94-4436-92c5-92669193be14,1,0,0.119740,0
ad409798-ee94-4436-92c5-92669193be14,1,1,0.193537,0
ad409798-ee94-4436-92c5-92669193be14,1,2,0.026804,0
ad409798-ee94-4436-92c5-92669193be14,1,3,0.234382,0
ad409798-ee94-4436-92c5-92669193be14,1,4,0.070637,0
ad409798-ee94-4436-92c5-92669193be14,1,5,0.030465,0
ad409798-ee94-4436-92c5-92669193be14,1,6,0.045875,0
ad409798-ee94-4436-92c5-92669193be14,1,7,0.025223,0
ad409798-ee94-4436-92c5-92669193be14,1,8,0.077363,0
ad409798-ee94-4436-92c5-92669193be14,1,9,0.174634,0
ad409798-ee94-4436-92c5-92669193be14,1,10,0.026771,0
ad409798-ee94-4436-92c5-92669193be14,1,11,0.030285,0
ad409798-ee94-4436-92c5-92669193be14,1,12,0.251699,0
ad409798-ee94-4436-92c5-92669193be14,1,13,0.023377,0
ad409798-ee94-4436-92c5-92669193be14,1,14,0.697564,1
ad409798-ee94-4436-92c5-92669193be14,1,15,0.053202,0
ad409798-ee94-4436-92c5-92669193be14,1,16,0.020230,0
ad409798-ee94-4436-92c5-92669193be14,1,17,0.077619,0
ad409798-ee94-4436-92c5-92669193be14,1,18,0.030078,0
ad409798-ee94-4436-92c5-92669193be14,1,19,0.293504,0
ad409798-ee94-4436-92c5-92669193be14,1,20,0.297787,0
ad409798-ee94-4436-92c5-92669193be14,1,21,0.032920,0
ad409798-ee94-4436-92c5-92669193be14,1,22,0.394219,0
ad409798-ee94-4436-92c5-92669193be14,2,0,0.031684,0
ad409798-ee94-4436-92c5-92669193be14,2,1,0.041912,0
ad409798-ee94-4436-92c5-92669193be14,2,2,0.026950,0
ad409798-ee94-4436-92c5-92669193be14,2,3,0.042995,0
ad409798-ee94-4436-92c5-92669193be14,2,4,0.088888,0
ad409798-ee94-4436-92c5-92669193be14,2,5,0.055987,0
ad409798-ee94-4436-92c5-92669193be14,2,6,0.054235,0
ad409798-ee94-4436-92c5-92669193be14,2,7,0.446663,0
ad409798-ee94-4436-92c5-92669193be14,2,8,0.043405,0
ad409798-ee94-4436-92c5-92669193be14,2,9,0.514281,1
ad409798-ee94-4436-92c5-92669193be14,2,10,0.052065,0
ad409798-ee94-4436-92c5-92669193be14,2,11,0.192903,0
ad409798-ee94-4436-92c5-92669193be14,2,12,0.035311,0
ad409798-ee94-4436-92c5-92669193be14,2,13,0.072419,0
ad409798-ee94-4436-92c5-92669193be14,2,14,0.068953,0
ad409798-ee94-4436-92c5-92669193be14,2,15,0.029181,0
ad409798-ee94-4436-92c5-92669193be14,2,16,0.066018,0
ad409798-ee94-4436-92c5-92669193be14,2,17,0.806159,1
ad409798-ee94-4436-92c5-92669193be14,2,18,0.912743,1
ad409798-ee94-4436-92c5-92669193be14,2,19,0.394219,0
ad409798-ee94-4436-92c5-92669193be14,3,0,0.871337,1
ad409798-ee94-4436-92c5-92669193be14,3,1,0.804012,1
ad409798-ee94-4436-92c5-92669193be14,3,2,0.697018,1
ad409798-ee94-4436-92c5-92669193be14,3,3,0.045355,0
ad409798-ee94-4436-92c5-92669193be14,3,4,0.175454,0
ad409798-ee94-4436-92c5-92669193be14,3,5,0.189742,0
ad409798-ee94-4436-92c5-92669193be14,3,6,0.734513,1
c6a0e65c-4f8b-41de-8200-cd700f683c64,1,0,0.113086,0
c6a0e65c-4f8b-41de-8200-cd700f683c64,1,1,0.049198,0
c6a0e65c-4f8b-41de-8200-cd700f683c64,1,2,0.036586,0
c6a0e65c-4f8b-41de-8200-cd700f683c64,1,3,0.055710,0
c6a0e65c-4f8b-41de-8200-cd700f683c64,1,4,0.018598,0
c6a0e65c-4f8b-41de-8200-cd700f683c64,1,5,0.028988,0
c6a0e65c-4f8b-41de-8200-cd700f683c64,1,6,0.019675,0
c6a0e65c-4f8b-41de-8200-cd700f683c64,1,7,0.045079,0
c6a0e65c-4f8b-41de-8200-cd700f683c64,1,8,0.020962,0
c6a0e65c-4f8b-41de-8200-cd700f683c64,1,9,0.020057,0
c6a0e65c-4f8b-41de-8200-cd700f683c64,1,10,0.033619,0
c6a0e65c-4f8b-41de-8200-cd700f683c64,1,11,0.036728,0
c6a0e65c-4f8b-41de-8200-cd700f683c64,1,12,0.089964,0
c6a0e65c-4f8b-41de-8200-cd700f683c64,1,13,0.020516,0
c6a0e65c-4f8b-41de-8200-cd700f683c64,1,14,0.023611,0
c6a0e65c-4f8b-41de-8200-cd700f683c64,1,15,0.032042,0
c6a0e65c-4f8b-41de-8200-cd700f683c64,1,16,0.034908,0
c6a0e65c-4f8b-41de-8200-cd700f683c64,1,17,0.139119,0
c6a0e65c-4f8b-41de-8200-cd700f683c64,1,18,0.987701,1
c6a0e65c-4f8b-41de-8200-cd700f683c64,1,19,0.058225,0
c6a0e65c-4f8b-41de-8200-cd700f683c64,1,20,0.033978,0
c6a0e65c-4f8b-41de-8200-cd700f683c64,1,21,0.022458,0
c6a0e65c-4f8b-41de-8200-cd700f683c64,1,22,0.030573,0
c6a0e65c-4f8b-41de-8200-cd700f683c64,1,23,0.425703,0
c6a0e65c-4f8b-41de-8200-cd700f683c64,1,24,0.031933,0
c6a0e65c-4f8b-41de-8200-cd700f683c64,1,25,0.023760,0
c6a0e65c-4f8b-41de-8200-cd700f683c64,2,0,0.664223,1
c6a0e65c-4f8b-41de-8200-cd700f683c64,2,1,0.026548,0
c6a0e65c-4f8b-41de-8200-cd700f683c64,2,2,0.089481,0
c6a0e65c-4f8b-41de-8200-cd700f683c64,2,3,0.029942,0
c6a0e65c-4f8b-41de-8200-cd700f683c64,2,4,0.054344,0
c6a0e65c-4f8b-41de-8200-cd700f683c64,2,5,0.029921,0
c6a0e65c-4f8b-41de-8200-cd700f683c64,2,6,0.024771,0
c6a0e65c-4f8b-41de-8200-cd700f683c64,2,7,0.029181,0
c6a0e65c-4f8b-41de-8200-cd700f683c64,2,8,0.033685,0
c6a0e65c-4f8b-41de-8200-cd700f683c64,2,9,0.030625,0
c6a0e65c-4f8b-41de-8200-cd700f683c64,2,10,0.026913,0
c6a0e65c-4f8b-41de-8200-cd700f683c64,2,11,0.022059,0
c6a0e65c-4f8b-41de-8200-cd700f683c64,2,12,0.045845,0
c6a0e65c-4f8b-41de-8200-cd700f683c64,2,13,0.020137,0
c6a0e65c-4f8b-41de-8200-cd700f683c64,2,14,0.021341,0
c6a0e65c-4f8b-41de-8200-cd700f683c64,2,15,0.135649,0
c6a0e65c-4f8b-41de-8200-cd700f683c64,2,16,0.028743,0
c6a0e65c-4f8b-41de-8200-cd700f683c64,2,17,0.021003,0
c6a0e65c-4f8b-41de-8200-cd700f683c64,2,18,0.056325,0
c6a0e65c-4f8b-41de-8200-cd700f683c64,2,19,0.962637,1
c6a0e65c-4f8b-41de-8200-cd700f683c64,2,20,0.695593,1
c6a0e65c-4f8b-41de-8200-cd700f683c64,2,21,0.034238,0
c6a0e65c-4f8b-41de-8200-cd700f683c64,2,22,0.024838,0
c6a0e65c-4f8b-41de-8200-cd700f683c64,2,23,0.025664,0
c6a0e65c-4f8b-41de-8200-cd700f683c64,2,24,0.022412,0
c6a0e65c-4f8b-41de-8200-cd700f683c64,2,25,0.019459,0
c6a0e65c-4f8b-41de-8200-cd700f683c64,2,26,0.024131,0
c6a0e65c-4f8b-41de-8200-cd700f683c64,2,27,0.027247,0
c6a0e65c-4f8b-41de-8200-cd700f683c64,2,28,0.027518,0
c6a0e65c-4f8b-41de-8200-cd700f683c64,3,0,0.024731,0
c6a0e65c-4f8b-41de-8200-cd700f683c64,3,1,0.024818,0
c6a0e65c-4f8b-41de-8200-cd700f683c64,3,2,0.034911,0
c6a0e65c-4f8b-41de-8200-cd700f683c64,3,3,0.063187,0
c6a0e65c-4f8b-41de-8200-cd700f683c64,3,4,0.033600,0
c6a0e65c-4f8b-41de-8200-cd700f683c64,3,5,0.028532,0
c6a0e65c-4f8b-41de-8200-cd700f683c64,3,6,0.721600,1
c6a0e65c-4f8b-41de-8200-cd700f683c64,3,7,0.032063,0
c6a0e65c-4f8b-41de-8200-cd700f683c64,3,8,0.026319,0
c6a0e65c-4f8b-41de-8200-cd700f683c64,3,9,0.019194,0
c6a0e65c-4f8b-41de-8200-cd700f683c64,3,10,0.104301,0
c6a0e65c-4f8b-41de-8200-cd700f683c64,3,11,0.029266,0
c6a0e65c-4f8b-41de-8200-cd700f683c64,3,12,0.236577,0
c6a0e65c-4f8b-41de-8200-cd700f683c64,3,13,0.209040,0
c6a0e65c-4f8b-41de-8200-cd700f683c64,3,14,0.160923,0
c6a0e65c-4f8b-41de-8200-cd700f683c64,3,15,0.031799,0
c6a0e65c-4f8b-41de-8200-cd700f683c64,3,16,0.027482,0
c6a0e65c-4f8b-41de-8200-cd700f683c64,3,17,0.021308,0
c6a0e65c-4f8b-41de-8200-cd700f683c64,3,18,0.135409,0
c6a0e65c-4f8b-41de-8200-cd700f683c64,3,19,0.193484,0
c6a0e65c-4f8b-41de-8200-cd700f683c64,3,20,0.032074,0
eb17fa36-89f2-4d0b-8133-7bb4682228e1,1,0,0.021378,0
eb17fa36-89f2-4d0b-8133-7bb4682228e1,1,1,0.024063,0
eb17fa36-89f2-4d0b-8133-7bb4682228e1,1,2,0.023424,0
eb17fa36-89f2-4d0b-8133-7bb4682228e1,1,3,0.035001,0
eb17fa36-89f2-4d0b-8133-7bb4682228e1,1,4,0.020343,0
eb17fa36-89f2-4d0b-8133-7bb4682228e1,1,5,0.024848,0
eb17fa36-89f2-4d0b-8133-7bb4682228e1,1,6,0.029813,0
eb17fa36-89f2-4d0b-8133-7bb4682228e1,1,7,0.299609,0
eb17fa36-89f2-4d0b-8133-7bb4682228e1,1,8,0.020591,0
eb17fa36-89f2-4d0b-8133-7bb4682228e1,1,9,0.042600,0
eb17fa36-89f2-4d0b-8133-7bb4682228e1,1,10,0.022051,0
eb17fa36-89f2-4d0b-8133-7bb4682228e1,1,11,0.033172,0
eb17fa36-89f2-4d0b-8133-7bb4682228e1,1,12,0.107816,0
eb17fa36-89f2-4d0b-8133-7bb4682228e1,1,13,0.023912,0
eb17fa36-89f2-4d0b-8133-7bb4682228e1,1,14,0.020488,0
eb17fa36-89f2-4d0b-8133-7bb4682228e1,1,15,0.025464,0
eb17fa36-89f2-4d0b-8133-7bb4682228e1,2,0,0.022448,0
eb17fa36-89f2-4d0b-8133-7bb4682228e1,2,1,0.025592,0
eb17fa36-89f2-4d0b-8133-7bb4682228e1,2,2,0.027456,0
eb17fa36-89f2-4d0b-8133-7bb4682228e1,2,3,0.021724,0
eb17fa36-89f2-4d0b-8133-7bb4682228e1,2,4,0.031014,0
eb17fa36-89f2-4d0b-8133-7bb4682228e1,2,5,0.023393,0
eb17fa36-89f2-4d0b-8133-7bb4682228e1,2,6,0.022232,0
eb17fa36-89f2-4d0b-8133-7bb4682228e1,2,7,0.035948,0
eb17fa36-89f2-4d0b-8133-7bb4682228e1,2,8,0.704761,1
eb17fa36-89f2-4d0b-8133-7bb4682228e1,2,9,0.055083,0
eb17fa36-89f2-4d0b-8133-7bb4682228e1,2,10,0.022064,0
eb17fa36-89f2-4d0b-8133-7bb4682228e1,2,11,0.026655,0
eb17fa36-89f2-4d0b-8133-7bb4682228e1,2,12,0.078575,0
eb17fa36-89f2-4d0b-8133-7bb4682228e1,2,13,0.127425,0
eb17fa36-89f2-4d0b-8133-7bb4682228e1,2,14,0.024820,0
eb17fa36-89f2-4d0b-8133-7bb4682228e1,2,15,0.413625,0
eb17fa36-89f2-4d0b-8133-7bb4682228e1,2,16,0.028790,0
eb17fa36-89f2-4d0b-8133-7bb4682228e1,2,17,0.028219,0
eb17fa36-89f2-4d0b-8133-7bb4682228e1,2,18,0.022446,0
eb17fa36-89f2-4d0b-8133-7bb4682228e1,2,19,0.062125,0
eb17fa36-89f2-4d0b-8133-7bb4682228e1,2,20,0.038783,0
eb17fa36-89f2-4d0b-8133-7bb4682228e1,2,21,0.025217,0
eb17fa36-89f2-4d0b-8133-7bb4682228e1,2,22,0.030912,0
eb17fa36-89f2-4d0b-8133-7bb4682228e1,2,23,0.083546,0
eb17fa36-89f2-4d0b-8133-7bb4682228e1,2,24,0.032989,0
eb17fa36-89f2-4d0b-8133-7bb4682228e1,2,25,0.157278,0
eb17fa36-89f2-4d0b-8133-7bb4682228e1,2,26,0.046097,0
eb17fa36-89f2-4d0b-8133-7bb4682228e1,2,27,0.035369,0
eb17fa36-89f2-4d0b-8133-7bb4682228e1,2,28,0.023069,0
eb17fa36-89f2-4d0b-8133-7bb4682228e1,2,29,0.030444,0
eb17fa36-89f2-4d0b-8133-7bb4682228e1,2,30,0.026640,0
eb17fa36-89f2-4d0b-8133-7bb4682228e1,2,31,0.022719,0
eb17fa36-89f2-4d0b-8133-7bb4682228e1,3,0,0.023776,0
eb17fa36-89f2-4d0b-8133-7bb4682228e1,3,1,0.023274,0
eb17fa36-89f2-4d0b-8133-7bb4682228e1,3,2,0.023136,0
eb17fa36-89f2-4d0b-8133-7bb4682228e1,3,3,0.051354,0
eb17fa36-89f2-4d0b-8133-7bb4682228e1,3,4,0.021301,0
eb17fa36-89f2-4d0b-8133-7bb4682228e1,3,5,0.028388,0
eb17fa36-89f2-4d0b-8133-7bb4682228e1,3,6,0.086695,0
eb17fa36-89f2-4d0b-8133-7bb4682228e1,3,7,0.023556,0
eb17fa36-89f2-4d0b-8133-7bb4682228e1,3,8,0.022752,0
eb17fa36-89f2-4d0b-8133-7bb4682228e1,3,9,0.030537,0
eb17fa36-89f2-4d0b-8133-7bb4682228e1,3,10,0.023950,0
eb17fa36-89f2-4d0b-8133-7bb4682228e1,3,11,0.451151,0
eb17fa36-89f2-4d0b-8133-7bb4682228e1,3,12,0.033695,0
eb17fa36-89f2-4d0b-8133-7bb4682228e1,3,13,0.021455,0
eb17fa36-89f2-4d0b-8133-7bb4682228e1,3,14,0.021932,0
eb17fa36-89f2-4d0b-8133-7bb4682228e1,3,15,0.019601,0
eb17fa36-89f2-4d0b-8133-7bb4682228e1,3,16,0.026539,0
eb17fa36-89f2-4d0b-8133-7bb4682228e1,3,17,0.023143,0
f688c56d-7fae-42ef-b7f7-7db207b58d27,1,0,0.033995,0
f688c56d-7fae-42ef-b7f7-7db207b58d27,1,1,0.063060,0
f688c56d-7fae-42ef-b7f7-7db207b58d27,1,2,0.030200,0
f688c56d-7fae-42ef-b7f7-7db207b58d27,1,3,0.105604,0
f688c56d-7fae-42ef-b7f7-7db207b58d27,1,4,0.039946,0
f688c56d-7fae-42ef-b7f7-7db207b58d27,1,5,0.972228,1
f688c56d-7fae-42ef-b7f7-7db207b58d27,1,6,0.054812,0
f688c56d-7fae-42ef-b7f7-7db207b58d27,1,7,0.144295,0
f688c56d-7fae-42ef-b7f7-7db207b58d27,1,8,0.405884,0
f688c56d-7fae-42ef-b7f7-7db207b58d27,1,9,0.030943,0
f688c56d-7fae-42ef-b7f7-7db207b58d27,1,10,0.049517,0
f688c56d-7fae-42ef-b7f7-7db207b58d27,1,11,0.034084,0
f688c56d-7fae-42ef-b7f7-7db207b58d27,1,12,0.034519,0
f688c56d-7fae-42ef-b7f7-7db207b58d27,1,13,0.043923,0
f688c56d-7fae-42ef-b7f7-7db207b58d27,1,14,0.068125,0
f688c56d-7fae-42ef-b7f7-7db207b58d27,1,15,0.034886,0
f688c56d-7fae-42ef-b7f7-7db207b58d27,1,16,0.091316,0
f688c56d-7fae-42ef-b7f7-7db207b58d27,1,17,0.071716,0
f688c56d-7fae-42ef-b7f7-7db207b58d27,1,18,0.330445,0
f688c56d-7fae-42ef-b7f7-7db207b58d27,1,19,0.025366,0
f688c56d-7fae-42ef-b7f7-7db207b58d27,1,20,0.020552,0
f688c56d-7fae-42ef-b7f7-7db207b58d27,1,21,0.043284,0
f688c56d-7fae-42ef-b7f7-7db207b58d27,1,22,0.037721,0
f688c56d-7fae-42ef-b7f7-7db207b58d27,1,23,0.158514,0
f688c56d-7fae-42ef-b7f7-7db207b58d27,1,24,0.025113,0
f688c56d-7fae-42ef-b7f7-7db207b58d27,1,25,0.022860,0
f688c56d-7fae-42ef-b7f7-7db207b58d27,1,26,0.030496,0
f688c56d-7fae-42ef-b7f7-7db207b58d27,2,0,0.945691,1
f688c56d-7fae-42ef-b7f7-7db207b58d27,2,1,0.070025,0
f688c56d-7fae-42ef-b7f7-7db207b58d27,2,2,0.059900,0
f688c56d-7fae-42ef-b7f7-7db207b58d27,2,3,0.053919,0
f688c56d-7fae-42ef-b7f7-7db207b58d27,2,4,0.177976,0
f688c56d-7fae-42ef-b7f7-7db207b58d27,2,5,0.065040,0
f688c56d-7fae-42ef-b7f7-7db207b58d27,2,6,0.020779,0
f688c56d-7fae-42ef-b7f7-7db207b58d27,2,7,0.030385,0
f688c56d-7fae-42ef-b7f7-7db207b58d27,2,8,0.956322,1
f688c56d-7fae-42ef-b7f7-7db207b58d27,2,9,0.079527,0
f688c56d-7fae-42ef-b7f7-7db207b58d27,2,10,0.193146,0
f688c56d-7fae-42ef-b7f7-7db207b58d27,2,11,0.023414,0
f688c56d-7fae-42ef-b7f7-7db207b58d27,2,12,0.178723,0
f688c56d-7fae-42ef-b7f7-7db207b58d27,2,13,0.911141,1
f688c56d-7fae-42ef-b7f7-7db207b58d27,2,14,0.104875,0
f688c56d-7fae-42ef-b7f7-7db207b58d27,2,15,0.069813,0
f688c56d-7fae-42ef-b7f7-7db207b58d27,2,16,0.069570,0
f688c56d-7fae-42ef-b7f7-7db207b58d27,2,17,0.073384,0
f688c56d-7fae-42ef-b7f7-7db207b58d27,2,18,0.027820,0
f688c56d-7fae-42ef-b7f7-7db207b58d27,2,19,0.022695,0
f688c56d-7fae-42ef-b7f7-7db207b58d27,2,20,0.032049,0
f688c56d-7fae-42ef-b7f7-7db207b58d27,2,21,0.022008,0
f688c56d-7fae-42ef-b7f7-7db207b58d27,2,22,0.023077,0
f688c56d-7fae-42ef-b7f7-7db207b58d27,2,23,0.024215,0
f688c56d-7fae-42ef-b7f7-7db207b58d27,2,24,0.236039,0
f688c56d-7fae-42ef-b7f7-7db207b58d27,2,25,0.449063,0
f688c56d-7fae-42ef-b7f7-7db207b58d27,2,26,0.060980,0
f688c56d-7fae-42ef-b7f7-7db207b58d27,2,27,0.023518,0
f688c56d-7fae-42ef-b7f7-7db207b58d27,2,28,0.026715,0
f688c56d-7fae-42ef-b7f7-7db207b58d27,2,29,0.031818,0
f688c56d-7fae-42ef-b7f7-7db207b58d27,2,30,0.244446,0
f688c56d-7fae-42ef-b7f7-7db207b58d27,2,31,0.789615,1
f688c56d-7fae-42ef-b7f7-7db207b58d27,2,32,0.025412,0
f688c56d-7fae-42ef-b7f7-7db207b58d27,2,33,0.091754,0
f688c56d-7fae-42ef-b7f7-7db207b58d27,2,34,0.832872,1
f688c56d-7fae-42ef-b7f7-7db207b58d27,2,35,0.051564,0
f688c56d-7fae-42ef-b7f7-7db207b58d27,2,36,0.026721,0
f688c56d-7fae-42ef-b7f7-7db207b58d27,2,37,0.969220,1
f688c56d-7fae-42ef-b7f7-7db207b58d27,2,38,0.031015,0
f688c56d-7fae-42ef-b7f7-7db207b58d27,2,39,0.021490,0
f688c56d-7fae-42ef-b7f7-7db207b58d27,2,40,0.023423,0
f688c56d-7fae-42ef-b7f7-7db207b58d27,2,41,0.028648,0
f688c56d-7fae-42ef-b7f7-7db207b58d27,3,0,0.036955,0
f688c56d-7fae-42ef-b7f7-7db207b58d27,3,1,0.022212,0
f688c56d-7fae-42ef-b7f7-7db207b58d27,3,2,0.035640,0
f688c56d-7fae-42ef-b7f7-7db207b58d27,3,3,0.036846,0
f688c56d-7fae-42ef-b7f7-7db207b58d27,3,4,0.053922,0
f688c56d-7fae-42ef-b7f7-7db207b58d27,3,5,0.054287,0
f688c56d-7fae-42ef-b7f7-7db207b58d27,3,6,0.069968,0
f688c56d-7fae-42ef-b7f7-7db207b58d27,3,7,0.956696,1
f688c56d-7fae-42ef-b7f7-7db207b58d27,3,8,0.023870,0
f688c56d-7fae-42ef-b7f7-7db207b58d27,3,9,0.774842,1
f688c56d-7fae-42ef-b7f7-7db207b58d27,3,10,0.086991,0
f688c56d-7fae-42ef-b7f7-7db207b58d27,3,11,0.969494,1
f688c56d-7fae-42ef-b7f7-7db207b58d27,3,12,0.663906,1
f688c56d-7fae-42ef-b7f7-7db207b58d27,3,13,0.044000,0
f688c56d-7fae-42ef-b7f7-7db207b58d27,3,14,0.035738,0
f688c56d-7fae-42ef-b7f7-7db207b58d27,3,15,0.024501,0
f688c56d-7fae-42ef-b7f7-7db207b58d27,3,16,0.971419,1
f688c56d-7fae-42ef-b7f7-7db207b58d27,3,17,0.095677,0
f688c56d-7fae-42ef-b7f7-7db207b58d27,3,18,0.021768,0
f688c56d-7fae-42ef-b7f7-7db207b58d27,3,19,0.034265,0
f688c56d-7fae-42ef-b7f7-7db207b58d27,3,20,0.038661,0
f688c56d-7fae-42ef-b7f7-7db207b58d27,3,21,0.678678,1
f688c56d-7fae-42ef-b7f7-7db207b58d27,3,22,0.020261,0
f688c56d-7fae-42ef-b7f7-7db207b58d27,3,23,0.023262,0
f688c56d-7fae-42ef-b7f7-7db207b58d27,3,24,0.031256,0
f688c56d-7fae-42ef-b7f7-7db207b58d27,3,25,0.026757,0
f688c56d-7fae-42ef-b7f7-7db207b58d27,3,26,0.059687,0
f688c56d-7fae-42ef-b7f7-7db207b58d27,3,27,0.061777,0
f688c56d-7fae-42ef-b7f7-7db207b58d27,3,28,0.032390,0
f688c56d-7fae-42ef-b7f7-7db207b58d27,3,29,0.950708,1
f688c56d-7fae-42ef-b7f7-7db207b58d27,3,30,0.944820,1
f688c56d-7fae-42ef-b7f7-7db207b58d27,3,31,0.025272,0
0d10341a-9dba-4374-a524-814c300d1611,1,0,0.035305,0
0d10341a-9dba-4374-a524-814c300d1611,1,1,0.022172,0
0d10341a-9dba-4374-a524-814c300d1611,1,2,0.020628,0
0d10341a-9dba-4374-a524-814c300d1611,1,3,0.076501,0
0d10341a-9dba-4374-a524-814c300d1611,1,4,0.028853,0
0d10341a-9dba-4374-a524-814c300d1611,1,5,0.023049,0
0d10341a-9dba-4374-a524-814c300d1611,1,6,0.032562,0
0d10341a-9dba-4374-a524-814c300d1611,1,7,0.425086,0
0d10341a-9dba-4374-a524-814c300d1611,1,8,0.025917,0
0d10341a-9dba-4374-a524-814c300d1611,1,9,0.028300,0
0d10341a-9dba-4374-a524-814c300d1611,1,10,0.030252,0
0d10341a-9dba-4374-a524-814c300d1611,1,11,0.027457,0
0d10341a-9dba-4374-a524-814c300d1611,1,12,0.021471,0
0d10341a-9dba-4374-a524-814c300d1611,1,13,0.026203,0
0d10341a-9dba-4374-a524-814c300d1611,1,14,0.023395,0
0d10341a-9dba-4374-a524-814c300d1611,1,15,0.059358,0
0d10341a-9dba-4374-a524-814c300d1611,1,16,0.057112,0
0d10341a-9dba-4374-a524-814c300d1611,1,17,0.026347,0
0d10341a-9dba-4374-a524-814c300d1611,1,18,0.042179,0
0d10341a-9dba-4374-a524-814c300d1611,1,19,0.033696,0
0d10341a-9dba-4374-a524-814c300d1611,1,20,0.035235,0
0d10341a-9dba-4374-a524-814c300d1611,1,21,0.029183,0
0d10341a-9dba-4374-a524-814c300d1611,1,22,0.025735,0
0d10341a-9dba-4374-a524-814c300d1611,1,23,0.056232,0
0d10341a-9dba-4374-a524-814c300d1611,1,24,0.024194,0
0d10341a-9dba-4374-a524-814c300d1611,1,25,0.881996,1
0d10341a-9dba-4374-a524-814c300d1611,1,26,0.029236,0
0d10341a-9dba-4374-a524-814c300d1611,1,27,0.047393,0
0d10341a-9dba-4374-a524-814c300d1611,1,28,0.083370,0
0d10341a-9dba-4374-a524-814c300d1611,1,29,0.023858,0
0d10341a-9dba-4374-a524-814c300d1611,1,30,0.023032,0
0d10341a-9dba-4374-a524-814c300d1611,1,31,0.059428,0
0d10341a-9dba-4374-a524-814c300d1611,1,32,0.076129,0
0d10341a-9dba-4374-a524-814c300d1611,1,33,0.023106,0
0d10341a-9dba-4374-a524-814c300d1611,1,34,0.045709,0
0d10341a-9dba-4374-a524-814c300d1611,1,35,0.022663,0
0d10341a-9dba-4374-a524-814c300d1611,1,36,0.033254,0
0d10341a-9dba-4374-a524-814c300d1611,1,37,0.024586,0
0d10341a-9dba-4374-a524-814c300d1611,2,0,0.037005,0
0d10341a-9dba-4374-a524-814c300d1611,2,1,0.032592,0
0d10341a-9dba-4374-a524-814c300d1611,2,2,0.021981,0
0d10341a-9dba-4374-a524-814c300d1611,2,3,0.022770,0
0d10341a-9dba-4374-a524-814c300d1611,2,4,0.027982,0
0d10341a-9dba-4374-a524-814c300d1611,2,5,0.042446,0
0d10341a-9dba-4374-a524-814c300d1611,2,6,0.022672,0
0d10341a-9dba-4374-a524-814c300d1611,2,7,0.023409,0
0d10341a-9dba-4374-a524-814c300d1611,2,8,0.169166,0
0d10341a-9dba-4374-a524-814c300d1611,2,9,0.595268,1
0d10341a-9dba-4374-a524-814c300d1611,2,10,0.143486,0
0d10341a-9dba-4374-a524-814c300d1611,2,11,0.021865,0
0d10341a-9dba-4374-a524-814c300d1611,2,12,0.028906,0
0d10341a-9dba-4374-a524-814c300d1611,2,13,0.020463,0
0d10341a-9dba-4374-a524-814c300d1611,2,14,0.022765,0
0d10341a-9dba-4374-a524-814c300d1611,2,15,0.677368,1
0d10341a-9dba-4374-a524-814c300d1611,2,16,0.028934,0
0d10341a-9dba-4374-a524-814c300d1611,2,17,0.025823,0
0d10341a-9dba-4374-a524-814c300d1611,2,18,0.034202,0
0d10341a-9dba-4374-a524-814c300d1611,2,19,0.032052,0
0d10341a-9dba-4374-a524-814c300d1611,2,20,0.099243,0
0d10341a-9dba-4374-a524-814c300d1611,2,21,0.058360,0
0d10341a-9dba-4374-a524-814c300d1611,2,22,0.017888,0
0d10341a-9dba-4374-a524-814c300d1611,2,23,0.024706,0
0d10341a-9dba-4374-a524-814c300d1611,2,24,0.024981,0
0d10341a-9dba-4374-a524-814c300d1611,2,25,0.062987,0
0d10341a-9dba-4374-a524-814c300d1611,2,26,0.089101,0
0d10341a-9dba-4374-a524-814c300d1611,2,27,0.074161,0
0d10341a-9dba-4374-a524-814c300d1611,2,28,0.030769,0
0d10341a-9dba-4374-a524-814c300d1611,2,29,0.047299,0
0d10341a-9dba-4374-a524-814c300d1611,2,30,0.019675,0
0d10341a-9dba-4374-a524-814c300d1611,2,31,0.075499,0
0d10341a-9dba-4374-a524-814c300d1611,2,32,0.032724,0
0d10341a-9dba-4374-a524-814c300d1611,2,33,0.025196,0
0d10341a-9dba-4374-a524-814c300d1611,2,34,0.021089,0
0d10341a-9dba-4374-a524-814c300d1611,2,35,0.119402,0
0d10341a-9dba-4374-a524-814c300d1611,2,36,0.777915,1
0d10341a-9dba-4374-a524-814c300d1611,2,37,0.025037,0
0d10341a-9dba-4374-a524-814c300d1611,2,38,0.022065,0
0d10341a-9dba-4374-a524-814c300d1611,2,39,0.022541,0
0d10341a-9dba-4374-a524-814c300d1611,2,40,0.450859,0
0d10341a-9dba-4374-a524-814c300d1611,2,41,0.033195,0
0d10341a-9dba-4374-a524-814c300d1611,2,42,0.071905,0
0d10341a-9dba-4374-a524-814c300d1611,2,43,0.099270,0
0d10341a-9dba-4374-a524-814c300d1611,2,44,0.031527,0
0d10341a-9dba-4374-a524-814c300d1611,2,45,0.409831,0
0d10341a-9dba-4374-a524-814c300d1611,2,46,0.035183,0
0d10341a-9dba-4374-a524-814c300d1611,2,47,0.729860,1
0d10341a-9dba-4374-a524-814c300d1611,2,48,0.058105,0
0d10341a-9dba-4374-a524-814c300d1611,2,49,0.051407,0
0d10341a-9dba-4374-a524-814c300d1611,2,50,0.035168,0
0d10341a-9dba-4374-a524-814c300d1611,2,51,0.665591,1
0d10341a-9dba-4374-a524-814c300d1611,2,52,0.019598,0
0d10341a-9dba-4374-a524-814c300d1611,2,53,0.023285,0
0d10341a-9dba-4374-a524-814c300d1611,2,54,0.024102,0
0d10341a-9dba-4374-a524-814c300d1611,3,0,0.056648,0
0d10341a-9dba-4374-a524-814c300d1611,3,1,0.033168,0
0d10341a-9dba-4374-a524-814c300d1611,3,2,0.064449,0
0d10341a-9dba-4374-a524-814c300d1611,3,3,0.019854,0
0d10341a-9dba-4374-a524-814c300d1611,3,4,0.020196,0
0d10341a-9dba-4374-a524-814c300d1611,3,5,0.019784,0
0d10341a-9dba-4374-a524-814c300d1611,3,6,0.169842,0
0d10341a-9dba-4374-a524-814c300d1611,3,7,0.036315,0
0d10341a-9dba-4374-a524-814c300d1611,3,8,0.028248,0
0d10341a-9dba-4374-a524-814c300d1611,3,9,0.033348,0
0d10341a-9dba-4374-a524-814c300d1611,3,10,0.960078,1
0d10341a-9dba-4374-a524-814c300d1611,3,11,0.065685,0
0d10341a-9dba-4374-a524-814c300d1611,3,12,0.117905,0
0d10341a-9dba-4374-a524-814c300d1611,3,13,0.062539,0
0d10341a-9dba-4374-a524-814c300d1611,3,14,0.477533,0
0d10341a-9dba-4374-a524-814c300d1611,3,15,0.025466,0
0d10341a-9dba-4374-a524-814c300d1611,3,16,0.031758,0
0d10341a-9dba-4374-a524-814c300d1611,3,17,0.026989,0
0d10341a-9dba-4374-a524-814c300d1611,3,18,0.971114,1
0d10341a-9dba-4374-a524-814c300d1611,3,19,0.978611,1
0d10341a-9dba-4374-a524-814c300d1611,3,20,0.031770,0
0d10341a-9dba-4374-a524-814c300d1611,3,21,0.223250,0
0d10341a-9dba-4374-a524-814c300d1611,3,22,0.040339,0
0d10341a-9dba-4374-a524-814c300d1611,3,23,0.209749,0
0d10341a-9dba-4374-a524-814c300d1611,3,24,0.088744,0
0d10341a-9dba-4374-a524-814c300d1611,3,25,0.051892,0
0d10341a-9dba-4374-a524-814c300d1611,3,26,0.665226,1
0d10341a-9dba-4374-a524-814c300d1611,3,27,0.053475,0
0d10341a-9dba-4374-a524-814c300d1611,3,28,0.026335,0
0d10341a-9dba-4374-a524-814c300d1611,3,29,0.070717,0
1e41e98b-9ac1-441d-b2c2-19d8f730c74a,1,0,0.025046,0
1e41e98b-9ac1-441d-b2c2-19d8f730c74a,1,1,0.022236,0
1e41e98b-9ac1-441d-b2c2-19d8f730c74a,1,2,0.026077,0
1e41e98b-9ac1-441d-b2c2-19d8f730c74a,1,3,0.057491,0
1e41e98b-9ac1-441d-b2c2-19d8f730c74a,1,4,0.024485,0
1e41e98b-9ac1-441d-b2c2-19d8f730c74a,1,5,0.024240,0
1e41e98b-9ac1-441d-b2c2-19d8f730c74a,1,6,0.042839,0
1e41e98b-9ac1-441d-b2c2-19d8f730c74a,1,7,0.033556,0
1e41e98b-9ac1-441d-b2c2-19d8f730c74a,1,8,0.261583,0
1e41e98b-9ac1-441d-b2c2-19d8f730c74a,1,9,0.024104,0
1e41e98b-9ac1-441d-b2c2-19d8f730c74a,1,10,0.042387,0
1e41e98b-9ac1-441d-b2c2-19d8f730c74a,1,11,0.026195,0
1e41e98b-9ac1-441d-b2c2-19d8f730c74a,1,12,0.023215,0
1e41e98b-9ac1-441d-b2c2-19d8f730c74a,1,13,0.022511,0
1e41e98b-9ac1-441d-b2c2-19d8f730c74a,1,14,0.133724,0
1e41e98b-9ac1-441d-b2c2-19d8f730c74a,1,15,0.034793,0
1e41e98b-9ac1-441d-b2c2-19d8f730c74a,1,16,0.021113,0
1e41e98b-9ac1-441d-b2c2-19d8f730c74a,1,17,0.036159,0
1e41e98b-9ac1-441d-b2c2-19d8f730c74a,1,18,0.039593,0
1e41e98b-9ac1-441d-b2c2-19d8f730c74a,1,19,0.049783,0
1e41e98b-9ac1-441d-b2c2-19d8f730c74a,1,20,0.047519,0
1e41e98b-9ac1-441d-b2c2-19d8f730c74a,1,21,0.049927,0
1e41e98b-9ac1-441d-b2c2-19d8f730c74a,1,22,0.042259,0
1e41e98b-9ac1-441d-b2c2-19d8f730c74a,1,23,0.394219,0
1e41e98b-9ac1-441d-b2c2-19d8f730c74a,2,0,0.038399,0
1e41e98b-9ac1-441d-b2c2-19d8f730c74a,2,1,0.033827,0
1e41e98b-9ac1-441d-b2c2-19d8f730c74a,2,2,0.028483,0
1e41e98b-9ac1-441d-b2c2-19d8f730c74a,2,3,0.118709,0
1e41e98b-9ac1-441d-b2c2-19d8f730c74a,2,4,0.035902,0
1e41e98b-9ac1-441d-b2c2-19d8f730c74a,2,5,0.024546,0
1e41e98b-9ac1-441d-b2c2-19d8f730c74a,2,6,0.047245,0
1e41e98b-9ac1-441d-b2c2-19d8f730c74a,2,7,0.068226,0
1e41e98b-9ac1-441d-b2c2-19d8f730c74a,2,8,0.035980,0
1e41e98b-9ac1-441d-b2c2-19d8f730c74a,2,9,0.951766,1
1e41e98b-9ac1-441d-b2c2-19d8f730c74a,2,10,0.545181,1
1e41e98b-9ac1-441d-b2c2-19d8f730c74a,2,11,0.992338,1
1e41e98b-9ac1-441d-b2c2-19d8f730c74a,2,12,0.098558,0
1e41e98b-9ac1-441d-b2c2-19d8f730c74a,2,13,0.201111,0
1e41e98b-9ac1-441d-b2c2-19d8f730c74a,2,14,0.884369,1
1e41e98b-9ac1-441d-b2c2-19d8f730c74a,2,15,0.026480,0
1e41e98b-9ac1-441d-b2c2-19d8f730c74a,2,16,0.021405,0
1e41e98b-9ac1-441d-b2c2-19d8f730c74a,2,17,0.025483,0
1e41e98b-9ac1-441d-b2c2-19d8f730c74a,2,18,0.034597,0
1e41e98b-9ac1-441d-b2c2-19d8f730c74a,2,19,0.973575,1
1e41e98b-9ac1-441d-b2c2-19d8f730c74a,2,20,0.120126,0
1e41e98b-9ac1-441d-b2c2-19d8f730c74a,2,21,0.020911,0
1e41e98b-9ac1-441d-b2c2-19d8f730c74a,2,22,0.042161,0
1e41e98b-9ac1-441d-b2c2-19d8f730c74a,2,23,0.027997,0
1e41e98b-9ac1-441d-b2c2-19d8f730c74a,2,24,0.022924,0
1e41e98b-9ac1-441d-b2c2-19d8f730c74a,2,25,0.022221,0
1e41e98b-9ac1-441d-b2c2-19d8f730c74a,2,26,0.030468,0
1e41e98b-9ac1-441d-b2c2-19d8f730c74a,2,27,0.034984,0
1e41e98b-9ac1-441d-b2c2-19d8f730c74a,2,28,0.023026,0
1e41e98b-9ac1-441d-b2c2-19d8f730c74a,2,29,0.033802,0
1e41e98b-9ac1-441d-b2c2-19d8f730c74a,2,30,0.025845,0
1e41e98b-9ac1-441d-b2c2-19d8f730c74a,2,31,0.038982,0
1e41e98b-9ac1-441d-b2c2-19d8f730c74a,2,32,0.027225,0
1e41e98b-9ac1-441d-b2c2-19d8f730c74a,2,33,0.206270,0
1e41e98b-9ac1-441d-b2c2-19d8f730c74a,2,34,0.700651,1
1e41e98b-9ac1-441d-b2c2-19d8f730c74a,2,35,0.021978,0
1e41e98b-9ac1-441d-b2c2-19d8f730c74a,2,36,0.044230,0
1e41e98b-9ac1-441d-b2c2-19d8f730c74a,2,37,0.027785,0
1e41e98b-9ac1-441d-b2c2-19d8f730c74a,2,38,0.740783,1
1e41e98b-9ac1-441d-b2c2-19d8f730c74a,2,39,0.031693,0
1e41e98b-9ac1-441d-b2c2-19d8f730c74a,2,40,0.044054,0
1e41e98b-9ac1-441d-b2c2-19d8f730c74a,2,41,0.187322,0
1e41e98b-9ac1-441d-b2c2-19d8f730c74a,2,42,0.021612,0
1e41e98b-9ac1-441d-b2c2-19d8f730c74a,2,43,0.034373,0
1e41e98b-9ac1-441d-b2c2-19d8f730c74a,2,44,0.025403,0
1e41e98b-9ac1-441d-b2c2-19d8f730c74a,2,45,0.028168,0
1e41e98b-9ac1-441d-b2c2-19d8f730c74a,2,46,0.033165,0
1e41e98b-9ac1-441d-b2c2-19d8f730c74a,2,47,0.026495,0
1e41e98b-9ac1-441d-b2c2-19d8f730c74a,2,48,0.022557,0
1e41e98b-9ac1-441d-b2c2-19d8f730c74a,2,49,0.040207,0
1e41e98b-9ac1-441d-b2c2-19d8f730c74a,2,50,0.068116,0
1e41e98b-9ac1-441d-b2c2-19d8f730c74a,2,51,0.026298,0
1e41e98b-9ac1-441d-b2c2-19d8f730c74a,2,52,0.035888,0
1e41e98b-9ac1-441d-b2c2-19d8f730c74a,2,53,0.106935,0
1e41e98b-9ac1-441d-b2c2-19d8f730c74a,2,54,0.168309,0
1e41e98b-9ac1-441d-b2c2-19d8f730c74a,2,55,0.955725,1
1e41e98b-9ac1-441d-b2c2-19d8f730c74a,2,56,0.028640,0
1e41e98b-9ac1-441d-b2c2-19d8f730c74a,2,57,0.028308,0
1e41e98b-9ac1-441d-b2c2-19d8f730c74a,2,58,0.303786,0
1e41e98b-9ac1-441d-b2c2-19d8f730c74a,2,59,0.022756,0
1e41e98b-9ac1-441d-b2c2-19d8f730c74a,2,60,0.025118,0
1e41e98b-9ac1-441d-b2c2-19d8f730c74a,3,0,0.250916,0
1e41e98b-9ac1-441d-b2c2-19d8f730c74a,3,1,0.021416,0
1e41e98b-9ac1-441d-b2c2-19d8f730c74a,3,2,0.020716,0
1e41e98b-9ac1-441d-b2c2-19d8f730c74a,3,3,0.029268,0
1e41e98b-9ac1-441d-b2c2-19d8f730c74a,3,4,0.356838,0
1e41e98b-9ac1-441d-b2c2-19d8f730c74a,3,5,0.075858,0
1e41e98b-9ac1-441d-b2c2-19d8f730c74a,3,6,0.156952,0
1e41e98b-9ac1-441d-b2c2-19d8f730c74a,3,7,0.035273,0
1e41e98b-9ac1-441d-b2c2-19d8f730c74a,3,8,0.033877,0
1e41e98b-9ac1-441d-b2c2-19d8f730c74a,3,9,0.042373,0
1e41e98b-9ac1-441d-b2c2-19d8f730c74a,3,10,0.020962,0
1e41e98b-9ac1-441d-b2c2-19d8f730c74a,3,11,0.026664,0
1e41e98b-9ac1-441d-b2c2-19d8f730c74a,3,12,0.025118,0
1e41e98b-9ac1-441d-b2c2-19d8f730c74a,3,13,0.027399,0
1e41e98b-9ac1-441d-b2c2-19d8f730c74a,3,14,0.235070,0
1e41e98b-9ac1-441d-b2c2-19d8f730c74a,3,15,0.022025,0
2f3e86b6-8443-47bd-9cd3-491c90a59fe9,1,0,0.057268,0
2f3e86b6-8443-47bd-9cd3-491c90a59fe9,1,1,0.039546,0
2f3e86b6-8443-47bd-9cd3-491c90a59fe9,1,2,0.576295,1
2f3e86b6-8443-47bd-9cd3-491c90a59fe9,1,3,0.021581,0
2f3e86b6-8443-47bd-9cd3-491c90a59fe9,1,4,0.096435,0
2f3e86b6-8443-47bd-9cd3-491c90a59fe9,1,5,0.030542,0
2f3e86b6-8443-47bd-9cd3-491c90a59fe9,1,6,0.022293,0
2f3e86b6-8443-47bd-9cd3-491c90a59fe9,1,7,0.044346,0
2f3e86b6-8443-47bd-9cd3-491c90a59fe9,1,8,0.039622,0
2f3e86b6-8443-47bd-9cd3-491c90a59fe9,1,9,0.034641,0
2f3e86b6-8443-47bd-9cd3-491c90a59fe9,1,10,0.128298,0
2f3e86b6-8443-47bd-9cd3-491c90a59fe9,1,11,0.040937,0
2f3e86b6-8443-47bd-9cd3-491c90a59fe9,1,12,0.260666,0
2f3e86b6-8443-47bd-9cd3-491c90a59fe9,1,13,0.028364,0
2f3e86b6-8443-47bd-9cd3-491c90a59fe9,1,14,0.292201,0
2f3e86b6-8443-47bd-9cd3-491c90a59fe9,1,15,0.055828,0
2f3e86b6-8443-47bd-9cd3-491c90a59fe9,1,16,0.519785,1
2f3e86b6-8443-47bd-9cd3-491c90a59fe9,1,17,0.909807,1
2f3e86b6-8443-47bd-9cd3-491c90a59fe9,1,18,0.028008,0
2f3e86b6-8443-47bd-9cd3-491c90a59fe9,1,19,0.068893,0
2f3e86b6-8443-47bd-9cd3-491c90a59fe9,1,20,0.045035,0
2f3e86b6-8443-47bd-9cd3-491c90a59fe9,1,21,0.025523,0
2f3e86b6-8443-47bd-9cd3-491c90a59fe9,1,22,0.048511,0
2f3e86b6-8443-47bd-9cd3-491c90a59fe9,1,23,0.035626,0
2f3e86b6-8443-47bd-9cd3-491c90a59fe9,1,24,0.027923,0
2f3e86b6-8443-47bd-9cd3-491c90a59fe9,1,25,0.022431,0
2f3e86b6-8443-47bd-9cd3-491c90a59fe9,1,26,0.022594,0
2f3e86b6-8443-47bd-9cd3-491c90a59fe9,1,27,0.022509,0
2f3e86b6-8443-47bd-9cd3-491c90a59fe9,2,0,0.043145,0
2f3e86b6-8443-47bd-9cd3-491c90a59fe9,2,1,0.728604,1
2f3e86b6-8443-47bd-9cd3-491c90a59fe9,2,2,0.027105,0
2f3e86b6-8443-47bd-9cd3-491c90a59fe9,2,3,0.031464,0
2f3e86b6-8443-47bd-9cd3-491c90a59fe9,2,4,0.030110,0
2f3e86b6-8443-47bd-9cd3-491c90a59fe9,2,5,0.037270,0
2f3e86b6-8443-47bd-9cd3-491c90a59fe9,2,6,0.038890,0
2f3e86b6-8443-47bd-9cd3-491c90a59fe9,2,7,0.065337,0
2f3e86b6-8443-47bd-9cd3-491c90a59fe9,2,8,0.026827,0
2f3e86b6-8443-47bd-9cd3-491c90a59fe9,2,9,0.023947,0
2f3e86b6-8443-47bd-9cd3-491c90a59fe9,2,10,0.306252,0
2f3e86b6-8443-47bd-9cd3-491c90a59fe9,2,11,0.030443,0
2f3e86b6-8443-47bd-9cd3-491c90a59fe9,2,12,0.046181,0
2f3e86b6-8443-47bd-9cd3-491c90a59fe9,2,13,0.025231,0
2f3e86b6-8443-47bd-9cd3-491c90a59fe9,2,14,0.062442,0
2f3e86b6-8443-47bd-9cd3-491c90a59fe9,2,15,0.074386,0
2f3e86b6-8443-47bd-9cd3-491c90a59fe9,2,16,0.043890,0
2f3e86b6-8443-47bd-9cd3-491c90a59fe9,2,17,0.126535,0
2f3e86b6-8443-47bd-9cd3-491c90a59fe9,2,18,0.030916,0
2f3e86b6-8443-47bd-9cd3-491c90a59fe9,3,0,0.573904,1
2f3e86b6-8443-47bd-9cd3-491c90a59fe9,3,1,0.214865,0
2f3e86b6-8443-47bd-9cd3-491c90a59fe9,3,2,0.033172,0
2f3e86b6-8443-47bd-9cd3-491c90a59fe9,3,3,0.410182,0
2f3e86b6-8443-47bd-9cd3-491c90a59fe9,3,4,0.037452,0
2f3e86b6-8443-47bd-9cd3-491c90a59fe9,3,5,0.049104,0
2f3e86b6-8443-47bd-9cd3-491c90a59fe9,3,6,0.029221,0
2f3e86b6-8443-47bd-9cd3-491c90a59fe9,3,7,0.537610,1
2f3e86b6-8443-47bd-9cd3-491c90a59fe9,3,8,0.051276,0
2f3e86b6-8443-47bd-9cd3-491c90a59fe9,3,9,0.036039,0
2f3e86b6-8443-47bd-9cd3-491c90a59fe9,3,10,0.090371,0
2f3e86b6-8443-47bd-9cd3-491c90a59fe9,3,11,0.056858,0
2f3e86b6-8443-47bd-9cd3-491c90a59fe9,3,12,0.037825,0
2f3e86b6-8443-47bd-9cd3-491c90a59fe9,3,13,0.023912,0
2f3e86b6-8443-47bd-9cd3-491c90a59fe9,3,14,0.038727,0
2f3e86b6-8443-47bd-9cd3-491c90a59fe9,3,15,0.041568,0
2f3e86b6-8443-47bd-9cd3-491c90a59fe9,3,16,0.024027,0
2f3e86b6-8443-47bd-9cd3-491c90a59fe9,3,17,0.981767,1
2f3e86b6-8443-47bd-9cd3-491c90a59fe9,3,18,0.036714,0
2f3e86b6-8443-47bd-9cd3-491c90a59fe9,3,19,0.043852,0
2f3e86b6-8443-47bd-9cd3-491c90a59fe9,3,20,0.018718,0
2f3e86b6-8443-47bd-9cd3-491c90a59fe9,3,21,0.040310,0
2f3e86b6-8443-47bd-9cd3-491c90a59fe9,3,22,0.050669,0
2f3e86b6-8443-47bd-9cd3-491c90a59fe9,3,23,0.023881,0
2f3e86b6-8443-47bd-9cd3-491c90a59fe9,3,24,0.979729,1
2f3e86b6-8443-47bd-9cd3-491c90a59fe9,3,25,0.985185,1
2f3e86b6-8443-47bd-9cd3-491c90a59fe9,3,26,0.292907,0
3ae35b16-7f7f-4a5e-9f24-5ce724106a73,1,0,0.287930,0
3ae35b16-7f7f-4a5e-9f24-5ce724106a73,1,1,0.142883,0
3ae35b16-7f7f-4a5e-9f24-5ce724106a73,1,2,0.028270,0
3ae35b16-7f7f-4a5e-9f24-5ce724106a73,1,3,0.023669,0
3ae35b16-7f7f-4a5e-9f24-5ce724106a73,1,4,0.025062,0
3ae35b16-7f7f-4a5e-9f24-5ce724106a73,1,5,0.032632,0
3ae35b16-7f7f-4a5e-9f24-5ce724106a73,1,6,0.056662,0
3ae35b16-7f7f-4a5e-9f24-5ce724106a73,1,7,0.789501,1
3ae35b16-7f7f-4a5e-9f24-5ce724106a73,1,8,0.022515,0
3ae35b16-7f7f-4a5e-9f24-5ce724106a73,1,9,0.031383,0
3ae35b16-7f7f-4a5e-9f24-5ce724106a73,1,10,0.022289,0
3ae35b16-7f7f-4a5e-9f24-5ce724106a73,1,11,0.033033,0
3ae35b16-7f7f-4a5e-9f24-5ce724106a73,1,12,0.037860,0
3ae35b16-7f7f-4a5e-9f24-5ce724106a73,1,13,0.020796,0
3ae35b16-7f7f-4a5e-9f24-5ce724106a73,1,14,0.019547,0
3ae35b16-7f7f-4a5e-9f24-5ce724106a73,1,15,0.025307,0
3ae35b16-7f7f-4a5e-9f24-5ce724106a73,1,16,0.020846,0
3ae35b16-7f7f-4a5e-9f24-5ce724106a73,1,17,0.042249,0
3ae35b16-7f7f-4a5e-9f24-5ce724106a73,1,18,0.021045,0
3ae35b16-7f7f-4a5e-9f24-5ce724106a73,1,19,0.020953,0
3ae35b16-7f7f-4a5e-9f24-5ce724106a73,1,20,0.026600,0
3ae35b16-7f7f-4a5e-9f24-5ce724106a73,1,21,0.027230,0
3ae35b16-7f7f-4a5e-9f24-5ce724106a73,1,22,0.043104,0
3ae35b16-7f7f-4a5e-9f24-5ce724106a73,1,23,0.942627,1
3ae35b16-7f7f-4a5e-9f24-5ce724106a73,1,24,0.221607,0
3ae35b16-7f7f-4a5e-9f24-5ce724106a73,1,25,0.023044,0
3ae35b16-7f7f-4a5e-9f24-5ce724106a73,1,26,0.034422,0
3ae35b16-7f7f-4a5e-9f24-5ce724106a73,1,27,0.778156,1
3ae35b16-7f7f-4a5e-9f24-5ce724106a73,1,28,0.027043,0
3ae35b16-7f7f-4a5e-9f24-5ce724106a73,1,29,0.926563,1
3ae35b16-7f7f-4a5e-9f24-5ce724106a73,1,30,0.072133,0
3ae35b16-7f7f-4a5e-9f24-5ce724106a73,1,31,0.123296,0
3ae35b16-7f7f-4a5e-9f24-5ce724106a73,1,32,0.092480,0
3ae35b16-7f7f-4a5e-9f24-5ce724106a73,1,33,0.022515,0
3ae35b16-7f7f-4a5e-9f24-5ce724106a73,1,34,0.035798,0
3ae35b16-7f7f-4a5e-9f24-5ce724106a73,1,35,0.148587,0
3ae35b16-7f7f-4a5e-9f24-5ce724106a73,2,0,0.037396,0
3ae35b16-7f7f-4a5e-9f24-5ce724106a73,2,1,0.022300,0
3ae35b16-7f7f-4a5e-9f24-5ce724106a73,2,2,0.109304,0
3ae35b16-7f7f-4a5e-9f24-5ce724106a73,2,3,0.047070,0
3ae35b16-7f7f-4a5e-9f24-5ce724106a73,2,4,0.024643,0
3ae35b16-7f7f-4a5e-9f24-5ce724106a73,2,5,0.037606,0
3ae35b16-7f7f-4a5e-9f24-5ce724106a73,2,6,0.045031,0
3ae35b16-7f7f-4a5e-9f24-5ce724106a73,2,7,0.052622,0
3ae35b16-7f7f-4a5e-9f24-5ce724106a73,2,8,0.025482,0
3ae35b16-7f7f-4a5e-9f24-5ce724106a73,2,9,0.028167,0
3ae35b16-7f7f-4a5e-9f24-5ce724106a73,2,10,0.020040,0
3ae35b16-7f7f-4a5e-9f24-5ce724106a73,2,11,0.031522,0
3ae35b16-7f7f-4a5e-9f24-5ce724106a73,2,12,0.027707,0
3ae35b16-7f7f-4a5e-9f24-5ce724106a73,2,13,0.120219,0
3ae35b16-7f7f-4a5e-9f24-5ce724106a73,2,14,0.029726,0
3ae35b16-7f7f-4a5e-9f24-5ce724106a73,2,15,0.081664,0
3ae35b16-7f7f-4a5e-9f24-5ce724106a73,2,16,0.057172,0
3ae35b16-7f7f-4a5e-9f24-5ce724106a73,2,17,0.035861,0
3ae35b16-7f7f-4a5e-9f24-5ce724106a73,2,18,0.143459,0
3ae35b16-7f7f-4a5e-9f24-5ce724106a73,2,19,0.093009,0
3ae35b16-7f7f-4a5e-9f24-5ce724106a73,2,20,0.705357,1
3ae35b16-7f7f-4a5e-9f24-5ce724106a73,2,21,0.088718,0
3ae35b16-7f7f-4a5e-9f24-5ce724106a73,2,22,0.122453,0
3ae35b16-7f7f-4a5e-9f24-5ce724106a73,2,23,0.055488,0
3ae35b16-7f7f-4a5e-9f24-5ce724106a73,2,24,0.089063,0
3ae35b16-7f7f-4a5e-9f24-5ce724106a73,2,25,0.033343,0
3ae35b16-7f7f-4a5e-9f24-5ce724106a73,2,26,0.022364,0
3ae35b16-7f7f-4a5e-9f24-5ce724106a73,2,27,0.026205,0
3ae35b16-7f7f-4a5e-9f24-5ce724106a73,2,28,0.036258,0
3ae35b16-7f7f-4a5e-9f24-5ce724106a73,2,29,0.070144,0
3ae35b16-7f7f-4a5e-9f24-5ce724106a73,2,30,0.047061,0
3ae35b16-7f7f-4a5e-9f24-5ce724106a73,2,31,0.099606,0
3ae35b16-7f7f-4a5e-9f24-5ce724106a73,2,32,0.032022,0
3ae35b16-7f7f-4a5e-9f24-5ce724106a73,2,33,0.035283,0
3ae35b16-7f7f-4a5e-9f24-5ce724106a73,2,34,0.076407,0
3ae35b16-7f7f-4a5e-9f24-5ce724106a73,2,35,0.033364,0
3ae35b16-7f7f-4a5e-9f24-5ce724106a73,2,36,0.030478,0
3ae35b16-7f7f-4a5e-9f24-5ce724106a73,2,37,0.070322,0
3ae35b16-7f7f-4a5e-9f24-5ce724106a73,2,38,0.058519,0
3ae35b16-7f7f-4a5e-9f24-5ce724106a73,3,0,0.043347,0
3ae35b16-7f7f-4a5e-9f24-5ce724106a73,3,1,0.380331,0
3ae35b16-7f7f-4a5e-9f24-5ce724106a73,3,2,0.023461,0
3ae35b16-7f7f-4a5e-9f24-5ce724106a73,3,3,0.029982,0
3ae35b16-7f7f-4a5e-9f24-5ce724106a73,3,4,0.218728,0
3ae35b16-7f7f-4a5e-9f24-5ce724106a73,3,5,0.018889,0
3ae35b16-7f7f-4a5e-9f24-5ce724106a73,3,6,0.026006,0
3ae35b16-7f7f-4a5e-9f24-5ce724106a73,3,7,0.195916,0
3ae35b16-7f7f-4a5e-9f24-5ce724106a73,3,8,0.030988,0
3ae35b16-7f7f-4a5e-9f24-5ce724106a73,3,9,0.072176,0
3ae35b16-7f7f-4a5e-9f24-5ce724106a73,3,10,0.047120,0
3ae35b16-7f7f-4a5e-9f24-5ce724106a73,3,11,0.125242,0
3ae35b16-7f7f-4a5e-9f24-5ce724106a73,3,12,0.079167,0
3ae35b16-7f7f-4a5e-9f24-5ce724106a73,3,13,0.649301,1
3ae35b16-7f7f-4a5e-9f24-5ce724106a73,3,14,0.022362,0
3ae35b16-7f7f-4a5e-9f24-5ce724106a73,3,15,0.065049,0
3ae35b16-7f7f-4a5e-9f24-5ce724106a73,3,16,0.133857,0
3ae35b16-7f7f-4a5e-9f24-5ce724106a73,3,17,0.023966,0
3ae35b16-7f7f-4a5e-9f24-5ce724106a73,3,18,0.026898,0
3ae35b16-7f7f-4a5e-9f24-5ce724106a73,3,19,0.034480,0
3ae35b16-7f7f-4a5e-9f24-5ce724106a73,3,20,0.437286,0
3ae35b16-7f7f-4a5e-9f24-5ce724106a73,3,21,0.024930,0
3ae35b16-7f7f-4a5e-9f24-5ce724106a73,3,22,0.026814,0
3ae35b16-7f7f-4a5e-9f24-5ce724106a73,3,23,0.083729,0
3ae35b16-7f7f-4a5e-9f24-5ce724106a73,3,24,0.020629,0
3ae35b16-7f7f-4a5e-9f24-5ce724106a73,3,25,0.028486,0
3ae35b16-7f7f-4a5e-9f24-5ce724106a73,3,26,0.053736,0
3ae35b16-7f7f-4a5e-9f24-5ce724106a73,3,27,0.042605,0
3ae35b16-7f7f-4a5e-9f24-5ce724106a73,3,28,0.030580,0
3ae35b16-7f7f-4a5e-9f24-5ce724106a73,3,29,0.035834,0
3ae35b16-7f7f-4a5e-9f24-5ce724106a73,3,30,0.023150,0
3ae35b16-7f7f-4a5e-9f24-5ce724106a73,3,31,0.031960,0
3ae35b16-7f7f-4a5e-9f24-5ce724106a73,3,32,0.031934,0
3ae35b16-7f7f-4a5e-9f24-5ce724106a73,3,33,0.071802,0
3ae35b16-7f7f-4a5e-9f24-5ce724106a73,3,34,0.027303,0
3ae35b16-7f7f-4a5e-9f24-5ce724106a73,3,35,0.020362,0
3ae35b16-7f7f-4a5e-9f24-5ce724106a73,3,36,0.021009,0
3ae35b16-7f7f-4a5e-9f24-5ce724106a73,3,37,0.030577,0
3ae35b16-7f7f-4a5e-9f24-5ce724106a73,3,38,0.038216,0
3ae35b16-7f7f-4a5e-9f24-5ce724106a73,3,39,0.027603,0
3ae35b16-7f7f-4a5e-9f24-5ce724106a73,3,40,0.028652,0
3ae35b16-7f7f-4a5e-9f24-5ce724106a73,3,41,0.040853,0
3ae35b16-7f7f-4a5e-9f24-5ce724106a73,3,42,0.282462,0
3ae35b16-7f7f-4a5e-9f24-5ce724106a73,3,43,0.991751,1
3ae35b16-7f7f-4a5e-9f24-5ce724106a73,3,44,0.025992,0
3ae35b16-7f7f-4a5e-9f24-5ce724106a73,3,45,0.029005,0
3ae35b16-7f7f-4a5e-9f24-5ce724106a73,3,46,0.023850,0
3ae35b16-7f7f-4a5e-9f24-5ce724106a73,3,47,0.021909,0
3ae35b16-7f7f-4a5e-9f24-5ce724106a73,3,48,0.028179,0
3ae35b16-7f7f-4a5e-9f24-5ce724106a73,3,49,0.030100,0
3ae35b16-7f7f-4a5e-9f24-5ce724106a73,3,50,0.024733,0
3ae35b16-7f7f-4a5e-9f24-5ce724106a73,3,51,0.052059,0
3ae35b16-7f7f-4a5e-9f24-5ce724106a73,3,52,0.035926,0
3ae35b16-7f7f-4a5e-9f24-5ce724106a73,3,53,0.020105,0
3ae35b16-7f7f-4a5e-9f24-5ce724106a73,3,54,0.039060,0
3ae35b16-7f7f-4a5e-9f24-5ce724106a73,3,55,0.177335,0
3ae35b16-7f7f-4a5e-9f24-5ce724106a73,3,56,0.023108,0
3ae35b16-7f7f-4a5e-9f24-5ce724106a73,3,57,0.065752,0
3ae35b16-7f7f-4a5e-9f24-5ce724106a73,3,58,0.025940,0
3ae35b16-7f7f-4a5e-9f24-5ce724106a73,3,59,0.368749,0
3ae35b16-7f7f-4a5e-9f24-5ce724106a73,3,60,0.031671,0
3ae35b16-7f7f-4a5e-9f24-5ce724106a73,3,61,0.229757,0
3ae35b16-7f7f-4a5e-9f24-5ce724106a73,3,62,0.041953,0
3ae35b16-7f7f-4a5e-9f24-5ce724106a73,3,63,0.034350,0
3ae35b16-7f7f-4a5e-9f24-5ce724106a73,3,64,0.026798,0
3ae35b16-7f7f-4a5e-9f24-5ce724106a73,3,65,0.030043,0
3ae35b16-7f7f-4a5e-9f24-5ce724106a73,3,66,0.180274,0
3ae35b16-7f7f-4a5e-9f24-5ce724106a73,3,67,0.026152,0
3ae35b16-7f7f-4a5e-9f24-5ce724106a73,3,68,0.143925,0
3ae35b16-7f7f-4a5e-9f24-5ce724106a73,3,69,0.111703,0
3ae35b16-7f7f-4a5e-9f24-5ce724106a73,3,70,0.817674,1
3ae35b16-7f7f-4a5e-9f24-5ce724106a73,3,71,0.036119,0
3ae35b16-7f7f-4a5e-9f24-5ce724106a73,3,72,0.019616,0
3ae35b16-7f7f-4a5e-9f24-5ce724106a73,3,73,0.026227,0
3ae35b16-7f7f-4a5e-9f24-5ce724106a73,3,74,0.020812,0
3ae35b16-7f7f-4a5e-9f24-5ce724106a73,3,75,0.028723,0
70c75d68-bf65-46a6-a822-15c23d77a275,1,0,0.069272,0
70c75d68-bf65-46a6-a822-15c23d77a275,1,1,0.024623,0
70c75d68-bf65-46a6-a822-15c23d77a275,1,2,0.025313,0
70c75d68-bf65-46a6-a822-15c23d77a275,1,3,0.607061,1
70c75d68-bf65-46a6-a822-15c23d77a275,1,4,0.109159,0
70c75d68-bf65-46a6-a822-15c23d77a275,1,5,0.101687,0
70c75d68-bf65-46a6-a822-15c23d77a275,1,6,0.034652,0
70c75d68-bf65-46a6-a822-15c23d77a275,1,7,0.038568,0
70c75d68-bf65-46a6-a822-15c23d77a275,1,8,0.039010,0
70c75d68-bf65-46a6-a822-15c23d77a275,1,9,0.416675,0
70c75d68-bf65-46a6-a822-15c23d77a275,1,10,0.990977,1
70c75d68-bf65-46a6-a822-15c23d77a275,1,11,0.077557,0
70c75d68-bf65-46a6-a822-15c23d77a275,1,12,0.066797,0
70c75d68-bf65-46a6-a822-15c23d77a275,1,13,0.040777,0
70c75d68-bf65-46a6-a822-15c23d77a275,1,14,0.379417,0
70c75d68-bf65-46a6-a822-15c23d77a275,1,15,0.026878,0
70c75d68-bf65-46a6-a822-15c23d77a275,1,16,0.020599,0
70c75d68-bf65-46a6-a822-15c23d77a275,1,17,0.029685,0
70c75d68-bf65-46a6-a822-15c23d77a275,1,18,0.033460,0
70c75d68-bf65-46a6-a822-15c23d77a275,1,19,0.035610,0
70c75d68-bf65-46a6-a822-15c23d77a275,1,20,0.956349,1
70c75d68-bf65-46a6-a822-15c23d77a275,1,21,0.995136,1
70c75d68-bf65-46a6-a822-15c23d77a275,1,22,0.430120,0
70c75d68-bf65-46a6-a822-15c23d77a275,1,23,0.745110,1
70c75d68-bf65-46a6-a822-15c23d77a275,1,24,0.992513,1
70c75d68-bf65-46a6-a822-15c23d77a275,1,25,0.368456,0
70c75d68-bf65-46a6-a822-15c23d77a275,1,26,0.898513,1
70c75d68-bf65-46a6-a822-15c23d77a275,1,27,0.902957,1
70c75d68-bf65-46a6-a822-15c23d77a275,1,28,0.024016,0
70c75d68-bf65-46a6-a822-15c23d77a275,1,29,0.398423,0
70c75d68-bf65-46a6-a822-15c23d77a275,1,30,0.981789,1
70c75d68-bf65-46a6-a822-15c23d77a275,1,31,0.031852,0
70c75d68-bf65-46a6-a822-15c23d77a275,1,32,0.117865,0
70c75d68-bf65-46a6-a822-15c23d77a275,1,33,0.298219,0
70c75d68-bf65-46a6-a822-15c23d77a275,1,34,0.033264,0
70c75d68-bf65-46a6-a822-15c23d77a275,1,35,0.022506,0
70c75d68-bf65-46a6-a822-15c23d77a275,1,36,0.031335,0
70c75d68-bf65-46a6-a822-15c23d77a275,1,37,0.053479,0
70c75d68-bf65-46a6-a822-15c23d77a275,1,38,0.171473,0
70c75d68-bf65-46a6-a822-15c23d77a275,1,39,0.044156,0
70c75d68-bf65-46a6-a822-15c23d77a275,1,40,0.224289,0
70c75d68-bf65-46a6-a822-15c23d77a275,1,41,0.335888,0
70c75d68-bf65-46a6-a822-15c23d77a275,1,42,0.072236,0
70c75d68-bf65-46a6-a822-15c23d77a275,1,43,0.034804,0
70c75d68-bf65-46a6-a822-15c23d77a275,1,44,0.408762,0
70c75d68-bf65-46a6-a822-15c23d77a275,1,45,0.968263,1
70c75d68-bf65-46a6-a822-15c23d77a275,1,46,0.032917,0
70c75d68-bf65-46a6-a822-15c23d77a275,1,47,0.022554,0
70c75d68-bf65-46a6-a822-15c23d77a275,1,48,0.110250,0
70c75d68-bf65-46a6-a822-15c23d77a275,1,49,0.031797,0
70c75d68-bf65-46a6-a822-15c23d77a275,1,50,0.023950,0
70c75d68-bf65-46a6-a822-15c23d77a275,1,51,0.032128,0
70c75d68-bf65-46a6-a822-15c23d77a275,1,52,0.027477,0
70c75d68-bf65-46a6-a822-15c23d77a275,1,53,0.029298,0
70c75d68-bf65-46a6-a822-15c23d77a275,1,54,0.041095,0
70c75d68-bf65-46a6-a822-15c23d77a275,1,55,0.023396,0
70c75d68-bf65-46a6-a822-15c23d77a275,1,56,0.033380,0
70c75d68-bf65-46a6-a822-15c23d77a275,1,57,0.166889,0
70c75d68-bf65-46a6-a822-15c23d77a275,1,58,0.050420,0
70c75d68-bf65-46a6-a822-15c23d77a275,1,59,0.042358,0
70c75d68-bf65-46a6-a822-15c23d77a275,1,60,0.049032,0
70c75d68-bf65-46a6-a822-15c23d77a275,1,61,0.211216,0
70c75d68-bf65-46a6-a822-15c23d77a275,1,62,0.394219,0
70c75d68-bf65-46a6-a822-15c23d77a275,2,0,0.036903,0
70c75d68-bf65-46a6-a822-15c23d77a275,2,1,0.034322,0
70c75d68-bf65-46a6-a822-15c23d77a275,2,2,0.055609,0
70c75d68-bf65-46a6-a822-15c23d77a275,2,3,0.037886,0
70c75d68-bf65-46a6-a822-15c23d77a275,2,4,0.022459,0
70c75d68-bf65-46a6-a822-15c23d77a275,2,5,0.027062,0
70c75d68-bf65-46a6-a822-15c23d77a275,2,6,0.116527,0
70c75d68-bf65-46a6-a822-15c23d77a275,2,7,0.149318,0
70c75d68-bf65-46a6-a822-15c23d77a275,2,8,0.067332,0
70c75d68-bf65-46a6-a822-15c23d77a275,2,9,0.172875,0
70c75d68-bf65-46a6-a822-15c23d77a275,2,10,0.047207,0
70c75d68-bf65-46a6-a822-15c23d77a275,2,11,0.073037,0
70c75d68-bf65-46a6-a822-15c23d77a275,2,12,0.025936,0
70c75d68-bf65-46a6-a822-15c23d77a275,2,13,0.023286,0
70c75d68-bf65-46a6-a822-15c23d77a275,2,14,0.042264,0
70c75d68-bf65-46a6-a822-15c23d77a275,2,15,0.168011,0
70c75d68-bf65-46a6-a822-15c23d77a275,2,16,0.024720,0
70c75d68-bf65-46a6-a822-15c23d77a275,2,17,0.026318,0
70c75d68-bf65-46a6-a822-15c23d77a275,2,18,0.436519,0
70c75d68-bf65-46a6-a822-15c23d77a275,2,19,0.040037,0
70c75d68-bf65-46a6-a822-15c23d77a275,2,20,0.753006,1
70c75d68-bf65-46a6-a822-15c23d77a275,2,21,0.030531,0
70c75d68-bf65-46a6-a822-15c23d77a275,2,22,0.055926,0
70c75d68-bf65-46a6-a822-15c23d77a275,2,23,0.028911,0
70c75d68-bf65-46a6-a822-15c23d77a275,2,24,0.022559,0
70c75d68-bf65-46a6-a822-15c23d77a275,2,25,0.022338,0
70c75d68-bf65-46a6-a822-15c23d77a275,2,26,0.024690,0
70c75d68-bf65-46a6-a822-15c23d77a275,2,27,0.026922,0
70c75d68-bf65-46a6-a822-15c23d77a275,2,28,0.795664,1
70c75d68-bf65-46a6-a822-15c23d77a275,2,29,0.866171,1
70c75d68-bf65-46a6-a822-15c23d77a275,2,30,0.030145,0
70c75d68-bf65-46a6-a822-15c23d77a275,2,31,0.049874,0
70c75d68-bf65-46a6-a822-15c23d77a275,2,32,0.651004,1
70c75d68-bf65-46a6-a822-15c23d77a275,2,33,0.068577,0
70c75d68-bf65-46a6-a822-15c23d77a275,2,34,0.024791,0
70c75d68-bf65-46a6-a822-15c23d77a275,2,35,0.117977,0
70c75d68-bf65-46a6-a822-15c23d77a275,2,36,0.022551,0
70c75d68-bf65-46a6-a822-15c23d77a275,2,37,0.116001,0
70c75d68-bf65-46a6-a822-15c23d77a275,2,38,0.021642,0
70c75d68-bf65-46a6-a822-15c23d77a275,2,39,0.149075,0
70c75d68-bf65-46a6-a822-15c23d77a275,2,40,0.942313,1
70c75d68-bf65-46a6-a822-15c23d77a275,2,41,0.021834,0
70c75d68-bf65-46a6-a822-15c23d77a275,2,42,0.027941,0
70c75d68-bf65-46a6-a822-15c23d77a275,2,43,0.041251,0
70c75d68-bf65-46a6-a822-15c23d77a275,2,44,0.026491,0
70c75d68-bf65-46a6-a822-15c23d77a275,2,45,0.020494,0
70c75d68-bf65-46a6-a822-15c23d77a275,2,46,0.023532,0
70c75d68-bf65-46a6-a822-15c23d77a275,2,47,0.049680,0
70c75d68-bf65-46a6-a822-15c23d77a275,2,48,0.052094,0
70c75d68-bf65-46a6-a822-15c23d77a275,2,49,0.139792,0
70c75d68-bf65-46a6-a822-15c23d77a275,2,50,0.039829,0
70c75d68-bf65-46a6-a822-15c23d77a275,2,51,0.024899,0
70c75d68-bf65-46a6-a822-15c23d77a275,2,52,0.037919,0
70c75d68-bf65-46a6-a822-15c23d77a275,2,53,0.023735,0
70c75d68-bf65-46a6-a822-15c23d77a275,2,54,0.033078,0
70c75d68-bf65-46a6-a822-15c23d77a275,2,55,0.826420,1
70c75d68-bf65-46a6-a822-15c23d77a275,2,56,0.030879,0
70c75d68-bf65-46a6-a822-15c23d77a275,2,57,0.485908,0
70c75d68-bf65-46a6-a822-15c23d77a275,2,58,0.024464,0
70c75d68-bf65-46a6-a822-15c23d77a275,2,59,0.078832,0
70c75d68-bf65-46a6-a822-15c23d77a275,3,0,0.093226,0
70c75d68-bf65-46a6-a822-15c23d77a275,3,1,0.720502,1
70c75d68-bf65-46a6-a822-15c23d77a275,3,2,0.025107,0
70c75d68-bf65-46a6-a822-15c23d77a275,3,3,0.023765,0
70c75d68-bf65-46a6-a822-15c23d77a275,3,4,0.051699,0
70c75d68-bf65-46a6-a822-15c23d77a275,3,5,0.706945,1
70c75d68-bf65-46a6-a822-15c23d77a275,3,6,0.992239,1
70c75d68-bf65-46a6-a822-15c23d77a275,3,7,0.313743,0
70c75d68-bf65-46a6-a822-15c23d77a275,3,8,0.064444,0
70c75d68-bf65-46a6-a822-15c23d77a275,3,9,0.036346,0
70c75d68-bf65-46a6-a822-15c23d77a275,3,10,0.026980,0
70c75d68-bf65-46a6-a822-15c23d77a275,3,11,0.056805,0
70c75d68-bf65-46a6-a822-15c23d77a275,3,12,0.024334,0
70c75d68-bf65-46a6-a822-15c23d77a275,3,13,0.231205,0
70c75d68-bf65-46a6-a822-15c23d77a275,3,14,0.082006,0
70c75d68-bf65-46a6-a822-15c23d77a275,3,15,0.100562,0
70c75d68-bf65-46a6-a822-15c23d77a275,3,16,0.126892,0
86e6e27d-1440-4879-8b13-0dd2d89f7281,1,0,0.211350,0
86e6e27d-1440-4879-8b13-0dd2d89f7281,1,1,0.990620,1
86e6e27d-1440-4879-8b13-0dd2d89f7281,1,2,0.969899,1
86e6e27d-1440-4879-8b13-0dd2d89f7281,1,3,0.429799,0
86e6e27d-1440-4879-8b13-0dd2d89f7281,1,4,0.882239,1
86e6e27d-1440-4879-8b13-0dd2d89f7281,1,5,0.027264,0
86e6e27d-1440-4879-8b13-0dd2d89f7281,1,6,0.217292,0
86e6e27d-1440-4879-8b13-0dd2d89f7281,1,7,0.140791,0
86e6e27d-1440-4879-8b13-0dd2d89f7281,1,8,0.927296,1
86e6e27d-1440-4879-8b13-0dd2d89f7281,1,9,0.022822,0
86e6e27d-1440-4879-8b13-0dd2d89f7281,1,10,0.047585,0
86e6e27d-1440-4879-8b13-0dd2d89f7281,1,11,0.049445,0
86e6e27d-1440-4879-8b13-0dd2d89f7281,1,12,0.026897,0
86e6e27d-1440-4879-8b13-0dd2d89f7281,1,13,0.039238,0
86e6e27d-1440-4879-8b13-0dd2d89f7281,1,14,0.023770,0
86e6e27d-1440-4879-8b13-0dd2d89f7281,1,15,0.026434,0
86e6e27d-1440-4879-8b13-0dd2d89f7281,1,16,0.866827,1
86e6e27d-1440-4879-8b13-0dd2d89f7281,1,17,0.045043,0
86e6e27d-1440-4879-8b13-0dd2d89f7281,1,18,0.045747,0
86e6e27d-1440-4879-8b13-0dd2d89f7281,1,19,0.852903,1
86e6e27d-1440-4879-8b13-0dd2d89f7281,1,20,0.035313,0
86e6e27d-1440-4879-8b13-0dd2d89f7281,1,21,0.020104,0
86e6e27d-1440-4879-8b13-0dd2d89f7281,1,22,0.073937,0
86e6e27d-1440-4879-8b13-0dd2d89f7281,1,23,0.615532,1
86e6e27d-1440-4879-8b13-0dd2d89f7281,1,24,0.096200,0
86e6e27d-1440-4879-8b13-0dd2d89f7281,1,25,0.024023,0
86e6e27d-1440-4879-8b13-0dd2d89f7281,1,26,0.220341,0
86e6e27d-1440-4879-8b13-0dd2d89f7281,1,27,0.038421,0
86e6e27d-1440-4879-8b13-0dd2d89f7281,1,28,0.079340,0
86e6e27d-1440-4879-8b13-0dd2d89f7281,1,29,0.021046,0
86e6e27d-1440-4879-8b13-0dd2d89f7281,1,30,0.030537,0
86e6e27d-1440-4879-8b13-0dd2d89f7281,1,31,0.309269,0
86e6e27d-1440-4879-8b13-0dd2d89f7281,1,32,0.053374,0
86e6e27d-1440-4879-8b13-0dd2d89f7281,1,33,0.026906,0
86e6e27d-1440-4879-8b13-0dd2d89f7281,1,34,0.026150,0
86e6e27d-1440-4879-8b13-0dd2d89f7281,1,35,0.059233,0
86e6e27d-1440-4879-8b13-0dd2d89f7281,1,36,0.032109,0
86e6e27d-1440-4879-8b13-0dd2d89f7281,1,37,0.115325,0
86e6e27d-1440-4879-8b13-0dd2d89f7281,1,38,0.159246,0
86e6e27d-1440-4879-8b13-0dd2d89f7281,1,39,0.062096,0
86e6e27d-1440-4879-8b13-0dd2d89f7281,1,40,0.027740,0
86e6e27d-1440-4879-8b13-0dd2d89f7281,1,41,0.022784,0
86e6e27d-1440-4879-8b13-0dd2d89f7281,1,42,0.028585,0
86e6e27d-1440-4879-8b13-0dd2d89f7281,1,43,0.409294,0
86e6e27d-1440-4879-8b13-0dd2d89f7281,1,44,0.021173,0
86e6e27d-1440-4879-8b13-0dd2d89f7281,1,45,0.081243,0
86e6e27d-1440-4879-8b13-0dd2d89f7281,1,46,0.045676,0
86e6e27d-1440-4879-8b13-0dd2d89f7281,1,47,0.025016,0
86e6e27d-1440-4879-8b13-0dd2d89f7281,1,48,0.037173,0
86e6e27d-1440-4879-8b13-0dd2d89f7281,1,49,0.027358,0
86e6e27d-1440-4879-8b13-0dd2d89f7281,1,50,0.030340,0
86e6e27d-1440-4879-8b13-0dd2d89f7281,1,51,0.026631,0
86e6e27d-1440-4879-8b13-0dd2d89f7281,1,52,0.036140,0
86e6e27d-1440-4879-8b13-0dd2d89f7281,1,53,0.026135,0
86e6e27d-1440-4879-8b13-0dd2d89f7281,1,54,0.027136,0
86e6e27d-1440-4879-8b13-0dd2d89f7281,1,55,0.031503,0
86e6e27d-1440-4879-8b13-0dd2d89f7281,1,56,0.025120,0
86e6e27d-1440-4879-8b13-0dd2d89f7281,1,57,0.026856,0
86e6e27d-1440-4879-8b13-0dd2d89f7281,1,58,0.044308,0
86e6e27d-1440-4879-8b13-0dd2d89f7281,2,0,0.169496,0
86e6e27d-1440-4879-8b13-0dd2d89f7281,2,1,0.074463,0
86e6e27d-1440-4879-8b13-0dd2d89f7281,2,2,0.622878,1
86e6e27d-1440-4879-8b13-0dd2d89f7281,2,3,0.930396,1
86e6e27d-1440-4879-8b13-0dd2d89f7281,2,4,0.038353,0
86e6e27d-1440-4879-8b13-0dd2d89f7281,2,5,0.043734,0
86e6e27d-1440-4879-8b13-0dd2d89f7281,2,6,0.029659,0
86e6e27d-1440-4879-8b13-0dd2d89f7281,2,7,0.024345,0
86e6e27d-1440-4879-8b13-0dd2d89f7281,2,8,0.040044,0
86e6e27d-1440-4879-8b13-0dd2d89f7281,2,9,0.029492,0
86e6e27d-1440-4879-8b13-0dd2d89f7281,2,10,0.084845,0
86e6e27d-1440-4879-8b13-0dd2d89f7281,2,11,0.027076,0
86e6e27d-1440-4879-8b13-0dd2d89f7281,2,12,0.210442,0
86e6e27d-1440-4879-8b13-0dd2d89f7281,2,13,0.239122,0
86e6e27d-1440-4879-8b13-0dd2d89f7281,2,14,0.323803,0
86e6e27d-1440-4879-8b13-0dd2d89f7281,2,15,0.054325,0
86e6e27d-1440-4879-8b13-0dd2d89f7281,2,16,0.024231,0
86e6e27d-1440-4879-8b13-0dd2d89f7281,2,17,0.181419,0
86e6e27d-1440-4879-8b13-0dd2d89f7281,2,18,0.489012,0
86e6e27d-1440-4879-8b13-0dd2d89f7281,2,19,0.073577,0
86e6e27d-1440-4879-8b13-0dd2d89f7281,2,20,0.030719,0
86e6e27d-1440-4879-8b13-0dd2d89f7281,2,21,0.026098,0
86e6e27d-1440-4879-8b13-0dd2d89f7281,2,22,0.028165,0
86e6e27d-1440-4879-8b13-0dd2d89f7281,3,0,0.102957,0
86e6e27d-1440-4879-8b13-0dd2d89f7281,3,1,0.040961,0
86e6e27d-1440-4879-8b13-0dd2d89f7281,3,2,0.021141,0
86e6e27d-1440-4879-8b13-0dd2d89f7281,3,3,0.052735,0
86e6e27d-1440-4879-8b13-0dd2d89f7281,3,4,0.025369,0
86e6e27d-1440-4879-8b13-0dd2d89f7281,3,5,0.018534,0
86e6e27d-1440-4879-8b13-0dd2d89f7281,3,6,0.984884,1
86e6e27d-1440-4879-8b13-0dd2d89f7281,3,7,0.048645,0
86e6e27d-1440-4879-8b13-0dd2d89f7281,3,8,0.027712,0
86e6e27d-1440-4879-8b13-0dd2d89f7281,3,9,0.021330,0
86e6e27d-1440-4879-8b13-0dd2d89f7281,3,10,0.407632,0
86e6e27d-1440-4879-8b13-0dd2d89f7281,3,11,0.175171,0
86e6e27d-1440-4879-8b13-0dd2d89f7281,3,12,0.927004,1
86e6e27d-1440-4879-8b13-0dd2d89f7281,3,13,0.053942,0
86e6e27d-1440-4879-8b13-0dd2d89f7281,3,14,0.332473,0
86e6e27d-1440-4879-8b13-0dd2d89f7281,3,15,0.024338,0
86e6e27d-1440-4879-8b13-0dd2d89f7281,3,16,0.046026,0
aab91277-8d56-4844-a581-45630f873f49,1,0,0.031802,0
aab91277-8d56-4844-a581-45630f873f49,1,1,0.025185,0
aab91277-8d56-4844-a581-45630f873f49,1,2,0.066019,0
aab91277-8d56-4844-a581-45630f873f49,1,3,0.044849,0
aab91277-8d56-4844-a581-45630f873f49,1,4,0.058359,0
aab91277-8d56-4844-a581-45630f873f49,1,5,0.037423,0
aab91277-8d56-4844-a581-45630f873f49,1,6,0.024330,0
aab91277-8d56-4844-a581-45630f873f49,1,7,0.042741,0
aab91277-8d56-4844-a581-45630f873f49,1,8,0.021496,0
aab91277-8d56-4844-a581-45630f873f49,1,9,0.030718,0
aab91277-8d56-4844-a581-45630f873f49,1,10,0.021965,0
aab91277-8d56-4844-a581-45630f873f49,1,11,0.641881,1
aab91277-8d56-4844-a581-45630f873f49,1,12,0.043207,0
aab91277-8d56-4844-a581-45630f873f49,1,13,0.025820,0
aab91277-8d56-4844-a581-45630f873f49,1,14,0.056164,0
aab91277-8d56-4844-a581-45630f873f49,1,15,0.022966,0
aab91277-8d56-4844-a581-45630f873f49,1,16,0.023534,0
aab91277-8d56-4844-a581-45630f873f49,1,17,0.028281,0
aab91277-8d56-4844-a581-45630f873f49,1,18,0.029342,0
aab91277-8d56-4844-a581-45630f873f49,1,19,0.028193,0
aab91277-8d56-4844-a581-45630f873f49,1,20,0.030951,0
aab91277-8d56-4844-a581-45630f873f49,1,21,0.022804,0
aab91277-8d56-4844-a581-45630f873f49,1,22,0.036616,0
aab91277-8d56-4844-a581-45630f873f49,1,23,0.020137,0
aab91277-8d56-4844-a581-45630f873f49,1,24,0.699175,1
aab91277-8d56-4844-a581-45630f873f49,1,25,0.894936,1
aab91277-8d56-4844-a581-45630f873f49,1,26,0.975136,1
aab91277-8d56-4844-a581-45630f873f49,1,27,0.985622,1
aab91277-8d56-4844-a581-45630f873f49,1,28,0.063617,0
aab91277-8d56-4844-a581-45630f873f49,1,29,0.032398,0
aab91277-8d56-4844-a581-45630f873f49,1,30,0.028704,0
aab91277-8d56-4844-a581-45630f873f49,1,31,0.044432,0
aab91277-8d56-4844-a581-45630f873f49,1,32,0.021919,0
aab91277-8d56-4844-a581-45630f873f49,1,33,0.039322,0
aab91277-8d56-4844-a581-45630f873f49,1,34,0.028187,0
aab91277-8d56-4844-a581-45630f873f49,1,35,0.026736,0
aab91277-8d56-4844-a581-45630f873f49,1,36,0.029144,0
aab91277-8d56-4844-a581-45630f873f49,1,37,0.024691,0
aab91277-8d56-4844-a581-45630f873f49,1,38,0.023664,0
aab91277-8d56-4844-a581-45630f873f49,1,39,0.041004,0
aab91277-8d56-4844-a581-45630f873f49,1,40,0.022721,0
aab91277-8d56-4844-a581-45630f873f49,1,41,0.034298,0
aab91277-8d56-4844-a581-45630f873f49,1,42,0.076013,0
aab91277-8d56-4844-a581-45630f873f49,1,43,0.154517,0
aab91277-8d56-4844-a581-45630f873f49,1,44,0.050849,0
aab91277-8d56-4844-a581-45630f873f49,1,45,0.051786,0
aab91277-8d56-4844-a581-45630f873f49,1,46,0.023768,0
aab91277-8d56-4844-a581-45630f873f49,1,47,0.027721,0
aab91277-8d56-4844-a581-45630f873f49,1,48,0.028286,0
aab91277-8d56-4844-a581-45630f873f49,1,49,0.457668,0
aab91277-8d56-4844-a581-45630f873f49,1,50,0.039922,0
aab91277-8d56-4844-a581-45630f873f49,2,0,0.038692,0
aab91277-8d56-4844-a581-45630f873f49,2,1,0.022442,0
aab91277-8d56-4844-a581-45630f873f49,2,2,0.135460,0
aab91277-8d56-4844-a581-45630f873f49,2,3,0.021538,0
aab91277-8d56-4844-a581-45630f873f49,2,4,0.026546,0
aab91277-8d56-4844-a581-45630f873f49,2,5,0.024859,0
aab91277-8d56-4844-a581-45630f873f49,2,6,0.022299,0
aab91277-8d56-4844-a581-45630f873f49,2,7,0.024200,0
aab91277-8d56-4844-a581-45630f873f49,2,8,0.051663,0
aab91277-8d56-4844-a581-45630f873f49,2,9,0.054114,0
aab91277-8d56-4844-a581-45630f873f49,2,10,0.041607,0
aab91277-8d56-4844-a581-45630f873f49,2,11,0.026698,0
aab91277-8d56-4844-a581-45630f873f49,2,12,0.022545,0
aab91277-8d56-4844-a581-45630f873f49,2,13,0.020798,0
aab91277-8d56-4844-a581-45630f873f49,2,14,0.020432,0
aab91277-8d56-4844-a581-45630f873f49,2,15,0.030993,0
aab91277-8d56-4844-a581-45630f873f49,2,16,0.028018,0
aab91277-8d56-4844-a581-45630f873f49,2,17,0.032040,0
aab91277-8d56-4844-a581-45630f873f49,2,18,0.042160,0
aab91277-8d56-4844-a581-45630f873f49,2,19,0.086956,0
aab91277-8d56-4844-a581-45630f873f49,2,20,0.119468,0
aab91277-8d56-4844-a581-45630f873f49,2,21,0.211810,0
aab91277-8d56-4844-a581-45630f873f49,2,22,0.674943,1
aab91277-8d56-4844-a581-45630f873f49,2,23,0.147891,0
aab91277-8d56-4844-a581-45630f873f49,2,24,0.054228,0
aab91277-8d56-4844-a581-45630f873f49,2,25,0.029616,0
aab91277-8d56-4844-a581-45630f873f49,2,26,0.195463,0
aab91277-8d56-4844-a581-45630f873f49,2,27,0.022410,0
aab91277-8d56-4844-a581-45630f873f49,2,28,0.020006,0
aab91277-8d56-4844-a581-45630f873f49,2,29,0.021164,0
aab91277-8d56-4844-a581-45630f873f49,2,30,0.042725,0
aab91277-8d56-4844-a581-45630f873f49,2,31,0.031036,0
aab91277-8d56-4844-a581-45630f873f49,2,32,0.026080,0
aab91277-8d56-4844-a581-45630f873f49,2,33,0.023799,0
aab91277-8d56-4844-a581-45630f873f49,2,34,0.043464,0
aab91277-8d56-4844-a581-45630f873f49,2,35,0.035678,0
aab91277-8d56-4844-a581-45630f873f49,2,36,0.036125,0
aab91277-8d56-4844-a581-45630f873f49,2,37,0.025569,0
aab91277-8d56-4844-a581-45630f873f49,2,38,0.021687,0
aab91277-8d56-4844-a581-45630f873f49,2,39,0.023070,0
aab91277-8d56-4844-a581-45630f873f49,2,40,0.019629,0
aab91277-8d56-4844-a581-45630f873f49,3,0,0.152378,0
aab91277-8d56-4844-a581-45630f873f49,3,1,0.024174,0
aab91277-8d56-4844-a581-45630f873f49,3,2,0.020633,0
aab91277-8d56-4844-a581-45630f873f49,3,3,0.026297,0
aab91277-8d56-4844-a581-45630f873f49,3,4,0.026753,0
aab91277-8d56-4844-a581-45630f873f49,3,5,0.023503,0
aab91277-8d56-4844-a581-45630f873f49,3,6,0.042604,0
aab91277-8d56-4844-a581-45630f873f49,3,7,0.032194,0
aab91277-8d56-4844-a581-45630f873f49,3,8,0.039308,0
aab91277-8d56-4844-a581-45630f873f49,3,9,0.029255,0
aab91277-8d56-4844-a581-45630f873f49,3,10,0.025337,0
aab91277-8d56-4844-a581-45630f873f49,3,11,0.022172,0
aab91277-8d56-4844-a581-45630f873f49,3,12,0.031250,0
aab91277-8d56-4844-a581-45630f873f49,3,13,0.026007,0
aab91277-8d56-4844-a581-45630f873f49,3,14,0.025153,0
aab91277-8d56-4844-a581-45630f873f49,3,15,0.030344,0
aab91277-8d56-4844-a581-45630f873f49,3,16,0.028850,0
aab91277-8d56-4844-a581-45630f873f49,3,17,0.025692,0
aab91277-8d56-4844-a581-45630f873f49,3,18,0.023125,0
aab91277-8d56-4844-a581-45630f873f49,3,19,0.030057,0
aab91277-8d56-4844-a581-45630f873f49,3,20,0.038618,0
aab91277-8d56-4844-a581-45630f873f49,3,21,0.028400,0
b7021938-ff8d-42ea-adec-5704c0b65237,1,0,0.091310,0
b7021938-ff8d-42ea-adec-5704c0b65237,1,1,0.300390,0
b7021938-ff8d-42ea-adec-5704c0b65237,1,2,0.304405,0
b7021938-ff8d-42ea-adec-5704c0b65237,1,3,0.021052,0
b7021938-ff8d-42ea-adec-5704c0b65237,1,4,0.055991,0
b7021938-ff8d-42ea-adec-5704c0b65237,1,5,0.023686,0
b7021938-ff8d-42ea-adec-5704c0b65237,1,6,0.054657,0
b7021938-ff8d-42ea-adec-5704c0b65237,1,7,0.958933,1
b7021938-ff8d-42ea-adec-5704c0b65237,1,8,0.757216,1
b7021938-ff8d-42ea-adec-5704c0b65237,1,9,0.025719,0
b7021938-ff8d-42ea-adec-5704c0b65237,1,10,0.889538,1
b7021938-ff8d-42ea-adec-5704c0b65237,1,11,0.249246,0
b7021938-ff8d-42ea-adec-5704c0b65237,1,12,0.045161,0
b7021938-ff8d-42ea-adec-5704c0b65237,1,13,0.019700,0
b7021938-ff8d-42ea-adec-5704c0b65237,1,14,0.058349,0
b7021938-ff8d-42ea-adec-5704c0b65237,1,15,0.058696,0
b7021938-ff8d-42ea-adec-5704c0b65237,1,16,0.387429,0
b7021938-ff8d-42ea-adec-5704c0b65237,1,17,0.089515,0
b7021938-ff8d-42ea-adec-5704c0b65237,1,18,0.024421,0
b7021938-ff8d-42ea-adec-5704c0b65237,1,19,0.022286,0
b7021938-ff8d-42ea-adec-5704c0b65237,1,20,0.028428,0
b7021938-ff8d-42ea-adec-5704c0b65237,1,21,0.023396,0
b7021938-ff8d-42ea-adec-5704c0b65237,1,22,0.059677,0
b7021938-ff8d-42ea-adec-5704c0b65237,1,23,0.021037,0
b7021938-ff8d-42ea-adec-5704c0b65237,1,24,0.048142,0
b7021938-ff8d-42ea-adec-5704c0b65237,1,25,0.024303,0
b7021938-ff8d-42ea-adec-5704c0b65237,1,26,0.042825,0
b7021938-ff8d-42ea-adec-5704c0b65237,2,0,0.101786,0
b7021938-ff8d-42ea-adec-5704c0b65237,2,1,0.075136,0
b7021938-ff8d-42ea-adec-5704c0b65237,2,2,0.129741,0
b7021938-ff8d-42ea-adec-5704c0b65237,2,3,0.728837,1
b7021938-ff8d-42ea-adec-5704c0b65237,2,4,0.036020,0
b7021938-ff8d-42ea-adec-5704c0b65237,2,5,0.569810,1
b7021938-ff8d-42ea-adec-5704c0b65237,2,6,0.032459,0
b7021938-ff8d-42ea-adec-5704c0b65237,2,7,0.173189,0
b7021938-ff8d-42ea-adec-5704c0b65237,2,8,0.882960,1
b7021938-ff8d-42ea-adec-5704c0b65237,2,9,0.019892,0
b7021938-ff8d-42ea-adec-5704c0b65237,2,10,0.049620,0
b7021938-ff8d-42ea-adec-5704c0b65237,2,11,0.067752,0
b7021938-ff8d-42ea-adec-5704c0b65237,2,12,0.025998,0
b7021938-ff8d-42ea-adec-5704c0b65237,2,13,0.035886,0
b7021938-ff8d-42ea-adec-5704c0b65237,2,14,0.635352,1
b7021938-ff8d-42ea-adec-5704c0b65237,2,15,0.461223,0
b7021938-ff8d-42ea-adec-5704c0b65237,2,16,0.086402,0
b7021938-ff8d-42ea-adec-5704c0b65237,2,17,0.219641,0
b7021938-ff8d-42ea-adec-5704c0b65237,2,18,0.977104,1
b7021938-ff8d-42ea-adec-5704c0b65237,2,19,0.987407,1
b7021938-ff8d-42ea-adec-5704c0b65237,2,20,0.989320,1
b7021938-ff8d-42ea-adec-5704c0b65237,2,21,0.029774,0
b7021938-ff8d-42ea-adec-5704c0b65237,2,22,0.023630,0
b7021938-ff8d-42ea-adec-5704c0b65237,2,23,0.044527,0
b7021938-ff8d-42ea-adec-5704c0b65237,2,24,0.042077,0
b7021938-ff8d-42ea-adec-5704c0b65237,2,25,0.270267,0
b7021938-ff8d-42ea-adec-5704c0b65237,2,26,0.023448,0
b7021938-ff8d-42ea-adec-5704c0b65237,2,27,0.240863,0
b7021938-ff8d-42ea-adec-5704c0b65237,2,28,0.022972,0
b7021938-ff8d-42ea-adec-5704c0b65237,2,29,0.054659,0
b7021938-ff8d-42ea-adec-5704c0b65237,2,30,0.022481,0
b7021938-ff8d-42ea-adec-5704c0b65237,2,31,0.480279,0
b7021938-ff8d-42ea-adec-5704c0b65237,2,32,0.040697,0
b7021938-ff8d-42ea-adec-5704c0b65237,2,33,0.033550,0
b7021938-ff8d-42ea-adec-5704c0b65237,2,34,0.034446,0
b7021938-ff8d-42ea-adec-5704c0b65237,2,35,0.501634,1
b7021938-ff8d-42ea-adec-5704c0b65237,2,36,0.022313,0
b7021938-ff8d-42ea-adec-5704c0b65237,2,37,0.049657,0
b7021938-ff8d-42ea-adec-5704c0b65237,2,38,0.179729,0
b7021938-ff8d-42ea-adec-5704c0b65237,2,39,0.035356,0
b7021938-ff8d-42ea-adec-5704c0b65237,2,40,0.174549,0
b7021938-ff8d-42ea-adec-5704c0b65237,2,41,0.257058,0
b7021938-ff8d-42ea-adec-5704c0b65237,2,42,0.038873,0
b7021938-ff8d-42ea-adec-5704c0b65237,2,43,0.029491,0
b7021938-ff8d-42ea-adec-5704c0b65237,2,44,0.984660,1
b7021938-ff8d-42ea-adec-5704c0b65237,2,45,0.018224,0
b7021938-ff8d-42ea-adec-5704c0b65237,2,46,0.076741,0
b7021938-ff8d-42ea-adec-5704c0b65237,3,0,0.027324,0
b7021938-ff8d-42ea-adec-5704c0b65237,3,1,0.030650,0
b7021938-ff8d-42ea-adec-5704c0b65237,3,2,0.022045,0
b7021938-ff8d-42ea-adec-5704c0b65237,3,3,0.030290,0
b7021938-ff8d-42ea-adec-5704c0b65237,3,4,0.927429,1
b7021938-ff8d-42ea-adec-5704c0b65237,3,5,0.051529,0
b7021938-ff8d-42ea-adec-5704c0b65237,3,6,0.047192,0
b7021938-ff8d-42ea-adec-5704c0b65237,3,7,0.235795,0
b7021938-ff8d-42ea-adec-5704c0b65237,3,8,0.036577,0
b7021938-ff8d-42ea-adec-5704c0b65237,3,9,0.050621,0
b7021938-ff8d-42ea-adec-5704c0b65237,3,10,0.037097,0
b7021938-ff8d-42ea-adec-5704c0b65237,3,11,0.953364,1
b7021938-ff8d-42ea-adec-5704c0b65237,3,12,0.027785,0
b7021938-ff8d-42ea-adec-5704c0b65237,3,13,0.058583,0
b7021938-ff8d-42ea-adec-5704c0b65237,3,14,0.029184,0
b7021938-ff8d-42ea-adec-5704c0b65237,3,15,0.025201,0
b7021938-ff8d-42ea-adec-5704c0b65237,3,16,0.020208,0
b7021938-ff8d-42ea-adec-5704c0b65237,3,17,0.153160,0
c9e4d35f-aeae-462b-a8bf-e08d09a93b6e,1,0,0.021581,0
c9e4d35f-aeae-462b-a8bf-e08d09a93b6e,1,1,0.028129,0
c9e4d35f-aeae-462b-a8bf-e08d09a93b6e,1,2,0.024145,0
c9e4d35f-aeae-462b-a8bf-e08d09a93b6e,1,3,0.066583,0
c9e4d35f-aeae-462b-a8bf-e08d09a93b6e,1,4,0.024312,0
c9e4d35f-aeae-462b-a8bf-e08d09a93b6e,1,5,0.023432,0
c9e4d35f-aeae-462b-a8bf-e08d09a93b6e,1,6,0.026102,0
c9e4d35f-aeae-462b-a8bf-e08d09a93b6e,1,7,0.046094,0
c9e4d35f-aeae-462b-a8bf-e08d09a93b6e,1,8,0.038427,0
c9e4d35f-aeae-462b-a8bf-e08d09a93b6e,1,9,0.023646,0
c9e4d35f-aeae-462b-a8bf-e08d09a93b6e,1,10,0.029231,0
c9e4d35f-aeae-462b-a8bf-e08d09a93b6e,1,11,0.029747,0
c9e4d35f-aeae-462b-a8bf-e08d09a93b6e,1,12,0.043494,0
c9e4d35f-aeae-462b-a8bf-e08d09a93b6e,1,13,0.028346,0
c9e4d35f-aeae-462b-a8bf-e08d09a93b6e,1,14,0.984024,1
c9e4d35f-aeae-462b-a8bf-e08d09a93b6e,1,15,0.028420,0
c9e4d35f-aeae-462b-a8bf-e08d09a93b6e,1,16,0.040007,0
c9e4d35f-aeae-462b-a8bf-e08d09a93b6e,1,17,0.021162,0
c9e4d35f-aeae-462b-a8bf-e08d09a93b6e,1,18,0.394219,0
c9e4d35f-aeae-462b-a8bf-e08d09a93b6e,2,0,0.039285,0
c9e4d35f-aeae-462b-a8bf-e08d09a93b6e,2,1,0.023462,0
c9e4d35f-aeae-462b-a8bf-e08d09a93b6e,2,2,0.021866,0
c9e4d35f-aeae-462b-a8bf-e08d09a93b6e,2,3,0.029063,0
c9e4d35f-aeae-462b-a8bf-e08d09a93b6e,2,4,0.032952,0
c9e4d35f-aeae-462b-a8bf-e08d09a93b6e,2,5,0.251493,0
c9e4d35f-aeae-462b-a8bf-e08d09a93b6e,2,6,0.055079,0
c9e4d35f-aeae-462b-a8bf-e08d09a93b6e,2,7,0.026550,0
c9e4d35f-aeae-462b-a8bf-e08d09a93b6e,2,8,0.021506,0
c9e4d35f-aeae-462b-a8bf-e08d09a93b6e,2,9,0.023953,0
c9e4d35f-aeae-462b-a8bf-e08d09a93b6e,2,10,0.026280,0
c9e4d35f-aeae-462b-a8bf-e08d09a93b6e,2,11,0.025510,0
c9e4d35f-aeae-462b-a8bf-e08d09a93b6e,2,12,0.022330,0
c9e4d35f-aeae-462b-a8bf-e08d09a93b6e,2,13,0.022061,0
c9e4d35f-aeae-462b-a8bf-e08d09a93b6e,2,14,0.029380,0
c9e4d35f-aeae-462b-a8bf-e08d09a93b6e,2,15,0.028910,0
c9e4d35f-aeae-462b-a8bf-e08d09a93b6e,2,16,0.019488,0
c9e4d35f-aeae-462b-a8bf-e08d09a93b6e,2,17,0.046595,0
c9e4d35f-aeae-462b-a8bf-e08d09a93b6e,2,18,0.039106,0
c9e4d35f-aeae-462b-a8bf-e08d09a93b6e,2,19,0.022591,0
c9e4d35f-aeae-462b-a8bf-e08d09a93b6e,2,20,0.026974,0
c9e4d35f-aeae-462b-a8bf-e08d09a93b6e,2,21,0.024297,0
c9e4d35f-aeae-462b-a8bf-e08d09a93b6e,2,22,0.027837,0
c9e4d35f-aeae-462b-a8bf-e08d09a93b6e,2,23,0.035549,0
c9e4d35f-aeae-462b-a8bf-e08d09a93b6e,2,24,0.019601,0
c9e4d35f-aeae-462b-a8bf-e08d09a93b6e,2,25,0.017953,0
c9e4d35f-aeae-462b-a8bf-e08d09a93b6e,2,26,0.023258,0
c9e4d35f-aeae-462b-a8bf-e08d09a93b6e,2,27,0.022015,0
c9e4d35f-aeae-462b-a8bf-e08d09a93b6e,2,28,0.039810,0
c9e4d35f-aeae-462b-a8bf-e08d09a93b6e,2,29,0.020591,0
c9e4d35f-aeae-462b-a8bf-e08d09a93b6e,2,30,0.022036,0
c9e4d35f-aeae-462b-a8bf-e08d09a93b6e,2,31,0.024050,0
c9e4d35f-aeae-462b-a8bf-e08d09a93b6e,2,32,0.026590,0
c9e4d35f-aeae-462b-a8bf-e08d09a93b6e,2,33,0.043960,0
c9e4d35f-aeae-462b-a8bf-e08d09a93b6e,2,34,0.023055,0
c9e4d35f-aeae-462b-a8bf-e08d09a93b6e,2,35,0.111230,0
c9e4d35f-aeae-462b-a8bf-e08d09a93b6e,2,36,0.031215,0
c9e4d35f-aeae-462b-a8bf-e08d09a93b6e,2,37,0.020161,0
c9e4d35f-aeae-462b-a8bf-e08d09a93b6e,3,0,0.041188,0
c9e4d35f-aeae-462b-a8bf-e08d09a93b6e,3,1,0.023144,0
c9e4d35f-aeae-462b-a8bf-e08d09a93b6e,3,2,0.021273,0
c9e4d35f-aeae-462b-a8bf-e08d09a93b6e,3,3,0.030773,0
c9e4d35f-aeae-462b-a8bf-e08d09a93b6e,3,4,0.037995,0
c9e4d35f-aeae-462b-a8bf-e08d09a93b6e,3,5,0.021786,0
c9e4d35f-aeae-462b-a8bf-e08d09a93b6e,3,6,0.023665,0
c9e4d35f-aeae-462b-a8bf-e08d09a93b6e,3,7,0.021565,0
c9e4d35f-aeae-462b-a8bf-e08d09a93b6e,3,8,0.024552,0
c9e4d35f-aeae-462b-a8bf-e08d09a93b6e,3,9,0.024933,0
c9e4d35f-aeae-462b-a8bf-e08d09a93b6e,3,10,0.027186,0
c9e4d35f-aeae-462b-a8bf-e08d09a93b6e,3,11,0.102893,0
c9e4d35f-aeae-462b-a8bf-e08d09a93b6e,3,12,0.030556,0
c9e4d35f-aeae-462b-a8bf-e08d09a93b6e,3,13,0.071105,0
c9e4d35f-aeae-462b-a8bf-e08d09a93b6e,3,14,0.026037,0
c9e4d35f-aeae-462b-a8bf-e08d09a93b6e,3,15,0.022606,0
c9e4d35f-aeae-462b-a8bf-e08d09a93b6e,3,16,0.022101,0
c9e4d35f-aeae-462b-a8bf-e08d09a93b6e,3,17,0.060298,0
c9e4d35f-aeae-462b-a8bf-e08d09a93b6e,3,18,0.030264,0
c9e4d35f-aeae-462b-a8bf-e08d09a93b6e,3,19,0.018711,0
c9e4d35f-aeae-462b-a8bf-e08d09a93b6e,3,20,0.024545,0
c9e4d35f-aeae-462b-a8bf-e08d09a93b6e,3,21,0.033143,0
e71d149d-0426-43f0-87e8-8c611dad7205,1,0,0.057731,0
e71d149d-0426-43f0-87e8-8c611dad7205,1,1,0.024159,0
e71d149d-0426-43f0-87e8-8c611dad7205,1,2,0.751549,1
e71d149d-0426-43f0-87e8-8c611dad7205,1,3,0.048357,0
e71d149d-0426-43f0-87e8-8c611dad7205,1,4,0.045147,0
e71d149d-0426-43f0-87e8-8c611dad7205,1,5,0.026326,0
e71d149d-0426-43f0-87e8-8c611dad7205,1,6,0.037226,0
e71d149d-0426-43f0-87e8-8c611dad7205,1,7,0.022091,0
e71d149d-0426-43f0-87e8-8c611dad7205,1,8,0.047305,0
e71d149d-0426-43f0-87e8-8c611dad7205,1,9,0.024416,0
e71d149d-0426-43f0-87e8-8c611dad7205,1,10,0.037691,0
e71d149d-0426-43f0-87e8-8c611dad7205,1,11,0.688271,1
e71d149d-0426-43f0-87e8-8c611dad7205,1,12,0.075656,0
e71d149d-0426-43f0-87e8-8c611dad7205,1,13,0.061917,0
e71d149d-0426-43f0-87e8-8c611dad7205,1,14,0.019262,0
e71d149d-0426-43f0-87e8-8c611dad7205,1,15,0.037374,0
e71d149d-0426-43f0-87e8-8c611dad7205,1,16,0.023950,0
e71d149d-0426-43f0-87e8-8c611dad7205,1,17,0.042975,0
e71d149d-0426-43f0-87e8-8c611dad7205,1,18,0.024069,0
e71d149d-0426-43f0-87e8-8c611dad7205,1,19,0.030101,0
e71d149d-0426-43f0-87e8-8c611dad7205,1,20,0.379815,0
e71d149d-0426-43f0-87e8-8c611dad7205,1,21,0.084367,0
e71d149d-0426-43f0-87e8-8c611dad7205,1,22,0.976577,1
e71d149d-0426-43f0-87e8-8c611dad7205,1,23,0.089903,0
e71d149d-0426-43f0-87e8-8c611dad7205,1,24,0.025318,0
e71d149d-0426-43f0-87e8-8c611dad7205,1,25,0.031189,0
e71d149d-0426-43f0-87e8-8c611dad7205,1,26,0.021453,0
e71d149d-0426-43f0-87e8-8c611dad7205,1,27,0.024094,0
e71d149d-0426-43f0-87e8-8c611dad7205,2,0,0.040660,0
e71d149d-0426-43f0-87e8-8c611dad7205,2,1,0.022729,0
e71d149d-0426-43f0-87e8-8c611dad7205,2,2,0.042999,0
e71d149d-0426-43f0-87e8-8c611dad7205,2,3,0.033323,0
e71d149d-0426-43f0-87e8-8c611dad7205,2,4,0.038671,0
e71d149d-0426-43f0-87e8-8c611dad7205,2,5,0.021250,0
e71d149d-0426-43f0-87e8-8c611dad7205,2,6,0.066839,0
e71d149d-0426-43f0-87e8-8c611dad7205,2,7,0.958407,1
e71d149d-0426-43f0-87e8-8c611dad7205,2,8,0.057849,0
e71d149d-0426-43f0-87e8-8c611dad7205,2,9,0.856240,1
e71d149d-0426-43f0-87e8-8c611dad7205,2,10,0.025551,0
e71d149d-0426-43f0-87e8-8c611dad7205,2,11,0.051018,0
e71d149d-0426-43f0-87e8-8c611dad7205,2,12,0.019906,0
e71d149d-0426-43f0-87e8-8c611dad7205,2,13,0.771576,1
e71d149d-0426-43f0-87e8-8c611dad7205,2,14,0.025777,0
e71d149d-0426-43f0-87e8-8c611dad7205,2,15,0.025494,0
e71d149d-0426-43f0-87e8-8c611dad7205,2,16,0.026757,0
e71d149d-0426-43f0-87e8-8c611dad7205,2,17,0.925640,1
e71d149d-0426-43f0-87e8-8c611dad7205,2,18,0.030481,0
e71d149d-0426-43f0-87e8-8c611dad7205,2,19,0.023109,0
e71d149d-0426-43f0-87e8-8c611dad7205,3,0,0.027174,0
e71d149d-0426-43f0-87e8-8c611dad7205,3,1,0.021613,0
e71d149d-0426-43f0-87e8-8c611dad7205,3,2,0.023123,0
e71d149d-0426-43f0-87e8-8c611dad7205,3,3,0.021443,0
e71d149d-0426-43f0-87e8-8c611dad7205,3,4,0.027463,0
e71d149d-0426-43f0-87e8-8c611dad7205,3,5,0.023473,0
e71d149d-0426-43f0-87e8-8c611dad7205,3,6,0.025913,0
e71d149d-0426-43f0-87e8-8c611dad7205,3,7,0.062541,0
e71d149d-0426-43f0-87e8-8c611dad7205,3,8,0.028111,0
e71d149d-0426-43f0-87e8-8c611dad7205,3,9,0.041808,0
e71d149d-0426-43f0-87e8-8c611dad7205,3,10,0.030658,0
e71d149d-0426-43f0-87e8-8c611dad7205,3,11,0.028538,0
e71d149d-0426-43f0-87e8-8c611dad7205,3,12,0.024573,0
e71d149d-0426-43f0-87e8-8c611dad7205,3,13,0.028691,0
e71d149d-0426-43f0-87e8-8c611dad7205,3,14,0.026867,0
e71d149d-0426-43f0-87e8-8c611dad7205,3,15,0.021772,0
e71d149d-0426-43f0-87e8-8c611dad7205,3,16,0.023566,0
e71d149d-0426-43f0-87e8-8c611dad7205,3,17,0.022444,0
e71d149d-0426-43f0-87e8-8c611dad7205,3,18,0.023092,0
e71d149d-0426-43f0-87e8-8c611dad7205,3,19,0.041278,0
e71d149d-0426-43f0-87e8-8c611dad7205,3,20,0.042186,0
