triplet_uuid,outlet_idx,sentence_idx,prob_biased,pred
2b95d2cf-e979-4f9c-ae27-9a5370934f23,1,0,0.110238,0
2b95d2cf-e979-4f9c-ae27-9a5370934f23,1,1,0.083185,0
2b95d2cf-e979-4f9c-ae27-9a5370934f23,1,2,0.742615,1
2b95d2cf-e979-4f9c-ae27-9a5370934f23,1,3,0.307779,0
2b95d2cf-e979-4f9c-ae27-9a5370934f23,1,4,0.050986,0
2b95d2cf-e979-4f9c-ae27-9a5370934f23,1,5,0.256559,0
2b95d2cf-e979-4f9c-ae27-9a5370934f23,1,6,0.053540,0
2b95d2cf-e979-4f9c-ae27-9a5370934f23,1,7,0.039671,0
2b95d2cf-e979-4f9c-ae27-9a5370934f23,1,8,0.068676,0
2b95d2cf-e979-4f9c-ae27-9a5370934f23,1,9,0.442747,0
2b95d2cf-e979-4f9c-ae27-9a5370934f23,1,10,0.422569,0
2b95d2cf-e979-4f9c-ae27-9a5370934f23,1,11,0.043313,0
2b95d2cf-e979-4f9c-ae27-9a5370934f23,1,12,0.137799,0
2b95d2cf-e979-4f9c-ae27-9a5370934f23,1,13,0.353350,0
2b95d2cf-e979-4f9c-ae27-9a5370934f23,1,14,0.121912,0
2b95d2cf-e979-4f9c-ae27-9a5370934f23,1,15,0.063126,0
2b95d2cf-e979-4f9c-ae27-9a5370934f23,1,16,0.060554,0
2b95d2cf-e979-4f9c-ae27-9a5370934f23,1,17,0.032863,0
2b95d2cf-e979-4f9c-ae27-9a5370934f23,1,18,0.045712,0
2b95d2cf-e979-4f9c-ae27-9a5370934f23,1,19,0.044894,0
2b95d2cf-e979-4f9c-ae27-9a5370934f23,1,20,0.037454,0
2b95d2cf-e979-4f9c-ae27-9a5370934f23,1,21,0.294520,0
2b95d2cf-e979-4f9c-ae27-9a5370934f23,1,22,0.062856,0
2b95d2cf-e979-4f9c-ae27-9a5370934f23,1,23,0.060051,0
2b95d2cf-e979-4f9c-ae27-9a5370934f23,1,24,0.165516,0
2b95d2cf-e979-4f9c-ae27-9a5370934f23,1,25,0.064334,0
2b95d2cf-e979-4f9c-ae27-9a5370934f23,1,26,0.228674,0
2b95d2cf-e979-4f9c-ae27-9a5370934f23,2,0,0.281438,0
2b95d2cf-e979-4f9c-ae27-9a5370934f23,2,1,0.164509,0
2b95d2cf-e979-4f9c-ae27-9a5370934f23,2,2,0.082562,0
2b95d2cf-e979-4f9c-ae27-9a5370934f23,2,3,0.070136,0
2b95d2cf-e979-4f9c-ae27-9a5370934f23,2,4,0.256280,0
2b95d2cf-e979-4f9c-ae27-9a5370934f23,2,5,0.433748,0
2b95d2cf-e979-4f9c-ae27-9a5370934f23,2,6,0.608285,1
2b95d2cf-e979-4f9c-ae27-9a5370934f23,2,7,0.038733,0
2b95d2cf-e979-4f9c-ae27-9a5370934f23,2,8,0.227466,0
2b95d2cf-e979-4f9c-ae27-9a5370934f23,2,9,0.058027,0
2b95d2cf-e979-4f9c-ae27-9a5370934f23,2,10,0.163686,0
2b95d2cf-e979-4f9c-ae27-9a5370934f23,2,11,0.042023,0
2b95d2cf-e979-4f9c-ae27-9a5370934f23,2,12,0.196149,0
2b95d2cf-e979-4f9c-ae27-9a5370934f23,2,13,0.140818,0
2b95d2cf-e979-4f9c-ae27-9a5370934f23,2,14,0.065023,0
2b95d2cf-e979-4f9c-ae27-9a5370934f23,2,15,0.362578,0
2b95d2cf-e979-4f9c-ae27-9a5370934f23,2,16,0.084284,0
2b95d2cf-e979-4f9c-ae27-9a5370934f23,2,17,0.062524,0
2b95d2cf-e979-4f9c-ae27-9a5370934f23,3,0,0.226563,0
2b95d2cf-e979-4f9c-ae27-9a5370934f23,3,1,0.124921,0
2b95d2cf-e979-4f9c-ae27-9a5370934f23,3,2,0.417971,0
2b95d2cf-e979-4f9c-ae27-9a5370934f23,3,3,0.038557,0
2b95d2cf-e979-4f9c-ae27-9a5370934f23,3,4,0.097790,0
2b95d2cf-e979-4f9c-ae27-9a5370934f23,3,5,0.570787,1
2b95d2cf-e979-4f9c-ae27-9a5370934f23,3,6,0.578958,1
2b95d2cf-e979-4f9c-ae27-9a5370934f23,3,7,0.547051,1
2b95d2cf-e979-4f9c-ae27-9a5370934f23,3,8,0.704863,1
2b95d2cf-e979-4f9c-ae27-9a5370934f23,3,9,0.245252,0
2b95d2cf-e979-4f9c-ae27-9a5370934f23,3,10,0.325348,0
2b95d2cf-e979-4f9c-ae27-9a5370934f23,3,11,0.459997,0
2b95d2cf-e979-4f9c-ae27-9a5370934f23,3,12,0.406434,0
2b95d2cf-e979-4f9c-ae27-9a5370934f23,3,13,0.757792,1
2b95d2cf-e979-4f9c-ae27-9a5370934f23,3,14,0.069128,0
2b95d2cf-e979-4f9c-ae27-9a5370934f23,3,15,0.709832,1
2b95d2cf-e979-4f9c-ae27-9a5370934f23,3,16,0.392974,0
2b95d2cf-e979-4f9c-ae27-9a5370934f23,3,17,0.765626,1
2b95d2cf-e979-4f9c-ae27-9a5370934f23,3,18,0.333850,0
2b95d2cf-e979-4f9c-ae27-9a5370934f23,3,19,0.677897,1
2b95d2cf-e979-4f9c-ae27-9a5370934f23,3,20,0.701332,1
2b95d2cf-e979-4f9c-ae27-9a5370934f23,3,21,0.705465,1
38f7cbb7-5d6a-4c89-bcbd-8e164144172a,1,0,0.040128,0
38f7cbb7-5d6a-4c89-bcbd-8e164144172a,1,1,0.033301,0
38f7cbb7-5d6a-4c89-bcbd-8e164144172a,1,2,0.036258,0
38f7cbb7-5d6a-4c89-bcbd-8e164144172a,1,3,0.164147,0
38f7cbb7-5d6a-4c89-bcbd-8e164144172a,1,4,0.053593,0
38f7cbb7-5d6a-4c89-bcbd-8e164144172a,1,5,0.256717,0
38f7cbb7-5d6a-4c89-bcbd-8e164144172a,1,6,0.205791,0
38f7cbb7-5d6a-4c89-bcbd-8e164144172a,1,7,0.100580,0
38f7cbb7-5d6a-4c89-bcbd-8e164144172a,1,8,0.086172,0
38f7cbb7-5d6a-4c89-bcbd-8e164144172a,1,9,0.159742,0
38f7cbb7-5d6a-4c89-bcbd-8e164144172a,1,10,0.847120,1
38f7cbb7-5d6a-4c89-bcbd-8e164144172a,1,11,0.134314,0
38f7cbb7-5d6a-4c89-bcbd-8e164144172a,1,12,0.110379,0
38f7cbb7-5d6a-4c89-bcbd-8e164144172a,1,13,0.088401,0
38f7cbb7-5d6a-4c89-bcbd-8e164144172a,1,14,0.050771,0
38f7cbb7-5d6a-4c89-bcbd-8e164144172a,1,15,0.037978,0
38f7cbb7-5d6a-4c89-bcbd-8e164144172a,1,16,0.044641,0
38f7cbb7-5d6a-4c89-bcbd-8e164144172a,1,17,0.037446,0
38f7cbb7-5d6a-4c89-bcbd-8e164144172a,1,18,0.068965,0
38f7cbb7-5d6a-4c89-bcbd-8e164144172a,1,19,0.136833,0
38f7cbb7-5d6a-4c89-bcbd-8e164144172a,1,20,0.154468,0
38f7cbb7-5d6a-4c89-bcbd-8e164144172a,1,21,0.050223,0
38f7cbb7-5d6a-4c89-bcbd-8e164144172a,1,22,0.036354,0
38f7cbb7-5d6a-4c89-bcbd-8e164144172a,1,23,0.046064,0
38f7cbb7-5d6a-4c89-bcbd-8e164144172a,1,24,0.037399,0
38f7cbb7-5d6a-4c89-bcbd-8e164144172a,1,25,0.033859,0
38f7cbb7-5d6a-4c89-bcbd-8e164144172a,1,26,0.072871,0
38f7cbb7-5d6a-4c89-bcbd-8e164144172a,1,27,0.180240,0
38f7cbb7-5d6a-4c89-bcbd-8e164144172a,1,28,0.035177,0
38f7cbb7-5d6a-4c89-bcbd-8e164144172a,1,29,0.234649,0
38f7cbb7-5d6a-4c89-bcbd-8e164144172a,1,30,0.068383,0
38f7cbb7-5d6a-4c89-bcbd-8e164144172a,1,31,0.079413,0
38f7cbb7-5d6a-4c89-bcbd-8e164144172a,1,32,0.034483,0
38f7cbb7-5d6a-4c89-bcbd-8e164144172a,1,33,0.034933,0
38f7cbb7-5d6a-4c89-bcbd-8e164144172a,1,34,0.036322,0
38f7cbb7-5d6a-4c89-bcbd-8e164144172a,1,35,0.052569,0
38f7cbb7-5d6a-4c89-bcbd-8e164144172a,2,0,0.036176,0
38f7cbb7-5d6a-4c89-bcbd-8e164144172a,2,1,0.120473,0
38f7cbb7-5d6a-4c89-bcbd-8e164144172a,2,2,0.219333,0
38f7cbb7-5d6a-4c89-bcbd-8e164144172a,2,3,0.063383,0
38f7cbb7-5d6a-4c89-bcbd-8e164144172a,2,4,0.041398,0
38f7cbb7-5d6a-4c89-bcbd-8e164144172a,2,5,0.104068,0
38f7cbb7-5d6a-4c89-bcbd-8e164144172a,2,6,0.040903,0
38f7cbb7-5d6a-4c89-bcbd-8e164144172a,2,7,0.038897,0
38f7cbb7-5d6a-4c89-bcbd-8e164144172a,2,8,0.238378,0
38f7cbb7-5d6a-4c89-bcbd-8e164144172a,2,9,0.058632,0
38f7cbb7-5d6a-4c89-bcbd-8e164144172a,2,10,0.119470,0
38f7cbb7-5d6a-4c89-bcbd-8e164144172a,2,11,0.208353,0
38f7cbb7-5d6a-4c89-bcbd-8e164144172a,2,12,0.152772,0
38f7cbb7-5d6a-4c89-bcbd-8e164144172a,2,13,0.095412,0
38f7cbb7-5d6a-4c89-bcbd-8e164144172a,2,14,0.107594,0
38f7cbb7-5d6a-4c89-bcbd-8e164144172a,2,15,0.198318,0
38f7cbb7-5d6a-4c89-bcbd-8e164144172a,2,16,0.048350,0
38f7cbb7-5d6a-4c89-bcbd-8e164144172a,2,17,0.072018,0
38f7cbb7-5d6a-4c89-bcbd-8e164144172a,2,18,0.079940,0
38f7cbb7-5d6a-4c89-bcbd-8e164144172a,2,19,0.287817,0
38f7cbb7-5d6a-4c89-bcbd-8e164144172a,2,20,0.134867,0
38f7cbb7-5d6a-4c89-bcbd-8e164144172a,2,21,0.082377,0
38f7cbb7-5d6a-4c89-bcbd-8e164144172a,2,22,0.237864,0
38f7cbb7-5d6a-4c89-bcbd-8e164144172a,2,23,0.045962,0
38f7cbb7-5d6a-4c89-bcbd-8e164144172a,2,24,0.153726,0
38f7cbb7-5d6a-4c89-bcbd-8e164144172a,2,25,0.191630,0
38f7cbb7-5d6a-4c89-bcbd-8e164144172a,2,26,0.135771,0
38f7cbb7-5d6a-4c89-bcbd-8e164144172a,3,0,0.051633,0
38f7cbb7-5d6a-4c89-bcbd-8e164144172a,3,1,0.067183,0
38f7cbb7-5d6a-4c89-bcbd-8e164144172a,3,2,0.039955,0
38f7cbb7-5d6a-4c89-bcbd-8e164144172a,3,3,0.037798,0
38f7cbb7-5d6a-4c89-bcbd-8e164144172a,3,4,0.042429,0
38f7cbb7-5d6a-4c89-bcbd-8e164144172a,3,5,0.045921,0
38f7cbb7-5d6a-4c89-bcbd-8e164144172a,3,6,0.090957,0
38f7cbb7-5d6a-4c89-bcbd-8e164144172a,3,7,0.056729,0
38f7cbb7-5d6a-4c89-bcbd-8e164144172a,3,8,0.069040,0
38f7cbb7-5d6a-4c89-bcbd-8e164144172a,3,9,0.258088,0
38f7cbb7-5d6a-4c89-bcbd-8e164144172a,3,10,0.034844,0
38f7cbb7-5d6a-4c89-bcbd-8e164144172a,3,11,0.046244,0
38f7cbb7-5d6a-4c89-bcbd-8e164144172a,3,12,0.093652,0
38f7cbb7-5d6a-4c89-bcbd-8e164144172a,3,13,0.099259,0
38f7cbb7-5d6a-4c89-bcbd-8e164144172a,3,14,0.256767,0
38f7cbb7-5d6a-4c89-bcbd-8e164144172a,3,15,0.268307,0
38f7cbb7-5d6a-4c89-bcbd-8e164144172a,3,16,0.195395,0
38f7cbb7-5d6a-4c89-bcbd-8e164144172a,3,17,0.209989,0
38f7cbb7-5d6a-4c89-bcbd-8e164144172a,3,18,0.204985,0
38f7cbb7-5d6a-4c89-bcbd-8e164144172a,3,19,0.098104,0
38f7cbb7-5d6a-4c89-bcbd-8e164144172a,3,20,0.076720,0
38f7cbb7-5d6a-4c89-bcbd-8e164144172a,3,21,0.037317,0
38f7cbb7-5d6a-4c89-bcbd-8e164144172a,3,22,0.053308,0
38f7cbb7-5d6a-4c89-bcbd-8e164144172a,3,23,0.038158,0
38f7cbb7-5d6a-4c89-bcbd-8e164144172a,3,24,0.400397,0
38f7cbb7-5d6a-4c89-bcbd-8e164144172a,3,25,0.227490,0
38f7cbb7-5d6a-4c89-bcbd-8e164144172a,3,26,0.414734,0
45bd61bc-c356-4450-9e3a-cbfc862b09fd,1,0,0.035683,0
45bd61bc-c356-4450-9e3a-cbfc862b09fd,1,1,0.033877,0
45bd61bc-c356-4450-9e3a-cbfc862b09fd,1,2,0.122697,0
45bd61bc-c356-4450-9e3a-cbfc862b09fd,1,3,0.043576,0
45bd61bc-c356-4450-9e3a-cbfc862b09fd,1,4,0.110383,0
45bd61bc-c356-4450-9e3a-cbfc862b09fd,1,5,0.035882,0
45bd61bc-c356-4450-9e3a-cbfc862b09fd,1,6,0.036795,0
45bd61bc-c356-4450-9e3a-cbfc862b09fd,1,7,0.144578,0
45bd61bc-c356-4450-9e3a-cbfc862b09fd,1,8,0.191296,0
45bd61bc-c356-4450-9e3a-cbfc862b09fd,1,9,0.145361,0
45bd61bc-c356-4450-9e3a-cbfc862b09fd,1,10,0.129288,0
45bd61bc-c356-4450-9e3a-cbfc862b09fd,1,11,0.257838,0
45bd61bc-c356-4450-9e3a-cbfc862b09fd,1,12,0.046252,0
45bd61bc-c356-4450-9e3a-cbfc862b09fd,1,13,0.053303,0
45bd61bc-c356-4450-9e3a-cbfc862b09fd,1,14,0.238204,0
45bd61bc-c356-4450-9e3a-cbfc862b09fd,1,15,0.196791,0
45bd61bc-c356-4450-9e3a-cbfc862b09fd,1,16,0.086885,0
45bd61bc-c356-4450-9e3a-cbfc862b09fd,1,17,0.046875,0
45bd61bc-c356-4450-9e3a-cbfc862b09fd,1,18,0.038460,0
45bd61bc-c356-4450-9e3a-cbfc862b09fd,1,19,0.081790,0
45bd61bc-c356-4450-9e3a-cbfc862b09fd,1,20,0.033796,0
45bd61bc-c356-4450-9e3a-cbfc862b09fd,1,21,0.039576,0
45bd61bc-c356-4450-9e3a-cbfc862b09fd,1,22,0.035443,0
45bd61bc-c356-4450-9e3a-cbfc862b09fd,1,23,0.035444,0
45bd61bc-c356-4450-9e3a-cbfc862b09fd,1,24,0.081877,0
45bd61bc-c356-4450-9e3a-cbfc862b09fd,1,25,0.096505,0
45bd61bc-c356-4450-9e3a-cbfc862b09fd,1,26,0.231697,0
45bd61bc-c356-4450-9e3a-cbfc862b09fd,1,27,0.099270,0
45bd61bc-c356-4450-9e3a-cbfc862b09fd,1,28,0.173128,0
45bd61bc-c356-4450-9e3a-cbfc862b09fd,1,29,0.198912,0
45bd61bc-c356-4450-9e3a-cbfc862b09fd,1,30,0.175065,0
45bd61bc-c356-4450-9e3a-cbfc862b09fd,1,31,0.229277,0
45bd61bc-c356-4450-9e3a-cbfc862b09fd,2,0,0.227652,0
45bd61bc-c356-4450-9e3a-cbfc862b09fd,2,1,0.052806,0
45bd61bc-c356-4450-9e3a-cbfc862b09fd,2,2,0.527031,1
45bd61bc-c356-4450-9e3a-cbfc862b09fd,2,3,0.053137,0
45bd61bc-c356-4450-9e3a-cbfc862b09fd,2,4,0.112135,0
45bd61bc-c356-4450-9e3a-cbfc862b09fd,2,5,0.234382,0
45bd61bc-c356-4450-9e3a-cbfc862b09fd,2,6,0.119005,0
45bd61bc-c356-4450-9e3a-cbfc862b09fd,2,7,0.363620,0
45bd61bc-c356-4450-9e3a-cbfc862b09fd,2,8,0.110143,0
45bd61bc-c356-4450-9e3a-cbfc862b09fd,2,9,0.384546,0
45bd61bc-c356-4450-9e3a-cbfc862b09fd,2,10,0.447671,0
45bd61bc-c356-4450-9e3a-cbfc862b09fd,2,11,0.784255,1
45bd61bc-c356-4450-9e3a-cbfc862b09fd,2,12,0.214235,0
45bd61bc-c356-4450-9e3a-cbfc862b09fd,2,13,0.326053,0
45bd61bc-c356-4450-9e3a-cbfc862b09fd,2,14,0.093935,0
45bd61bc-c356-4450-9e3a-cbfc862b09fd,2,15,0.342715,0
45bd61bc-c356-4450-9e3a-cbfc862b09fd,2,16,0.219222,0
45bd61bc-c356-4450-9e3a-cbfc862b09fd,2,17,0.122334,0
45bd61bc-c356-4450-9e3a-cbfc862b09fd,2,18,0.232384,0
45bd61bc-c356-4450-9e3a-cbfc862b09fd,2,19,0.237386,0
45bd61bc-c356-4450-9e3a-cbfc862b09fd,2,20,0.262671,0
45bd61bc-c356-4450-9e3a-cbfc862b09fd,2,21,0.191507,0
45bd61bc-c356-4450-9e3a-cbfc862b09fd,2,22,0.071645,0
45bd61bc-c356-4450-9e3a-cbfc862b09fd,2,23,0.404130,0
45bd61bc-c356-4450-9e3a-cbfc862b09fd,2,24,0.150150,0
45bd61bc-c356-4450-9e3a-cbfc862b09fd,2,25,0.144473,0
45bd61bc-c356-4450-9e3a-cbfc862b09fd,2,26,0.399346,0
45bd61bc-c356-4450-9e3a-cbfc862b09fd,2,27,0.035482,0
45bd61bc-c356-4450-9e3a-cbfc862b09fd,2,28,0.061085,0
45bd61bc-c356-4450-9e3a-cbfc862b09fd,2,29,0.050625,0
45bd61bc-c356-4450-9e3a-cbfc862b09fd,2,30,0.218180,0
45bd61bc-c356-4450-9e3a-cbfc862b09fd,2,31,0.035815,0
45bd61bc-c356-4450-9e3a-cbfc862b09fd,2,32,0.112691,0
45bd61bc-c356-4450-9e3a-cbfc862b09fd,2,33,0.165602,0
45bd61bc-c356-4450-9e3a-cbfc862b09fd,2,34,0.224816,0
45bd61bc-c356-4450-9e3a-cbfc862b09fd,2,35,0.087885,0
45bd61bc-c356-4450-9e3a-cbfc862b09fd,3,0,0.082002,0
45bd61bc-c356-4450-9e3a-cbfc862b09fd,3,1,0.120649,0
45bd61bc-c356-4450-9e3a-cbfc862b09fd,3,2,0.174968,0
45bd61bc-c356-4450-9e3a-cbfc862b09fd,3,3,0.106883,0
45bd61bc-c356-4450-9e3a-cbfc862b09fd,3,4,0.052938,0
45bd61bc-c356-4450-9e3a-cbfc862b09fd,3,5,0.119069,0
45bd61bc-c356-4450-9e3a-cbfc862b09fd,3,6,0.322052,0
45bd61bc-c356-4450-9e3a-cbfc862b09fd,3,7,0.670507,1
45bd61bc-c356-4450-9e3a-cbfc862b09fd,3,8,0.502929,1
45bd61bc-c356-4450-9e3a-cbfc862b09fd,3,9,0.499792,0
6b541575-99b1-40d2-8730-9bb868ee38ed,1,0,0.098105,0
6b541575-99b1-40d2-8730-9bb868ee38ed,1,1,0.146009,0
6b541575-99b1-40d2-8730-9bb868ee38ed,1,2,0.101999,0
6b541575-99b1-40d2-8730-9bb868ee38ed,1,3,0.038781,0
6b541575-99b1-40d2-8730-9bb868ee38ed,1,4,0.185012,0
6b541575-99b1-40d2-8730-9bb868ee38ed,1,5,0.276881,0
6b541575-99b1-40d2-8730-9bb868ee38ed,1,6,0.199715,0
6b541575-99b1-40d2-8730-9bb868ee38ed,1,7,0.093185,0
6b541575-99b1-40d2-8730-9bb868ee38ed,1,8,0.171819,0
6b541575-99b1-40d2-8730-9bb868ee38ed,1,9,0.095648,0
6b541575-99b1-40d2-8730-9bb868ee38ed,1,10,0.092453,0
6b541575-99b1-40d2-8730-9bb868ee38ed,1,11,0.213815,0
6b541575-99b1-40d2-8730-9bb868ee38ed,1,12,0.375409,0
6b541575-99b1-40d2-8730-9bb868ee38ed,1,13,0.972092,1
6b541575-99b1-40d2-8730-9bb868ee38ed,1,14,0.151078,0
6b541575-99b1-40d2-8730-9bb868ee38ed,1,15,0.062401,0
6b541575-99b1-40d2-8730-9bb868ee38ed,1,16,0.034307,0
6b541575-99b1-40d2-8730-9bb868ee38ed,1,17,0.085618,0
6b541575-99b1-40d2-8730-9bb868ee38ed,1,18,0.039077,0
6b541575-99b1-40d2-8730-9bb868ee38ed,1,19,0.362285,0
6b541575-99b1-40d2-8730-9bb868ee38ed,2,0,0.047015,0
6b541575-99b1-40d2-8730-9bb868ee38ed,2,1,0.064325,0
6b541575-99b1-40d2-8730-9bb868ee38ed,2,2,0.102398,0
6b541575-99b1-40d2-8730-9bb868ee38ed,2,3,0.411087,0
6b541575-99b1-40d2-8730-9bb868ee38ed,2,4,0.088583,0
6b541575-99b1-40d2-8730-9bb868ee38ed,2,5,0.069127,0
6b541575-99b1-40d2-8730-9bb868ee38ed,2,6,0.050151,0
6b541575-99b1-40d2-8730-9bb868ee38ed,2,7,0.048158,0
6b541575-99b1-40d2-8730-9bb868ee38ed,2,8,0.106007,0
6b541575-99b1-40d2-8730-9bb868ee38ed,2,9,0.034178,0
6b541575-99b1-40d2-8730-9bb868ee38ed,2,10,0.043482,0
6b541575-99b1-40d2-8730-9bb868ee38ed,2,11,0.193624,0
6b541575-99b1-40d2-8730-9bb868ee38ed,2,12,0.037789,0
6b541575-99b1-40d2-8730-9bb868ee38ed,2,13,0.074082,0
6b541575-99b1-40d2-8730-9bb868ee38ed,2,14,0.314457,0
6b541575-99b1-40d2-8730-9bb868ee38ed,2,15,0.034852,0
6b541575-99b1-40d2-8730-9bb868ee38ed,2,16,0.037678,0
6b541575-99b1-40d2-8730-9bb868ee38ed,2,17,0.041034,0
6b541575-99b1-40d2-8730-9bb868ee38ed,3,0,0.857561,1
6b541575-99b1-40d2-8730-9bb868ee38ed,3,1,0.054885,0
6b541575-99b1-40d2-8730-9bb868ee38ed,3,2,0.377496,0
6b541575-99b1-40d2-8730-9bb868ee38ed,3,3,0.478975,0
6b541575-99b1-40d2-8730-9bb868ee38ed,3,4,0.373113,0
6b541575-99b1-40d2-8730-9bb868ee38ed,3,5,0.240687,0
6b541575-99b1-40d2-8730-9bb868ee38ed,3,6,0.686002,1
6b541575-99b1-40d2-8730-9bb868ee38ed,3,7,0.210636,0
6b541575-99b1-40d2-8730-9bb868ee38ed,3,8,0.974182,1
6b541575-99b1-40d2-8730-9bb868ee38ed,3,9,0.308045,0
6b541575-99b1-40d2-8730-9bb868ee38ed,3,10,0.535269,1
6b541575-99b1-40d2-8730-9bb868ee38ed,3,11,0.214496,0
6b541575-99b1-40d2-8730-9bb868ee38ed,3,12,0.305567,0
6b541575-99b1-40d2-8730-9bb868ee38ed,3,13,0.539966,1
6b541575-99b1-40d2-8730-9bb868ee38ed,3,14,0.264740,0
6b541575-99b1-40d2-8730-9bb868ee38ed,3,15,0.956163,1
6b541575-99b1-40d2-8730-9bb868ee38ed,3,16,0.105081,0
6b541575-99b1-40d2-8730-9bb868ee38ed,3,17,0.241004,0
6b541575-99b1-40d2-8730-9bb868ee38ed,3,18,0.171419,0
6b541575-99b1-40d2-8730-9bb868ee38ed,3,19,0.859629,1
6b541575-99b1-40d2-8730-9bb868ee38ed,3,20,0.659906,1
6b541575-99b1-40d2-8730-9bb868ee38ed,3,21,0.971678,1
6b541575-99b1-40d2-8730-9bb868ee38ed,3,22,0.683305,1
6b541575-99b1-40d2-8730-9bb868ee38ed,3,23,0.743828,1
6b541575-99b1-40d2-8730-9bb868ee38ed,3,24,0.900922,1
6b541575-99b1-40d2-8730-9bb868ee38ed,3,25,0.403107,0
6b541575-99b1-40d2-8730-9bb868ee38ed,3,26,0.969400,1
6b541575-99b1-40d2-8730-9bb868ee38ed,3,27,0.235391,0
6b541575-99b1-40d2-8730-9bb868ee38ed,3,28,0.732131,1
6b541575-99b1-40d2-8730-9bb868ee38ed,3,29,0.141143,0
6b541575-99b1-40d2-8730-9bb868ee38ed,3,30,0.047999,0
6b541575-99b1-40d2-8730-9bb868ee38ed,3,31,0.087062,0
6b541575-99b1-40d2-8730-9bb868ee38ed,3,32,0.450458,0
6b541575-99b1-40d2-8730-9bb868ee38ed,3,33,0.564604,1
6b541575-99b1-40d2-8730-9bb868ee38ed,3,34,0.957338,1
6b541575-99b1-40d2-8730-9bb868ee38ed,3,35,0.939056,1
6b541575-99b1-40d2-8730-9bb868ee38ed,3,36,0.843789,1
6b541575-99b1-40d2-8730-9bb868ee38ed,3,37,0.955589,1
6b541575-99b1-40d2-8730-9bb868ee38ed,3,38,0.141143,0
6b541575-99b1-40d2-8730-9bb868ee38ed,3,39,0.159087,0
6b541575-99b1-40d2-8730-9bb868ee38ed,3,40,0.100570,0
6b541575-99b1-40d2-8730-9bb868ee38ed,3,41,0.115689,0
6b541575-99b1-40d2-8730-9bb868ee38ed,3,42,0.401781,0
6b541575-99b1-40d2-8730-9bb868ee38ed,3,43,0.135948,0
6f95dcb9-e960-45ac-8c0e-91b85724c909,1,0,0.901325,1
6f95dcb9-e960-45ac-8c0e-91b85724c909,1,1,0.829084,1
6f95dcb9-e960-45ac-8c0e-91b85724c909,1,2,0.336707,0
6f95dcb9-e960-45ac-8c0e-91b85724c909,1,3,0.287380,0
6f95dcb9-e960-45ac-8c0e-91b85724c909,1,4,0.172995,0
6f95dcb9-e960-45ac-8c0e-91b85724c909,1,5,0.215251,0
6f95dcb9-e960-45ac-8c0e-91b85724c909,1,6,0.484328,0
6f95dcb9-e960-45ac-8c0e-91b85724c909,1,7,0.568235,1
6f95dcb9-e960-45ac-8c0e-91b85724c909,1,8,0.205710,0
6f95dcb9-e960-45ac-8c0e-91b85724c909,1,9,0.154275,0
6f95dcb9-e960-45ac-8c0e-91b85724c909,1,10,0.848670,1
6f95dcb9-e960-45ac-8c0e-91b85724c909,1,11,0.046728,0
6f95dcb9-e960-45ac-8c0e-91b85724c909,1,12,0.394996,0
6f95dcb9-e960-45ac-8c0e-91b85724c909,1,13,0.414795,0
6f95dcb9-e960-45ac-8c0e-91b85724c909,1,14,0.078360,0
6f95dcb9-e960-45ac-8c0e-91b85724c909,1,15,0.037338,0
6f95dcb9-e960-45ac-8c0e-91b85724c909,1,16,0.041542,0
6f95dcb9-e960-45ac-8c0e-91b85724c909,1,17,0.136321,0
6f95dcb9-e960-45ac-8c0e-91b85724c909,1,18,0.279160,0
6f95dcb9-e960-45ac-8c0e-91b85724c909,1,19,0.092110,0
6f95dcb9-e960-45ac-8c0e-91b85724c909,2,0,0.946800,1
6f95dcb9-e960-45ac-8c0e-91b85724c909,2,1,0.963585,1
6f95dcb9-e960-45ac-8c0e-91b85724c909,2,2,0.198349,0
6f95dcb9-e960-45ac-8c0e-91b85724c909,2,3,0.457949,0
6f95dcb9-e960-45ac-8c0e-91b85724c909,2,4,0.153044,0
6f95dcb9-e960-45ac-8c0e-91b85724c909,2,5,0.182279,0
6f95dcb9-e960-45ac-8c0e-91b85724c909,2,6,0.928595,1
6f95dcb9-e960-45ac-8c0e-91b85724c909,2,7,0.129106,0
6f95dcb9-e960-45ac-8c0e-91b85724c909,2,8,0.079205,0
6f95dcb9-e960-45ac-8c0e-91b85724c909,2,9,0.839176,1
6f95dcb9-e960-45ac-8c0e-91b85724c909,2,10,0.136990,0
6f95dcb9-e960-45ac-8c0e-91b85724c909,2,11,0.906323,1
6f95dcb9-e960-45ac-8c0e-91b85724c909,2,12,0.911968,1
6f95dcb9-e960-45ac-8c0e-91b85724c909,2,13,0.511050,1
6f95dcb9-e960-45ac-8c0e-91b85724c909,2,14,0.408022,0
6f95dcb9-e960-45ac-8c0e-91b85724c909,2,15,0.171744,0
6f95dcb9-e960-45ac-8c0e-91b85724c909,2,16,0.329130,0
6f95dcb9-e960-45ac-8c0e-91b85724c909,2,17,0.826038,1
6f95dcb9-e960-45ac-8c0e-91b85724c909,2,18,0.125602,0
6f95dcb9-e960-45ac-8c0e-91b85724c909,2,19,0.160108,0
6f95dcb9-e960-45ac-8c0e-91b85724c909,2,20,0.262267,0
6f95dcb9-e960-45ac-8c0e-91b85724c909,3,0,0.557658,1
6f95dcb9-e960-45ac-8c0e-91b85724c909,3,1,0.975614,1
6f95dcb9-e960-45ac-8c0e-91b85724c909,3,2,0.355976,0
6f95dcb9-e960-45ac-8c0e-91b85724c909,3,3,0.963740,1
6f95dcb9-e960-45ac-8c0e-91b85724c909,3,4,0.898883,1
6f95dcb9-e960-45ac-8c0e-91b85724c909,3,5,0.865013,1
6f95dcb9-e960-45ac-8c0e-91b85724c909,3,6,0.405783,0
6f95dcb9-e960-45ac-8c0e-91b85724c909,3,7,0.271032,0
6f95dcb9-e960-45ac-8c0e-91b85724c909,3,8,0.356843,0
6f95dcb9-e960-45ac-8c0e-91b85724c909,3,9,0.069971,0
6f95dcb9-e960-45ac-8c0e-91b85724c909,3,10,0.410328,0
6f95dcb9-e960-45ac-8c0e-91b85724c909,3,11,0.928697,1
6f95dcb9-e960-45ac-8c0e-91b85724c909,3,12,0.523967,1
6f95dcb9-e960-45ac-8c0e-91b85724c909,3,13,0.325871,0
6f95dcb9-e960-45ac-8c0e-91b85724c909,3,14,0.151812,0
6f95dcb9-e960-45ac-8c0e-91b85724c909,3,15,0.547254,1
6f95dcb9-e960-45ac-8c0e-91b85724c909,3,16,0.058254,0
6f95dcb9-e960-45ac-8c0e-91b85724c909,3,17,0.080351,0
6f95dcb9-e960-45ac-8c0e-91b85724c909,3,18,0.233812,0
6f95dcb9-e960-45ac-8c0e-91b85724c909,3,19,0.315669,0
6f95dcb9-e960-45ac-8c0e-91b85724c909,3,20,0.450789,0
6f95dcb9-e960-45ac-8c0e-91b85724c909,3,21,0.757040,1
6f95dcb9-e960-45ac-8c0e-91b85724c909,3,22,0.390214,0
6f95dcb9-e960-45ac-8c0e-91b85724c909,3,23,0.537681,1
6f95dcb9-e960-45ac-8c0e-91b85724c909,3,24,0.963656,1
6f95dcb9-e960-45ac-8c0e-91b85724c909,3,25,0.235262,0
6f95dcb9-e960-45ac-8c0e-91b85724c909,3,26,0.330157,0
6f95dcb9-e960-45ac-8c0e-91b85724c909,3,27,0.130669,0
6f95dcb9-e960-45ac-8c0e-91b85724c909,3,28,0.895157,1
6f95dcb9-e960-45ac-8c0e-91b85724c909,3,29,0.867891,1
6f95dcb9-e960-45ac-8c0e-91b85724c909,3,30,0.924113,1
6f95dcb9-e960-45ac-8c0e-91b85724c909,3,31,0.257983,0
74708dbf-5dfc-4c66-8419-d7dbc00e4a06,1,0,0.218489,0
74708dbf-5dfc-4c66-8419-d7dbc00e4a06,1,1,0.035412,0
74708dbf-5dfc-4c66-8419-d7dbc00e4a06,1,2,0.128393,0
74708dbf-5dfc-4c66-8419-d7dbc00e4a06,1,3,0.204784,0
74708dbf-5dfc-4c66-8419-d7dbc00e4a06,1,4,0.034285,0
74708dbf-5dfc-4c66-8419-d7dbc00e4a06,1,5,0.079295,0
74708dbf-5dfc-4c66-8419-d7dbc00e4a06,1,6,0.033352,0
74708dbf-5dfc-4c66-8419-d7dbc00e4a06,1,7,0.036844,0
74708dbf-5dfc-4c66-8419-d7dbc00e4a06,1,8,0.088696,0
74708dbf-5dfc-4c66-8419-d7dbc00e4a06,1,9,0.045579,0
74708dbf-5dfc-4c66-8419-d7dbc00e4a06,1,10,0.033316,0
74708dbf-5dfc-4c66-8419-d7dbc00e4a06,1,11,0.330869,0
74708dbf-5dfc-4c66-8419-d7dbc00e4a06,1,12,0.080471,0
74708dbf-5dfc-4c66-8419-d7dbc00e4a06,1,13,0.048996,0
74708dbf-5dfc-4c66-8419-d7dbc00e4a06,1,14,0.039486,0
74708dbf-5dfc-4c66-8419-d7dbc00e4a06,1,15,0.033912,0
74708dbf-5dfc-4c66-8419-d7dbc00e4a06,2,0,0.034334,0
74708dbf-5dfc-4c66-8419-d7dbc00e4a06,2,1,0.839633,1
74708dbf-5dfc-4c66-8419-d7dbc00e4a06,2,2,0.071891,0
74708dbf-5dfc-4c66-8419-d7dbc00e4a06,2,3,0.164688,0
74708dbf-5dfc-4c66-8419-d7dbc00e4a06,2,4,0.038458,0
74708dbf-5dfc-4c66-8419-d7dbc00e4a06,2,5,0.040936,0
74708dbf-5dfc-4c66-8419-d7dbc00e4a06,2,6,0.282585,0
74708dbf-5dfc-4c66-8419-d7dbc00e4a06,2,7,0.049172,0
74708dbf-5dfc-4c66-8419-d7dbc00e4a06,2,8,0.036800,0
74708dbf-5dfc-4c66-8419-d7dbc00e4a06,3,0,0.035820,0
74708dbf-5dfc-4c66-8419-d7dbc00e4a06,3,1,0.188346,0
74708dbf-5dfc-4c66-8419-d7dbc00e4a06,3,2,0.272953,0
74708dbf-5dfc-4c66-8419-d7dbc00e4a06,3,3,0.418254,0
74708dbf-5dfc-4c66-8419-d7dbc00e4a06,3,4,0.150606,0
74708dbf-5dfc-4c66-8419-d7dbc00e4a06,3,5,0.230258,0
74708dbf-5dfc-4c66-8419-d7dbc00e4a06,3,6,0.964185,1
74708dbf-5dfc-4c66-8419-d7dbc00e4a06,3,7,0.258228,0
74708dbf-5dfc-4c66-8419-d7dbc00e4a06,3,8,0.042672,0
74708dbf-5dfc-4c66-8419-d7dbc00e4a06,3,9,0.056102,0
74708dbf-5dfc-4c66-8419-d7dbc00e4a06,3,10,0.073497,0
85475456-f38e-4c30-895d-ca2c819c6af1,1,0,0.048821,0
85475456-f38e-4c30-895d-ca2c819c6af1,1,1,0.038041,0
85475456-f38e-4c30-895d-ca2c819c6af1,1,2,0.282282,0
85475456-f38e-4c30-895d-ca2c819c6af1,1,3,0.178718,0
85475456-f38e-4c30-895d-ca2c819c6af1,1,4,0.044576,0
85475456-f38e-4c30-895d-ca2c819c6af1,1,5,0.034241,0
85475456-f38e-4c30-895d-ca2c819c6af1,1,6,0.055964,0
85475456-f38e-4c30-895d-ca2c819c6af1,1,7,0.221139,0
85475456-f38e-4c30-895d-ca2c819c6af1,1,8,0.033808,0
85475456-f38e-4c30-895d-ca2c819c6af1,1,9,0.095727,0
85475456-f38e-4c30-895d-ca2c819c6af1,1,10,0.665836,1
85475456-f38e-4c30-895d-ca2c819c6af1,1,11,0.511361,1
85475456-f38e-4c30-895d-ca2c819c6af1,1,12,0.174912,0
85475456-f38e-4c30-895d-ca2c819c6af1,1,13,0.049235,0
85475456-f38e-4c30-895d-ca2c819c6af1,1,14,0.109552,0
85475456-f38e-4c30-895d-ca2c819c6af1,1,15,0.173497,0
85475456-f38e-4c30-895d-ca2c819c6af1,1,16,0.401847,0
85475456-f38e-4c30-895d-ca2c819c6af1,1,17,0.039911,0
85475456-f38e-4c30-895d-ca2c819c6af1,1,18,0.085103,0
85475456-f38e-4c30-895d-ca2c819c6af1,1,19,0.125278,0
85475456-f38e-4c30-895d-ca2c819c6af1,1,20,0.065193,0
85475456-f38e-4c30-895d-ca2c819c6af1,1,21,0.050470,0
85475456-f38e-4c30-895d-ca2c819c6af1,1,22,0.250964,0
85475456-f38e-4c30-895d-ca2c819c6af1,1,23,0.223957,0
85475456-f38e-4c30-895d-ca2c819c6af1,1,24,0.232423,0
85475456-f38e-4c30-895d-ca2c819c6af1,1,25,0.352905,0
85475456-f38e-4c30-895d-ca2c819c6af1,1,26,0.035955,0
85475456-f38e-4c30-895d-ca2c819c6af1,1,27,0.036158,0
85475456-f38e-4c30-895d-ca2c819c6af1,1,28,0.039345,0
85475456-f38e-4c30-895d-ca2c819c6af1,1,29,0.057766,0
85475456-f38e-4c30-895d-ca2c819c6af1,1,30,0.181708,0
85475456-f38e-4c30-895d-ca2c819c6af1,1,31,0.144568,0
85475456-f38e-4c30-895d-ca2c819c6af1,1,32,0.061173,0
85475456-f38e-4c30-895d-ca2c819c6af1,1,33,0.067708,0
85475456-f38e-4c30-895d-ca2c819c6af1,1,34,0.211357,0
85475456-f38e-4c30-895d-ca2c819c6af1,1,35,0.044761,0
85475456-f38e-4c30-895d-ca2c819c6af1,1,36,0.050403,0
85475456-f38e-4c30-895d-ca2c819c6af1,2,0,0.262029,0
85475456-f38e-4c30-895d-ca2c819c6af1,2,1,0.079047,0
85475456-f38e-4c30-895d-ca2c819c6af1,2,2,0.131756,0
85475456-f38e-4c30-895d-ca2c819c6af1,2,3,0.039355,0
85475456-f38e-4c30-895d-ca2c819c6af1,2,4,0.211339,0
85475456-f38e-4c30-895d-ca2c819c6af1,2,5,0.367341,0
85475456-f38e-4c30-895d-ca2c819c6af1,2,6,0.048158,0
85475456-f38e-4c30-895d-ca2c819c6af1,2,7,0.159282,0
85475456-f38e-4c30-895d-ca2c819c6af1,2,8,0.133107,0
85475456-f38e-4c30-895d-ca2c819c6af1,2,9,0.366700,0
85475456-f38e-4c30-895d-ca2c819c6af1,2,10,0.037137,0
85475456-f38e-4c30-895d-ca2c819c6af1,2,11,0.036858,0
85475456-f38e-4c30-895d-ca2c819c6af1,3,0,0.070899,0
85475456-f38e-4c30-895d-ca2c819c6af1,3,1,0.256164,0
85475456-f38e-4c30-895d-ca2c819c6af1,3,2,0.101332,0
85475456-f38e-4c30-895d-ca2c819c6af1,3,3,0.039166,0
85475456-f38e-4c30-895d-ca2c819c6af1,3,4,0.278709,0
85475456-f38e-4c30-895d-ca2c819c6af1,3,5,0.246132,0
85475456-f38e-4c30-895d-ca2c819c6af1,3,6,0.044576,0
85475456-f38e-4c30-895d-ca2c819c6af1,3,7,0.035940,0
85475456-f38e-4c30-895d-ca2c819c6af1,3,8,0.110613,0
85475456-f38e-4c30-895d-ca2c819c6af1,3,9,0.152885,0
85475456-f38e-4c30-895d-ca2c819c6af1,3,10,0.494876,0
85475456-f38e-4c30-895d-ca2c819c6af1,3,11,0.043277,0
85475456-f38e-4c30-895d-ca2c819c6af1,3,12,0.153576,0
85475456-f38e-4c30-895d-ca2c819c6af1,3,13,0.035843,0
85475456-f38e-4c30-895d-ca2c819c6af1,3,14,0.240760,0
85475456-f38e-4c30-895d-ca2c819c6af1,3,15,0.034134,0
85475456-f38e-4c30-895d-ca2c819c6af1,3,16,0.084317,0
85475456-f38e-4c30-895d-ca2c819c6af1,3,17,0.905808,1
85475456-f38e-4c30-895d-ca2c819c6af1,3,18,0.080537,0
85475456-f38e-4c30-895d-ca2c819c6af1,3,19,0.975301,1
85475456-f38e-4c30-895d-ca2c819c6af1,3,20,0.063481,0
85475456-f38e-4c30-895d-ca2c819c6af1,3,21,0.043462,0
85475456-f38e-4c30-895d-ca2c819c6af1,3,22,0.084362,0
85475456-f38e-4c30-895d-ca2c819c6af1,3,23,0.198403,0
85475456-f38e-4c30-895d-ca2c819c6af1,3,24,0.864327,1
85475456-f38e-4c30-895d-ca2c819c6af1,3,25,0.282788,0
85475456-f38e-4c30-895d-ca2c819c6af1,3,26,0.210050,0
85475456-f38e-4c30-895d-ca2c819c6af1,3,27,0.232650,0
85475456-f38e-4c30-895d-ca2c819c6af1,3,28,0.155739,0
85475456-f38e-4c30-895d-ca2c819c6af1,3,29,0.130983,0
85475456-f38e-4c30-895d-ca2c819c6af1,3,30,0.234442,0
85475456-f38e-4c30-895d-ca2c819c6af1,3,31,0.217019,0
85475456-f38e-4c30-895d-ca2c819c6af1,3,32,0.681514,1
85475456-f38e-4c30-895d-ca2c819c6af1,3,33,0.972487,1
85475456-f38e-4c30-895d-ca2c819c6af1,3,34,0.126531,0
97b1305c-13ca-4b74-a56a-f459bd79dfaf,1,0,0.151741,0
97b1305c-13ca-4b74-a56a-f459bd79dfaf,1,1,0.034367,0
97b1305c-13ca-4b74-a56a-f459bd79dfaf,1,2,0.109228,0
97b1305c-13ca-4b74-a56a-f459bd79dfaf,1,3,0.281456,0
97b1305c-13ca-4b74-a56a-f459bd79dfaf,1,4,0.093586,0
97b1305c-13ca-4b74-a56a-f459bd79dfaf,1,5,0.122640,0
97b1305c-13ca-4b74-a56a-f459bd79dfaf,1,6,0.165405,0
97b1305c-13ca-4b74-a56a-f459bd79dfaf,1,7,0.926495,1
97b1305c-13ca-4b74-a56a-f459bd79dfaf,1,8,0.282771,0
97b1305c-13ca-4b74-a56a-f459bd79dfaf,1,9,0.086591,0
97b1305c-13ca-4b74-a56a-f459bd79dfaf,1,10,0.574596,1
97b1305c-13ca-4b74-a56a-f459bd79dfaf,1,11,0.284082,0
97b1305c-13ca-4b74-a56a-f459bd79dfaf,1,12,0.556622,1
97b1305c-13ca-4b74-a56a-f459bd79dfaf,1,13,0.096700,0
97b1305c-13ca-4b74-a56a-f459bd79dfaf,2,0,0.375649,0
97b1305c-13ca-4b74-a56a-f459bd79dfaf,2,1,0.033888,0
97b1305c-13ca-4b74-a56a-f459bd79dfaf,2,2,0.306790,0
97b1305c-13ca-4b74-a56a-f459bd79dfaf,2,3,0.281536,0
97b1305c-13ca-4b74-a56a-f459bd79dfaf,2,4,0.045146,0
97b1305c-13ca-4b74-a56a-f459bd79dfaf,2,5,0.749212,1
97b1305c-13ca-4b74-a56a-f459bd79dfaf,2,6,0.499197,0
97b1305c-13ca-4b74-a56a-f459bd79dfaf,2,7,0.236966,0
97b1305c-13ca-4b74-a56a-f459bd79dfaf,2,8,0.277966,0
97b1305c-13ca-4b74-a56a-f459bd79dfaf,2,9,0.142591,0
97b1305c-13ca-4b74-a56a-f459bd79dfaf,2,10,0.113165,0
97b1305c-13ca-4b74-a56a-f459bd79dfaf,2,11,0.429397,0
97b1305c-13ca-4b74-a56a-f459bd79dfaf,2,12,0.239955,0
97b1305c-13ca-4b74-a56a-f459bd79dfaf,2,13,0.606971,1
97b1305c-13ca-4b74-a56a-f459bd79dfaf,2,14,0.162373,0
97b1305c-13ca-4b74-a56a-f459bd79dfaf,2,15,0.034925,0
97b1305c-13ca-4b74-a56a-f459bd79dfaf,2,16,0.141703,0
97b1305c-13ca-4b74-a56a-f459bd79dfaf,2,17,0.209083,0
97b1305c-13ca-4b74-a56a-f459bd79dfaf,2,18,0.365512,0
97b1305c-13ca-4b74-a56a-f459bd79dfaf,2,19,0.188659,0
97b1305c-13ca-4b74-a56a-f459bd79dfaf,2,20,0.646495,1
97b1305c-13ca-4b74-a56a-f459bd79dfaf,2,21,0.038264,0
97b1305c-13ca-4b74-a56a-f459bd79dfaf,2,22,0.124383,0
97b1305c-13ca-4b74-a56a-f459bd79dfaf,2,23,0.356377,0
97b1305c-13ca-4b74-a56a-f459bd79dfaf,2,24,0.620169,1
97b1305c-13ca-4b74-a56a-f459bd79dfaf,2,25,0.145891,0
97b1305c-13ca-4b74-a56a-f459bd79dfaf,2,26,0.887341,1
97b1305c-13ca-4b74-a56a-f459bd79dfaf,2,27,0.330576,0
97b1305c-13ca-4b74-a56a-f459bd79dfaf,2,28,0.127326,0
97b1305c-13ca-4b74-a56a-f459bd79dfaf,3,0,0.068326,0
97b1305c-13ca-4b74-a56a-f459bd79dfaf,3,1,0.035848,0
97b1305c-13ca-4b74-a56a-f459bd79dfaf,3,2,0.118220,0
97b1305c-13ca-4b74-a56a-f459bd79dfaf,3,3,0.162373,0
97b1305c-13ca-4b74-a56a-f459bd79dfaf,3,4,0.197208,0
97b1305c-13ca-4b74-a56a-f459bd79dfaf,3,5,0.367491,0
97b1305c-13ca-4b74-a56a-f459bd79dfaf,3,6,0.219132,0
97b1305c-13ca-4b74-a56a-f459bd79dfaf,3,7,0.034925,0
97b1305c-13ca-4b74-a56a-f459bd79dfaf,3,8,0.141703,0
97b1305c-13ca-4b74-a56a-f459bd79dfaf,3,9,0.209083,0
97b1305c-13ca-4b74-a56a-f459bd79dfaf,3,10,0.184439,0
97b1305c-13ca-4b74-a56a-f459bd79dfaf,3,11,0.357296,0
97b1305c-13ca-4b74-a56a-f459bd79dfaf,3,12,0.334739,0
97b1305c-13ca-4b74-a56a-f459bd79dfaf,3,13,0.102458,0
97b1305c-13ca-4b74-a56a-f459bd79dfaf,3,14,0.170349,0
97b1305c-13ca-4b74-a56a-f459bd79dfaf,3,15,0.067072,0
97b1305c-13ca-4b74-a56a-f459bd79dfaf,3,16,0.503914,1
97b1305c-13ca-4b74-a56a-f459bd79dfaf,3,17,0.045322,0
97b1305c-13ca-4b74-a56a-f459bd79dfaf,3,18,0.185690,0
97b1305c-13ca-4b74-a56a-f459bd79dfaf,3,19,0.436603,0
97b1305c-13ca-4b74-a56a-f459bd79dfaf,3,20,0.054642,0
97b1305c-13ca-4b74-a56a-f459bd79dfaf,3,21,0.041101,0
97b1305c-13ca-4b74-a56a-f459bd79dfaf,3,22,0.150158,0
97b1305c-13ca-4b74-a56a-f459bd79dfaf,3,23,0.075455,0
97b1305c-13ca-4b74-a56a-f459bd79dfaf,3,24,0.911432,1
ae243a95-b2c2-410c-9e2b-b083b4b8eb48,1,0,0.074809,0
ae243a95-b2c2-410c-9e2b-b083b4b8eb48,1,1,0.278195,0
ae243a95-b2c2-410c-9e2b-b083b4b8eb48,1,2,0.858549,1
ae243a95-b2c2-410c-9e2b-b083b4b8eb48,1,3,0.104358,0
ae243a95-b2c2-410c-9e2b-b083b4b8eb48,1,4,0.100626,0
ae243a95-b2c2-410c-9e2b-b083b4b8eb48,1,5,0.223677,0
ae243a95-b2c2-410c-9e2b-b083b4b8eb48,1,6,0.036602,0
ae243a95-b2c2-410c-9e2b-b083b4b8eb48,1,7,0.061824,0
ae243a95-b2c2-410c-9e2b-b083b4b8eb48,1,8,0.164091,0
ae243a95-b2c2-410c-9e2b-b083b4b8eb48,1,9,0.060485,0
ae243a95-b2c2-410c-9e2b-b083b4b8eb48,1,10,0.079497,0
ae243a95-b2c2-410c-9e2b-b083b4b8eb48,1,11,0.125004,0
ae243a95-b2c2-410c-9e2b-b083b4b8eb48,1,12,0.080562,0
ae243a95-b2c2-410c-9e2b-b083b4b8eb48,1,13,0.034588,0
ae243a95-b2c2-410c-9e2b-b083b4b8eb48,1,14,0.050724,0
ae243a95-b2c2-410c-9e2b-b083b4b8eb48,1,15,0.041418,0
ae243a95-b2c2-410c-9e2b-b083b4b8eb48,1,16,0.034345,0
ae243a95-b2c2-410c-9e2b-b083b4b8eb48,1,17,0.543717,1
ae243a95-b2c2-410c-9e2b-b083b4b8eb48,1,18,0.867293,1
ae243a95-b2c2-410c-9e2b-b083b4b8eb48,1,19,0.035621,0
ae243a95-b2c2-410c-9e2b-b083b4b8eb48,1,20,0.375270,0
ae243a95-b2c2-410c-9e2b-b083b4b8eb48,1,21,0.043601,0
ae243a95-b2c2-410c-9e2b-b083b4b8eb48,1,22,0.132956,0
ae243a95-b2c2-410c-9e2b-b083b4b8eb48,1,23,0.070075,0
ae243a95-b2c2-410c-9e2b-b083b4b8eb48,2,0,0.590834,1
ae243a95-b2c2-410c-9e2b-b083b4b8eb48,2,1,0.041431,0
ae243a95-b2c2-410c-9e2b-b083b4b8eb48,2,2,0.065488,0
ae243a95-b2c2-410c-9e2b-b083b4b8eb48,2,3,0.151464,0
ae243a95-b2c2-410c-9e2b-b083b4b8eb48,2,4,0.077013,0
ae243a95-b2c2-410c-9e2b-b083b4b8eb48,2,5,0.034837,0
ae243a95-b2c2-410c-9e2b-b083b4b8eb48,2,6,0.059089,0
ae243a95-b2c2-410c-9e2b-b083b4b8eb48,2,7,0.036588,0
ae243a95-b2c2-410c-9e2b-b083b4b8eb48,2,8,0.052058,0
ae243a95-b2c2-410c-9e2b-b083b4b8eb48,2,9,0.059804,0
ae243a95-b2c2-410c-9e2b-b083b4b8eb48,2,10,0.514200,1
ae243a95-b2c2-410c-9e2b-b083b4b8eb48,2,11,0.850195,1
ae243a95-b2c2-410c-9e2b-b083b4b8eb48,2,12,0.652447,1
ae243a95-b2c2-410c-9e2b-b083b4b8eb48,2,13,0.073424,0
ae243a95-b2c2-410c-9e2b-b083b4b8eb48,2,14,0.114942,0
ae243a95-b2c2-410c-9e2b-b083b4b8eb48,2,15,0.059204,0
ae243a95-b2c2-410c-9e2b-b083b4b8eb48,2,16,0.088807,0
ae243a95-b2c2-410c-9e2b-b083b4b8eb48,2,17,0.035995,0
ae243a95-b2c2-410c-9e2b-b083b4b8eb48,3,0,0.070059,0
ae243a95-b2c2-410c-9e2b-b083b4b8eb48,3,1,0.067695,0
ae243a95-b2c2-410c-9e2b-b083b4b8eb48,3,2,0.034343,0
ae243a95-b2c2-410c-9e2b-b083b4b8eb48,3,3,0.040815,0
ae243a95-b2c2-410c-9e2b-b083b4b8eb48,3,4,0.037751,0
ae243a95-b2c2-410c-9e2b-b083b4b8eb48,3,5,0.041189,0
ae243a95-b2c2-410c-9e2b-b083b4b8eb48,3,6,0.048860,0
ae243a95-b2c2-410c-9e2b-b083b4b8eb48,3,7,0.092273,0
ae243a95-b2c2-410c-9e2b-b083b4b8eb48,3,8,0.039401,0
ae243a95-b2c2-410c-9e2b-b083b4b8eb48,3,9,0.048254,0
ae243a95-b2c2-410c-9e2b-b083b4b8eb48,3,10,0.103394,0
ae243a95-b2c2-410c-9e2b-b083b4b8eb48,3,11,0.240776,0
ae243a95-b2c2-410c-9e2b-b083b4b8eb48,3,12,0.073878,0
ae243a95-b2c2-410c-9e2b-b083b4b8eb48,3,13,0.043051,0
ae243a95-b2c2-410c-9e2b-b083b4b8eb48,3,14,0.145028,0
ae243a95-b2c2-410c-9e2b-b083b4b8eb48,3,15,0.038644,0
df5fe55a-dfcb-4817-8631-830f47c21a72,1,0,0.080204,0
df5fe55a-dfcb-4817-8631-830f47c21a72,1,1,0.037447,0
df5fe55a-dfcb-4817-8631-830f47c21a72,1,2,0.158332,0
df5fe55a-dfcb-4817-8631-830f47c21a72,1,3,0.243882,0
df5fe55a-dfcb-4817-8631-830f47c21a72,1,4,0.144096,0
df5fe55a-dfcb-4817-8631-830f47c21a72,1,5,0.051985,0
df5fe55a-dfcb-4817-8631-830f47c21a72,1,6,0.084596,0
df5fe55a-dfcb-4817-8631-830f47c21a72,1,7,0.033341,0
df5fe55a-dfcb-4817-8631-830f47c21a72,1,8,0.035898,0
df5fe55a-dfcb-4817-8631-830f47c21a72,1,9,0.034167,0
df5fe55a-dfcb-4817-8631-830f47c21a72,1,10,0.046168,0
df5fe55a-dfcb-4817-8631-830f47c21a72,1,11,0.321622,0
df5fe55a-dfcb-4817-8631-830f47c21a72,1,12,0.249861,0
df5fe55a-dfcb-4817-8631-830f47c21a72,1,13,0.036430,0
df5fe55a-dfcb-4817-8631-830f47c21a72,1,14,0.036205,0
df5fe55a-dfcb-4817-8631-830f47c21a72,1,15,0.055696,0
df5fe55a-dfcb-4817-8631-830f47c21a72,1,16,0.043718,0
df5fe55a-dfcb-4817-8631-830f47c21a72,1,17,0.085075,0
df5fe55a-dfcb-4817-8631-830f47c21a72,1,18,0.035280,0
df5fe55a-dfcb-4817-8631-830f47c21a72,1,19,0.037033,0
df5fe55a-dfcb-4817-8631-830f47c21a72,1,20,0.037893,0
df5fe55a-dfcb-4817-8631-830f47c21a72,1,21,0.482722,0
df5fe55a-dfcb-4817-8631-830f47c21a72,1,22,0.087617,0
df5fe55a-dfcb-4817-8631-830f47c21a72,1,23,0.074997,0
df5fe55a-dfcb-4817-8631-830f47c21a72,1,24,0.065920,0
df5fe55a-dfcb-4817-8631-830f47c21a72,1,25,0.042109,0
df5fe55a-dfcb-4817-8631-830f47c21a72,1,26,0.046369,0
df5fe55a-dfcb-4817-8631-830f47c21a72,1,27,0.067104,0
df5fe55a-dfcb-4817-8631-830f47c21a72,1,28,0.167529,0
df5fe55a-dfcb-4817-8631-830f47c21a72,1,29,0.179654,0
df5fe55a-dfcb-4817-8631-830f47c21a72,2,0,0.068231,0
df5fe55a-dfcb-4817-8631-830f47c21a72,2,1,0.113542,0
df5fe55a-dfcb-4817-8631-830f47c21a72,2,2,0.198753,0
df5fe55a-dfcb-4817-8631-830f47c21a72,2,3,0.132555,0
df5fe55a-dfcb-4817-8631-830f47c21a72,2,4,0.040531,0
df5fe55a-dfcb-4817-8631-830f47c21a72,2,5,0.032911,0
df5fe55a-dfcb-4817-8631-830f47c21a72,2,6,0.037556,0
df5fe55a-dfcb-4817-8631-830f47c21a72,2,7,0.036960,0
df5fe55a-dfcb-4817-8631-830f47c21a72,2,8,0.034641,0
df5fe55a-dfcb-4817-8631-830f47c21a72,2,9,0.036853,0
df5fe55a-dfcb-4817-8631-830f47c21a72,2,10,0.047300,0
df5fe55a-dfcb-4817-8631-830f47c21a72,2,11,0.223433,0
df5fe55a-dfcb-4817-8631-830f47c21a72,2,12,0.043669,0
df5fe55a-dfcb-4817-8631-830f47c21a72,2,13,0.033315,0
df5fe55a-dfcb-4817-8631-830f47c21a72,2,14,0.570663,1
df5fe55a-dfcb-4817-8631-830f47c21a72,2,15,0.036452,0
df5fe55a-dfcb-4817-8631-830f47c21a72,2,16,0.047211,0
df5fe55a-dfcb-4817-8631-830f47c21a72,2,17,0.116876,0
df5fe55a-dfcb-4817-8631-830f47c21a72,2,18,0.091506,0
df5fe55a-dfcb-4817-8631-830f47c21a72,2,19,0.174786,0
df5fe55a-dfcb-4817-8631-830f47c21a72,2,20,0.303988,0
df5fe55a-dfcb-4817-8631-830f47c21a72,2,21,0.588753,1
df5fe55a-dfcb-4817-8631-830f47c21a72,2,22,0.311382,0
df5fe55a-dfcb-4817-8631-830f47c21a72,2,23,0.181612,0
df5fe55a-dfcb-4817-8631-830f47c21a72,2,24,0.250862,0
df5fe55a-dfcb-4817-8631-830f47c21a72,2,25,0.034740,0
df5fe55a-dfcb-4817-8631-830f47c21a72,2,26,0.187096,0
df5fe55a-dfcb-4817-8631-830f47c21a72,2,27,0.053927,0
df5fe55a-dfcb-4817-8631-830f47c21a72,2,28,0.134203,0
df5fe55a-dfcb-4817-8631-830f47c21a72,3,0,0.092073,0
df5fe55a-dfcb-4817-8631-830f47c21a72,3,1,0.809085,1
df5fe55a-dfcb-4817-8631-830f47c21a72,3,2,0.100206,0
df5fe55a-dfcb-4817-8631-830f47c21a72,3,3,0.396422,0
df5fe55a-dfcb-4817-8631-830f47c21a72,3,4,0.099278,0
df5fe55a-dfcb-4817-8631-830f47c21a72,3,5,0.278014,0
df5fe55a-dfcb-4817-8631-830f47c21a72,3,6,0.201398,0
df5fe55a-dfcb-4817-8631-830f47c21a72,3,7,0.216988,0
df5fe55a-dfcb-4817-8631-830f47c21a72,3,8,0.062602,0
df5fe55a-dfcb-4817-8631-830f47c21a72,3,9,0.366450,0
df5fe55a-dfcb-4817-8631-830f47c21a72,3,10,0.154549,0
df5fe55a-dfcb-4817-8631-830f47c21a72,3,11,0.160971,0
df5fe55a-dfcb-4817-8631-830f47c21a72,3,12,0.102102,0
df5fe55a-dfcb-4817-8631-830f47c21a72,3,13,0.377062,0
df5fe55a-dfcb-4817-8631-830f47c21a72,3,14,0.256757,0
df5fe55a-dfcb-4817-8631-830f47c21a72,3,15,0.049321,0
df5fe55a-dfcb-4817-8631-830f47c21a72,3,16,0.209365,0
df5fe55a-dfcb-4817-8631-830f47c21a72,3,17,0.054498,0
df5fe55a-dfcb-4817-8631-830f47c21a72,3,18,0.059733,0
df5fe55a-dfcb-4817-8631-830f47c21a72,3,19,0.298699,0
df5fe55a-dfcb-4817-8631-830f47c21a72,3,20,0.431476,0
df5fe55a-dfcb-4817-8631-830f47c21a72,3,21,0.124327,0
df5fe55a-dfcb-4817-8631-830f47c21a72,3,22,0.162242,0
df5fe55a-dfcb-4817-8631-830f47c21a72,3,23,0.390185,0
df5fe55a-dfcb-4817-8631-830f47c21a72,3,24,0.041645,0
df5fe55a-dfcb-4817-8631-830f47c21a72,3,25,0.224663,0
df5fe55a-dfcb-4817-8631-830f47c21a72,3,26,0.185565,0
df5fe55a-dfcb-4817-8631-830f47c21a72,3,27,0.206424,0
df5fe55a-dfcb-4817-8631-830f47c21a72,3,28,0.279150,0
df5fe55a-dfcb-4817-8631-830f47c21a72,3,29,0.185757,0
005a2961-0c2e-4575-8eec-770ba52a08e0,1,0,0.914835,1
005a2961-0c2e-4575-8eec-770ba52a08e0,1,1,0.465061,0
005a2961-0c2e-4575-8eec-770ba52a08e0,1,2,0.069285,0
005a2961-0c2e-4575-8eec-770ba52a08e0,1,3,0.156293,0
005a2961-0c2e-4575-8eec-770ba52a08e0,1,4,0.162673,0
005a2961-0c2e-4575-8eec-770ba52a08e0,1,5,0.100887,0
005a2961-0c2e-4575-8eec-770ba52a08e0,1,6,0.069905,0
005a2961-0c2e-4575-8eec-770ba52a08e0,1,7,0.032772,0
005a2961-0c2e-4575-8eec-770ba52a08e0,1,8,0.205782,0
005a2961-0c2e-4575-8eec-770ba52a08e0,1,9,0.173438,0
005a2961-0c2e-4575-8eec-770ba52a08e0,1,10,0.054623,0
005a2961-0c2e-4575-8eec-770ba52a08e0,1,11,0.037456,0
005a2961-0c2e-4575-8eec-770ba52a08e0,1,12,0.223641,0
005a2961-0c2e-4575-8eec-770ba52a08e0,1,13,0.167072,0
005a2961-0c2e-4575-8eec-770ba52a08e0,1,14,0.070047,0
005a2961-0c2e-4575-8eec-770ba52a08e0,1,15,0.047162,0
005a2961-0c2e-4575-8eec-770ba52a08e0,1,16,0.060607,0
005a2961-0c2e-4575-8eec-770ba52a08e0,1,17,0.364528,0
005a2961-0c2e-4575-8eec-770ba52a08e0,2,0,0.035337,0
005a2961-0c2e-4575-8eec-770ba52a08e0,2,1,0.206937,0
005a2961-0c2e-4575-8eec-770ba52a08e0,2,2,0.206152,0
005a2961-0c2e-4575-8eec-770ba52a08e0,2,3,0.617457,1
005a2961-0c2e-4575-8eec-770ba52a08e0,2,4,0.144572,0
005a2961-0c2e-4575-8eec-770ba52a08e0,2,5,0.041711,0
005a2961-0c2e-4575-8eec-770ba52a08e0,2,6,0.037311,0
005a2961-0c2e-4575-8eec-770ba52a08e0,2,7,0.038492,0
005a2961-0c2e-4575-8eec-770ba52a08e0,2,8,0.210305,0
005a2961-0c2e-4575-8eec-770ba52a08e0,2,9,0.241730,0
005a2961-0c2e-4575-8eec-770ba52a08e0,2,10,0.123815,0
005a2961-0c2e-4575-8eec-770ba52a08e0,2,11,0.067117,0
005a2961-0c2e-4575-8eec-770ba52a08e0,2,12,0.034547,0
005a2961-0c2e-4575-8eec-770ba52a08e0,2,13,0.033600,0
005a2961-0c2e-4575-8eec-770ba52a08e0,2,14,0.040445,0
005a2961-0c2e-4575-8eec-770ba52a08e0,2,15,0.038382,0
005a2961-0c2e-4575-8eec-770ba52a08e0,2,16,0.248504,0
005a2961-0c2e-4575-8eec-770ba52a08e0,2,17,0.226140,0
005a2961-0c2e-4575-8eec-770ba52a08e0,2,18,0.134734,0
005a2961-0c2e-4575-8eec-770ba52a08e0,2,19,0.119392,0
005a2961-0c2e-4575-8eec-770ba52a08e0,2,20,0.117916,0
005a2961-0c2e-4575-8eec-770ba52a08e0,2,21,0.247198,0
005a2961-0c2e-4575-8eec-770ba52a08e0,2,22,0.232426,0
005a2961-0c2e-4575-8eec-770ba52a08e0,2,23,0.902355,1
005a2961-0c2e-4575-8eec-770ba52a08e0,2,24,0.246728,0
005a2961-0c2e-4575-8eec-770ba52a08e0,2,25,0.733554,1
005a2961-0c2e-4575-8eec-770ba52a08e0,2,26,0.085905,0
005a2961-0c2e-4575-8eec-770ba52a08e0,2,27,0.241586,0
005a2961-0c2e-4575-8eec-770ba52a08e0,2,28,0.244173,0
005a2961-0c2e-4575-8eec-770ba52a08e0,3,0,0.034431,0
005a2961-0c2e-4575-8eec-770ba52a08e0,3,1,0.036091,0
005a2961-0c2e-4575-8eec-770ba52a08e0,3,2,0.170934,0
005a2961-0c2e-4575-8eec-770ba52a08e0,3,3,0.035199,0
005a2961-0c2e-4575-8eec-770ba52a08e0,3,4,0.191764,0
005a2961-0c2e-4575-8eec-770ba52a08e0,3,5,0.064804,0
005a2961-0c2e-4575-8eec-770ba52a08e0,3,6,0.088749,0
005a2961-0c2e-4575-8eec-770ba52a08e0,3,7,0.065428,0
005a2961-0c2e-4575-8eec-770ba52a08e0,3,8,0.530969,1
005a2961-0c2e-4575-8eec-770ba52a08e0,3,9,0.661851,1
005a2961-0c2e-4575-8eec-770ba52a08e0,3,10,0.507712,1
005a2961-0c2e-4575-8eec-770ba52a08e0,3,11,0.197023,0
005a2961-0c2e-4575-8eec-770ba52a08e0,3,12,0.034490,0
005a2961-0c2e-4575-8eec-770ba52a08e0,3,13,0.908373,1
005a2961-0c2e-4575-8eec-770ba52a08e0,3,14,0.115695,0
005a2961-0c2e-4575-8eec-770ba52a08e0,3,15,0.265997,0
005a2961-0c2e-4575-8eec-770ba52a08e0,3,16,0.642716,1
005a2961-0c2e-4575-8eec-770ba52a08e0,3,17,0.110300,0
005a2961-0c2e-4575-8eec-770ba52a08e0,3,18,0.192451,0
005a2961-0c2e-4575-8eec-770ba52a08e0,3,19,0.321256,0
005a2961-0c2e-4575-8eec-770ba52a08e0,3,20,0.078873,0
005a2961-0c2e-4575-8eec-770ba52a08e0,3,21,0.279956,0
005a2961-0c2e-4575-8eec-770ba52a08e0,3,22,0.217247,0
005a2961-0c2e-4575-8eec-770ba52a08e0,3,23,0.756785,1
005a2961-0c2e-4575-8eec-770ba52a08e0,3,24,0.085905,0
005a2961-0c2e-4575-8eec-770ba52a08e0,3,25,0.241586,0
005a2961-0c2e-4575-8eec-770ba52a08e0,3,26,0.258111,0
005a2961-0c2e-4575-8eec-770ba52a08e0,3,27,0.052518,0
005a2961-0c2e-4575-8eec-770ba52a08e0,3,28,0.940705,1
005a2961-0c2e-4575-8eec-770ba52a08e0,3,29,0.478912,0
0ffb34cd-c367-4d90-aca7-7fcac3ed8f3d,1,0,0.123513,0
0ffb34cd-c367-4d90-aca7-7fcac3ed8f3d,1,1,0.947394,1
0ffb34cd-c367-4d90-aca7-7fcac3ed8f3d,1,2,0.093754,0
0ffb34cd-c367-4d90-aca7-7fcac3ed8f3d,1,3,0.079586,0
0ffb34cd-c367-4d90-aca7-7fcac3ed8f3d,1,4,0.253121,0
0ffb34cd-c367-4d90-aca7-7fcac3ed8f3d,1,5,0.184402,0
0ffb34cd-c367-4d90-aca7-7fcac3ed8f3d,1,6,0.085175,0
0ffb34cd-c367-4d90-aca7-7fcac3ed8f3d,1,7,0.178838,0
0ffb34cd-c367-4d90-aca7-7fcac3ed8f3d,1,8,0.294508,0
0ffb34cd-c367-4d90-aca7-7fcac3ed8f3d,1,9,0.057967,0
0ffb34cd-c367-4d90-aca7-7fcac3ed8f3d,1,10,0.088552,0
0ffb34cd-c367-4d90-aca7-7fcac3ed8f3d,1,11,0.210742,0
0ffb34cd-c367-4d90-aca7-7fcac3ed8f3d,1,12,0.070684,0
0ffb34cd-c367-4d90-aca7-7fcac3ed8f3d,1,13,0.043836,0
0ffb34cd-c367-4d90-aca7-7fcac3ed8f3d,2,0,0.264844,0
0ffb34cd-c367-4d90-aca7-7fcac3ed8f3d,2,1,0.261445,0
0ffb34cd-c367-4d90-aca7-7fcac3ed8f3d,2,2,0.143476,0
0ffb34cd-c367-4d90-aca7-7fcac3ed8f3d,2,3,0.223853,0
0ffb34cd-c367-4d90-aca7-7fcac3ed8f3d,2,4,0.048832,0
0ffb34cd-c367-4d90-aca7-7fcac3ed8f3d,2,5,0.071303,0
0ffb34cd-c367-4d90-aca7-7fcac3ed8f3d,2,6,0.193671,0
0ffb34cd-c367-4d90-aca7-7fcac3ed8f3d,2,7,0.127510,0
0ffb34cd-c367-4d90-aca7-7fcac3ed8f3d,2,8,0.080941,0
0ffb34cd-c367-4d90-aca7-7fcac3ed8f3d,2,9,0.039032,0
0ffb34cd-c367-4d90-aca7-7fcac3ed8f3d,2,10,0.034886,0
0ffb34cd-c367-4d90-aca7-7fcac3ed8f3d,2,11,0.169963,0
0ffb34cd-c367-4d90-aca7-7fcac3ed8f3d,2,12,0.184402,0
0ffb34cd-c367-4d90-aca7-7fcac3ed8f3d,2,13,0.069128,0
0ffb34cd-c367-4d90-aca7-7fcac3ed8f3d,2,14,0.054722,0
0ffb34cd-c367-4d90-aca7-7fcac3ed8f3d,2,15,0.047335,0
0ffb34cd-c367-4d90-aca7-7fcac3ed8f3d,2,16,0.056088,0
0ffb34cd-c367-4d90-aca7-7fcac3ed8f3d,3,0,0.094638,0
0ffb34cd-c367-4d90-aca7-7fcac3ed8f3d,3,1,0.276967,0
0ffb34cd-c367-4d90-aca7-7fcac3ed8f3d,3,2,0.306046,0
0ffb34cd-c367-4d90-aca7-7fcac3ed8f3d,3,3,0.551818,1
0ffb34cd-c367-4d90-aca7-7fcac3ed8f3d,3,4,0.215642,0
0ffb34cd-c367-4d90-aca7-7fcac3ed8f3d,3,5,0.872503,1
0ffb34cd-c367-4d90-aca7-7fcac3ed8f3d,3,6,0.113359,0
0ffb34cd-c367-4d90-aca7-7fcac3ed8f3d,3,7,0.119864,0
0ffb34cd-c367-4d90-aca7-7fcac3ed8f3d,3,8,0.277478,0
0ffb34cd-c367-4d90-aca7-7fcac3ed8f3d,3,9,0.442584,0
0ffb34cd-c367-4d90-aca7-7fcac3ed8f3d,3,10,0.192424,0
0ffb34cd-c367-4d90-aca7-7fcac3ed8f3d,3,11,0.113638,0
0ffb34cd-c367-4d90-aca7-7fcac3ed8f3d,3,12,0.045541,0
0ffb34cd-c367-4d90-aca7-7fcac3ed8f3d,3,13,0.902926,1
0ffb34cd-c367-4d90-aca7-7fcac3ed8f3d,3,14,0.112106,0
0ffb34cd-c367-4d90-aca7-7fcac3ed8f3d,3,15,0.034920,0
0ffb34cd-c367-4d90-aca7-7fcac3ed8f3d,3,16,0.095744,0
0ffb34cd-c367-4d90-aca7-7fcac3ed8f3d,3,17,0.151289,0
0ffb34cd-c367-4d90-aca7-7fcac3ed8f3d,3,18,0.204840,0
0ffb34cd-c367-4d90-aca7-7fcac3ed8f3d,3,19,0.562099,1
0ffb34cd-c367-4d90-aca7-7fcac3ed8f3d,3,20,0.038743,0
0ffb34cd-c367-4d90-aca7-7fcac3ed8f3d,3,21,0.072623,0
2058ec60-5372-4f5f-83a3-da780be3a350,1,0,0.081398,0
2058ec60-5372-4f5f-83a3-da780be3a350,1,1,0.076164,0
2058ec60-5372-4f5f-83a3-da780be3a350,1,2,0.093373,0
2058ec60-5372-4f5f-83a3-da780be3a350,1,3,0.206908,0
2058ec60-5372-4f5f-83a3-da780be3a350,1,4,0.071071,0
2058ec60-5372-4f5f-83a3-da780be3a350,1,5,0.155980,0
2058ec60-5372-4f5f-83a3-da780be3a350,1,6,0.035128,0
2058ec60-5372-4f5f-83a3-da780be3a350,1,7,0.035379,0
2058ec60-5372-4f5f-83a3-da780be3a350,1,8,0.035738,0
2058ec60-5372-4f5f-83a3-da780be3a350,1,9,0.214896,0
2058ec60-5372-4f5f-83a3-da780be3a350,1,10,0.046080,0
2058ec60-5372-4f5f-83a3-da780be3a350,1,11,0.088582,0
2058ec60-5372-4f5f-83a3-da780be3a350,1,12,0.039409,0
2058ec60-5372-4f5f-83a3-da780be3a350,1,13,0.037107,0
2058ec60-5372-4f5f-83a3-da780be3a350,1,14,0.096916,0
2058ec60-5372-4f5f-83a3-da780be3a350,1,15,0.043706,0
2058ec60-5372-4f5f-83a3-da780be3a350,1,16,0.046322,0
2058ec60-5372-4f5f-83a3-da780be3a350,1,17,0.113592,0
2058ec60-5372-4f5f-83a3-da780be3a350,1,18,0.045708,0
2058ec60-5372-4f5f-83a3-da780be3a350,1,19,0.111841,0
2058ec60-5372-4f5f-83a3-da780be3a350,1,20,0.120564,0
2058ec60-5372-4f5f-83a3-da780be3a350,1,21,0.535118,1
2058ec60-5372-4f5f-83a3-da780be3a350,1,22,0.611976,1
2058ec60-5372-4f5f-83a3-da780be3a350,1,23,0.127812,0
2058ec60-5372-4f5f-83a3-da780be3a350,1,24,0.116158,0
2058ec60-5372-4f5f-83a3-da780be3a350,1,25,0.114784,0
2058ec60-5372-4f5f-83a3-da780be3a350,1,26,0.034943,0
2058ec60-5372-4f5f-83a3-da780be3a350,1,27,0.067663,0
2058ec60-5372-4f5f-83a3-da780be3a350,1,28,0.100951,0
2058ec60-5372-4f5f-83a3-da780be3a350,1,29,0.151544,0
2058ec60-5372-4f5f-83a3-da780be3a350,1,30,0.077774,0
2058ec60-5372-4f5f-83a3-da780be3a350,1,31,0.109451,0
2058ec60-5372-4f5f-83a3-da780be3a350,1,32,0.041380,0
2058ec60-5372-4f5f-83a3-da780be3a350,1,33,0.040554,0
2058ec60-5372-4f5f-83a3-da780be3a350,1,34,0.096092,0
2058ec60-5372-4f5f-83a3-da780be3a350,1,35,0.230509,0
2058ec60-5372-4f5f-83a3-da780be3a350,1,36,0.266065,0
2058ec60-5372-4f5f-83a3-da780be3a350,1,37,0.093577,0
2058ec60-5372-4f5f-83a3-da780be3a350,1,38,0.057143,0
2058ec60-5372-4f5f-83a3-da780be3a350,1,39,0.127128,0
2058ec60-5372-4f5f-83a3-da780be3a350,1,40,0.189022,0
2058ec60-5372-4f5f-83a3-da780be3a350,1,41,0.183763,0
2058ec60-5372-4f5f-83a3-da780be3a350,1,42,0.051297,0
2058ec60-5372-4f5f-83a3-da780be3a350,1,43,0.070876,0
2058ec60-5372-4f5f-83a3-da780be3a350,1,44,0.053693,0
2058ec60-5372-4f5f-83a3-da780be3a350,1,45,0.052553,0
2058ec60-5372-4f5f-83a3-da780be3a350,1,46,0.213583,0
2058ec60-5372-4f5f-83a3-da780be3a350,1,47,0.298685,0
2058ec60-5372-4f5f-83a3-da780be3a350,1,48,0.113416,0
2058ec60-5372-4f5f-83a3-da780be3a350,1,49,0.074194,0
2058ec60-5372-4f5f-83a3-da780be3a350,1,50,0.104851,0
2058ec60-5372-4f5f-83a3-da780be3a350,1,51,0.703091,1
2058ec60-5372-4f5f-83a3-da780be3a350,1,52,0.062310,0
2058ec60-5372-4f5f-83a3-da780be3a350,2,0,0.034757,0
2058ec60-5372-4f5f-83a3-da780be3a350,2,1,0.142493,0
2058ec60-5372-4f5f-83a3-da780be3a350,2,2,0.040967,0
2058ec60-5372-4f5f-83a3-da780be3a350,2,3,0.084519,0
2058ec60-5372-4f5f-83a3-da780be3a350,2,4,0.661616,1
2058ec60-5372-4f5f-83a3-da780be3a350,2,5,0.128881,0
2058ec60-5372-4f5f-83a3-da780be3a350,2,6,0.291890,0
2058ec60-5372-4f5f-83a3-da780be3a350,2,7,0.587978,1
2058ec60-5372-4f5f-83a3-da780be3a350,2,8,0.116047,0
2058ec60-5372-4f5f-83a3-da780be3a350,2,9,0.217142,0
2058ec60-5372-4f5f-83a3-da780be3a350,2,10,0.081717,0
2058ec60-5372-4f5f-83a3-da780be3a350,2,11,0.042978,0
2058ec60-5372-4f5f-83a3-da780be3a350,2,12,0.069573,0
2058ec60-5372-4f5f-83a3-da780be3a350,2,13,0.168145,0
2058ec60-5372-4f5f-83a3-da780be3a350,2,14,0.037271,0
2058ec60-5372-4f5f-83a3-da780be3a350,2,15,0.034050,0
2058ec60-5372-4f5f-83a3-da780be3a350,2,16,0.037649,0
2058ec60-5372-4f5f-83a3-da780be3a350,2,17,0.155151,0
2058ec60-5372-4f5f-83a3-da780be3a350,2,18,0.173677,0
2058ec60-5372-4f5f-83a3-da780be3a350,2,19,0.096746,0
2058ec60-5372-4f5f-83a3-da780be3a350,2,20,0.102430,0
2058ec60-5372-4f5f-83a3-da780be3a350,2,21,0.212868,0
2058ec60-5372-4f5f-83a3-da780be3a350,2,22,0.111913,0
2058ec60-5372-4f5f-83a3-da780be3a350,2,23,0.033930,0
2058ec60-5372-4f5f-83a3-da780be3a350,2,24,0.945593,1
2058ec60-5372-4f5f-83a3-da780be3a350,2,25,0.130483,0
2058ec60-5372-4f5f-83a3-da780be3a350,2,26,0.041373,0
2058ec60-5372-4f5f-83a3-da780be3a350,2,27,0.766739,1
2058ec60-5372-4f5f-83a3-da780be3a350,2,28,0.192066,0
2058ec60-5372-4f5f-83a3-da780be3a350,2,29,0.072830,0
2058ec60-5372-4f5f-83a3-da780be3a350,2,30,0.045811,0
2058ec60-5372-4f5f-83a3-da780be3a350,2,31,0.141230,0
2058ec60-5372-4f5f-83a3-da780be3a350,2,32,0.064806,0
2058ec60-5372-4f5f-83a3-da780be3a350,3,0,0.037114,0
2058ec60-5372-4f5f-83a3-da780be3a350,3,1,0.064805,0
2058ec60-5372-4f5f-83a3-da780be3a350,3,2,0.057524,0
2058ec60-5372-4f5f-83a3-da780be3a350,3,3,0.049661,0
2058ec60-5372-4f5f-83a3-da780be3a350,3,4,0.037425,0
2058ec60-5372-4f5f-83a3-da780be3a350,3,5,0.034454,0
2058ec60-5372-4f5f-83a3-da780be3a350,3,6,0.078311,0
2058ec60-5372-4f5f-83a3-da780be3a350,3,7,0.080313,0
2058ec60-5372-4f5f-83a3-da780be3a350,3,8,0.699245,1
2058ec60-5372-4f5f-83a3-da780be3a350,3,9,0.655005,1
2058ec60-5372-4f5f-83a3-da780be3a350,3,10,0.035799,0
2058ec60-5372-4f5f-83a3-da780be3a350,3,11,0.090914,0
2058ec60-5372-4f5f-83a3-da780be3a350,3,12,0.051390,0
2058ec60-5372-4f5f-83a3-da780be3a350,3,13,0.194794,0
2058ec60-5372-4f5f-83a3-da780be3a350,3,14,0.072428,0
2058ec60-5372-4f5f-83a3-da780be3a350,3,15,0.308261,0
2058ec60-5372-4f5f-83a3-da780be3a350,3,16,0.051714,0
2058ec60-5372-4f5f-83a3-da780be3a350,3,17,0.066090,0
2058ec60-5372-4f5f-83a3-da780be3a350,3,18,0.043083,0
2058ec60-5372-4f5f-83a3-da780be3a350,3,19,0.039451,0
2058ec60-5372-4f5f-83a3-da780be3a350,3,20,0.105693,0
2058ec60-5372-4f5f-83a3-da780be3a350,3,21,0.168869,0
2058ec60-5372-4f5f-83a3-da780be3a350,3,22,0.170277,0
2058ec60-5372-4f5f-83a3-da780be3a350,3,23,0.128705,0
2058ec60-5372-4f5f-83a3-da780be3a350,3,24,0.193828,0
2058ec60-5372-4f5f-83a3-da780be3a350,3,25,0.058290,0
2058ec60-5372-4f5f-83a3-da780be3a350,3,26,0.040580,0
2058ec60-5372-4f5f-83a3-da780be3a350,3,27,0.162396,0
2058ec60-5372-4f5f-83a3-da780be3a350,3,28,0.044051,0
2058ec60-5372-4f5f-83a3-da780be3a350,3,29,0.381774,0
2058ec60-5372-4f5f-83a3-da780be3a350,3,30,0.188031,0
2058ec60-5372-4f5f-83a3-da780be3a350,3,31,0.085569,0
2058ec60-5372-4f5f-83a3-da780be3a350,3,32,0.043548,0
2058ec60-5372-4f5f-83a3-da780be3a350,3,33,0.058588,0
2058ec60-5372-4f5f-83a3-da780be3a350,3,34,0.049566,0
2153fb3e-6b09-410c-bfea-d095c49a54ba,1,0,0.064677,0
2153fb3e-6b09-410c-bfea-d095c49a54ba,1,1,0.073368,0
2153fb3e-6b09-410c-bfea-d095c49a54ba,1,2,0.239179,0
2153fb3e-6b09-410c-bfea-d095c49a54ba,1,3,0.094606,0
2153fb3e-6b09-410c-bfea-d095c49a54ba,1,4,0.157079,0
2153fb3e-6b09-410c-bfea-d095c49a54ba,1,5,0.129808,0
2153fb3e-6b09-410c-bfea-d095c49a54ba,1,6,0.068436,0
2153fb3e-6b09-410c-bfea-d095c49a54ba,1,7,0.040449,0
2153fb3e-6b09-410c-bfea-d095c49a54ba,1,8,0.067087,0
2153fb3e-6b09-410c-bfea-d095c49a54ba,1,9,0.037388,0
2153fb3e-6b09-410c-bfea-d095c49a54ba,1,10,0.034493,0
2153fb3e-6b09-410c-bfea-d095c49a54ba,1,11,0.039711,0
2153fb3e-6b09-410c-bfea-d095c49a54ba,1,12,0.034150,0
2153fb3e-6b09-410c-bfea-d095c49a54ba,1,13,0.073936,0
2153fb3e-6b09-410c-bfea-d095c49a54ba,1,14,0.061353,0
2153fb3e-6b09-410c-bfea-d095c49a54ba,1,15,0.585760,1
2153fb3e-6b09-410c-bfea-d095c49a54ba,1,16,0.127595,0
2153fb3e-6b09-410c-bfea-d095c49a54ba,1,17,0.056307,0
2153fb3e-6b09-410c-bfea-d095c49a54ba,1,18,0.034884,0
2153fb3e-6b09-410c-bfea-d095c49a54ba,1,19,0.034262,0
2153fb3e-6b09-410c-bfea-d095c49a54ba,1,20,0.729034,1
2153fb3e-6b09-410c-bfea-d095c49a54ba,2,0,0.045134,0
2153fb3e-6b09-410c-bfea-d095c49a54ba,2,1,0.040586,0
2153fb3e-6b09-410c-bfea-d095c49a54ba,2,2,0.089679,0
2153fb3e-6b09-410c-bfea-d095c49a54ba,2,3,0.197067,0
2153fb3e-6b09-410c-bfea-d095c49a54ba,2,4,0.155792,0
2153fb3e-6b09-410c-bfea-d095c49a54ba,2,5,0.067506,0
2153fb3e-6b09-410c-bfea-d095c49a54ba,2,6,0.174044,0
2153fb3e-6b09-410c-bfea-d095c49a54ba,2,7,0.175082,0
2153fb3e-6b09-410c-bfea-d095c49a54ba,2,8,0.146402,0
2153fb3e-6b09-410c-bfea-d095c49a54ba,2,9,0.353855,0
2153fb3e-6b09-410c-bfea-d095c49a54ba,2,10,0.610006,1
2153fb3e-6b09-410c-bfea-d095c49a54ba,2,11,0.357797,0
2153fb3e-6b09-410c-bfea-d095c49a54ba,2,12,0.036417,0
2153fb3e-6b09-410c-bfea-d095c49a54ba,2,13,0.041074,0
2153fb3e-6b09-410c-bfea-d095c49a54ba,2,14,0.035530,0
2153fb3e-6b09-410c-bfea-d095c49a54ba,2,15,0.137262,0
2153fb3e-6b09-410c-bfea-d095c49a54ba,2,16,0.071261,0
2153fb3e-6b09-410c-bfea-d095c49a54ba,2,17,0.073726,0
2153fb3e-6b09-410c-bfea-d095c49a54ba,2,18,0.037787,0
2153fb3e-6b09-410c-bfea-d095c49a54ba,2,19,0.212565,0
2153fb3e-6b09-410c-bfea-d095c49a54ba,2,20,0.578923,1
2153fb3e-6b09-410c-bfea-d095c49a54ba,2,21,0.120636,0
2153fb3e-6b09-410c-bfea-d095c49a54ba,2,22,0.166359,0
2153fb3e-6b09-410c-bfea-d095c49a54ba,3,0,0.938805,1
2153fb3e-6b09-410c-bfea-d095c49a54ba,3,1,0.154040,0
2153fb3e-6b09-410c-bfea-d095c49a54ba,3,2,0.090325,0
2153fb3e-6b09-410c-bfea-d095c49a54ba,3,3,0.202411,0
2153fb3e-6b09-410c-bfea-d095c49a54ba,3,4,0.100796,0
2153fb3e-6b09-410c-bfea-d095c49a54ba,3,5,0.176493,0
2153fb3e-6b09-410c-bfea-d095c49a54ba,3,6,0.080521,0
2153fb3e-6b09-410c-bfea-d095c49a54ba,3,7,0.164712,0
2153fb3e-6b09-410c-bfea-d095c49a54ba,3,8,0.037151,0
2153fb3e-6b09-410c-bfea-d095c49a54ba,3,9,0.050084,0
2153fb3e-6b09-410c-bfea-d095c49a54ba,3,10,0.060504,0
2153fb3e-6b09-410c-bfea-d095c49a54ba,3,11,0.085391,0
2153fb3e-6b09-410c-bfea-d095c49a54ba,3,12,0.204675,0
2153fb3e-6b09-410c-bfea-d095c49a54ba,3,13,0.172679,0
2153fb3e-6b09-410c-bfea-d095c49a54ba,3,14,0.277681,0
2153fb3e-6b09-410c-bfea-d095c49a54ba,3,15,0.252053,0
3db93526-a344-4ea4-8772-3734d0cfdfb1,1,0,0.875415,1
3db93526-a344-4ea4-8772-3734d0cfdfb1,1,1,0.257334,0
3db93526-a344-4ea4-8772-3734d0cfdfb1,1,2,0.530035,1
3db93526-a344-4ea4-8772-3734d0cfdfb1,1,3,0.275675,0
3db93526-a344-4ea4-8772-3734d0cfdfb1,1,4,0.036145,0
3db93526-a344-4ea4-8772-3734d0cfdfb1,1,5,0.461932,0
3db93526-a344-4ea4-8772-3734d0cfdfb1,1,6,0.292195,0
3db93526-a344-4ea4-8772-3734d0cfdfb1,1,7,0.263957,0
3db93526-a344-4ea4-8772-3734d0cfdfb1,1,8,0.798833,1
3db93526-a344-4ea4-8772-3734d0cfdfb1,1,9,0.693888,1
3db93526-a344-4ea4-8772-3734d0cfdfb1,1,10,0.363887,0
3db93526-a344-4ea4-8772-3734d0cfdfb1,1,11,0.042518,0
3db93526-a344-4ea4-8772-3734d0cfdfb1,1,12,0.045950,0
3db93526-a344-4ea4-8772-3734d0cfdfb1,1,13,0.248485,0
3db93526-a344-4ea4-8772-3734d0cfdfb1,1,14,0.825150,1
3db93526-a344-4ea4-8772-3734d0cfdfb1,1,15,0.191531,0
3db93526-a344-4ea4-8772-3734d0cfdfb1,2,0,0.242094,0
3db93526-a344-4ea4-8772-3734d0cfdfb1,2,1,0.194251,0
3db93526-a344-4ea4-8772-3734d0cfdfb1,2,2,0.220734,0
3db93526-a344-4ea4-8772-3734d0cfdfb1,2,3,0.382693,0
3db93526-a344-4ea4-8772-3734d0cfdfb1,2,4,0.174016,0
3db93526-a344-4ea4-8772-3734d0cfdfb1,2,5,0.834147,1
3db93526-a344-4ea4-8772-3734d0cfdfb1,2,6,0.177904,0
3db93526-a344-4ea4-8772-3734d0cfdfb1,2,7,0.413083,0
3db93526-a344-4ea4-8772-3734d0cfdfb1,2,8,0.317409,0
3db93526-a344-4ea4-8772-3734d0cfdfb1,2,9,0.711116,1
3db93526-a344-4ea4-8772-3734d0cfdfb1,2,10,0.036197,0
3db93526-a344-4ea4-8772-3734d0cfdfb1,2,11,0.060167,0
3db93526-a344-4ea4-8772-3734d0cfdfb1,2,12,0.035572,0
3db93526-a344-4ea4-8772-3734d0cfdfb1,3,0,0.324228,0
3db93526-a344-4ea4-8772-3734d0cfdfb1,3,1,0.148851,0
3db93526-a344-4ea4-8772-3734d0cfdfb1,3,2,0.141433,0
3db93526-a344-4ea4-8772-3734d0cfdfb1,3,3,0.109899,0
3db93526-a344-4ea4-8772-3734d0cfdfb1,3,4,0.173172,0
3db93526-a344-4ea4-8772-3734d0cfdfb1,3,5,0.488774,0
3db93526-a344-4ea4-8772-3734d0cfdfb1,3,6,0.151634,0
3db93526-a344-4ea4-8772-3734d0cfdfb1,3,7,0.150924,0
3db93526-a344-4ea4-8772-3734d0cfdfb1,3,8,0.074449,0
3db93526-a344-4ea4-8772-3734d0cfdfb1,3,9,0.122800,0
550b80db-bdd5-442b-8f70-c8e9f3203a13,1,0,0.197588,0
550b80db-bdd5-442b-8f70-c8e9f3203a13,1,1,0.291701,0
550b80db-bdd5-442b-8f70-c8e9f3203a13,1,2,0.171583,0
550b80db-bdd5-442b-8f70-c8e9f3203a13,1,3,0.429772,0
550b80db-bdd5-442b-8f70-c8e9f3203a13,1,4,0.711194,1
550b80db-bdd5-442b-8f70-c8e9f3203a13,1,5,0.553146,1
550b80db-bdd5-442b-8f70-c8e9f3203a13,1,6,0.536703,1
550b80db-bdd5-442b-8f70-c8e9f3203a13,1,7,0.170857,0
550b80db-bdd5-442b-8f70-c8e9f3203a13,1,8,0.123395,0
550b80db-bdd5-442b-8f70-c8e9f3203a13,1,9,0.331403,0
550b80db-bdd5-442b-8f70-c8e9f3203a13,1,10,0.678579,1
550b80db-bdd5-442b-8f70-c8e9f3203a13,1,11,0.108090,0
550b80db-bdd5-442b-8f70-c8e9f3203a13,1,12,0.210428,0
550b80db-bdd5-442b-8f70-c8e9f3203a13,1,13,0.136851,0
550b80db-bdd5-442b-8f70-c8e9f3203a13,1,14,0.660605,1
550b80db-bdd5-442b-8f70-c8e9f3203a13,1,15,0.229799,0
550b80db-bdd5-442b-8f70-c8e9f3203a13,1,16,0.243311,0
550b80db-bdd5-442b-8f70-c8e9f3203a13,1,17,0.044313,0
550b80db-bdd5-442b-8f70-c8e9f3203a13,1,18,0.963338,1
550b80db-bdd5-442b-8f70-c8e9f3203a13,2,0,0.370098,0
550b80db-bdd5-442b-8f70-c8e9f3203a13,2,1,0.171299,0
550b80db-bdd5-442b-8f70-c8e9f3203a13,2,2,0.921186,1
550b80db-bdd5-442b-8f70-c8e9f3203a13,2,3,0.706049,1
550b80db-bdd5-442b-8f70-c8e9f3203a13,2,4,0.740500,1
550b80db-bdd5-442b-8f70-c8e9f3203a13,2,5,0.940901,1
550b80db-bdd5-442b-8f70-c8e9f3203a13,2,6,0.467600,0
550b80db-bdd5-442b-8f70-c8e9f3203a13,2,7,0.785979,1
550b80db-bdd5-442b-8f70-c8e9f3203a13,2,8,0.106278,0
550b80db-bdd5-442b-8f70-c8e9f3203a13,2,9,0.094426,0
550b80db-bdd5-442b-8f70-c8e9f3203a13,2,10,0.043035,0
550b80db-bdd5-442b-8f70-c8e9f3203a13,2,11,0.275326,0
550b80db-bdd5-442b-8f70-c8e9f3203a13,2,12,0.241449,0
550b80db-bdd5-442b-8f70-c8e9f3203a13,2,13,0.334526,0
550b80db-bdd5-442b-8f70-c8e9f3203a13,2,14,0.256747,0
550b80db-bdd5-442b-8f70-c8e9f3203a13,2,15,0.267018,0
550b80db-bdd5-442b-8f70-c8e9f3203a13,2,16,0.046436,0
550b80db-bdd5-442b-8f70-c8e9f3203a13,2,17,0.749326,1
550b80db-bdd5-442b-8f70-c8e9f3203a13,2,18,0.452491,0
550b80db-bdd5-442b-8f70-c8e9f3203a13,2,19,0.935269,1
550b80db-bdd5-442b-8f70-c8e9f3203a13,3,0,0.550971,1
550b80db-bdd5-442b-8f70-c8e9f3203a13,3,1,0.300988,0
550b80db-bdd5-442b-8f70-c8e9f3203a13,3,2,0.455126,0
550b80db-bdd5-442b-8f70-c8e9f3203a13,3,3,0.380589,0
550b80db-bdd5-442b-8f70-c8e9f3203a13,3,4,0.916997,1
550b80db-bdd5-442b-8f70-c8e9f3203a13,3,5,0.196281,0
550b80db-bdd5-442b-8f70-c8e9f3203a13,3,6,0.166005,0
550b80db-bdd5-442b-8f70-c8e9f3203a13,3,7,0.971074,1
550b80db-bdd5-442b-8f70-c8e9f3203a13,3,8,0.132807,0
576116e5-2b18-4d35-be73-36f5863c9468,1,0,0.034331,0
576116e5-2b18-4d35-be73-36f5863c9468,1,1,0.045479,0
576116e5-2b18-4d35-be73-36f5863c9468,1,2,0.114812,0
576116e5-2b18-4d35-be73-36f5863c9468,1,3,0.044010,0
576116e5-2b18-4d35-be73-36f5863c9468,1,4,0.095784,0
576116e5-2b18-4d35-be73-36f5863c9468,1,5,0.041214,0
576116e5-2b18-4d35-be73-36f5863c9468,1,6,0.062420,0
576116e5-2b18-4d35-be73-36f5863c9468,1,7,0.053363,0
576116e5-2b18-4d35-be73-36f5863c9468,1,8,0.135645,0
576116e5-2b18-4d35-be73-36f5863c9468,1,9,0.153615,0
576116e5-2b18-4d35-be73-36f5863c9468,1,10,0.066579,0
576116e5-2b18-4d35-be73-36f5863c9468,1,11,0.035557,0
576116e5-2b18-4d35-be73-36f5863c9468,1,12,0.139518,0
576116e5-2b18-4d35-be73-36f5863c9468,1,13,0.068187,0
576116e5-2b18-4d35-be73-36f5863c9468,1,14,0.118359,0
576116e5-2b18-4d35-be73-36f5863c9468,1,15,0.183120,0
576116e5-2b18-4d35-be73-36f5863c9468,1,16,0.041564,0
576116e5-2b18-4d35-be73-36f5863c9468,1,17,0.730453,1
576116e5-2b18-4d35-be73-36f5863c9468,1,18,0.187327,0
576116e5-2b18-4d35-be73-36f5863c9468,1,19,0.375299,0
576116e5-2b18-4d35-be73-36f5863c9468,1,20,0.087810,0
576116e5-2b18-4d35-be73-36f5863c9468,1,21,0.066032,0
576116e5-2b18-4d35-be73-36f5863c9468,1,22,0.032627,0
576116e5-2b18-4d35-be73-36f5863c9468,1,23,0.036397,0
576116e5-2b18-4d35-be73-36f5863c9468,1,24,0.036280,0
576116e5-2b18-4d35-be73-36f5863c9468,1,25,0.033431,0
576116e5-2b18-4d35-be73-36f5863c9468,1,26,0.055362,0
576116e5-2b18-4d35-be73-36f5863c9468,1,27,0.042680,0
576116e5-2b18-4d35-be73-36f5863c9468,1,28,0.037253,0
576116e5-2b18-4d35-be73-36f5863c9468,1,29,0.046966,0
576116e5-2b18-4d35-be73-36f5863c9468,1,30,0.034459,0
576116e5-2b18-4d35-be73-36f5863c9468,1,31,0.053130,0
576116e5-2b18-4d35-be73-36f5863c9468,1,32,0.034457,0
576116e5-2b18-4d35-be73-36f5863c9468,1,33,0.044112,0
576116e5-2b18-4d35-be73-36f5863c9468,1,34,0.047727,0
576116e5-2b18-4d35-be73-36f5863c9468,1,35,0.855606,1
576116e5-2b18-4d35-be73-36f5863c9468,1,36,0.037904,0
576116e5-2b18-4d35-be73-36f5863c9468,1,37,0.153818,0
576116e5-2b18-4d35-be73-36f5863c9468,1,38,0.046988,0
576116e5-2b18-4d35-be73-36f5863c9468,1,39,0.066158,0
576116e5-2b18-4d35-be73-36f5863c9468,2,0,0.035615,0
576116e5-2b18-4d35-be73-36f5863c9468,2,1,0.157685,0
576116e5-2b18-4d35-be73-36f5863c9468,2,2,0.039224,0
576116e5-2b18-4d35-be73-36f5863c9468,2,3,0.058995,0
576116e5-2b18-4d35-be73-36f5863c9468,2,4,0.078940,0
576116e5-2b18-4d35-be73-36f5863c9468,2,5,0.083277,0
576116e5-2b18-4d35-be73-36f5863c9468,2,6,0.072847,0
576116e5-2b18-4d35-be73-36f5863c9468,2,7,0.040777,0
576116e5-2b18-4d35-be73-36f5863c9468,2,8,0.063723,0
576116e5-2b18-4d35-be73-36f5863c9468,2,9,0.195127,0
576116e5-2b18-4d35-be73-36f5863c9468,2,10,0.070401,0
576116e5-2b18-4d35-be73-36f5863c9468,2,11,0.092034,0
576116e5-2b18-4d35-be73-36f5863c9468,2,12,0.179376,0
576116e5-2b18-4d35-be73-36f5863c9468,2,13,0.384358,0
576116e5-2b18-4d35-be73-36f5863c9468,2,14,0.306899,0
576116e5-2b18-4d35-be73-36f5863c9468,2,15,0.033912,0
576116e5-2b18-4d35-be73-36f5863c9468,2,16,0.039121,0
576116e5-2b18-4d35-be73-36f5863c9468,2,17,0.041549,0
576116e5-2b18-4d35-be73-36f5863c9468,2,18,0.033547,0
576116e5-2b18-4d35-be73-36f5863c9468,2,19,0.040810,0
576116e5-2b18-4d35-be73-36f5863c9468,2,20,0.056128,0
576116e5-2b18-4d35-be73-36f5863c9468,2,21,0.092934,0
576116e5-2b18-4d35-be73-36f5863c9468,2,22,0.033405,0
576116e5-2b18-4d35-be73-36f5863c9468,2,23,0.053605,0
576116e5-2b18-4d35-be73-36f5863c9468,2,24,0.091555,0
576116e5-2b18-4d35-be73-36f5863c9468,2,25,0.036532,0
576116e5-2b18-4d35-be73-36f5863c9468,3,0,0.155016,0
576116e5-2b18-4d35-be73-36f5863c9468,3,1,0.071807,0
576116e5-2b18-4d35-be73-36f5863c9468,3,2,0.077110,0
576116e5-2b18-4d35-be73-36f5863c9468,3,3,0.637439,1
576116e5-2b18-4d35-be73-36f5863c9468,3,4,0.109601,0
576116e5-2b18-4d35-be73-36f5863c9468,3,5,0.061574,0
576116e5-2b18-4d35-be73-36f5863c9468,3,6,0.067410,0
576116e5-2b18-4d35-be73-36f5863c9468,3,7,0.101089,0
576116e5-2b18-4d35-be73-36f5863c9468,3,8,0.058579,0
576116e5-2b18-4d35-be73-36f5863c9468,3,9,0.073463,0
576116e5-2b18-4d35-be73-36f5863c9468,3,10,0.150751,0
576116e5-2b18-4d35-be73-36f5863c9468,3,11,0.039164,0
576116e5-2b18-4d35-be73-36f5863c9468,3,12,0.058748,0
576116e5-2b18-4d35-be73-36f5863c9468,3,13,0.036928,0
576116e5-2b18-4d35-be73-36f5863c9468,3,14,0.090936,0
576116e5-2b18-4d35-be73-36f5863c9468,3,15,0.198275,0
576116e5-2b18-4d35-be73-36f5863c9468,3,16,0.041306,0
576116e5-2b18-4d35-be73-36f5863c9468,3,17,0.056608,0
576116e5-2b18-4d35-be73-36f5863c9468,3,18,0.258779,0
576116e5-2b18-4d35-be73-36f5863c9468,3,19,0.034691,0
576116e5-2b18-4d35-be73-36f5863c9468,3,20,0.066454,0
576116e5-2b18-4d35-be73-36f5863c9468,3,21,0.039100,0
576116e5-2b18-4d35-be73-36f5863c9468,3,22,0.215990,0
576116e5-2b18-4d35-be73-36f5863c9468,3,23,0.178626,0
576116e5-2b18-4d35-be73-36f5863c9468,3,24,0.528286,1
97566c74-e000-49fb-b091-e6ec6e179de0,1,0,0.099916,0
97566c74-e000-49fb-b091-e6ec6e179de0,1,1,0.739467,1
97566c74-e000-49fb-b091-e6ec6e179de0,1,2,0.760798,1
97566c74-e000-49fb-b091-e6ec6e179de0,1,3,0.163097,0
97566c74-e000-49fb-b091-e6ec6e179de0,1,4,0.188664,0
97566c74-e000-49fb-b091-e6ec6e179de0,1,5,0.388416,0
97566c74-e000-49fb-b091-e6ec6e179de0,1,6,0.317965,0
97566c74-e000-49fb-b091-e6ec6e179de0,1,7,0.151873,0
97566c74-e000-49fb-b091-e6ec6e179de0,1,8,0.102577,0
97566c74-e000-49fb-b091-e6ec6e179de0,1,9,0.040443,0
97566c74-e000-49fb-b091-e6ec6e179de0,1,10,0.925414,1
97566c74-e000-49fb-b091-e6ec6e179de0,1,11,0.951811,1
97566c74-e000-49fb-b091-e6ec6e179de0,2,0,0.034113,0
97566c74-e000-49fb-b091-e6ec6e179de0,2,1,0.090394,0
97566c74-e000-49fb-b091-e6ec6e179de0,2,2,0.150253,0
97566c74-e000-49fb-b091-e6ec6e179de0,2,3,0.044447,0
97566c74-e000-49fb-b091-e6ec6e179de0,2,4,0.164203,0
97566c74-e000-49fb-b091-e6ec6e179de0,2,5,0.068390,0
97566c74-e000-49fb-b091-e6ec6e179de0,2,6,0.462359,0
97566c74-e000-49fb-b091-e6ec6e179de0,2,7,0.125920,0
97566c74-e000-49fb-b091-e6ec6e179de0,2,8,0.192501,0
97566c74-e000-49fb-b091-e6ec6e179de0,2,9,0.132319,0
97566c74-e000-49fb-b091-e6ec6e179de0,2,10,0.133502,0
97566c74-e000-49fb-b091-e6ec6e179de0,2,11,0.099948,0
97566c74-e000-49fb-b091-e6ec6e179de0,2,12,0.336447,0
97566c74-e000-49fb-b091-e6ec6e179de0,2,13,0.042582,0
97566c74-e000-49fb-b091-e6ec6e179de0,2,14,0.315460,0
97566c74-e000-49fb-b091-e6ec6e179de0,2,15,0.262511,0
97566c74-e000-49fb-b091-e6ec6e179de0,2,16,0.201741,0
97566c74-e000-49fb-b091-e6ec6e179de0,2,17,0.240002,0
97566c74-e000-49fb-b091-e6ec6e179de0,3,0,0.151098,0
97566c74-e000-49fb-b091-e6ec6e179de0,3,1,0.122362,0
97566c74-e000-49fb-b091-e6ec6e179de0,3,2,0.111418,0
97566c74-e000-49fb-b091-e6ec6e179de0,3,3,0.770119,1
97566c74-e000-49fb-b091-e6ec6e179de0,3,4,0.881601,1
97566c74-e000-49fb-b091-e6ec6e179de0,3,5,0.060944,0
97566c74-e000-49fb-b091-e6ec6e179de0,3,6,0.102351,0
97566c74-e000-49fb-b091-e6ec6e179de0,3,7,0.463112,0
97566c74-e000-49fb-b091-e6ec6e179de0,3,8,0.643774,1
a28a0329-0887-42dc-bd3d-3bb4f8926757,1,0,0.038046,0
a28a0329-0887-42dc-bd3d-3bb4f8926757,1,1,0.323639,0
a28a0329-0887-42dc-bd3d-3bb4f8926757,1,2,0.069303,0
a28a0329-0887-42dc-bd3d-3bb4f8926757,1,3,0.093155,0
a28a0329-0887-42dc-bd3d-3bb4f8926757,1,4,0.624933,1
a28a0329-0887-42dc-bd3d-3bb4f8926757,1,5,0.074526,0
a28a0329-0887-42dc-bd3d-3bb4f8926757,1,6,0.040397,0
a28a0329-0887-42dc-bd3d-3bb4f8926757,1,7,0.487803,0
a28a0329-0887-42dc-bd3d-3bb4f8926757,1,8,0.055431,0
a28a0329-0887-42dc-bd3d-3bb4f8926757,1,9,0.037376,0
a28a0329-0887-42dc-bd3d-3bb4f8926757,1,10,0.105631,0
a28a0329-0887-42dc-bd3d-3bb4f8926757,1,11,0.054444,0
a28a0329-0887-42dc-bd3d-3bb4f8926757,1,12,0.070676,0
a28a0329-0887-42dc-bd3d-3bb4f8926757,1,13,0.312353,0
a28a0329-0887-42dc-bd3d-3bb4f8926757,1,14,0.634642,1
a28a0329-0887-42dc-bd3d-3bb4f8926757,1,15,0.067176,0
a28a0329-0887-42dc-bd3d-3bb4f8926757,1,16,0.060096,0
a28a0329-0887-42dc-bd3d-3bb4f8926757,1,17,0.091411,0
a28a0329-0887-42dc-bd3d-3bb4f8926757,1,18,0.131060,0
a28a0329-0887-42dc-bd3d-3bb4f8926757,2,0,0.043683,0
a28a0329-0887-42dc-bd3d-3bb4f8926757,2,1,0.070450,0
a28a0329-0887-42dc-bd3d-3bb4f8926757,2,2,0.104830,0
a28a0329-0887-42dc-bd3d-3bb4f8926757,2,3,0.070218,0
a28a0329-0887-42dc-bd3d-3bb4f8926757,2,4,0.067407,0
a28a0329-0887-42dc-bd3d-3bb4f8926757,2,5,0.916912,1
a28a0329-0887-42dc-bd3d-3bb4f8926757,2,6,0.035648,0
a28a0329-0887-42dc-bd3d-3bb4f8926757,2,7,0.134922,0
a28a0329-0887-42dc-bd3d-3bb4f8926757,2,8,0.329015,0
a28a0329-0887-42dc-bd3d-3bb4f8926757,2,9,0.239386,0
a28a0329-0887-42dc-bd3d-3bb4f8926757,2,10,0.153146,0
a28a0329-0887-42dc-bd3d-3bb4f8926757,2,11,0.514947,1
a28a0329-0887-42dc-bd3d-3bb4f8926757,2,12,0.178803,0
a28a0329-0887-42dc-bd3d-3bb4f8926757,2,13,0.360450,0
a28a0329-0887-42dc-bd3d-3bb4f8926757,2,14,0.045820,0
a28a0329-0887-42dc-bd3d-3bb4f8926757,2,15,0.044059,0
a28a0329-0887-42dc-bd3d-3bb4f8926757,2,16,0.469892,0
a28a0329-0887-42dc-bd3d-3bb4f8926757,2,17,0.093262,0
a28a0329-0887-42dc-bd3d-3bb4f8926757,2,18,0.262611,0
a28a0329-0887-42dc-bd3d-3bb4f8926757,2,19,0.074135,0
a28a0329-0887-42dc-bd3d-3bb4f8926757,2,20,0.151425,0
a28a0329-0887-42dc-bd3d-3bb4f8926757,2,21,0.033752,0
a28a0329-0887-42dc-bd3d-3bb4f8926757,2,22,0.036841,0
a28a0329-0887-42dc-bd3d-3bb4f8926757,3,0,0.511377,1
a28a0329-0887-42dc-bd3d-3bb4f8926757,3,1,0.215990,0
a28a0329-0887-42dc-bd3d-3bb4f8926757,3,2,0.095068,0
a28a0329-0887-42dc-bd3d-3bb4f8926757,3,3,0.041055,0
a28a0329-0887-42dc-bd3d-3bb4f8926757,3,4,0.052461,0
a28a0329-0887-42dc-bd3d-3bb4f8926757,3,5,0.114357,0
a28a0329-0887-42dc-bd3d-3bb4f8926757,3,6,0.043864,0
a28a0329-0887-42dc-bd3d-3bb4f8926757,3,7,0.037515,0
a28a0329-0887-42dc-bd3d-3bb4f8926757,3,8,0.152279,0
a28a0329-0887-42dc-bd3d-3bb4f8926757,3,9,0.042248,0
a28a0329-0887-42dc-bd3d-3bb4f8926757,3,10,0.172845,0
a28a0329-0887-42dc-bd3d-3bb4f8926757,3,11,0.147765,0
a28a0329-0887-42dc-bd3d-3bb4f8926757,3,12,0.074924,0
a28a0329-0887-42dc-bd3d-3bb4f8926757,3,13,0.161982,0
a28a0329-0887-42dc-bd3d-3bb4f8926757,3,14,0.120829,0
a28a0329-0887-42dc-bd3d-3bb4f8926757,3,15,0.262236,0
a28a0329-0887-42dc-bd3d-3bb4f8926757,3,16,0.302340,0
a28a0329-0887-42dc-bd3d-3bb4f8926757,3,17,0.212313,0
a28a0329-0887-42dc-bd3d-3bb4f8926757,3,18,0.091024,0
a28a0329-0887-42dc-bd3d-3bb4f8926757,3,19,0.738775,1
a28a0329-0887-42dc-bd3d-3bb4f8926757,3,20,0.264153,0
a28a0329-0887-42dc-bd3d-3bb4f8926757,3,21,0.207724,0
a28a0329-0887-42dc-bd3d-3bb4f8926757,3,22,0.311738,0
a28a0329-0887-42dc-bd3d-3bb4f8926757,3,23,0.173125,0
a28a0329-0887-42dc-bd3d-3bb4f8926757,3,24,0.132806,0
a28a0329-0887-42dc-bd3d-3bb4f8926757,3,25,0.094039,0
a28a0329-0887-42dc-bd3d-3bb4f8926757,3,26,0.231147,0
a28a0329-0887-42dc-bd3d-3bb4f8926757,3,27,0.076952,0
a28a0329-0887-42dc-bd3d-3bb4f8926757,3,28,0.302789,0
a28a0329-0887-42dc-bd3d-3bb4f8926757,3,29,0.269497,0
a28a0329-0887-42dc-bd3d-3bb4f8926757,3,30,0.129829,0
a28a0329-0887-42dc-bd3d-3bb4f8926757,3,31,0.200181,0
a28a0329-0887-42dc-bd3d-3bb4f8926757,3,32,0.177342,0
a28a0329-0887-42dc-bd3d-3bb4f8926757,3,33,0.142361,0
a28a0329-0887-42dc-bd3d-3bb4f8926757,3,34,0.907134,1
a28a0329-0887-42dc-bd3d-3bb4f8926757,3,35,0.109280,0
a28a0329-0887-42dc-bd3d-3bb4f8926757,3,36,0.042599,0
a28a0329-0887-42dc-bd3d-3bb4f8926757,3,37,0.939114,1
a28a0329-0887-42dc-bd3d-3bb4f8926757,3,38,0.051189,0
c21cb217-3e2c-49bd-884d-5c74a165ef10,1,0,0.893042,1
c21cb217-3e2c-49bd-884d-5c74a165ef10,1,1,0.154458,0
c21cb217-3e2c-49bd-884d-5c74a165ef10,1,2,0.098343,0
c21cb217-3e2c-49bd-884d-5c74a165ef10,1,3,0.843441,1
c21cb217-3e2c-49bd-884d-5c74a165ef10,1,4,0.925606,1
c21cb217-3e2c-49bd-884d-5c74a165ef10,1,5,0.148693,0
c21cb217-3e2c-49bd-884d-5c74a165ef10,1,6,0.035510,0
c21cb217-3e2c-49bd-884d-5c74a165ef10,1,7,0.048972,0
c21cb217-3e2c-49bd-884d-5c74a165ef10,1,8,0.034421,0
c21cb217-3e2c-49bd-884d-5c74a165ef10,1,9,0.286804,0
c21cb217-3e2c-49bd-884d-5c74a165ef10,1,10,0.045397,0
c21cb217-3e2c-49bd-884d-5c74a165ef10,1,11,0.082615,0
c21cb217-3e2c-49bd-884d-5c74a165ef10,1,12,0.304617,0
c21cb217-3e2c-49bd-884d-5c74a165ef10,1,13,0.102762,0
c21cb217-3e2c-49bd-884d-5c74a165ef10,1,14,0.646115,1
c21cb217-3e2c-49bd-884d-5c74a165ef10,1,15,0.136057,0
c21cb217-3e2c-49bd-884d-5c74a165ef10,1,16,0.070541,0
c21cb217-3e2c-49bd-884d-5c74a165ef10,1,17,0.033857,0
c21cb217-3e2c-49bd-884d-5c74a165ef10,1,18,0.064010,0
c21cb217-3e2c-49bd-884d-5c74a165ef10,1,19,0.052679,0
c21cb217-3e2c-49bd-884d-5c74a165ef10,1,20,0.035293,0
c21cb217-3e2c-49bd-884d-5c74a165ef10,1,21,0.559758,1
c21cb217-3e2c-49bd-884d-5c74a165ef10,1,22,0.200925,0
c21cb217-3e2c-49bd-884d-5c74a165ef10,1,23,0.042849,0
c21cb217-3e2c-49bd-884d-5c74a165ef10,1,24,0.359539,0
c21cb217-3e2c-49bd-884d-5c74a165ef10,1,25,0.082372,0
c21cb217-3e2c-49bd-884d-5c74a165ef10,1,26,0.225429,0
c21cb217-3e2c-49bd-884d-5c74a165ef10,2,0,0.113767,0
c21cb217-3e2c-49bd-884d-5c74a165ef10,2,1,0.130844,0
c21cb217-3e2c-49bd-884d-5c74a165ef10,2,2,0.418350,0
c21cb217-3e2c-49bd-884d-5c74a165ef10,2,3,0.054614,0
c21cb217-3e2c-49bd-884d-5c74a165ef10,2,4,0.377448,0
c21cb217-3e2c-49bd-884d-5c74a165ef10,2,5,0.110482,0
c21cb217-3e2c-49bd-884d-5c74a165ef10,2,6,0.177901,0
c21cb217-3e2c-49bd-884d-5c74a165ef10,2,7,0.067826,0
c21cb217-3e2c-49bd-884d-5c74a165ef10,2,8,0.168220,0
c21cb217-3e2c-49bd-884d-5c74a165ef10,2,9,0.295065,0
c21cb217-3e2c-49bd-884d-5c74a165ef10,2,10,0.201258,0
c21cb217-3e2c-49bd-884d-5c74a165ef10,2,11,0.391470,0
c21cb217-3e2c-49bd-884d-5c74a165ef10,2,12,0.211274,0
c21cb217-3e2c-49bd-884d-5c74a165ef10,2,13,0.456449,0
c21cb217-3e2c-49bd-884d-5c74a165ef10,2,14,0.286588,0
c21cb217-3e2c-49bd-884d-5c74a165ef10,2,15,0.776985,1
c21cb217-3e2c-49bd-884d-5c74a165ef10,2,16,0.046256,0
c21cb217-3e2c-49bd-884d-5c74a165ef10,2,17,0.127519,0
c21cb217-3e2c-49bd-884d-5c74a165ef10,2,18,0.145850,0
c21cb217-3e2c-49bd-884d-5c74a165ef10,2,19,0.035308,0
c21cb217-3e2c-49bd-884d-5c74a165ef10,2,20,0.032729,0
c21cb217-3e2c-49bd-884d-5c74a165ef10,2,21,0.064452,0
c21cb217-3e2c-49bd-884d-5c74a165ef10,2,22,0.078001,0
c21cb217-3e2c-49bd-884d-5c74a165ef10,2,23,0.063021,0
c21cb217-3e2c-49bd-884d-5c74a165ef10,2,24,0.065960,0
c21cb217-3e2c-49bd-884d-5c74a165ef10,2,25,0.102245,0
c21cb217-3e2c-49bd-884d-5c74a165ef10,2,26,0.059274,0
c21cb217-3e2c-49bd-884d-5c74a165ef10,2,27,0.044303,0
c21cb217-3e2c-49bd-884d-5c74a165ef10,2,28,0.688636,1
c21cb217-3e2c-49bd-884d-5c74a165ef10,2,29,0.045571,0
c21cb217-3e2c-49bd-884d-5c74a165ef10,2,30,0.137930,0
c21cb217-3e2c-49bd-884d-5c74a165ef10,2,31,0.493379,0
c21cb217-3e2c-49bd-884d-5c74a165ef10,2,32,0.041493,0
c21cb217-3e2c-49bd-884d-5c74a165ef10,3,0,0.116234,0
c21cb217-3e2c-49bd-884d-5c74a165ef10,3,1,0.203543,0
c21cb217-3e2c-49bd-884d-5c74a165ef10,3,2,0.047656,0
c21cb217-3e2c-49bd-884d-5c74a165ef10,3,3,0.297288,0
c21cb217-3e2c-49bd-884d-5c74a165ef10,3,4,0.268563,0
c21cb217-3e2c-49bd-884d-5c74a165ef10,3,5,0.142914,0
c21cb217-3e2c-49bd-884d-5c74a165ef10,3,6,0.343015,0
c21cb217-3e2c-49bd-884d-5c74a165ef10,3,7,0.144955,0
c21cb217-3e2c-49bd-884d-5c74a165ef10,3,8,0.034336,0
c21cb217-3e2c-49bd-884d-5c74a165ef10,3,9,0.256160,0
c21cb217-3e2c-49bd-884d-5c74a165ef10,3,10,0.664102,1
c21cb217-3e2c-49bd-884d-5c74a165ef10,3,11,0.189133,0
c21cb217-3e2c-49bd-884d-5c74a165ef10,3,12,0.949904,1
c21cb217-3e2c-49bd-884d-5c74a165ef10,3,13,0.227398,0
c21cb217-3e2c-49bd-884d-5c74a165ef10,3,14,0.154129,0
c21cb217-3e2c-49bd-884d-5c74a165ef10,3,15,0.039604,0
c21cb217-3e2c-49bd-884d-5c74a165ef10,3,16,0.077243,0
c21cb217-3e2c-49bd-884d-5c74a165ef10,3,17,0.292374,0
c21cb217-3e2c-49bd-884d-5c74a165ef10,3,18,0.250770,0
c21cb217-3e2c-49bd-884d-5c74a165ef10,3,19,0.049377,0
c21cb217-3e2c-49bd-884d-5c74a165ef10,3,20,0.045189,0
c21cb217-3e2c-49bd-884d-5c74a165ef10,3,21,0.482943,0
c21cb217-3e2c-49bd-884d-5c74a165ef10,3,22,0.034454,0
c21cb217-3e2c-49bd-884d-5c74a165ef10,3,23,0.071036,0
c21cb217-3e2c-49bd-884d-5c74a165ef10,3,24,0.041493,0
c21cb217-3e2c-49bd-884d-5c74a165ef10,3,25,0.323099,0
c21cb217-3e2c-49bd-884d-5c74a165ef10,3,26,0.888196,1
08bb9bee-c167-4c17-9c6d-4a1259231eb7,1,0,0.047043,0
08bb9bee-c167-4c17-9c6d-4a1259231eb7,1,1,0.130416,0
08bb9bee-c167-4c17-9c6d-4a1259231eb7,1,2,0.122757,0
08bb9bee-c167-4c17-9c6d-4a1259231eb7,1,3,0.042087,0
08bb9bee-c167-4c17-9c6d-4a1259231eb7,1,4,0.091417,0
08bb9bee-c167-4c17-9c6d-4a1259231eb7,1,5,0.035929,0
08bb9bee-c167-4c17-9c6d-4a1259231eb7,1,6,0.034996,0
08bb9bee-c167-4c17-9c6d-4a1259231eb7,1,7,0.238741,0
08bb9bee-c167-4c17-9c6d-4a1259231eb7,1,8,0.318478,0
08bb9bee-c167-4c17-9c6d-4a1259231eb7,1,9,0.082205,0
08bb9bee-c167-4c17-9c6d-4a1259231eb7,1,10,0.737604,1
08bb9bee-c167-4c17-9c6d-4a1259231eb7,1,11,0.643824,1
08bb9bee-c167-4c17-9c6d-4a1259231eb7,1,12,0.331867,0
08bb9bee-c167-4c17-9c6d-4a1259231eb7,1,13,0.124693,0
08bb9bee-c167-4c17-9c6d-4a1259231eb7,1,14,0.086599,0
08bb9bee-c167-4c17-9c6d-4a1259231eb7,1,15,0.442048,0
08bb9bee-c167-4c17-9c6d-4a1259231eb7,1,16,0.685616,1
08bb9bee-c167-4c17-9c6d-4a1259231eb7,1,17,0.093945,0
08bb9bee-c167-4c17-9c6d-4a1259231eb7,1,18,0.101205,0
08bb9bee-c167-4c17-9c6d-4a1259231eb7,1,19,0.089959,0
08bb9bee-c167-4c17-9c6d-4a1259231eb7,1,20,0.067898,0
08bb9bee-c167-4c17-9c6d-4a1259231eb7,1,21,0.302968,0
08bb9bee-c167-4c17-9c6d-4a1259231eb7,1,22,0.151283,0
08bb9bee-c167-4c17-9c6d-4a1259231eb7,1,23,0.389103,0
08bb9bee-c167-4c17-9c6d-4a1259231eb7,1,24,0.092830,0
08bb9bee-c167-4c17-9c6d-4a1259231eb7,1,25,0.313065,0
08bb9bee-c167-4c17-9c6d-4a1259231eb7,2,0,0.097648,0
08bb9bee-c167-4c17-9c6d-4a1259231eb7,2,1,0.038304,0
08bb9bee-c167-4c17-9c6d-4a1259231eb7,2,2,0.040665,0
08bb9bee-c167-4c17-9c6d-4a1259231eb7,2,3,0.321097,0
08bb9bee-c167-4c17-9c6d-4a1259231eb7,2,4,0.048260,0
08bb9bee-c167-4c17-9c6d-4a1259231eb7,2,5,0.052302,0
08bb9bee-c167-4c17-9c6d-4a1259231eb7,2,6,0.136518,0
08bb9bee-c167-4c17-9c6d-4a1259231eb7,2,7,0.107191,0
08bb9bee-c167-4c17-9c6d-4a1259231eb7,2,8,0.168769,0
08bb9bee-c167-4c17-9c6d-4a1259231eb7,2,9,0.297090,0
08bb9bee-c167-4c17-9c6d-4a1259231eb7,2,10,0.034202,0
08bb9bee-c167-4c17-9c6d-4a1259231eb7,2,11,0.046597,0
08bb9bee-c167-4c17-9c6d-4a1259231eb7,2,12,0.180117,0
08bb9bee-c167-4c17-9c6d-4a1259231eb7,2,13,0.733452,1
08bb9bee-c167-4c17-9c6d-4a1259231eb7,2,14,0.078383,0
08bb9bee-c167-4c17-9c6d-4a1259231eb7,2,15,0.281792,0
08bb9bee-c167-4c17-9c6d-4a1259231eb7,2,16,0.206195,0
08bb9bee-c167-4c17-9c6d-4a1259231eb7,2,17,0.433897,0
08bb9bee-c167-4c17-9c6d-4a1259231eb7,2,18,0.556632,1
08bb9bee-c167-4c17-9c6d-4a1259231eb7,2,19,0.283025,0
08bb9bee-c167-4c17-9c6d-4a1259231eb7,2,20,0.069655,0
08bb9bee-c167-4c17-9c6d-4a1259231eb7,2,21,0.040437,0
08bb9bee-c167-4c17-9c6d-4a1259231eb7,2,22,0.485695,0
08bb9bee-c167-4c17-9c6d-4a1259231eb7,2,23,0.033802,0
08bb9bee-c167-4c17-9c6d-4a1259231eb7,2,24,0.038321,0
08bb9bee-c167-4c17-9c6d-4a1259231eb7,2,25,0.045000,0
08bb9bee-c167-4c17-9c6d-4a1259231eb7,2,26,0.043117,0
08bb9bee-c167-4c17-9c6d-4a1259231eb7,2,27,0.794813,1
08bb9bee-c167-4c17-9c6d-4a1259231eb7,2,28,0.130251,0
08bb9bee-c167-4c17-9c6d-4a1259231eb7,2,29,0.767403,1
08bb9bee-c167-4c17-9c6d-4a1259231eb7,2,30,0.066293,0
08bb9bee-c167-4c17-9c6d-4a1259231eb7,2,31,0.889653,1
08bb9bee-c167-4c17-9c6d-4a1259231eb7,2,32,0.132553,0
08bb9bee-c167-4c17-9c6d-4a1259231eb7,2,33,0.034510,0
08bb9bee-c167-4c17-9c6d-4a1259231eb7,2,34,0.083443,0
08bb9bee-c167-4c17-9c6d-4a1259231eb7,2,35,0.078255,0
08bb9bee-c167-4c17-9c6d-4a1259231eb7,3,0,0.043278,0
08bb9bee-c167-4c17-9c6d-4a1259231eb7,3,1,0.139771,0
08bb9bee-c167-4c17-9c6d-4a1259231eb7,3,2,0.097712,0
08bb9bee-c167-4c17-9c6d-4a1259231eb7,3,3,0.261804,0
08bb9bee-c167-4c17-9c6d-4a1259231eb7,3,4,0.172448,0
08bb9bee-c167-4c17-9c6d-4a1259231eb7,3,5,0.247286,0
08bb9bee-c167-4c17-9c6d-4a1259231eb7,3,6,0.070983,0
08bb9bee-c167-4c17-9c6d-4a1259231eb7,3,7,0.760808,1
08bb9bee-c167-4c17-9c6d-4a1259231eb7,3,8,0.305573,0
08bb9bee-c167-4c17-9c6d-4a1259231eb7,3,9,0.103970,0
08bb9bee-c167-4c17-9c6d-4a1259231eb7,3,10,0.726933,1
08bb9bee-c167-4c17-9c6d-4a1259231eb7,3,11,0.368241,0
08bb9bee-c167-4c17-9c6d-4a1259231eb7,3,12,0.443246,0
08bb9bee-c167-4c17-9c6d-4a1259231eb7,3,13,0.038118,0
08bb9bee-c167-4c17-9c6d-4a1259231eb7,3,14,0.158354,0
08bb9bee-c167-4c17-9c6d-4a1259231eb7,3,15,0.111120,0
08bb9bee-c167-4c17-9c6d-4a1259231eb7,3,16,0.053406,0
29ffd053-7684-469b-a600-97000579bd01,1,0,0.162092,0
29ffd053-7684-469b-a600-97000579bd01,1,1,0.039853,0
29ffd053-7684-469b-a600-97000579bd01,1,2,0.207546,0
29ffd053-7684-469b-a600-97000579bd01,1,3,0.179096,0
29ffd053-7684-469b-a600-97000579bd01,1,4,0.864966,1
29ffd053-7684-469b-a600-97000579bd01,1,5,0.412051,0
29ffd053-7684-469b-a600-97000579bd01,1,6,0.043511,0
29ffd053-7684-469b-a600-97000579bd01,1,7,0.075817,0
29ffd053-7684-469b-a600-97000579bd01,1,8,0.108426,0
29ffd053-7684-469b-a600-97000579bd01,1,9,0.431088,0
29ffd053-7684-469b-a600-97000579bd01,1,10,0.200223,0
29ffd053-7684-469b-a600-97000579bd01,1,11,0.492874,0
29ffd053-7684-469b-a600-97000579bd01,1,12,0.409475,0
29ffd053-7684-469b-a600-97000579bd01,1,13,0.063914,0
29ffd053-7684-469b-a600-97000579bd01,1,14,0.397206,0
29ffd053-7684-469b-a600-97000579bd01,1,15,0.099434,0
29ffd053-7684-469b-a600-97000579bd01,1,16,0.054989,0
29ffd053-7684-469b-a600-97000579bd01,1,17,0.045102,0
29ffd053-7684-469b-a600-97000579bd01,1,18,0.054005,0
29ffd053-7684-469b-a600-97000579bd01,2,0,0.968320,1
29ffd053-7684-469b-a600-97000579bd01,2,1,0.070633,0
29ffd053-7684-469b-a600-97000579bd01,2,2,0.071774,0
29ffd053-7684-469b-a600-97000579bd01,2,3,0.769278,1
29ffd053-7684-469b-a600-97000579bd01,2,4,0.074524,0
29ffd053-7684-469b-a600-97000579bd01,2,5,0.153019,0
29ffd053-7684-469b-a600-97000579bd01,2,6,0.141147,0
29ffd053-7684-469b-a600-97000579bd01,2,7,0.328462,0
29ffd053-7684-469b-a600-97000579bd01,2,8,0.118927,0
29ffd053-7684-469b-a600-97000579bd01,2,9,0.060398,0
29ffd053-7684-469b-a600-97000579bd01,2,10,0.034323,0
29ffd053-7684-469b-a600-97000579bd01,2,11,0.035234,0
29ffd053-7684-469b-a600-97000579bd01,2,12,0.059954,0
29ffd053-7684-469b-a600-97000579bd01,2,13,0.214855,0
29ffd053-7684-469b-a600-97000579bd01,2,14,0.207851,0
29ffd053-7684-469b-a600-97000579bd01,3,0,0.903557,1
29ffd053-7684-469b-a600-97000579bd01,3,1,0.032689,0
29ffd053-7684-469b-a600-97000579bd01,3,2,0.038120,0
29ffd053-7684-469b-a600-97000579bd01,3,3,0.642997,1
29ffd053-7684-469b-a600-97000579bd01,3,4,0.097070,0
29ffd053-7684-469b-a600-97000579bd01,3,5,0.111893,0
29ffd053-7684-469b-a600-97000579bd01,3,6,0.106068,0
29ffd053-7684-469b-a600-97000579bd01,3,7,0.257638,0
29ffd053-7684-469b-a600-97000579bd01,3,8,0.034764,0
29ffd053-7684-469b-a600-97000579bd01,3,9,0.147205,0
29ffd053-7684-469b-a600-97000579bd01,3,10,0.094601,0
29ffd053-7684-469b-a600-97000579bd01,3,11,0.736066,1
29ffd053-7684-469b-a600-97000579bd01,3,12,0.190053,0
29ffd053-7684-469b-a600-97000579bd01,3,13,0.083267,0
29ffd053-7684-469b-a600-97000579bd01,3,14,0.045194,0
29ffd053-7684-469b-a600-97000579bd01,3,15,0.754830,1
2ec04201-2016-4227-baf7-ba8289058203,1,0,0.085161,0
2ec04201-2016-4227-baf7-ba8289058203,1,1,0.252560,0
2ec04201-2016-4227-baf7-ba8289058203,1,2,0.473588,0
2ec04201-2016-4227-baf7-ba8289058203,1,3,0.047274,0
2ec04201-2016-4227-baf7-ba8289058203,1,4,0.050723,0
2ec04201-2016-4227-baf7-ba8289058203,1,5,0.083523,0
2ec04201-2016-4227-baf7-ba8289058203,1,6,0.846032,1
2ec04201-2016-4227-baf7-ba8289058203,1,7,0.163334,0
2ec04201-2016-4227-baf7-ba8289058203,1,8,0.041475,0
2ec04201-2016-4227-baf7-ba8289058203,1,9,0.063195,0
2ec04201-2016-4227-baf7-ba8289058203,1,10,0.071423,0
2ec04201-2016-4227-baf7-ba8289058203,1,11,0.117275,0
2ec04201-2016-4227-baf7-ba8289058203,1,12,0.038993,0
2ec04201-2016-4227-baf7-ba8289058203,1,13,0.036100,0
2ec04201-2016-4227-baf7-ba8289058203,1,14,0.033959,0
2ec04201-2016-4227-baf7-ba8289058203,1,15,0.035302,0
2ec04201-2016-4227-baf7-ba8289058203,1,16,0.137750,0
2ec04201-2016-4227-baf7-ba8289058203,1,17,0.079315,0
2ec04201-2016-4227-baf7-ba8289058203,1,18,0.079040,0
2ec04201-2016-4227-baf7-ba8289058203,1,19,0.034695,0
2ec04201-2016-4227-baf7-ba8289058203,1,20,0.042185,0
2ec04201-2016-4227-baf7-ba8289058203,1,21,0.058862,0
2ec04201-2016-4227-baf7-ba8289058203,1,22,0.035986,0
2ec04201-2016-4227-baf7-ba8289058203,1,23,0.305981,0
2ec04201-2016-4227-baf7-ba8289058203,1,24,0.063921,0
2ec04201-2016-4227-baf7-ba8289058203,1,25,0.033677,0
2ec04201-2016-4227-baf7-ba8289058203,1,26,0.040171,0
2ec04201-2016-4227-baf7-ba8289058203,1,27,0.033607,0
2ec04201-2016-4227-baf7-ba8289058203,1,28,0.045006,0
2ec04201-2016-4227-baf7-ba8289058203,1,29,0.085347,0
2ec04201-2016-4227-baf7-ba8289058203,1,30,0.101117,0
2ec04201-2016-4227-baf7-ba8289058203,1,31,0.239461,0
2ec04201-2016-4227-baf7-ba8289058203,1,32,0.036167,0
2ec04201-2016-4227-baf7-ba8289058203,1,33,0.107533,0
2ec04201-2016-4227-baf7-ba8289058203,1,34,0.036573,0
2ec04201-2016-4227-baf7-ba8289058203,1,35,0.152898,0
2ec04201-2016-4227-baf7-ba8289058203,1,36,0.065906,0
2ec04201-2016-4227-baf7-ba8289058203,1,37,0.032663,0
2ec04201-2016-4227-baf7-ba8289058203,1,38,0.036895,0
2ec04201-2016-4227-baf7-ba8289058203,1,39,0.043813,0
2ec04201-2016-4227-baf7-ba8289058203,1,40,0.033178,0
2ec04201-2016-4227-baf7-ba8289058203,1,41,0.220198,0
2ec04201-2016-4227-baf7-ba8289058203,2,0,0.279826,0
2ec04201-2016-4227-baf7-ba8289058203,2,1,0.255559,0
2ec04201-2016-4227-baf7-ba8289058203,2,2,0.203375,0
2ec04201-2016-4227-baf7-ba8289058203,2,3,0.172252,0
2ec04201-2016-4227-baf7-ba8289058203,2,4,0.686524,1
2ec04201-2016-4227-baf7-ba8289058203,2,5,0.303371,0
2ec04201-2016-4227-baf7-ba8289058203,2,6,0.038869,0
2ec04201-2016-4227-baf7-ba8289058203,2,7,0.137287,0
2ec04201-2016-4227-baf7-ba8289058203,2,8,0.214435,0
2ec04201-2016-4227-baf7-ba8289058203,2,9,0.924874,1
2ec04201-2016-4227-baf7-ba8289058203,2,10,0.377252,0
2ec04201-2016-4227-baf7-ba8289058203,2,11,0.898027,1
2ec04201-2016-4227-baf7-ba8289058203,2,12,0.234609,0
2ec04201-2016-4227-baf7-ba8289058203,2,13,0.033924,0
2ec04201-2016-4227-baf7-ba8289058203,2,14,0.068352,0
2ec04201-2016-4227-baf7-ba8289058203,2,15,0.211904,0
2ec04201-2016-4227-baf7-ba8289058203,2,16,0.277840,0
2ec04201-2016-4227-baf7-ba8289058203,2,17,0.569747,1
2ec04201-2016-4227-baf7-ba8289058203,2,18,0.113168,0
2ec04201-2016-4227-baf7-ba8289058203,2,19,0.037382,0
2ec04201-2016-4227-baf7-ba8289058203,2,20,0.049549,0
2ec04201-2016-4227-baf7-ba8289058203,2,21,0.129142,0
2ec04201-2016-4227-baf7-ba8289058203,2,22,0.047736,0
2ec04201-2016-4227-baf7-ba8289058203,2,23,0.895093,1
2ec04201-2016-4227-baf7-ba8289058203,2,24,0.093522,0
2ec04201-2016-4227-baf7-ba8289058203,2,25,0.115292,0
2ec04201-2016-4227-baf7-ba8289058203,2,26,0.099993,0
2ec04201-2016-4227-baf7-ba8289058203,2,27,0.975696,1
2ec04201-2016-4227-baf7-ba8289058203,2,28,0.820843,1
2ec04201-2016-4227-baf7-ba8289058203,2,29,0.203160,0
2ec04201-2016-4227-baf7-ba8289058203,2,30,0.210221,0
2ec04201-2016-4227-baf7-ba8289058203,3,0,0.907444,1
2ec04201-2016-4227-baf7-ba8289058203,3,1,0.039317,0
2ec04201-2016-4227-baf7-ba8289058203,3,2,0.082171,0
2ec04201-2016-4227-baf7-ba8289058203,3,3,0.249159,0
2ec04201-2016-4227-baf7-ba8289058203,3,4,0.115026,0
2ec04201-2016-4227-baf7-ba8289058203,3,5,0.498720,0
2ec04201-2016-4227-baf7-ba8289058203,3,6,0.229245,0
2ec04201-2016-4227-baf7-ba8289058203,3,7,0.750395,1
2ec04201-2016-4227-baf7-ba8289058203,3,8,0.056005,0
2ec04201-2016-4227-baf7-ba8289058203,3,9,0.057047,0
2ec04201-2016-4227-baf7-ba8289058203,3,10,0.311523,0
2ec04201-2016-4227-baf7-ba8289058203,3,11,0.084903,0
2ec04201-2016-4227-baf7-ba8289058203,3,12,0.270231,0
2ec04201-2016-4227-baf7-ba8289058203,3,13,0.157500,0
2ec04201-2016-4227-baf7-ba8289058203,3,14,0.034914,0
2ec04201-2016-4227-baf7-ba8289058203,3,15,0.241597,0
2ec04201-2016-4227-baf7-ba8289058203,3,16,0.184396,0
2ec04201-2016-4227-baf7-ba8289058203,3,17,0.281386,0
2ec04201-2016-4227-baf7-ba8289058203,3,18,0.123653,0
2ec04201-2016-4227-baf7-ba8289058203,3,19,0.205055,0
2ec04201-2016-4227-baf7-ba8289058203,3,20,0.278019,0
2ec04201-2016-4227-baf7-ba8289058203,3,21,0.321972,0
2ec04201-2016-4227-baf7-ba8289058203,3,22,0.374455,0
2ec04201-2016-4227-baf7-ba8289058203,3,23,0.207903,0
2ec04201-2016-4227-baf7-ba8289058203,3,24,0.795913,1
2ec04201-2016-4227-baf7-ba8289058203,3,25,0.212087,0
2ec04201-2016-4227-baf7-ba8289058203,3,26,0.034300,0
2ec04201-2016-4227-baf7-ba8289058203,3,27,0.500500,1
2ec04201-2016-4227-baf7-ba8289058203,3,28,0.664439,1
2ec04201-2016-4227-baf7-ba8289058203,3,29,0.054176,0
2ec04201-2016-4227-baf7-ba8289058203,3,30,0.158845,0
2ec04201-2016-4227-baf7-ba8289058203,3,31,0.069399,0
2ec04201-2016-4227-baf7-ba8289058203,3,32,0.948241,1
2ec04201-2016-4227-baf7-ba8289058203,3,33,0.818250,1
2ec04201-2016-4227-baf7-ba8289058203,3,34,0.150977,0
2ec04201-2016-4227-baf7-ba8289058203,3,35,0.051450,0
2ec04201-2016-4227-baf7-ba8289058203,3,36,0.041670,0
2ec04201-2016-4227-baf7-ba8289058203,3,37,0.137945,0
2ec04201-2016-4227-baf7-ba8289058203,3,38,0.150818,0
2ec04201-2016-4227-baf7-ba8289058203,3,39,0.220588,0
2ec04201-2016-4227-baf7-ba8289058203,3,40,0.089252,0
2ec04201-2016-4227-baf7-ba8289058203,3,41,0.142426,0
2ec04201-2016-4227-baf7-ba8289058203,3,42,0.148144,0
2ec04201-2016-4227-baf7-ba8289058203,3,43,0.165254,0
2ec04201-2016-4227-baf7-ba8289058203,3,44,0.053885,0
2ec04201-2016-4227-baf7-ba8289058203,3,45,0.157005,0
2ec04201-2016-4227-baf7-ba8289058203,3,46,0.246363,0
2ec04201-2016-4227-baf7-ba8289058203,3,47,0.275233,0
2ec04201-2016-4227-baf7-ba8289058203,3,48,0.307598,0
2ec04201-2016-4227-baf7-ba8289058203,3,49,0.287749,0
450755dd-30d3-478b-933e-917be5c384ba,1,0,0.088296,0
450755dd-30d3-478b-933e-917be5c384ba,1,1,0.086022,0
450755dd-30d3-478b-933e-917be5c384ba,1,2,0.229461,0
450755dd-30d3-478b-933e-917be5c384ba,1,3,0.089550,0
450755dd-30d3-478b-933e-917be5c384ba,1,4,0.117379,0
450755dd-30d3-478b-933e-917be5c384ba,1,5,0.244449,0
450755dd-30d3-478b-933e-917be5c384ba,1,6,0.131180,0
450755dd-30d3-478b-933e-917be5c384ba,2,0,0.034568,0
450755dd-30d3-478b-933e-917be5c384ba,2,1,0.048199,0
450755dd-30d3-478b-933e-917be5c384ba,2,2,0.060561,0
450755dd-30d3-478b-933e-917be5c384ba,2,3,0.062747,0
450755dd-30d3-478b-933e-917be5c384ba,2,4,0.045075,0
450755dd-30d3-478b-933e-917be5c384ba,2,5,0.046753,0
450755dd-30d3-478b-933e-917be5c384ba,2,6,0.035334,0
450755dd-30d3-478b-933e-917be5c384ba,2,7,0.038801,0
450755dd-30d3-478b-933e-917be5c384ba,2,8,0.040067,0
450755dd-30d3-478b-933e-917be5c384ba,2,9,0.087695,0
450755dd-30d3-478b-933e-917be5c384ba,2,10,0.040279,0
450755dd-30d3-478b-933e-917be5c384ba,2,11,0.044624,0
450755dd-30d3-478b-933e-917be5c384ba,2,12,0.143215,0
450755dd-30d3-478b-933e-917be5c384ba,2,13,0.040751,0
450755dd-30d3-478b-933e-917be5c384ba,2,14,0.939517,1
450755dd-30d3-478b-933e-917be5c384ba,2,15,0.429319,0
450755dd-30d3-478b-933e-917be5c384ba,2,16,0.039008,0
450755dd-30d3-478b-933e-917be5c384ba,2,17,0.048528,0
450755dd-30d3-478b-933e-917be5c384ba,2,18,0.046391,0
450755dd-30d3-478b-933e-917be5c384ba,2,19,0.037474,0
450755dd-30d3-478b-933e-917be5c384ba,3,0,0.228203,0
450755dd-30d3-478b-933e-917be5c384ba,3,1,0.223664,0
450755dd-30d3-478b-933e-917be5c384ba,3,2,0.038022,0
450755dd-30d3-478b-933e-917be5c384ba,3,3,0.143307,0
450755dd-30d3-478b-933e-917be5c384ba,3,4,0.156442,0
450755dd-30d3-478b-933e-917be5c384ba,3,5,0.420282,0
450755dd-30d3-478b-933e-917be5c384ba,3,6,0.035265,0
450755dd-30d3-478b-933e-917be5c384ba,3,7,0.936344,1
450755dd-30d3-478b-933e-917be5c384ba,3,8,0.896692,1
450755dd-30d3-478b-933e-917be5c384ba,3,9,0.147240,0
450755dd-30d3-478b-933e-917be5c384ba,3,10,0.273402,0
450755dd-30d3-478b-933e-917be5c384ba,3,11,0.739576,1
450755dd-30d3-478b-933e-917be5c384ba,3,12,0.089257,0
450755dd-30d3-478b-933e-917be5c384ba,3,13,0.553609,1
450755dd-30d3-478b-933e-917be5c384ba,3,14,0.539072,1
450755dd-30d3-478b-933e-917be5c384ba,3,15,0.177356,0
450755dd-30d3-478b-933e-917be5c384ba,3,16,0.622781,1
450755dd-30d3-478b-933e-917be5c384ba,3,17,0.195136,0
450755dd-30d3-478b-933e-917be5c384ba,3,18,0.107337,0
450755dd-30d3-478b-933e-917be5c384ba,3,19,0.437355,0
450755dd-30d3-478b-933e-917be5c384ba,3,20,0.069150,0
450755dd-30d3-478b-933e-917be5c384ba,3,21,0.273218,0
450755dd-30d3-478b-933e-917be5c384ba,3,22,0.218361,0
450755dd-30d3-478b-933e-917be5c384ba,3,23,0.639762,1
450755dd-30d3-478b-933e-917be5c384ba,3,24,0.081489,0
450755dd-30d3-478b-933e-917be5c384ba,3,25,0.048847,0
450755dd-30d3-478b-933e-917be5c384ba,3,26,0.180692,0
450755dd-30d3-478b-933e-917be5c384ba,3,27,0.342369,0
450755dd-30d3-478b-933e-917be5c384ba,3,28,0.304219,0
450755dd-30d3-478b-933e-917be5c384ba,3,29,0.924936,1
450755dd-30d3-478b-933e-917be5c384ba,3,30,0.074844,0
450755dd-30d3-478b-933e-917be5c384ba,3,31,0.043286,0
450755dd-30d3-478b-933e-917be5c384ba,3,32,0.078734,0
65cb14cb-2d27-41e5-a2be-6fd6314f4363,1,0,0.292577,0
65cb14cb-2d27-41e5-a2be-6fd6314f4363,1,1,0.321087,0
65cb14cb-2d27-41e5-a2be-6fd6314f4363,1,2,0.959572,1
65cb14cb-2d27-41e5-a2be-6fd6314f4363,1,3,0.220012,0
65cb14cb-2d27-41e5-a2be-6fd6314f4363,1,4,0.426292,0
65cb14cb-2d27-41e5-a2be-6fd6314f4363,1,5,0.108512,0
65cb14cb-2d27-41e5-a2be-6fd6314f4363,1,6,0.259476,0
65cb14cb-2d27-41e5-a2be-6fd6314f4363,1,7,0.341660,0
65cb14cb-2d27-41e5-a2be-6fd6314f4363,1,8,0.090169,0
65cb14cb-2d27-41e5-a2be-6fd6314f4363,1,9,0.088588,0
65cb14cb-2d27-41e5-a2be-6fd6314f4363,1,10,0.294958,0
65cb14cb-2d27-41e5-a2be-6fd6314f4363,1,11,0.078158,0
65cb14cb-2d27-41e5-a2be-6fd6314f4363,1,12,0.059800,0
65cb14cb-2d27-41e5-a2be-6fd6314f4363,1,13,0.753438,1
65cb14cb-2d27-41e5-a2be-6fd6314f4363,1,14,0.332607,0
65cb14cb-2d27-41e5-a2be-6fd6314f4363,1,15,0.344896,0
65cb14cb-2d27-41e5-a2be-6fd6314f4363,1,16,0.113478,0
65cb14cb-2d27-41e5-a2be-6fd6314f4363,1,17,0.052679,0
65cb14cb-2d27-41e5-a2be-6fd6314f4363,1,18,0.065676,0
65cb14cb-2d27-41e5-a2be-6fd6314f4363,1,19,0.056487,0
65cb14cb-2d27-41e5-a2be-6fd6314f4363,1,20,0.071062,0
65cb14cb-2d27-41e5-a2be-6fd6314f4363,1,21,0.036690,0
65cb14cb-2d27-41e5-a2be-6fd6314f4363,1,22,0.137413,0
65cb14cb-2d27-41e5-a2be-6fd6314f4363,1,23,0.808657,1
65cb14cb-2d27-41e5-a2be-6fd6314f4363,1,24,0.047481,0
65cb14cb-2d27-41e5-a2be-6fd6314f4363,1,25,0.155124,0
65cb14cb-2d27-41e5-a2be-6fd6314f4363,1,26,0.329136,0
65cb14cb-2d27-41e5-a2be-6fd6314f4363,1,27,0.323953,0
65cb14cb-2d27-41e5-a2be-6fd6314f4363,2,0,0.244210,0
65cb14cb-2d27-41e5-a2be-6fd6314f4363,2,1,0.227416,0
65cb14cb-2d27-41e5-a2be-6fd6314f4363,2,2,0.120653,0
65cb14cb-2d27-41e5-a2be-6fd6314f4363,2,3,0.586370,1
65cb14cb-2d27-41e5-a2be-6fd6314f4363,2,4,0.167566,0
65cb14cb-2d27-41e5-a2be-6fd6314f4363,2,5,0.945561,1
65cb14cb-2d27-41e5-a2be-6fd6314f4363,2,6,0.182168,0
65cb14cb-2d27-41e5-a2be-6fd6314f4363,2,7,0.177735,0
65cb14cb-2d27-41e5-a2be-6fd6314f4363,2,8,0.200423,0
65cb14cb-2d27-41e5-a2be-6fd6314f4363,2,9,0.820240,1
65cb14cb-2d27-41e5-a2be-6fd6314f4363,2,10,0.274046,0
65cb14cb-2d27-41e5-a2be-6fd6314f4363,2,11,0.262145,0
65cb14cb-2d27-41e5-a2be-6fd6314f4363,2,12,0.084205,0
65cb14cb-2d27-41e5-a2be-6fd6314f4363,2,13,0.155929,0
65cb14cb-2d27-41e5-a2be-6fd6314f4363,2,14,0.145580,0
65cb14cb-2d27-41e5-a2be-6fd6314f4363,2,15,0.103384,0
65cb14cb-2d27-41e5-a2be-6fd6314f4363,2,16,0.932174,1
65cb14cb-2d27-41e5-a2be-6fd6314f4363,2,17,0.935301,1
65cb14cb-2d27-41e5-a2be-6fd6314f4363,2,18,0.956474,1
65cb14cb-2d27-41e5-a2be-6fd6314f4363,2,19,0.134426,0
65cb14cb-2d27-41e5-a2be-6fd6314f4363,2,20,0.064164,0
65cb14cb-2d27-41e5-a2be-6fd6314f4363,2,21,0.711304,1
65cb14cb-2d27-41e5-a2be-6fd6314f4363,2,22,0.193507,0
65cb14cb-2d27-41e5-a2be-6fd6314f4363,2,23,0.079545,0
65cb14cb-2d27-41e5-a2be-6fd6314f4363,2,24,0.217529,0
65cb14cb-2d27-41e5-a2be-6fd6314f4363,2,25,0.200727,0
65cb14cb-2d27-41e5-a2be-6fd6314f4363,2,26,0.114025,0
65cb14cb-2d27-41e5-a2be-6fd6314f4363,2,27,0.264919,0
65cb14cb-2d27-41e5-a2be-6fd6314f4363,2,28,0.972382,1
65cb14cb-2d27-41e5-a2be-6fd6314f4363,2,29,0.050154,0
65cb14cb-2d27-41e5-a2be-6fd6314f4363,2,30,0.100804,0
65cb14cb-2d27-41e5-a2be-6fd6314f4363,3,0,0.930286,1
65cb14cb-2d27-41e5-a2be-6fd6314f4363,3,1,0.183630,0
65cb14cb-2d27-41e5-a2be-6fd6314f4363,3,2,0.284000,0
65cb14cb-2d27-41e5-a2be-6fd6314f4363,3,3,0.250096,0
65cb14cb-2d27-41e5-a2be-6fd6314f4363,3,4,0.250978,0
65cb14cb-2d27-41e5-a2be-6fd6314f4363,3,5,0.140080,0
65cb14cb-2d27-41e5-a2be-6fd6314f4363,3,6,0.967645,1
65cb14cb-2d27-41e5-a2be-6fd6314f4363,3,7,0.947359,1
65cb14cb-2d27-41e5-a2be-6fd6314f4363,3,8,0.617297,1
65cb14cb-2d27-41e5-a2be-6fd6314f4363,3,9,0.881707,1
65cb14cb-2d27-41e5-a2be-6fd6314f4363,3,10,0.252424,0
65cb14cb-2d27-41e5-a2be-6fd6314f4363,3,11,0.465937,0
65cb14cb-2d27-41e5-a2be-6fd6314f4363,3,12,0.189027,0
65cb14cb-2d27-41e5-a2be-6fd6314f4363,3,13,0.127884,0
65cb14cb-2d27-41e5-a2be-6fd6314f4363,3,14,0.575509,1
65cb14cb-2d27-41e5-a2be-6fd6314f4363,3,15,0.137814,0
65cb14cb-2d27-41e5-a2be-6fd6314f4363,3,16,0.092577,0
65cb14cb-2d27-41e5-a2be-6fd6314f4363,3,17,0.047364,0
65cb14cb-2d27-41e5-a2be-6fd6314f4363,3,18,0.073882,0
65cb14cb-2d27-41e5-a2be-6fd6314f4363,3,19,0.123446,0
65cb14cb-2d27-41e5-a2be-6fd6314f4363,3,20,0.085688,0
65cb14cb-2d27-41e5-a2be-6fd6314f4363,3,21,0.080690,0
65cb14cb-2d27-41e5-a2be-6fd6314f4363,3,22,0.171230,0
65cb14cb-2d27-41e5-a2be-6fd6314f4363,3,23,0.205101,0
65cb14cb-2d27-41e5-a2be-6fd6314f4363,3,24,0.238994,0
65cb14cb-2d27-41e5-a2be-6fd6314f4363,3,25,0.300439,0
8dc7ccfe-5cf0-482f-9101-a7c69881da4d,1,0,0.190235,0
8dc7ccfe-5cf0-482f-9101-a7c69881da4d,1,1,0.214335,0
8dc7ccfe-5cf0-482f-9101-a7c69881da4d,1,2,0.847568,1
8dc7ccfe-5cf0-482f-9101-a7c69881da4d,1,3,0.153943,0
8dc7ccfe-5cf0-482f-9101-a7c69881da4d,1,4,0.247830,0
8dc7ccfe-5cf0-482f-9101-a7c69881da4d,1,5,0.043948,0
8dc7ccfe-5cf0-482f-9101-a7c69881da4d,1,6,0.096831,0
8dc7ccfe-5cf0-482f-9101-a7c69881da4d,1,7,0.209648,0
8dc7ccfe-5cf0-482f-9101-a7c69881da4d,1,8,0.129581,0
8dc7ccfe-5cf0-482f-9101-a7c69881da4d,1,9,0.044314,0
8dc7ccfe-5cf0-482f-9101-a7c69881da4d,1,10,0.036375,0
8dc7ccfe-5cf0-482f-9101-a7c69881da4d,1,11,0.045330,0
8dc7ccfe-5cf0-482f-9101-a7c69881da4d,1,12,0.057125,0
8dc7ccfe-5cf0-482f-9101-a7c69881da4d,1,13,0.077782,0
8dc7ccfe-5cf0-482f-9101-a7c69881da4d,1,14,0.046258,0
8dc7ccfe-5cf0-482f-9101-a7c69881da4d,1,15,0.228292,0
8dc7ccfe-5cf0-482f-9101-a7c69881da4d,1,16,0.319143,0
8dc7ccfe-5cf0-482f-9101-a7c69881da4d,1,17,0.245311,0
8dc7ccfe-5cf0-482f-9101-a7c69881da4d,1,18,0.153890,0
8dc7ccfe-5cf0-482f-9101-a7c69881da4d,1,19,0.361388,0
8dc7ccfe-5cf0-482f-9101-a7c69881da4d,1,20,0.100385,0
8dc7ccfe-5cf0-482f-9101-a7c69881da4d,1,21,0.089392,0
8dc7ccfe-5cf0-482f-9101-a7c69881da4d,1,22,0.101452,0
8dc7ccfe-5cf0-482f-9101-a7c69881da4d,2,0,0.051688,0
8dc7ccfe-5cf0-482f-9101-a7c69881da4d,2,1,0.147467,0
8dc7ccfe-5cf0-482f-9101-a7c69881da4d,2,2,0.040020,0
8dc7ccfe-5cf0-482f-9101-a7c69881da4d,2,3,0.207495,0
8dc7ccfe-5cf0-482f-9101-a7c69881da4d,2,4,0.103949,0
8dc7ccfe-5cf0-482f-9101-a7c69881da4d,2,5,0.040909,0
8dc7ccfe-5cf0-482f-9101-a7c69881da4d,2,6,0.169689,0
8dc7ccfe-5cf0-482f-9101-a7c69881da4d,2,7,0.144163,0
8dc7ccfe-5cf0-482f-9101-a7c69881da4d,2,8,0.191067,0
8dc7ccfe-5cf0-482f-9101-a7c69881da4d,2,9,0.142549,0
8dc7ccfe-5cf0-482f-9101-a7c69881da4d,2,10,0.041790,0
8dc7ccfe-5cf0-482f-9101-a7c69881da4d,2,11,0.044002,0
8dc7ccfe-5cf0-482f-9101-a7c69881da4d,2,12,0.076886,0
8dc7ccfe-5cf0-482f-9101-a7c69881da4d,2,13,0.571259,1
8dc7ccfe-5cf0-482f-9101-a7c69881da4d,2,14,0.558186,1
8dc7ccfe-5cf0-482f-9101-a7c69881da4d,3,0,0.036010,0
8dc7ccfe-5cf0-482f-9101-a7c69881da4d,3,1,0.066879,0
8dc7ccfe-5cf0-482f-9101-a7c69881da4d,3,2,0.130239,0
8dc7ccfe-5cf0-482f-9101-a7c69881da4d,3,3,0.229370,0
8dc7ccfe-5cf0-482f-9101-a7c69881da4d,3,4,0.037049,0
8dc7ccfe-5cf0-482f-9101-a7c69881da4d,3,5,0.251632,0
8dc7ccfe-5cf0-482f-9101-a7c69881da4d,3,6,0.039611,0
8dc7ccfe-5cf0-482f-9101-a7c69881da4d,3,7,0.047663,0
8dc7ccfe-5cf0-482f-9101-a7c69881da4d,3,8,0.443655,0
8dc7ccfe-5cf0-482f-9101-a7c69881da4d,3,9,0.733932,1
8dc7ccfe-5cf0-482f-9101-a7c69881da4d,3,10,0.161335,0
8dc7ccfe-5cf0-482f-9101-a7c69881da4d,3,11,0.146205,0
8dc7ccfe-5cf0-482f-9101-a7c69881da4d,3,12,0.162711,0
8dc7ccfe-5cf0-482f-9101-a7c69881da4d,3,13,0.182954,0
8dc7ccfe-5cf0-482f-9101-a7c69881da4d,3,14,0.038516,0
8dc7ccfe-5cf0-482f-9101-a7c69881da4d,3,15,0.096515,0
b4dbeda7-a1f3-4711-ae77-db23809d1ed2,1,0,0.902051,1
b4dbeda7-a1f3-4711-ae77-db23809d1ed2,1,1,0.246354,0
b4dbeda7-a1f3-4711-ae77-db23809d1ed2,1,2,0.036261,0
b4dbeda7-a1f3-4711-ae77-db23809d1ed2,1,3,0.032766,0
b4dbeda7-a1f3-4711-ae77-db23809d1ed2,1,4,0.037669,0
b4dbeda7-a1f3-4711-ae77-db23809d1ed2,1,5,0.124229,0
b4dbeda7-a1f3-4711-ae77-db23809d1ed2,1,6,0.461980,0
b4dbeda7-a1f3-4711-ae77-db23809d1ed2,1,7,0.838103,1
b4dbeda7-a1f3-4711-ae77-db23809d1ed2,1,8,0.534389,1
b4dbeda7-a1f3-4711-ae77-db23809d1ed2,1,9,0.173361,0
b4dbeda7-a1f3-4711-ae77-db23809d1ed2,1,10,0.248973,0
b4dbeda7-a1f3-4711-ae77-db23809d1ed2,1,11,0.200995,0
b4dbeda7-a1f3-4711-ae77-db23809d1ed2,1,12,0.059595,0
b4dbeda7-a1f3-4711-ae77-db23809d1ed2,1,13,0.166620,0
b4dbeda7-a1f3-4711-ae77-db23809d1ed2,1,14,0.296118,0
b4dbeda7-a1f3-4711-ae77-db23809d1ed2,1,15,0.556378,1
b4dbeda7-a1f3-4711-ae77-db23809d1ed2,1,16,0.400649,0
b4dbeda7-a1f3-4711-ae77-db23809d1ed2,2,0,0.037933,0
b4dbeda7-a1f3-4711-ae77-db23809d1ed2,2,1,0.889187,1
b4dbeda7-a1f3-4711-ae77-db23809d1ed2,2,2,0.719882,1
b4dbeda7-a1f3-4711-ae77-db23809d1ed2,2,3,0.134187,0
b4dbeda7-a1f3-4711-ae77-db23809d1ed2,2,4,0.130981,0
b4dbeda7-a1f3-4711-ae77-db23809d1ed2,2,5,0.928896,1
b4dbeda7-a1f3-4711-ae77-db23809d1ed2,2,6,0.171836,0
b4dbeda7-a1f3-4711-ae77-db23809d1ed2,2,7,0.123967,0
b4dbeda7-a1f3-4711-ae77-db23809d1ed2,2,8,0.116465,0
b4dbeda7-a1f3-4711-ae77-db23809d1ed2,2,9,0.039011,0
b4dbeda7-a1f3-4711-ae77-db23809d1ed2,2,10,0.189198,0
b4dbeda7-a1f3-4711-ae77-db23809d1ed2,2,11,0.089606,0
b4dbeda7-a1f3-4711-ae77-db23809d1ed2,2,12,0.300536,0
b4dbeda7-a1f3-4711-ae77-db23809d1ed2,2,13,0.040308,0
b4dbeda7-a1f3-4711-ae77-db23809d1ed2,2,14,0.040690,0
b4dbeda7-a1f3-4711-ae77-db23809d1ed2,2,15,0.054631,0
b4dbeda7-a1f3-4711-ae77-db23809d1ed2,2,16,0.033856,0
b4dbeda7-a1f3-4711-ae77-db23809d1ed2,2,17,0.100452,0
b4dbeda7-a1f3-4711-ae77-db23809d1ed2,2,18,0.441707,0
b4dbeda7-a1f3-4711-ae77-db23809d1ed2,2,19,0.305725,0
b4dbeda7-a1f3-4711-ae77-db23809d1ed2,2,20,0.052283,0
b4dbeda7-a1f3-4711-ae77-db23809d1ed2,2,21,0.045091,0
b4dbeda7-a1f3-4711-ae77-db23809d1ed2,2,22,0.190202,0
b4dbeda7-a1f3-4711-ae77-db23809d1ed2,3,0,0.944808,1
b4dbeda7-a1f3-4711-ae77-db23809d1ed2,3,1,0.124930,0
b4dbeda7-a1f3-4711-ae77-db23809d1ed2,3,2,0.095763,0
b4dbeda7-a1f3-4711-ae77-db23809d1ed2,3,3,0.236484,0
b4dbeda7-a1f3-4711-ae77-db23809d1ed2,3,4,0.270359,0
b4dbeda7-a1f3-4711-ae77-db23809d1ed2,3,5,0.928896,1
b4dbeda7-a1f3-4711-ae77-db23809d1ed2,3,6,0.355318,0
b4dbeda7-a1f3-4711-ae77-db23809d1ed2,3,7,0.109857,0
b4dbeda7-a1f3-4711-ae77-db23809d1ed2,3,8,0.786470,1
b4dbeda7-a1f3-4711-ae77-db23809d1ed2,3,9,0.212882,0
b4dbeda7-a1f3-4711-ae77-db23809d1ed2,3,10,0.222120,0
b4dbeda7-a1f3-4711-ae77-db23809d1ed2,3,11,0.036404,0
b4dbeda7-a1f3-4711-ae77-db23809d1ed2,3,12,0.033741,0
b5eefefb-2a33-45de-abe1-f855c94165f4,1,0,0.917660,1
b5eefefb-2a33-45de-abe1-f855c94165f4,1,1,0.956495,1
b5eefefb-2a33-45de-abe1-f855c94165f4,1,2,0.969718,1
b5eefefb-2a33-45de-abe1-f855c94165f4,1,3,0.108969,0
b5eefefb-2a33-45de-abe1-f855c94165f4,1,4,0.796907,1
b5eefefb-2a33-45de-abe1-f855c94165f4,1,5,0.226894,0
b5eefefb-2a33-45de-abe1-f855c94165f4,1,6,0.479503,0
b5eefefb-2a33-45de-abe1-f855c94165f4,1,7,0.916534,1
b5eefefb-2a33-45de-abe1-f855c94165f4,1,8,0.176268,0
b5eefefb-2a33-45de-abe1-f855c94165f4,1,9,0.484447,0
b5eefefb-2a33-45de-abe1-f855c94165f4,1,10,0.121277,0
b5eefefb-2a33-45de-abe1-f855c94165f4,1,11,0.630326,1
b5eefefb-2a33-45de-abe1-f855c94165f4,1,12,0.669800,1
b5eefefb-2a33-45de-abe1-f855c94165f4,1,13,0.110365,0
b5eefefb-2a33-45de-abe1-f855c94165f4,1,14,0.105191,0
b5eefefb-2a33-45de-abe1-f855c94165f4,1,15,0.069778,0
b5eefefb-2a33-45de-abe1-f855c94165f4,1,16,0.211575,0
b5eefefb-2a33-45de-abe1-f855c94165f4,1,17,0.046493,0
b5eefefb-2a33-45de-abe1-f855c94165f4,1,18,0.145817,0
b5eefefb-2a33-45de-abe1-f855c94165f4,1,19,0.565639,1
b5eefefb-2a33-45de-abe1-f855c94165f4,1,20,0.609475,1
b5eefefb-2a33-45de-abe1-f855c94165f4,1,21,0.271342,0
b5eefefb-2a33-45de-abe1-f855c94165f4,1,22,0.221690,0
b5eefefb-2a33-45de-abe1-f855c94165f4,1,23,0.462375,0
b5eefefb-2a33-45de-abe1-f855c94165f4,1,24,0.771980,1
b5eefefb-2a33-45de-abe1-f855c94165f4,1,25,0.216226,0
b5eefefb-2a33-45de-abe1-f855c94165f4,1,26,0.935648,1
b5eefefb-2a33-45de-abe1-f855c94165f4,1,27,0.267564,0
b5eefefb-2a33-45de-abe1-f855c94165f4,1,28,0.503404,1
b5eefefb-2a33-45de-abe1-f855c94165f4,1,29,0.194771,0
b5eefefb-2a33-45de-abe1-f855c94165f4,1,30,0.335580,0
b5eefefb-2a33-45de-abe1-f855c94165f4,1,31,0.248003,0
b5eefefb-2a33-45de-abe1-f855c94165f4,1,32,0.129954,0
b5eefefb-2a33-45de-abe1-f855c94165f4,1,33,0.109234,0
b5eefefb-2a33-45de-abe1-f855c94165f4,1,34,0.149918,0
b5eefefb-2a33-45de-abe1-f855c94165f4,1,35,0.314677,0
b5eefefb-2a33-45de-abe1-f855c94165f4,1,36,0.630378,1
b5eefefb-2a33-45de-abe1-f855c94165f4,1,37,0.819089,1
b5eefefb-2a33-45de-abe1-f855c94165f4,1,38,0.122394,0
b5eefefb-2a33-45de-abe1-f855c94165f4,1,39,0.322072,0
b5eefefb-2a33-45de-abe1-f855c94165f4,1,40,0.142172,0
b5eefefb-2a33-45de-abe1-f855c94165f4,1,41,0.736552,1
b5eefefb-2a33-45de-abe1-f855c94165f4,1,42,0.321383,0
b5eefefb-2a33-45de-abe1-f855c94165f4,1,43,0.098745,0
b5eefefb-2a33-45de-abe1-f855c94165f4,1,44,0.109804,0
b5eefefb-2a33-45de-abe1-f855c94165f4,1,45,0.066789,0
b5eefefb-2a33-45de-abe1-f855c94165f4,1,46,0.066279,0
b5eefefb-2a33-45de-abe1-f855c94165f4,1,47,0.897619,1
b5eefefb-2a33-45de-abe1-f855c94165f4,1,48,0.036948,0
b5eefefb-2a33-45de-abe1-f855c94165f4,1,49,0.066171,0
b5eefefb-2a33-45de-abe1-f855c94165f4,2,0,0.120898,0
b5eefefb-2a33-45de-abe1-f855c94165f4,2,1,0.895843,1
b5eefefb-2a33-45de-abe1-f855c94165f4,2,2,0.078123,0
b5eefefb-2a33-45de-abe1-f855c94165f4,2,3,0.035144,0
b5eefefb-2a33-45de-abe1-f855c94165f4,2,4,0.740131,1
b5eefefb-2a33-45de-abe1-f855c94165f4,2,5,0.598956,1
b5eefefb-2a33-45de-abe1-f855c94165f4,2,6,0.048397,0
b5eefefb-2a33-45de-abe1-f855c94165f4,2,7,0.379128,0
b5eefefb-2a33-45de-abe1-f855c94165f4,2,8,0.118154,0
b5eefefb-2a33-45de-abe1-f855c94165f4,2,9,0.334540,0
b5eefefb-2a33-45de-abe1-f855c94165f4,2,10,0.323237,0
b5eefefb-2a33-45de-abe1-f855c94165f4,2,11,0.107558,0
b5eefefb-2a33-45de-abe1-f855c94165f4,2,12,0.131995,0
b5eefefb-2a33-45de-abe1-f855c94165f4,2,13,0.069703,0
b5eefefb-2a33-45de-abe1-f855c94165f4,2,14,0.115189,0
b5eefefb-2a33-45de-abe1-f855c94165f4,2,15,0.618082,1
b5eefefb-2a33-45de-abe1-f855c94165f4,2,16,0.926620,1
b5eefefb-2a33-45de-abe1-f855c94165f4,2,17,0.259084,0
b5eefefb-2a33-45de-abe1-f855c94165f4,2,18,0.668432,1
b5eefefb-2a33-45de-abe1-f855c94165f4,2,19,0.210022,0
b5eefefb-2a33-45de-abe1-f855c94165f4,2,20,0.166793,0
b5eefefb-2a33-45de-abe1-f855c94165f4,2,21,0.119931,0
b5eefefb-2a33-45de-abe1-f855c94165f4,2,22,0.189959,0
b5eefefb-2a33-45de-abe1-f855c94165f4,2,23,0.053832,0
b5eefefb-2a33-45de-abe1-f855c94165f4,2,24,0.107680,0
b5eefefb-2a33-45de-abe1-f855c94165f4,2,25,0.192263,0
b5eefefb-2a33-45de-abe1-f855c94165f4,2,26,0.044995,0
b5eefefb-2a33-45de-abe1-f855c94165f4,2,27,0.828197,1
b5eefefb-2a33-45de-abe1-f855c94165f4,2,28,0.088943,0
b5eefefb-2a33-45de-abe1-f855c94165f4,2,29,0.851070,1
b5eefefb-2a33-45de-abe1-f855c94165f4,2,30,0.975452,1
b5eefefb-2a33-45de-abe1-f855c94165f4,2,31,0.931531,1
b5eefefb-2a33-45de-abe1-f855c94165f4,2,32,0.114699,0
b5eefefb-2a33-45de-abe1-f855c94165f4,2,33,0.248620,0
b5eefefb-2a33-45de-abe1-f855c94165f4,2,34,0.186494,0
b5eefefb-2a33-45de-abe1-f855c94165f4,2,35,0.941580,1
b5eefefb-2a33-45de-abe1-f855c94165f4,2,36,0.251739,0
b5eefefb-2a33-45de-abe1-f855c94165f4,2,37,0.081696,0
b5eefefb-2a33-45de-abe1-f855c94165f4,2,38,0.497515,0
b5eefefb-2a33-45de-abe1-f855c94165f4,2,39,0.124239,0
b5eefefb-2a33-45de-abe1-f855c94165f4,2,40,0.138070,0
b5eefefb-2a33-45de-abe1-f855c94165f4,2,41,0.556600,1
b5eefefb-2a33-45de-abe1-f855c94165f4,2,42,0.428733,0
b5eefefb-2a33-45de-abe1-f855c94165f4,2,43,0.158876,0
b5eefefb-2a33-45de-abe1-f855c94165f4,2,44,0.833108,1
b5eefefb-2a33-45de-abe1-f855c94165f4,2,45,0.954441,1
b5eefefb-2a33-45de-abe1-f855c94165f4,2,46,0.264868,0
b5eefefb-2a33-45de-abe1-f855c94165f4,2,47,0.783019,1
b5eefefb-2a33-45de-abe1-f855c94165f4,2,48,0.697499,1
b5eefefb-2a33-45de-abe1-f855c94165f4,2,49,0.343115,0
b5eefefb-2a33-45de-abe1-f855c94165f4,2,50,0.173099,0
b5eefefb-2a33-45de-abe1-f855c94165f4,2,51,0.179765,0
b5eefefb-2a33-45de-abe1-f855c94165f4,2,52,0.385637,0
b5eefefb-2a33-45de-abe1-f855c94165f4,2,53,0.972671,1
b5eefefb-2a33-45de-abe1-f855c94165f4,2,54,0.437531,0
b5eefefb-2a33-45de-abe1-f855c94165f4,2,55,0.089783,0
b5eefefb-2a33-45de-abe1-f855c94165f4,2,56,0.200370,0
b5eefefb-2a33-45de-abe1-f855c94165f4,2,57,0.113675,0
b5eefefb-2a33-45de-abe1-f855c94165f4,2,58,0.281516,0
b5eefefb-2a33-45de-abe1-f855c94165f4,2,59,0.099874,0
b5eefefb-2a33-45de-abe1-f855c94165f4,2,60,0.040613,0
b5eefefb-2a33-45de-abe1-f855c94165f4,2,61,0.183361,0
b5eefefb-2a33-45de-abe1-f855c94165f4,3,0,0.053896,0
b5eefefb-2a33-45de-abe1-f855c94165f4,3,1,0.053730,0
b5eefefb-2a33-45de-abe1-f855c94165f4,3,2,0.971983,1
b5eefefb-2a33-45de-abe1-f855c94165f4,3,3,0.454596,0
b5eefefb-2a33-45de-abe1-f855c94165f4,3,4,0.908721,1
b5eefefb-2a33-45de-abe1-f855c94165f4,3,5,0.306915,0
b5eefefb-2a33-45de-abe1-f855c94165f4,3,6,0.680105,1
b5eefefb-2a33-45de-abe1-f855c94165f4,3,7,0.844268,1
b5eefefb-2a33-45de-abe1-f855c94165f4,3,8,0.797964,1
b5eefefb-2a33-45de-abe1-f855c94165f4,3,9,0.946132,1
b5eefefb-2a33-45de-abe1-f855c94165f4,3,10,0.217390,0
b5eefefb-2a33-45de-abe1-f855c94165f4,3,11,0.973110,1
b5eefefb-2a33-45de-abe1-f855c94165f4,3,12,0.354585,0
b5eefefb-2a33-45de-abe1-f855c94165f4,3,13,0.575664,1
b5eefefb-2a33-45de-abe1-f855c94165f4,3,14,0.974677,1
b5eefefb-2a33-45de-abe1-f855c94165f4,3,15,0.966503,1
b5eefefb-2a33-45de-abe1-f855c94165f4,3,16,0.928647,1
b5eefefb-2a33-45de-abe1-f855c94165f4,3,17,0.157106,0
b5eefefb-2a33-45de-abe1-f855c94165f4,3,18,0.134296,0
b5eefefb-2a33-45de-abe1-f855c94165f4,3,19,0.195654,0
b5eefefb-2a33-45de-abe1-f855c94165f4,3,20,0.880998,1
b5eefefb-2a33-45de-abe1-f855c94165f4,3,21,0.252665,0
b5eefefb-2a33-45de-abe1-f855c94165f4,3,22,0.216987,0
b5eefefb-2a33-45de-abe1-f855c94165f4,3,23,0.102270,0
b5eefefb-2a33-45de-abe1-f855c94165f4,3,24,0.157127,0
b5eefefb-2a33-45de-abe1-f855c94165f4,3,25,0.448226,0
b5eefefb-2a33-45de-abe1-f855c94165f4,3,26,0.190652,0
b5eefefb-2a33-45de-abe1-f855c94165f4,3,27,0.083463,0
b5eefefb-2a33-45de-abe1-f855c94165f4,3,28,0.328368,0
cad4bba5-cf97-45cb-8059-ebeb47dcec7a,1,0,0.035867,0
cad4bba5-cf97-45cb-8059-ebeb47dcec7a,1,1,0.302259,0
cad4bba5-cf97-45cb-8059-ebeb47dcec7a,1,2,0.365376,0
cad4bba5-cf97-45cb-8059-ebeb47dcec7a,1,3,0.053068,0
cad4bba5-cf97-45cb-8059-ebeb47dcec7a,1,4,0.051026,0
cad4bba5-cf97-45cb-8059-ebeb47dcec7a,1,5,0.042800,0
cad4bba5-cf97-45cb-8059-ebeb47dcec7a,1,6,0.044680,0
cad4bba5-cf97-45cb-8059-ebeb47dcec7a,1,7,0.052280,0
cad4bba5-cf97-45cb-8059-ebeb47dcec7a,1,8,0.038874,0
cad4bba5-cf97-45cb-8059-ebeb47dcec7a,1,9,0.041261,0
cad4bba5-cf97-45cb-8059-ebeb47dcec7a,1,10,0.036232,0
cad4bba5-cf97-45cb-8059-ebeb47dcec7a,1,11,0.038060,0
cad4bba5-cf97-45cb-8059-ebeb47dcec7a,1,12,0.034996,0
cad4bba5-cf97-45cb-8059-ebeb47dcec7a,1,13,0.130951,0
cad4bba5-cf97-45cb-8059-ebeb47dcec7a,1,14,0.131585,0
cad4bba5-cf97-45cb-8059-ebeb47dcec7a,1,15,0.297806,0
cad4bba5-cf97-45cb-8059-ebeb47dcec7a,1,16,0.072894,0
cad4bba5-cf97-45cb-8059-ebeb47dcec7a,1,17,0.171301,0
cad4bba5-cf97-45cb-8059-ebeb47dcec7a,1,18,0.040384,0
cad4bba5-cf97-45cb-8059-ebeb47dcec7a,1,19,0.180691,0
cad4bba5-cf97-45cb-8059-ebeb47dcec7a,1,20,0.043538,0
cad4bba5-cf97-45cb-8059-ebeb47dcec7a,1,21,0.075039,0
cad4bba5-cf97-45cb-8059-ebeb47dcec7a,1,22,0.106254,0
cad4bba5-cf97-45cb-8059-ebeb47dcec7a,2,0,0.042175,0
cad4bba5-cf97-45cb-8059-ebeb47dcec7a,2,1,0.038604,0
cad4bba5-cf97-45cb-8059-ebeb47dcec7a,2,2,0.164678,0
cad4bba5-cf97-45cb-8059-ebeb47dcec7a,2,3,0.039186,0
cad4bba5-cf97-45cb-8059-ebeb47dcec7a,2,4,0.035242,0
cad4bba5-cf97-45cb-8059-ebeb47dcec7a,2,5,0.069668,0
cad4bba5-cf97-45cb-8059-ebeb47dcec7a,2,6,0.046274,0
cad4bba5-cf97-45cb-8059-ebeb47dcec7a,2,7,0.040185,0
cad4bba5-cf97-45cb-8059-ebeb47dcec7a,2,8,0.098440,0
cad4bba5-cf97-45cb-8059-ebeb47dcec7a,2,9,0.081802,0
cad4bba5-cf97-45cb-8059-ebeb47dcec7a,2,10,0.050737,0
cad4bba5-cf97-45cb-8059-ebeb47dcec7a,2,11,0.140527,0
cad4bba5-cf97-45cb-8059-ebeb47dcec7a,2,12,0.073524,0
cad4bba5-cf97-45cb-8059-ebeb47dcec7a,2,13,0.057621,0
cad4bba5-cf97-45cb-8059-ebeb47dcec7a,2,14,0.096824,0
cad4bba5-cf97-45cb-8059-ebeb47dcec7a,2,15,0.096995,0
cad4bba5-cf97-45cb-8059-ebeb47dcec7a,2,16,0.054018,0
cad4bba5-cf97-45cb-8059-ebeb47dcec7a,2,17,0.188839,0
cad4bba5-cf97-45cb-8059-ebeb47dcec7a,2,18,0.271146,0
cad4bba5-cf97-45cb-8059-ebeb47dcec7a,2,19,0.072877,0
cad4bba5-cf97-45cb-8059-ebeb47dcec7a,2,20,0.075736,0
cad4bba5-cf97-45cb-8059-ebeb47dcec7a,2,21,0.039374,0
cad4bba5-cf97-45cb-8059-ebeb47dcec7a,2,22,0.040545,0
cad4bba5-cf97-45cb-8059-ebeb47dcec7a,2,23,0.136628,0
cad4bba5-cf97-45cb-8059-ebeb47dcec7a,2,24,0.247295,0
cad4bba5-cf97-45cb-8059-ebeb47dcec7a,3,0,0.035554,0
cad4bba5-cf97-45cb-8059-ebeb47dcec7a,3,1,0.033968,0
cad4bba5-cf97-45cb-8059-ebeb47dcec7a,3,2,0.606572,1
cad4bba5-cf97-45cb-8059-ebeb47dcec7a,3,3,0.138323,0
cad4bba5-cf97-45cb-8059-ebeb47dcec7a,3,4,0.195785,0
cad4bba5-cf97-45cb-8059-ebeb47dcec7a,3,5,0.037450,0
cad4bba5-cf97-45cb-8059-ebeb47dcec7a,3,6,0.038933,0
cad4bba5-cf97-45cb-8059-ebeb47dcec7a,3,7,0.120501,0
cad4bba5-cf97-45cb-8059-ebeb47dcec7a,3,8,0.036019,0
cad4bba5-cf97-45cb-8059-ebeb47dcec7a,3,9,0.079419,0
cad4bba5-cf97-45cb-8059-ebeb47dcec7a,3,10,0.065408,0
cad4bba5-cf97-45cb-8059-ebeb47dcec7a,3,11,0.425119,0
cad4bba5-cf97-45cb-8059-ebeb47dcec7a,3,12,0.085027,0
cad4bba5-cf97-45cb-8059-ebeb47dcec7a,3,13,0.135821,0
cad4bba5-cf97-45cb-8059-ebeb47dcec7a,3,14,0.054985,0
cad4bba5-cf97-45cb-8059-ebeb47dcec7a,3,15,0.157045,0
cad4bba5-cf97-45cb-8059-ebeb47dcec7a,3,16,0.098897,0
cad4bba5-cf97-45cb-8059-ebeb47dcec7a,3,17,0.101426,0
cad4bba5-cf97-45cb-8059-ebeb47dcec7a,3,18,0.108019,0
cad4bba5-cf97-45cb-8059-ebeb47dcec7a,3,19,0.135850,0
cad4bba5-cf97-45cb-8059-ebeb47dcec7a,3,20,0.039474,0
cad4bba5-cf97-45cb-8059-ebeb47dcec7a,3,21,0.445403,0
cad4bba5-cf97-45cb-8059-ebeb47dcec7a,3,22,0.331101,0
cad4bba5-cf97-45cb-8059-ebeb47dcec7a,3,23,0.064605,0
cad4bba5-cf97-45cb-8059-ebeb47dcec7a,3,24,0.140966,0
cad4bba5-cf97-45cb-8059-ebeb47dcec7a,3,25,0.084611,0
cad4bba5-cf97-45cb-8059-ebeb47dcec7a,3,26,0.334015,0
cad4bba5-cf97-45cb-8059-ebeb47dcec7a,3,27,0.091339,0
cad4bba5-cf97-45cb-8059-ebeb47dcec7a,3,28,0.043551,0
cad4bba5-cf97-45cb-8059-ebeb47dcec7a,3,29,0.086632,0
cad4bba5-cf97-45cb-8059-ebeb47dcec7a,3,30,0.213223,0
f11c2566-848a-4e29-b8c5-4de0a81114e4,1,0,0.148666,0
f11c2566-848a-4e29-b8c5-4de0a81114e4,1,1,0.105990,0
f11c2566-848a-4e29-b8c5-4de0a81114e4,1,2,0.112570,0
f11c2566-848a-4e29-b8c5-4de0a81114e4,1,3,0.074414,0
f11c2566-848a-4e29-b8c5-4de0a81114e4,1,4,0.191494,0
f11c2566-848a-4e29-b8c5-4de0a81114e4,1,5,0.045485,0
f11c2566-848a-4e29-b8c5-4de0a81114e4,1,6,0.052091,0
f11c2566-848a-4e29-b8c5-4de0a81114e4,1,7,0.204454,0
f11c2566-848a-4e29-b8c5-4de0a81114e4,1,8,0.044157,0
f11c2566-848a-4e29-b8c5-4de0a81114e4,1,9,0.071545,0
f11c2566-848a-4e29-b8c5-4de0a81114e4,1,10,0.311897,0
f11c2566-848a-4e29-b8c5-4de0a81114e4,1,11,0.034547,0
f11c2566-848a-4e29-b8c5-4de0a81114e4,1,12,0.069272,0
f11c2566-848a-4e29-b8c5-4de0a81114e4,2,0,0.215089,0
f11c2566-848a-4e29-b8c5-4de0a81114e4,2,1,0.115980,0
f11c2566-848a-4e29-b8c5-4de0a81114e4,2,2,0.092047,0
f11c2566-848a-4e29-b8c5-4de0a81114e4,2,3,0.152316,0
f11c2566-848a-4e29-b8c5-4de0a81114e4,2,4,0.036317,0
f11c2566-848a-4e29-b8c5-4de0a81114e4,2,5,0.607869,1
f11c2566-848a-4e29-b8c5-4de0a81114e4,2,6,0.244103,0
f11c2566-848a-4e29-b8c5-4de0a81114e4,2,7,0.436655,0
f11c2566-848a-4e29-b8c5-4de0a81114e4,2,8,0.685877,1
f11c2566-848a-4e29-b8c5-4de0a81114e4,2,9,0.730786,1
f11c2566-848a-4e29-b8c5-4de0a81114e4,2,10,0.934976,1
f11c2566-848a-4e29-b8c5-4de0a81114e4,2,11,0.200744,0
f11c2566-848a-4e29-b8c5-4de0a81114e4,3,0,0.346829,0
f11c2566-848a-4e29-b8c5-4de0a81114e4,3,1,0.042174,0
f11c2566-848a-4e29-b8c5-4de0a81114e4,3,2,0.085893,0
f11c2566-848a-4e29-b8c5-4de0a81114e4,3,3,0.213622,0
f11c2566-848a-4e29-b8c5-4de0a81114e4,3,4,0.098611,0
f11c2566-848a-4e29-b8c5-4de0a81114e4,3,5,0.037047,0
f11c2566-848a-4e29-b8c5-4de0a81114e4,3,6,0.072215,0
f11c2566-848a-4e29-b8c5-4de0a81114e4,3,7,0.883770,1
f11c2566-848a-4e29-b8c5-4de0a81114e4,3,8,0.492776,0
f11c2566-848a-4e29-b8c5-4de0a81114e4,3,9,0.055643,0
f11c2566-848a-4e29-b8c5-4de0a81114e4,3,10,0.073454,0
f11c2566-848a-4e29-b8c5-4de0a81114e4,3,11,0.038744,0
f11c2566-848a-4e29-b8c5-4de0a81114e4,3,12,0.034752,0
f11c2566-848a-4e29-b8c5-4de0a81114e4,3,13,0.038524,0
f11c2566-848a-4e29-b8c5-4de0a81114e4,3,14,0.044773,0
f11c2566-848a-4e29-b8c5-4de0a81114e4,3,15,0.034355,0
11c9f251-35c8-4452-b052-df9be61464c6,1,0,0.104564,0
11c9f251-35c8-4452-b052-df9be61464c6,1,1,0.113071,0
11c9f251-35c8-4452-b052-df9be61464c6,1,2,0.084831,0
11c9f251-35c8-4452-b052-df9be61464c6,1,3,0.068255,0
11c9f251-35c8-4452-b052-df9be61464c6,1,4,0.102221,0
11c9f251-35c8-4452-b052-df9be61464c6,1,5,0.069622,0
11c9f251-35c8-4452-b052-df9be61464c6,1,6,0.109626,0
11c9f251-35c8-4452-b052-df9be61464c6,1,7,0.151261,0
11c9f251-35c8-4452-b052-df9be61464c6,1,8,0.210572,0
11c9f251-35c8-4452-b052-df9be61464c6,1,9,0.087624,0
11c9f251-35c8-4452-b052-df9be61464c6,1,10,0.160150,0
11c9f251-35c8-4452-b052-df9be61464c6,1,11,0.049021,0
11c9f251-35c8-4452-b052-df9be61464c6,1,12,0.144693,0
11c9f251-35c8-4452-b052-df9be61464c6,1,13,0.132782,0
11c9f251-35c8-4452-b052-df9be61464c6,1,14,0.304251,0
11c9f251-35c8-4452-b052-df9be61464c6,1,15,0.269815,0
11c9f251-35c8-4452-b052-df9be61464c6,1,16,0.055334,0
11c9f251-35c8-4452-b052-df9be61464c6,2,0,0.427028,0
11c9f251-35c8-4452-b052-df9be61464c6,2,1,0.917366,1
11c9f251-35c8-4452-b052-df9be61464c6,2,2,0.252396,0
11c9f251-35c8-4452-b052-df9be61464c6,2,3,0.162063,0
11c9f251-35c8-4452-b052-df9be61464c6,2,4,0.099940,0
11c9f251-35c8-4452-b052-df9be61464c6,2,5,0.260325,0
11c9f251-35c8-4452-b052-df9be61464c6,2,6,0.270000,0
11c9f251-35c8-4452-b052-df9be61464c6,2,7,0.109626,0
11c9f251-35c8-4452-b052-df9be61464c6,2,8,0.271459,0
11c9f251-35c8-4452-b052-df9be61464c6,2,9,0.154689,0
11c9f251-35c8-4452-b052-df9be61464c6,2,10,0.034904,0
11c9f251-35c8-4452-b052-df9be61464c6,2,11,0.040208,0
11c9f251-35c8-4452-b052-df9be61464c6,2,12,0.169513,0
11c9f251-35c8-4452-b052-df9be61464c6,3,0,0.041873,0
11c9f251-35c8-4452-b052-df9be61464c6,3,1,0.087362,0
11c9f251-35c8-4452-b052-df9be61464c6,3,2,0.276061,0
11c9f251-35c8-4452-b052-df9be61464c6,3,3,0.109020,0
11c9f251-35c8-4452-b052-df9be61464c6,3,4,0.114618,0
11c9f251-35c8-4452-b052-df9be61464c6,3,5,0.093775,0
11c9f251-35c8-4452-b052-df9be61464c6,3,6,0.137233,0
11c9f251-35c8-4452-b052-df9be61464c6,3,7,0.142139,0
11c9f251-35c8-4452-b052-df9be61464c6,3,8,0.037118,0
11c9f251-35c8-4452-b052-df9be61464c6,3,9,0.149863,0
11c9f251-35c8-4452-b052-df9be61464c6,3,10,0.355001,0
11c9f251-35c8-4452-b052-df9be61464c6,3,11,0.149747,0
11c9f251-35c8-4452-b052-df9be61464c6,3,12,0.052080,0
11c9f251-35c8-4452-b052-df9be61464c6,3,13,0.131167,0
11c9f251-35c8-4452-b052-df9be61464c6,3,14,0.243993,0
1bb79cc1-5d69-4136-a23d-6dbd300cbf25,1,0,0.328350,0
1bb79cc1-5d69-4136-a23d-6dbd300cbf25,1,1,0.052639,0
1bb79cc1-5d69-4136-a23d-6dbd300cbf25,1,2,0.097338,0
1bb79cc1-5d69-4136-a23d-6dbd300cbf25,1,3,0.036838,0
1bb79cc1-5d69-4136-a23d-6dbd300cbf25,1,4,0.374389,0
1bb79cc1-5d69-4136-a23d-6dbd300cbf25,1,5,0.045729,0
1bb79cc1-5d69-4136-a23d-6dbd300cbf25,1,6,0.148132,0
1bb79cc1-5d69-4136-a23d-6dbd300cbf25,1,7,0.374367,0
1bb79cc1-5d69-4136-a23d-6dbd300cbf25,1,8,0.130419,0
1bb79cc1-5d69-4136-a23d-6dbd300cbf25,1,9,0.156260,0
1bb79cc1-5d69-4136-a23d-6dbd300cbf25,1,10,0.058576,0
1bb79cc1-5d69-4136-a23d-6dbd300cbf25,1,11,0.285994,0
1bb79cc1-5d69-4136-a23d-6dbd300cbf25,1,12,0.228574,0
1bb79cc1-5d69-4136-a23d-6dbd300cbf25,1,13,0.287822,0
1bb79cc1-5d69-4136-a23d-6dbd300cbf25,1,14,0.162816,0
1bb79cc1-5d69-4136-a23d-6dbd300cbf25,1,15,0.147691,0
1bb79cc1-5d69-4136-a23d-6dbd300cbf25,1,16,0.169465,0
1bb79cc1-5d69-4136-a23d-6dbd300cbf25,1,17,0.157859,0
1bb79cc1-5d69-4136-a23d-6dbd300cbf25,1,18,0.119598,0
1bb79cc1-5d69-4136-a23d-6dbd300cbf25,1,19,0.048199,0
1bb79cc1-5d69-4136-a23d-6dbd300cbf25,1,20,0.036310,0
1bb79cc1-5d69-4136-a23d-6dbd300cbf25,1,21,0.034886,0
1bb79cc1-5d69-4136-a23d-6dbd300cbf25,1,22,0.108667,0
1bb79cc1-5d69-4136-a23d-6dbd300cbf25,1,23,0.196201,0
1bb79cc1-5d69-4136-a23d-6dbd300cbf25,1,24,0.073598,0
1bb79cc1-5d69-4136-a23d-6dbd300cbf25,1,25,0.427840,0
1bb79cc1-5d69-4136-a23d-6dbd300cbf25,1,26,0.047319,0
1bb79cc1-5d69-4136-a23d-6dbd300cbf25,1,27,0.045775,0
1bb79cc1-5d69-4136-a23d-6dbd300cbf25,1,28,0.044874,0
1bb79cc1-5d69-4136-a23d-6dbd300cbf25,1,29,0.620768,1
1bb79cc1-5d69-4136-a23d-6dbd300cbf25,1,30,0.041982,0
1bb79cc1-5d69-4136-a23d-6dbd300cbf25,1,31,0.036581,0
1bb79cc1-5d69-4136-a23d-6dbd300cbf25,1,32,0.079376,0
1bb79cc1-5d69-4136-a23d-6dbd300cbf25,1,33,0.034198,0
1bb79cc1-5d69-4136-a23d-6dbd300cbf25,1,34,0.175932,0
1bb79cc1-5d69-4136-a23d-6dbd300cbf25,1,35,0.080190,0
1bb79cc1-5d69-4136-a23d-6dbd300cbf25,2,0,0.101229,0
1bb79cc1-5d69-4136-a23d-6dbd300cbf25,2,1,0.333861,0
1bb79cc1-5d69-4136-a23d-6dbd300cbf25,2,2,0.044328,0
1bb79cc1-5d69-4136-a23d-6dbd300cbf25,2,3,0.049380,0
1bb79cc1-5d69-4136-a23d-6dbd300cbf25,2,4,0.193842,0
1bb79cc1-5d69-4136-a23d-6dbd300cbf25,2,5,0.175464,0
1bb79cc1-5d69-4136-a23d-6dbd300cbf25,2,6,0.082231,0
1bb79cc1-5d69-4136-a23d-6dbd300cbf25,2,7,0.162343,0
1bb79cc1-5d69-4136-a23d-6dbd300cbf25,2,8,0.069270,0
1bb79cc1-5d69-4136-a23d-6dbd300cbf25,2,9,0.381990,0
1bb79cc1-5d69-4136-a23d-6dbd300cbf25,2,10,0.033632,0
1bb79cc1-5d69-4136-a23d-6dbd300cbf25,2,11,0.190477,0
1bb79cc1-5d69-4136-a23d-6dbd300cbf25,2,12,0.047052,0
1bb79cc1-5d69-4136-a23d-6dbd300cbf25,2,13,0.110545,0
1bb79cc1-5d69-4136-a23d-6dbd300cbf25,2,14,0.034680,0
1bb79cc1-5d69-4136-a23d-6dbd300cbf25,2,15,0.196856,0
1bb79cc1-5d69-4136-a23d-6dbd300cbf25,2,16,0.227610,0
1bb79cc1-5d69-4136-a23d-6dbd300cbf25,2,17,0.746083,1
1bb79cc1-5d69-4136-a23d-6dbd300cbf25,2,18,0.125336,0
1bb79cc1-5d69-4136-a23d-6dbd300cbf25,2,19,0.268065,0
1bb79cc1-5d69-4136-a23d-6dbd300cbf25,2,20,0.152935,0
1bb79cc1-5d69-4136-a23d-6dbd300cbf25,2,21,0.221883,0
1bb79cc1-5d69-4136-a23d-6dbd300cbf25,2,22,0.184969,0
1bb79cc1-5d69-4136-a23d-6dbd300cbf25,2,23,0.270680,0
1bb79cc1-5d69-4136-a23d-6dbd300cbf25,2,24,0.041335,0
1bb79cc1-5d69-4136-a23d-6dbd300cbf25,2,25,0.099133,0
1bb79cc1-5d69-4136-a23d-6dbd300cbf25,2,26,0.204494,0
1bb79cc1-5d69-4136-a23d-6dbd300cbf25,2,27,0.610331,1
1bb79cc1-5d69-4136-a23d-6dbd300cbf25,2,28,0.034328,0
1bb79cc1-5d69-4136-a23d-6dbd300cbf25,2,29,0.734658,1
1bb79cc1-5d69-4136-a23d-6dbd300cbf25,2,30,0.134701,0
1bb79cc1-5d69-4136-a23d-6dbd300cbf25,2,31,0.141521,0
1bb79cc1-5d69-4136-a23d-6dbd300cbf25,2,32,0.065289,0
1bb79cc1-5d69-4136-a23d-6dbd300cbf25,3,0,0.414161,0
1bb79cc1-5d69-4136-a23d-6dbd300cbf25,3,1,0.096842,0
1bb79cc1-5d69-4136-a23d-6dbd300cbf25,3,2,0.235566,0
1bb79cc1-5d69-4136-a23d-6dbd300cbf25,3,3,0.163015,0
1bb79cc1-5d69-4136-a23d-6dbd300cbf25,3,4,0.158137,0
1bb79cc1-5d69-4136-a23d-6dbd300cbf25,3,5,0.146558,0
1bb79cc1-5d69-4136-a23d-6dbd300cbf25,3,6,0.292826,0
1bb79cc1-5d69-4136-a23d-6dbd300cbf25,3,7,0.054365,0
1bb79cc1-5d69-4136-a23d-6dbd300cbf25,3,8,0.055883,0
1bb79cc1-5d69-4136-a23d-6dbd300cbf25,3,9,0.295800,0
1bb79cc1-5d69-4136-a23d-6dbd300cbf25,3,10,0.055215,0
1bb79cc1-5d69-4136-a23d-6dbd300cbf25,3,11,0.039137,0
1bb79cc1-5d69-4136-a23d-6dbd300cbf25,3,12,0.099076,0
1bb79cc1-5d69-4136-a23d-6dbd300cbf25,3,13,0.065543,0
1bb79cc1-5d69-4136-a23d-6dbd300cbf25,3,14,0.210445,0
1bb79cc1-5d69-4136-a23d-6dbd300cbf25,3,15,0.076154,0
1bb79cc1-5d69-4136-a23d-6dbd300cbf25,3,16,0.149981,0
1bb79cc1-5d69-4136-a23d-6dbd300cbf25,3,17,0.147772,0
1bb79cc1-5d69-4136-a23d-6dbd300cbf25,3,18,0.255711,0
1bb79cc1-5d69-4136-a23d-6dbd300cbf25,3,19,0.131411,0
1bb79cc1-5d69-4136-a23d-6dbd300cbf25,3,20,0.045335,0
1bb79cc1-5d69-4136-a23d-6dbd300cbf25,3,21,0.032996,0
1bb79cc1-5d69-4136-a23d-6dbd300cbf25,3,22,0.068646,0
1bb79cc1-5d69-4136-a23d-6dbd300cbf25,3,23,0.084695,0
1bb79cc1-5d69-4136-a23d-6dbd300cbf25,3,24,0.053280,0
526cabb7-02a3-4adb-8e90-ec781c40c498,1,0,0.580157,1
526cabb7-02a3-4adb-8e90-ec781c40c498,1,1,0.035671,0
526cabb7-02a3-4adb-8e90-ec781c40c498,1,2,0.036177,0
526cabb7-02a3-4adb-8e90-ec781c40c498,1,3,0.149572,0
526cabb7-02a3-4adb-8e90-ec781c40c498,1,4,0.034794,0
526cabb7-02a3-4adb-8e90-ec781c40c498,1,5,0.124608,0
526cabb7-02a3-4adb-8e90-ec781c40c498,1,6,0.052449,0
526cabb7-02a3-4adb-8e90-ec781c40c498,1,7,0.188419,0
526cabb7-02a3-4adb-8e90-ec781c40c498,1,8,0.114647,0
526cabb7-02a3-4adb-8e90-ec781c40c498,1,9,0.133506,0
526cabb7-02a3-4adb-8e90-ec781c40c498,1,10,0.498129,0
526cabb7-02a3-4adb-8e90-ec781c40c498,1,11,0.041005,0
526cabb7-02a3-4adb-8e90-ec781c40c498,1,12,0.057043,0
526cabb7-02a3-4adb-8e90-ec781c40c498,1,13,0.048822,0
526cabb7-02a3-4adb-8e90-ec781c40c498,1,14,0.046200,0
526cabb7-02a3-4adb-8e90-ec781c40c498,1,15,0.123209,0
526cabb7-02a3-4adb-8e90-ec781c40c498,1,16,0.040935,0
526cabb7-02a3-4adb-8e90-ec781c40c498,1,17,0.274391,0
526cabb7-02a3-4adb-8e90-ec781c40c498,1,18,0.070757,0
526cabb7-02a3-4adb-8e90-ec781c40c498,1,19,0.034190,0
526cabb7-02a3-4adb-8e90-ec781c40c498,1,20,0.043930,0
526cabb7-02a3-4adb-8e90-ec781c40c498,1,21,0.046607,0
526cabb7-02a3-4adb-8e90-ec781c40c498,1,22,0.097438,0
526cabb7-02a3-4adb-8e90-ec781c40c498,1,23,0.081169,0
526cabb7-02a3-4adb-8e90-ec781c40c498,1,24,0.037789,0
526cabb7-02a3-4adb-8e90-ec781c40c498,1,25,0.353799,0
526cabb7-02a3-4adb-8e90-ec781c40c498,1,26,0.095494,0
526cabb7-02a3-4adb-8e90-ec781c40c498,1,27,0.615713,1
526cabb7-02a3-4adb-8e90-ec781c40c498,1,28,0.035533,0
526cabb7-02a3-4adb-8e90-ec781c40c498,1,29,0.039526,0
526cabb7-02a3-4adb-8e90-ec781c40c498,1,30,0.038920,0
526cabb7-02a3-4adb-8e90-ec781c40c498,1,31,0.054499,0
526cabb7-02a3-4adb-8e90-ec781c40c498,1,32,0.044458,0
526cabb7-02a3-4adb-8e90-ec781c40c498,1,33,0.035512,0
526cabb7-02a3-4adb-8e90-ec781c40c498,2,0,0.052324,0
526cabb7-02a3-4adb-8e90-ec781c40c498,2,1,0.033718,0
526cabb7-02a3-4adb-8e90-ec781c40c498,2,2,0.049113,0
526cabb7-02a3-4adb-8e90-ec781c40c498,2,3,0.043068,0
526cabb7-02a3-4adb-8e90-ec781c40c498,2,4,0.044483,0
526cabb7-02a3-4adb-8e90-ec781c40c498,2,5,0.081873,0
526cabb7-02a3-4adb-8e90-ec781c40c498,2,6,0.078616,0
526cabb7-02a3-4adb-8e90-ec781c40c498,2,7,0.175045,0
526cabb7-02a3-4adb-8e90-ec781c40c498,2,8,0.036931,0
526cabb7-02a3-4adb-8e90-ec781c40c498,2,9,0.096769,0
526cabb7-02a3-4adb-8e90-ec781c40c498,2,10,0.270678,0
526cabb7-02a3-4adb-8e90-ec781c40c498,2,11,0.045370,0
526cabb7-02a3-4adb-8e90-ec781c40c498,2,12,0.037043,0
526cabb7-02a3-4adb-8e90-ec781c40c498,2,13,0.032668,0
526cabb7-02a3-4adb-8e90-ec781c40c498,2,14,0.070781,0
526cabb7-02a3-4adb-8e90-ec781c40c498,2,15,0.247710,0
526cabb7-02a3-4adb-8e90-ec781c40c498,2,16,0.035421,0
526cabb7-02a3-4adb-8e90-ec781c40c498,2,17,0.032806,0
526cabb7-02a3-4adb-8e90-ec781c40c498,2,18,0.369742,0
526cabb7-02a3-4adb-8e90-ec781c40c498,2,19,0.046222,0
526cabb7-02a3-4adb-8e90-ec781c40c498,2,20,0.230411,0
526cabb7-02a3-4adb-8e90-ec781c40c498,2,21,0.374730,0
526cabb7-02a3-4adb-8e90-ec781c40c498,2,22,0.325597,0
526cabb7-02a3-4adb-8e90-ec781c40c498,2,23,0.047285,0
526cabb7-02a3-4adb-8e90-ec781c40c498,2,24,0.041136,0
526cabb7-02a3-4adb-8e90-ec781c40c498,2,25,0.969897,1
526cabb7-02a3-4adb-8e90-ec781c40c498,2,26,0.199893,0
526cabb7-02a3-4adb-8e90-ec781c40c498,2,27,0.059658,0
526cabb7-02a3-4adb-8e90-ec781c40c498,2,28,0.036338,0
526cabb7-02a3-4adb-8e90-ec781c40c498,2,29,0.607791,1
526cabb7-02a3-4adb-8e90-ec781c40c498,2,30,0.123833,0
526cabb7-02a3-4adb-8e90-ec781c40c498,2,31,0.035594,0
526cabb7-02a3-4adb-8e90-ec781c40c498,2,32,0.041516,0
526cabb7-02a3-4adb-8e90-ec781c40c498,2,33,0.066371,0
526cabb7-02a3-4adb-8e90-ec781c40c498,2,34,0.047825,0
526cabb7-02a3-4adb-8e90-ec781c40c498,2,35,0.054712,0
526cabb7-02a3-4adb-8e90-ec781c40c498,3,0,0.597350,1
526cabb7-02a3-4adb-8e90-ec781c40c498,3,1,0.086233,0
526cabb7-02a3-4adb-8e90-ec781c40c498,3,2,0.107038,0
526cabb7-02a3-4adb-8e90-ec781c40c498,3,3,0.070360,0
526cabb7-02a3-4adb-8e90-ec781c40c498,3,4,0.204038,0
526cabb7-02a3-4adb-8e90-ec781c40c498,3,5,0.045416,0
526cabb7-02a3-4adb-8e90-ec781c40c498,3,6,0.055267,0
526cabb7-02a3-4adb-8e90-ec781c40c498,3,7,0.033877,0
526cabb7-02a3-4adb-8e90-ec781c40c498,3,8,0.037109,0
526cabb7-02a3-4adb-8e90-ec781c40c498,3,9,0.040940,0
526cabb7-02a3-4adb-8e90-ec781c40c498,3,10,0.052459,0
526cabb7-02a3-4adb-8e90-ec781c40c498,3,11,0.153983,0
526cabb7-02a3-4adb-8e90-ec781c40c498,3,12,0.635636,1
526cabb7-02a3-4adb-8e90-ec781c40c498,3,13,0.034201,0
526cabb7-02a3-4adb-8e90-ec781c40c498,3,14,0.040311,0
526cabb7-02a3-4adb-8e90-ec781c40c498,3,15,0.200436,0
526cabb7-02a3-4adb-8e90-ec781c40c498,3,16,0.083652,0
526cabb7-02a3-4adb-8e90-ec781c40c498,3,17,0.251472,0
526cabb7-02a3-4adb-8e90-ec781c40c498,3,18,0.089243,0
526cabb7-02a3-4adb-8e90-ec781c40c498,3,19,0.151128,0
526cabb7-02a3-4adb-8e90-ec781c40c498,3,20,0.147520,0
526cabb7-02a3-4adb-8e90-ec781c40c498,3,21,0.042356,0
526cabb7-02a3-4adb-8e90-ec781c40c498,3,22,0.042195,0
526cabb7-02a3-4adb-8e90-ec781c40c498,3,23,0.190915,0
526cabb7-02a3-4adb-8e90-ec781c40c498,3,24,0.128947,0
526cabb7-02a3-4adb-8e90-ec781c40c498,3,25,0.091921,0
526cabb7-02a3-4adb-8e90-ec781c40c498,3,26,0.176177,0
526cabb7-02a3-4adb-8e90-ec781c40c498,3,27,0.166379,0
526cabb7-02a3-4adb-8e90-ec781c40c498,3,28,0.187590,0
526cabb7-02a3-4adb-8e90-ec781c40c498,3,29,0.034528,0
526cabb7-02a3-4adb-8e90-ec781c40c498,3,30,0.279264,0
526cabb7-02a3-4adb-8e90-ec781c40c498,3,31,0.241818,0
526cabb7-02a3-4adb-8e90-ec781c40c498,3,32,0.938015,1
526cabb7-02a3-4adb-8e90-ec781c40c498,3,33,0.656102,1
526cabb7-02a3-4adb-8e90-ec781c40c498,3,34,0.209011,0
526cabb7-02a3-4adb-8e90-ec781c40c498,3,35,0.038395,0
526cabb7-02a3-4adb-8e90-ec781c40c498,3,36,0.036430,0
526cabb7-02a3-4adb-8e90-ec781c40c498,3,37,0.034574,0
526cabb7-02a3-4adb-8e90-ec781c40c498,3,38,0.361728,0
526cabb7-02a3-4adb-8e90-ec781c40c498,3,39,0.062303,0
526cabb7-02a3-4adb-8e90-ec781c40c498,3,40,0.221235,0
526cabb7-02a3-4adb-8e90-ec781c40c498,3,41,0.039884,0
526cabb7-02a3-4adb-8e90-ec781c40c498,3,42,0.040791,0
526cabb7-02a3-4adb-8e90-ec781c40c498,3,43,0.110135,0
526cabb7-02a3-4adb-8e90-ec781c40c498,3,44,0.200936,0
526cabb7-02a3-4adb-8e90-ec781c40c498,3,45,0.135088,0
526cabb7-02a3-4adb-8e90-ec781c40c498,3,46,0.154791,0
526cabb7-02a3-4adb-8e90-ec781c40c498,3,47,0.181747,0
526cabb7-02a3-4adb-8e90-ec781c40c498,3,48,0.128336,0
526cabb7-02a3-4adb-8e90-ec781c40c498,3,49,0.060466,0
526cabb7-02a3-4adb-8e90-ec781c40c498,3,50,0.082844,0
526cabb7-02a3-4adb-8e90-ec781c40c498,3,51,0.115488,0
526cabb7-02a3-4adb-8e90-ec781c40c498,3,52,0.134677,0
68748e7f-cf6e-4ac7-8504-454c0876880d,1,0,0.392414,0
68748e7f-cf6e-4ac7-8504-454c0876880d,1,1,0.036429,0
68748e7f-cf6e-4ac7-8504-454c0876880d,1,2,0.043123,0
68748e7f-cf6e-4ac7-8504-454c0876880d,1,3,0.035524,0
68748e7f-cf6e-4ac7-8504-454c0876880d,1,4,0.194569,0
68748e7f-cf6e-4ac7-8504-454c0876880d,1,5,0.055520,0
68748e7f-cf6e-4ac7-8504-454c0876880d,1,6,0.049777,0
68748e7f-cf6e-4ac7-8504-454c0876880d,1,7,0.033521,0
68748e7f-cf6e-4ac7-8504-454c0876880d,1,8,0.041209,0
68748e7f-cf6e-4ac7-8504-454c0876880d,1,9,0.040501,0
68748e7f-cf6e-4ac7-8504-454c0876880d,1,10,0.034157,0
68748e7f-cf6e-4ac7-8504-454c0876880d,1,11,0.038330,0
68748e7f-cf6e-4ac7-8504-454c0876880d,1,12,0.035378,0
68748e7f-cf6e-4ac7-8504-454c0876880d,1,13,0.465957,0
68748e7f-cf6e-4ac7-8504-454c0876880d,1,14,0.576541,1
68748e7f-cf6e-4ac7-8504-454c0876880d,1,15,0.386600,0
68748e7f-cf6e-4ac7-8504-454c0876880d,1,16,0.048582,0
68748e7f-cf6e-4ac7-8504-454c0876880d,1,17,0.121022,0
68748e7f-cf6e-4ac7-8504-454c0876880d,1,18,0.381610,0
68748e7f-cf6e-4ac7-8504-454c0876880d,1,19,0.229141,0
68748e7f-cf6e-4ac7-8504-454c0876880d,1,20,0.051037,0
68748e7f-cf6e-4ac7-8504-454c0876880d,1,21,0.069276,0
68748e7f-cf6e-4ac7-8504-454c0876880d,1,22,0.056106,0
68748e7f-cf6e-4ac7-8504-454c0876880d,1,23,0.047786,0
68748e7f-cf6e-4ac7-8504-454c0876880d,1,24,0.306554,0
68748e7f-cf6e-4ac7-8504-454c0876880d,1,25,0.075896,0
68748e7f-cf6e-4ac7-8504-454c0876880d,1,26,0.099089,0
68748e7f-cf6e-4ac7-8504-454c0876880d,1,27,0.038002,0
68748e7f-cf6e-4ac7-8504-454c0876880d,1,28,0.035379,0
68748e7f-cf6e-4ac7-8504-454c0876880d,1,29,0.166107,0
68748e7f-cf6e-4ac7-8504-454c0876880d,2,0,0.126438,0
68748e7f-cf6e-4ac7-8504-454c0876880d,2,1,0.032790,0
68748e7f-cf6e-4ac7-8504-454c0876880d,2,2,0.252342,0
68748e7f-cf6e-4ac7-8504-454c0876880d,2,3,0.040013,0
68748e7f-cf6e-4ac7-8504-454c0876880d,2,4,0.050324,0
68748e7f-cf6e-4ac7-8504-454c0876880d,2,5,0.035016,0
68748e7f-cf6e-4ac7-8504-454c0876880d,2,6,0.041184,0
68748e7f-cf6e-4ac7-8504-454c0876880d,2,7,0.078972,0
68748e7f-cf6e-4ac7-8504-454c0876880d,2,8,0.037442,0
68748e7f-cf6e-4ac7-8504-454c0876880d,2,9,0.236087,0
68748e7f-cf6e-4ac7-8504-454c0876880d,2,10,0.042916,0
68748e7f-cf6e-4ac7-8504-454c0876880d,2,11,0.040003,0
68748e7f-cf6e-4ac7-8504-454c0876880d,2,12,0.113147,0
68748e7f-cf6e-4ac7-8504-454c0876880d,2,13,0.374329,0
68748e7f-cf6e-4ac7-8504-454c0876880d,2,14,0.044274,0
68748e7f-cf6e-4ac7-8504-454c0876880d,2,15,0.090846,0
68748e7f-cf6e-4ac7-8504-454c0876880d,2,16,0.096294,0
68748e7f-cf6e-4ac7-8504-454c0876880d,2,17,0.147855,0
68748e7f-cf6e-4ac7-8504-454c0876880d,2,18,0.035718,0
68748e7f-cf6e-4ac7-8504-454c0876880d,2,19,0.035115,0
68748e7f-cf6e-4ac7-8504-454c0876880d,2,20,0.033391,0
68748e7f-cf6e-4ac7-8504-454c0876880d,2,21,0.033012,0
68748e7f-cf6e-4ac7-8504-454c0876880d,2,22,0.035666,0
68748e7f-cf6e-4ac7-8504-454c0876880d,2,23,0.042988,0
68748e7f-cf6e-4ac7-8504-454c0876880d,2,24,0.043833,0
68748e7f-cf6e-4ac7-8504-454c0876880d,2,25,0.221318,0
68748e7f-cf6e-4ac7-8504-454c0876880d,2,26,0.037609,0
68748e7f-cf6e-4ac7-8504-454c0876880d,2,27,0.033959,0
68748e7f-cf6e-4ac7-8504-454c0876880d,3,0,0.041681,0
68748e7f-cf6e-4ac7-8504-454c0876880d,3,1,0.032581,0
68748e7f-cf6e-4ac7-8504-454c0876880d,3,2,0.069340,0
68748e7f-cf6e-4ac7-8504-454c0876880d,3,3,0.035206,0
68748e7f-cf6e-4ac7-8504-454c0876880d,3,4,0.070984,0
68748e7f-cf6e-4ac7-8504-454c0876880d,3,5,0.042943,0
68748e7f-cf6e-4ac7-8504-454c0876880d,3,6,0.042483,0
68748e7f-cf6e-4ac7-8504-454c0876880d,3,7,0.089005,0
68748e7f-cf6e-4ac7-8504-454c0876880d,3,8,0.121496,0
68748e7f-cf6e-4ac7-8504-454c0876880d,3,9,0.038224,0
68748e7f-cf6e-4ac7-8504-454c0876880d,3,10,0.043446,0
68748e7f-cf6e-4ac7-8504-454c0876880d,3,11,0.033766,0
68748e7f-cf6e-4ac7-8504-454c0876880d,3,12,0.060801,0
68748e7f-cf6e-4ac7-8504-454c0876880d,3,13,0.032758,0
68748e7f-cf6e-4ac7-8504-454c0876880d,3,14,0.056352,0
68748e7f-cf6e-4ac7-8504-454c0876880d,3,15,0.059794,0
68748e7f-cf6e-4ac7-8504-454c0876880d,3,16,0.069270,0
68748e7f-cf6e-4ac7-8504-454c0876880d,3,17,0.954730,1
68748e7f-cf6e-4ac7-8504-454c0876880d,3,18,0.431858,0
70c744ad-e950-445c-8a7a-0782b0a7d20b,1,0,0.034236,0
70c744ad-e950-445c-8a7a-0782b0a7d20b,1,1,0.098296,0
70c744ad-e950-445c-8a7a-0782b0a7d20b,1,2,0.035045,0
70c744ad-e950-445c-8a7a-0782b0a7d20b,1,3,0.040668,0
70c744ad-e950-445c-8a7a-0782b0a7d20b,1,4,0.034432,0
70c744ad-e950-445c-8a7a-0782b0a7d20b,1,5,0.042315,0
70c744ad-e950-445c-8a7a-0782b0a7d20b,1,6,0.066304,0
70c744ad-e950-445c-8a7a-0782b0a7d20b,1,7,0.036236,0
70c744ad-e950-445c-8a7a-0782b0a7d20b,1,8,0.066686,0
70c744ad-e950-445c-8a7a-0782b0a7d20b,1,9,0.384866,0
70c744ad-e950-445c-8a7a-0782b0a7d20b,1,10,0.064321,0
70c744ad-e950-445c-8a7a-0782b0a7d20b,1,11,0.216792,0
70c744ad-e950-445c-8a7a-0782b0a7d20b,1,12,0.263616,0
70c744ad-e950-445c-8a7a-0782b0a7d20b,1,13,0.051707,0
70c744ad-e950-445c-8a7a-0782b0a7d20b,2,0,0.031476,0
70c744ad-e950-445c-8a7a-0782b0a7d20b,2,1,0.040277,0
70c744ad-e950-445c-8a7a-0782b0a7d20b,2,2,0.046310,0
70c744ad-e950-445c-8a7a-0782b0a7d20b,2,3,0.035288,0
70c744ad-e950-445c-8a7a-0782b0a7d20b,2,4,0.036748,0
70c744ad-e950-445c-8a7a-0782b0a7d20b,2,5,0.050781,0
70c744ad-e950-445c-8a7a-0782b0a7d20b,2,6,0.038054,0
70c744ad-e950-445c-8a7a-0782b0a7d20b,2,7,0.040252,0
70c744ad-e950-445c-8a7a-0782b0a7d20b,2,8,0.081989,0
70c744ad-e950-445c-8a7a-0782b0a7d20b,2,9,0.038833,0
70c744ad-e950-445c-8a7a-0782b0a7d20b,2,10,0.059882,0
70c744ad-e950-445c-8a7a-0782b0a7d20b,2,11,0.440093,0
70c744ad-e950-445c-8a7a-0782b0a7d20b,2,12,0.043127,0
70c744ad-e950-445c-8a7a-0782b0a7d20b,2,13,0.062517,0
70c744ad-e950-445c-8a7a-0782b0a7d20b,2,14,0.035021,0
70c744ad-e950-445c-8a7a-0782b0a7d20b,2,15,0.033462,0
70c744ad-e950-445c-8a7a-0782b0a7d20b,2,16,0.040603,0
70c744ad-e950-445c-8a7a-0782b0a7d20b,2,17,0.036324,0
70c744ad-e950-445c-8a7a-0782b0a7d20b,2,18,0.042055,0
70c744ad-e950-445c-8a7a-0782b0a7d20b,2,19,0.054241,0
70c744ad-e950-445c-8a7a-0782b0a7d20b,2,20,0.136300,0
70c744ad-e950-445c-8a7a-0782b0a7d20b,2,21,0.045309,0
70c744ad-e950-445c-8a7a-0782b0a7d20b,2,22,0.035050,0
70c744ad-e950-445c-8a7a-0782b0a7d20b,2,23,0.044963,0
70c744ad-e950-445c-8a7a-0782b0a7d20b,2,24,0.058009,0
70c744ad-e950-445c-8a7a-0782b0a7d20b,2,25,0.037687,0
70c744ad-e950-445c-8a7a-0782b0a7d20b,2,26,0.034667,0
70c744ad-e950-445c-8a7a-0782b0a7d20b,2,27,0.036417,0
70c744ad-e950-445c-8a7a-0782b0a7d20b,2,28,0.034055,0
70c744ad-e950-445c-8a7a-0782b0a7d20b,2,29,0.049303,0
70c744ad-e950-445c-8a7a-0782b0a7d20b,2,30,0.033006,0
70c744ad-e950-445c-8a7a-0782b0a7d20b,2,31,0.066945,0
70c744ad-e950-445c-8a7a-0782b0a7d20b,2,32,0.204381,0
70c744ad-e950-445c-8a7a-0782b0a7d20b,2,33,0.033691,0
70c744ad-e950-445c-8a7a-0782b0a7d20b,2,34,0.036509,0
70c744ad-e950-445c-8a7a-0782b0a7d20b,2,35,0.035840,0
70c744ad-e950-445c-8a7a-0782b0a7d20b,2,36,0.040618,0
70c744ad-e950-445c-8a7a-0782b0a7d20b,2,37,0.085243,0
70c744ad-e950-445c-8a7a-0782b0a7d20b,2,38,0.037877,0
70c744ad-e950-445c-8a7a-0782b0a7d20b,3,0,0.032137,0
70c744ad-e950-445c-8a7a-0782b0a7d20b,3,1,0.041708,0
70c744ad-e950-445c-8a7a-0782b0a7d20b,3,2,0.036167,0
70c744ad-e950-445c-8a7a-0782b0a7d20b,3,3,0.051743,0
70c744ad-e950-445c-8a7a-0782b0a7d20b,3,4,0.049562,0
70c744ad-e950-445c-8a7a-0782b0a7d20b,3,5,0.060124,0
70c744ad-e950-445c-8a7a-0782b0a7d20b,3,6,0.037561,0
70c744ad-e950-445c-8a7a-0782b0a7d20b,3,7,0.081989,0
70c744ad-e950-445c-8a7a-0782b0a7d20b,3,8,0.089274,0
70c744ad-e950-445c-8a7a-0782b0a7d20b,3,9,0.097521,0
70c744ad-e950-445c-8a7a-0782b0a7d20b,3,10,0.036181,0
70c744ad-e950-445c-8a7a-0782b0a7d20b,3,11,0.149814,0
70c744ad-e950-445c-8a7a-0782b0a7d20b,3,12,0.044608,0
70c744ad-e950-445c-8a7a-0782b0a7d20b,3,13,0.032953,0
70c744ad-e950-445c-8a7a-0782b0a7d20b,3,14,0.332496,0
70c744ad-e950-445c-8a7a-0782b0a7d20b,3,15,0.040167,0
70c744ad-e950-445c-8a7a-0782b0a7d20b,3,16,0.079674,0
70c744ad-e950-445c-8a7a-0782b0a7d20b,3,17,0.440093,0
70c744ad-e950-445c-8a7a-0782b0a7d20b,3,18,0.045075,0
70c744ad-e950-445c-8a7a-0782b0a7d20b,3,19,0.033164,0
70c744ad-e950-445c-8a7a-0782b0a7d20b,3,20,0.155897,0
84678e18-0b79-4570-9c9f-cb1cf88d968e,1,0,0.125404,0
84678e18-0b79-4570-9c9f-cb1cf88d968e,1,1,0.967261,1
84678e18-0b79-4570-9c9f-cb1cf88d968e,1,2,0.156149,0
84678e18-0b79-4570-9c9f-cb1cf88d968e,1,3,0.121487,0
84678e18-0b79-4570-9c9f-cb1cf88d968e,1,4,0.035058,0
84678e18-0b79-4570-9c9f-cb1cf88d968e,1,5,0.421222,0
84678e18-0b79-4570-9c9f-cb1cf88d968e,1,6,0.048421,0
84678e18-0b79-4570-9c9f-cb1cf88d968e,1,7,0.134660,0
84678e18-0b79-4570-9c9f-cb1cf88d968e,1,8,0.196750,0
84678e18-0b79-4570-9c9f-cb1cf88d968e,1,9,0.053162,0
84678e18-0b79-4570-9c9f-cb1cf88d968e,1,10,0.173034,0
84678e18-0b79-4570-9c9f-cb1cf88d968e,1,11,0.254111,0
84678e18-0b79-4570-9c9f-cb1cf88d968e,1,12,0.037601,0
84678e18-0b79-4570-9c9f-cb1cf88d968e,1,13,0.140808,0
84678e18-0b79-4570-9c9f-cb1cf88d968e,1,14,0.411284,0
84678e18-0b79-4570-9c9f-cb1cf88d968e,1,15,0.076713,0
84678e18-0b79-4570-9c9f-cb1cf88d968e,1,16,0.089541,0
84678e18-0b79-4570-9c9f-cb1cf88d968e,1,17,0.106691,0
84678e18-0b79-4570-9c9f-cb1cf88d968e,1,18,0.251365,0
84678e18-0b79-4570-9c9f-cb1cf88d968e,1,19,0.044177,0
84678e18-0b79-4570-9c9f-cb1cf88d968e,1,20,0.036928,0
84678e18-0b79-4570-9c9f-cb1cf88d968e,1,21,0.066501,0
84678e18-0b79-4570-9c9f-cb1cf88d968e,1,22,0.153623,0
84678e18-0b79-4570-9c9f-cb1cf88d968e,2,0,0.126578,0
84678e18-0b79-4570-9c9f-cb1cf88d968e,2,1,0.054770,0
84678e18-0b79-4570-9c9f-cb1cf88d968e,2,2,0.248752,0
84678e18-0b79-4570-9c9f-cb1cf88d968e,2,3,0.217242,0
84678e18-0b79-4570-9c9f-cb1cf88d968e,2,4,0.041393,0
84678e18-0b79-4570-9c9f-cb1cf88d968e,2,5,0.117362,0
84678e18-0b79-4570-9c9f-cb1cf88d968e,2,6,0.224591,0
84678e18-0b79-4570-9c9f-cb1cf88d968e,2,7,0.041053,0
84678e18-0b79-4570-9c9f-cb1cf88d968e,2,8,0.171445,0
84678e18-0b79-4570-9c9f-cb1cf88d968e,2,9,0.147854,0
84678e18-0b79-4570-9c9f-cb1cf88d968e,2,10,0.101881,0
84678e18-0b79-4570-9c9f-cb1cf88d968e,2,11,0.127755,0
84678e18-0b79-4570-9c9f-cb1cf88d968e,2,12,0.142010,0
84678e18-0b79-4570-9c9f-cb1cf88d968e,2,13,0.381666,0
84678e18-0b79-4570-9c9f-cb1cf88d968e,2,14,0.306270,0
84678e18-0b79-4570-9c9f-cb1cf88d968e,2,15,0.764986,1
84678e18-0b79-4570-9c9f-cb1cf88d968e,2,16,0.056362,0
84678e18-0b79-4570-9c9f-cb1cf88d968e,2,17,0.090798,0
84678e18-0b79-4570-9c9f-cb1cf88d968e,2,18,0.092894,0
84678e18-0b79-4570-9c9f-cb1cf88d968e,2,19,0.040399,0
84678e18-0b79-4570-9c9f-cb1cf88d968e,2,20,0.672707,1
84678e18-0b79-4570-9c9f-cb1cf88d968e,2,21,0.177917,0
84678e18-0b79-4570-9c9f-cb1cf88d968e,2,22,0.119681,0
84678e18-0b79-4570-9c9f-cb1cf88d968e,2,23,0.369903,0
84678e18-0b79-4570-9c9f-cb1cf88d968e,2,24,0.193635,0
84678e18-0b79-4570-9c9f-cb1cf88d968e,2,25,0.226929,0
84678e18-0b79-4570-9c9f-cb1cf88d968e,2,26,0.162392,0
84678e18-0b79-4570-9c9f-cb1cf88d968e,2,27,0.055024,0
84678e18-0b79-4570-9c9f-cb1cf88d968e,2,28,0.205793,0
84678e18-0b79-4570-9c9f-cb1cf88d968e,2,29,0.166327,0
84678e18-0b79-4570-9c9f-cb1cf88d968e,2,30,0.779450,1
84678e18-0b79-4570-9c9f-cb1cf88d968e,2,31,0.263611,0
84678e18-0b79-4570-9c9f-cb1cf88d968e,2,32,0.739549,1
84678e18-0b79-4570-9c9f-cb1cf88d968e,2,33,0.137610,0
84678e18-0b79-4570-9c9f-cb1cf88d968e,2,34,0.110292,0
84678e18-0b79-4570-9c9f-cb1cf88d968e,2,35,0.051468,0
84678e18-0b79-4570-9c9f-cb1cf88d968e,2,36,0.142318,0
84678e18-0b79-4570-9c9f-cb1cf88d968e,2,37,0.062457,0
84678e18-0b79-4570-9c9f-cb1cf88d968e,2,38,0.341470,0
84678e18-0b79-4570-9c9f-cb1cf88d968e,2,39,0.060340,0
84678e18-0b79-4570-9c9f-cb1cf88d968e,2,40,0.051135,0
84678e18-0b79-4570-9c9f-cb1cf88d968e,2,41,0.206840,0
84678e18-0b79-4570-9c9f-cb1cf88d968e,2,42,0.095077,0
84678e18-0b79-4570-9c9f-cb1cf88d968e,2,43,0.066290,0
84678e18-0b79-4570-9c9f-cb1cf88d968e,2,44,0.074199,0
84678e18-0b79-4570-9c9f-cb1cf88d968e,3,0,0.033684,0
84678e18-0b79-4570-9c9f-cb1cf88d968e,3,1,0.041922,0
84678e18-0b79-4570-9c9f-cb1cf88d968e,3,2,0.089675,0
84678e18-0b79-4570-9c9f-cb1cf88d968e,3,3,0.091618,0
84678e18-0b79-4570-9c9f-cb1cf88d968e,3,4,0.212684,0
84678e18-0b79-4570-9c9f-cb1cf88d968e,3,5,0.109277,0
84678e18-0b79-4570-9c9f-cb1cf88d968e,3,6,0.043261,0
84678e18-0b79-4570-9c9f-cb1cf88d968e,3,7,0.036195,0
84678e18-0b79-4570-9c9f-cb1cf88d968e,3,8,0.129832,0
84678e18-0b79-4570-9c9f-cb1cf88d968e,3,9,0.047372,0
84678e18-0b79-4570-9c9f-cb1cf88d968e,3,10,0.058960,0
84678e18-0b79-4570-9c9f-cb1cf88d968e,3,11,0.097835,0
84678e18-0b79-4570-9c9f-cb1cf88d968e,3,12,0.036414,0
84678e18-0b79-4570-9c9f-cb1cf88d968e,3,13,0.079341,0
84678e18-0b79-4570-9c9f-cb1cf88d968e,3,14,0.048694,0
84678e18-0b79-4570-9c9f-cb1cf88d968e,3,15,0.066703,0
84678e18-0b79-4570-9c9f-cb1cf88d968e,3,16,0.874111,1
9879bbc0-eab3-482f-bf6b-a4b519393986,1,0,0.570286,1
9879bbc0-eab3-482f-bf6b-a4b519393986,1,1,0.754804,1
9879bbc0-eab3-482f-bf6b-a4b519393986,1,2,0.034116,0
9879bbc0-eab3-482f-bf6b-a4b519393986,1,3,0.065586,0
9879bbc0-eab3-482f-bf6b-a4b519393986,1,4,0.122980,0
9879bbc0-eab3-482f-bf6b-a4b519393986,1,5,0.145583,0
9879bbc0-eab3-482f-bf6b-a4b519393986,1,6,0.547624,1
9879bbc0-eab3-482f-bf6b-a4b519393986,1,7,0.169518,0
9879bbc0-eab3-482f-bf6b-a4b519393986,1,8,0.049978,0
9879bbc0-eab3-482f-bf6b-a4b519393986,1,9,0.156216,0
9879bbc0-eab3-482f-bf6b-a4b519393986,1,10,0.262596,0
9879bbc0-eab3-482f-bf6b-a4b519393986,1,11,0.036474,0
9879bbc0-eab3-482f-bf6b-a4b519393986,1,12,0.037509,0
9879bbc0-eab3-482f-bf6b-a4b519393986,1,13,0.035678,0
9879bbc0-eab3-482f-bf6b-a4b519393986,1,14,0.038083,0
9879bbc0-eab3-482f-bf6b-a4b519393986,1,15,0.047116,0
9879bbc0-eab3-482f-bf6b-a4b519393986,1,16,0.034252,0
9879bbc0-eab3-482f-bf6b-a4b519393986,1,17,0.038083,0
9879bbc0-eab3-482f-bf6b-a4b519393986,1,18,0.077843,0
9879bbc0-eab3-482f-bf6b-a4b519393986,1,19,0.058960,0
9879bbc0-eab3-482f-bf6b-a4b519393986,1,20,0.195121,0
9879bbc0-eab3-482f-bf6b-a4b519393986,1,21,0.071866,0
9879bbc0-eab3-482f-bf6b-a4b519393986,1,22,0.038145,0
9879bbc0-eab3-482f-bf6b-a4b519393986,1,23,0.092364,0
9879bbc0-eab3-482f-bf6b-a4b519393986,1,24,0.166040,0
9879bbc0-eab3-482f-bf6b-a4b519393986,1,25,0.113587,0
9879bbc0-eab3-482f-bf6b-a4b519393986,1,26,0.041843,0
9879bbc0-eab3-482f-bf6b-a4b519393986,1,27,0.051581,0
9879bbc0-eab3-482f-bf6b-a4b519393986,1,28,0.045961,0
9879bbc0-eab3-482f-bf6b-a4b519393986,1,29,0.274711,0
9879bbc0-eab3-482f-bf6b-a4b519393986,1,30,0.118267,0
9879bbc0-eab3-482f-bf6b-a4b519393986,1,31,0.116250,0
9879bbc0-eab3-482f-bf6b-a4b519393986,1,32,0.093812,0
9879bbc0-eab3-482f-bf6b-a4b519393986,1,33,0.076616,0
9879bbc0-eab3-482f-bf6b-a4b519393986,1,34,0.040206,0
9879bbc0-eab3-482f-bf6b-a4b519393986,1,35,0.299770,0
9879bbc0-eab3-482f-bf6b-a4b519393986,1,36,0.070481,0
9879bbc0-eab3-482f-bf6b-a4b519393986,1,37,0.113334,0
9879bbc0-eab3-482f-bf6b-a4b519393986,1,38,0.431434,0
9879bbc0-eab3-482f-bf6b-a4b519393986,1,39,0.074178,0
9879bbc0-eab3-482f-bf6b-a4b519393986,1,40,0.852511,1
9879bbc0-eab3-482f-bf6b-a4b519393986,1,41,0.109392,0
9879bbc0-eab3-482f-bf6b-a4b519393986,1,42,0.414010,0
9879bbc0-eab3-482f-bf6b-a4b519393986,1,43,0.787746,1
9879bbc0-eab3-482f-bf6b-a4b519393986,1,44,0.211177,0
9879bbc0-eab3-482f-bf6b-a4b519393986,1,45,0.175660,0
9879bbc0-eab3-482f-bf6b-a4b519393986,2,0,0.047053,0
9879bbc0-eab3-482f-bf6b-a4b519393986,2,1,0.123142,0
9879bbc0-eab3-482f-bf6b-a4b519393986,2,2,0.051982,0
9879bbc0-eab3-482f-bf6b-a4b519393986,2,3,0.288233,0
9879bbc0-eab3-482f-bf6b-a4b519393986,2,4,0.812215,1
9879bbc0-eab3-482f-bf6b-a4b519393986,2,5,0.491720,0
9879bbc0-eab3-482f-bf6b-a4b519393986,2,6,0.108293,0
9879bbc0-eab3-482f-bf6b-a4b519393986,2,7,0.264550,0
9879bbc0-eab3-482f-bf6b-a4b519393986,2,8,0.238645,0
9879bbc0-eab3-482f-bf6b-a4b519393986,2,9,0.233213,0
9879bbc0-eab3-482f-bf6b-a4b519393986,2,10,0.137207,0
9879bbc0-eab3-482f-bf6b-a4b519393986,2,11,0.159156,0
9879bbc0-eab3-482f-bf6b-a4b519393986,2,12,0.176885,0
9879bbc0-eab3-482f-bf6b-a4b519393986,2,13,0.044913,0
9879bbc0-eab3-482f-bf6b-a4b519393986,2,14,0.151383,0
9879bbc0-eab3-482f-bf6b-a4b519393986,2,15,0.075121,0
9879bbc0-eab3-482f-bf6b-a4b519393986,2,16,0.216254,0
9879bbc0-eab3-482f-bf6b-a4b519393986,2,17,0.244834,0
9879bbc0-eab3-482f-bf6b-a4b519393986,3,0,0.372454,0
9879bbc0-eab3-482f-bf6b-a4b519393986,3,1,0.066982,0
9879bbc0-eab3-482f-bf6b-a4b519393986,3,2,0.046414,0
9879bbc0-eab3-482f-bf6b-a4b519393986,3,3,0.063769,0
9879bbc0-eab3-482f-bf6b-a4b519393986,3,4,0.112542,0
9879bbc0-eab3-482f-bf6b-a4b519393986,3,5,0.220792,0
9879bbc0-eab3-482f-bf6b-a4b519393986,3,6,0.056539,0
9879bbc0-eab3-482f-bf6b-a4b519393986,3,7,0.103161,0
9879bbc0-eab3-482f-bf6b-a4b519393986,3,8,0.106094,0
9879bbc0-eab3-482f-bf6b-a4b519393986,3,9,0.081382,0
9879bbc0-eab3-482f-bf6b-a4b519393986,3,10,0.103967,0
9879bbc0-eab3-482f-bf6b-a4b519393986,3,11,0.223913,0
9879bbc0-eab3-482f-bf6b-a4b519393986,3,12,0.037770,0
9879bbc0-eab3-482f-bf6b-a4b519393986,3,13,0.126062,0
9879bbc0-eab3-482f-bf6b-a4b519393986,3,14,0.184608,0
9879bbc0-eab3-482f-bf6b-a4b519393986,3,15,0.067402,0
9879bbc0-eab3-482f-bf6b-a4b519393986,3,16,0.034976,0
9879bbc0-eab3-482f-bf6b-a4b519393986,3,17,0.094603,0
9879bbc0-eab3-482f-bf6b-a4b519393986,3,18,0.038442,0
9879bbc0-eab3-482f-bf6b-a4b519393986,3,19,0.045100,0
9879bbc0-eab3-482f-bf6b-a4b519393986,3,20,0.204850,0
9879bbc0-eab3-482f-bf6b-a4b519393986,3,21,0.117004,0
9879bbc0-eab3-482f-bf6b-a4b519393986,3,22,0.176429,0
9879bbc0-eab3-482f-bf6b-a4b519393986,3,23,0.778749,1
9879bbc0-eab3-482f-bf6b-a4b519393986,3,24,0.114613,0
9879bbc0-eab3-482f-bf6b-a4b519393986,3,25,0.099124,0
9879bbc0-eab3-482f-bf6b-a4b519393986,3,26,0.224799,0
9879bbc0-eab3-482f-bf6b-a4b519393986,3,27,0.274517,0
9879bbc0-eab3-482f-bf6b-a4b519393986,3,28,0.143769,0
9879bbc0-eab3-482f-bf6b-a4b519393986,3,29,0.034923,0
9879bbc0-eab3-482f-bf6b-a4b519393986,3,30,0.295413,0
9879bbc0-eab3-482f-bf6b-a4b519393986,3,31,0.145978,0
9879bbc0-eab3-482f-bf6b-a4b519393986,3,32,0.141615,0
9879bbc0-eab3-482f-bf6b-a4b519393986,3,33,0.033109,0
9879bbc0-eab3-482f-bf6b-a4b519393986,3,34,0.045580,0
9879bbc0-eab3-482f-bf6b-a4b519393986,3,35,0.071523,0
9879bbc0-eab3-482f-bf6b-a4b519393986,3,36,0.070528,0
9879bbc0-eab3-482f-bf6b-a4b519393986,3,37,0.118366,0
9879bbc0-eab3-482f-bf6b-a4b519393986,3,38,0.096337,0
9879bbc0-eab3-482f-bf6b-a4b519393986,3,39,0.099836,0
9879bbc0-eab3-482f-bf6b-a4b519393986,3,40,0.864689,1
9879bbc0-eab3-482f-bf6b-a4b519393986,3,41,0.101440,0
9879bbc0-eab3-482f-bf6b-a4b519393986,3,42,0.138408,0
a4f1d515-d7d9-4319-b2e0-4d56e9d45554,1,0,0.063429,0
a4f1d515-d7d9-4319-b2e0-4d56e9d45554,1,1,0.093888,0
a4f1d515-d7d9-4319-b2e0-4d56e9d45554,1,2,0.119993,0
a4f1d515-d7d9-4319-b2e0-4d56e9d45554,1,3,0.064006,0
a4f1d515-d7d9-4319-b2e0-4d56e9d45554,1,4,0.116251,0
a4f1d515-d7d9-4319-b2e0-4d56e9d45554,1,5,0.157899,0
a4f1d515-d7d9-4319-b2e0-4d56e9d45554,1,6,0.330262,0
a4f1d515-d7d9-4319-b2e0-4d56e9d45554,1,7,0.041165,0
a4f1d515-d7d9-4319-b2e0-4d56e9d45554,1,8,0.042503,0
a4f1d515-d7d9-4319-b2e0-4d56e9d45554,1,9,0.084499,0
a4f1d515-d7d9-4319-b2e0-4d56e9d45554,1,10,0.032636,0
a4f1d515-d7d9-4319-b2e0-4d56e9d45554,1,11,0.033653,0
a4f1d515-d7d9-4319-b2e0-4d56e9d45554,1,12,0.135610,0
a4f1d515-d7d9-4319-b2e0-4d56e9d45554,1,13,0.133854,0
a4f1d515-d7d9-4319-b2e0-4d56e9d45554,1,14,0.052823,0
a4f1d515-d7d9-4319-b2e0-4d56e9d45554,1,15,0.039936,0
a4f1d515-d7d9-4319-b2e0-4d56e9d45554,1,16,0.038709,0
a4f1d515-d7d9-4319-b2e0-4d56e9d45554,1,17,0.035908,0
a4f1d515-d7d9-4319-b2e0-4d56e9d45554,1,18,0.127182,0
a4f1d515-d7d9-4319-b2e0-4d56e9d45554,1,19,0.057741,0
a4f1d515-d7d9-4319-b2e0-4d56e9d45554,1,20,0.102783,0
a4f1d515-d7d9-4319-b2e0-4d56e9d45554,1,21,0.235633,0
a4f1d515-d7d9-4319-b2e0-4d56e9d45554,1,22,0.127457,0
a4f1d515-d7d9-4319-b2e0-4d56e9d45554,1,23,0.068539,0
a4f1d515-d7d9-4319-b2e0-4d56e9d45554,1,24,0.033506,0
a4f1d515-d7d9-4319-b2e0-4d56e9d45554,1,25,0.038636,0
a4f1d515-d7d9-4319-b2e0-4d56e9d45554,1,26,0.036835,0
a4f1d515-d7d9-4319-b2e0-4d56e9d45554,1,27,0.035398,0
a4f1d515-d7d9-4319-b2e0-4d56e9d45554,1,28,0.046572,0
a4f1d515-d7d9-4319-b2e0-4d56e9d45554,1,29,0.058627,0
a4f1d515-d7d9-4319-b2e0-4d56e9d45554,1,30,0.084009,0
a4f1d515-d7d9-4319-b2e0-4d56e9d45554,1,31,0.089488,0
a4f1d515-d7d9-4319-b2e0-4d56e9d45554,2,0,0.762627,1
a4f1d515-d7d9-4319-b2e0-4d56e9d45554,2,1,0.117085,0
a4f1d515-d7d9-4319-b2e0-4d56e9d45554,2,2,0.047509,0
a4f1d515-d7d9-4319-b2e0-4d56e9d45554,2,3,0.126460,0
a4f1d515-d7d9-4319-b2e0-4d56e9d45554,2,4,0.113286,0
a4f1d515-d7d9-4319-b2e0-4d56e9d45554,2,5,0.297717,0
a4f1d515-d7d9-4319-b2e0-4d56e9d45554,2,6,0.033001,0
a4f1d515-d7d9-4319-b2e0-4d56e9d45554,2,7,0.455713,0
a4f1d515-d7d9-4319-b2e0-4d56e9d45554,2,8,0.165385,0
a4f1d515-d7d9-4319-b2e0-4d56e9d45554,2,9,0.135300,0
a4f1d515-d7d9-4319-b2e0-4d56e9d45554,2,10,0.241810,0
a4f1d515-d7d9-4319-b2e0-4d56e9d45554,2,11,0.127102,0
a4f1d515-d7d9-4319-b2e0-4d56e9d45554,2,12,0.212902,0
a4f1d515-d7d9-4319-b2e0-4d56e9d45554,2,13,0.219291,0
a4f1d515-d7d9-4319-b2e0-4d56e9d45554,2,14,0.140764,0
a4f1d515-d7d9-4319-b2e0-4d56e9d45554,2,15,0.065984,0
a4f1d515-d7d9-4319-b2e0-4d56e9d45554,2,16,0.278831,0
a4f1d515-d7d9-4319-b2e0-4d56e9d45554,2,17,0.087200,0
a4f1d515-d7d9-4319-b2e0-4d56e9d45554,2,18,0.182232,0
a4f1d515-d7d9-4319-b2e0-4d56e9d45554,2,19,0.496755,0
a4f1d515-d7d9-4319-b2e0-4d56e9d45554,2,20,0.268824,0
a4f1d515-d7d9-4319-b2e0-4d56e9d45554,2,21,0.823167,1
a4f1d515-d7d9-4319-b2e0-4d56e9d45554,2,22,0.928504,1
a4f1d515-d7d9-4319-b2e0-4d56e9d45554,2,23,0.130516,0
a4f1d515-d7d9-4319-b2e0-4d56e9d45554,3,0,0.338007,0
a4f1d515-d7d9-4319-b2e0-4d56e9d45554,3,1,0.035268,0
a4f1d515-d7d9-4319-b2e0-4d56e9d45554,3,2,0.044240,0
a4f1d515-d7d9-4319-b2e0-4d56e9d45554,3,3,0.664348,1
a4f1d515-d7d9-4319-b2e0-4d56e9d45554,3,4,0.050949,0
a4f1d515-d7d9-4319-b2e0-4d56e9d45554,3,5,0.051407,0
a4f1d515-d7d9-4319-b2e0-4d56e9d45554,3,6,0.149041,0
a4f1d515-d7d9-4319-b2e0-4d56e9d45554,3,7,0.078288,0
a4f1d515-d7d9-4319-b2e0-4d56e9d45554,3,8,0.046942,0
a4f1d515-d7d9-4319-b2e0-4d56e9d45554,3,9,0.148169,0
a4f1d515-d7d9-4319-b2e0-4d56e9d45554,3,10,0.076225,0
a4f1d515-d7d9-4319-b2e0-4d56e9d45554,3,11,0.049516,0
a4f1d515-d7d9-4319-b2e0-4d56e9d45554,3,12,0.034830,0
a4f1d515-d7d9-4319-b2e0-4d56e9d45554,3,13,0.065879,0
a4f1d515-d7d9-4319-b2e0-4d56e9d45554,3,14,0.036759,0
a4f1d515-d7d9-4319-b2e0-4d56e9d45554,3,15,0.035730,0
a4f1d515-d7d9-4319-b2e0-4d56e9d45554,3,16,0.036937,0
a4f1d515-d7d9-4319-b2e0-4d56e9d45554,3,17,0.054766,0
a4f1d515-d7d9-4319-b2e0-4d56e9d45554,3,18,0.038457,0
a4f1d515-d7d9-4319-b2e0-4d56e9d45554,3,19,0.084697,0
a4f1d515-d7d9-4319-b2e0-4d56e9d45554,3,20,0.033609,0
a4f1d515-d7d9-4319-b2e0-4d56e9d45554,3,21,0.036455,0
a4f1d515-d7d9-4319-b2e0-4d56e9d45554,3,22,0.037042,0
a4f1d515-d7d9-4319-b2e0-4d56e9d45554,3,23,0.202147,0
a4f1d515-d7d9-4319-b2e0-4d56e9d45554,3,24,0.278201,0
a4f1d515-d7d9-4319-b2e0-4d56e9d45554,3,25,0.101204,0
a4f1d515-d7d9-4319-b2e0-4d56e9d45554,3,26,0.369201,0
a4f1d515-d7d9-4319-b2e0-4d56e9d45554,3,27,0.214206,0
a4f1d515-d7d9-4319-b2e0-4d56e9d45554,3,28,0.053344,0
a4f1d515-d7d9-4319-b2e0-4d56e9d45554,3,29,0.037774,0
a4f1d515-d7d9-4319-b2e0-4d56e9d45554,3,30,0.049390,0
a4f1d515-d7d9-4319-b2e0-4d56e9d45554,3,31,0.042819,0
a4f1d515-d7d9-4319-b2e0-4d56e9d45554,3,32,0.337125,0
a4f1d515-d7d9-4319-b2e0-4d56e9d45554,3,33,0.041197,0
a4f1d515-d7d9-4319-b2e0-4d56e9d45554,3,34,0.041820,0
a4f1d515-d7d9-4319-b2e0-4d56e9d45554,3,35,0.068543,0
a4f1d515-d7d9-4319-b2e0-4d56e9d45554,3,36,0.038786,0
a4f1d515-d7d9-4319-b2e0-4d56e9d45554,3,37,0.058987,0
a4f1d515-d7d9-4319-b2e0-4d56e9d45554,3,38,0.067613,0
d3a1ce0a-fc48-4827-a278-8f0ce8c7a519,1,0,0.033795,0
d3a1ce0a-fc48-4827-a278-8f0ce8c7a519,1,1,0.041223,0
d3a1ce0a-fc48-4827-a278-8f0ce8c7a519,1,2,0.032941,0
d3a1ce0a-fc48-4827-a278-8f0ce8c7a519,1,3,0.035833,0
d3a1ce0a-fc48-4827-a278-8f0ce8c7a519,1,4,0.038009,0
d3a1ce0a-fc48-4827-a278-8f0ce8c7a519,1,5,0.036177,0
d3a1ce0a-fc48-4827-a278-8f0ce8c7a519,1,6,0.037408,0
d3a1ce0a-fc48-4827-a278-8f0ce8c7a519,1,7,0.049756,0
d3a1ce0a-fc48-4827-a278-8f0ce8c7a519,1,8,0.038030,0
d3a1ce0a-fc48-4827-a278-8f0ce8c7a519,1,9,0.042332,0
d3a1ce0a-fc48-4827-a278-8f0ce8c7a519,1,10,0.046890,0
d3a1ce0a-fc48-4827-a278-8f0ce8c7a519,1,11,0.034866,0
d3a1ce0a-fc48-4827-a278-8f0ce8c7a519,1,12,0.041821,0
d3a1ce0a-fc48-4827-a278-8f0ce8c7a519,1,13,0.047785,0
d3a1ce0a-fc48-4827-a278-8f0ce8c7a519,1,14,0.041293,0
d3a1ce0a-fc48-4827-a278-8f0ce8c7a519,1,15,0.040863,0
d3a1ce0a-fc48-4827-a278-8f0ce8c7a519,1,16,0.065175,0
d3a1ce0a-fc48-4827-a278-8f0ce8c7a519,1,17,0.106295,0
d3a1ce0a-fc48-4827-a278-8f0ce8c7a519,1,18,0.040705,0
d3a1ce0a-fc48-4827-a278-8f0ce8c7a519,1,19,0.035033,0
d3a1ce0a-fc48-4827-a278-8f0ce8c7a519,1,20,0.038648,0
d3a1ce0a-fc48-4827-a278-8f0ce8c7a519,2,0,0.094864,0
d3a1ce0a-fc48-4827-a278-8f0ce8c7a519,2,1,0.035818,0
d3a1ce0a-fc48-4827-a278-8f0ce8c7a519,2,2,0.036732,0
d3a1ce0a-fc48-4827-a278-8f0ce8c7a519,2,3,0.081453,0
d3a1ce0a-fc48-4827-a278-8f0ce8c7a519,2,4,0.076187,0
d3a1ce0a-fc48-4827-a278-8f0ce8c7a519,2,5,0.953494,1
d3a1ce0a-fc48-4827-a278-8f0ce8c7a519,2,6,0.187060,0
d3a1ce0a-fc48-4827-a278-8f0ce8c7a519,2,7,0.061534,0
d3a1ce0a-fc48-4827-a278-8f0ce8c7a519,2,8,0.038833,0
d3a1ce0a-fc48-4827-a278-8f0ce8c7a519,2,9,0.072276,0
d3a1ce0a-fc48-4827-a278-8f0ce8c7a519,2,10,0.042056,0
d3a1ce0a-fc48-4827-a278-8f0ce8c7a519,2,11,0.086669,0
d3a1ce0a-fc48-4827-a278-8f0ce8c7a519,2,12,0.042493,0
d3a1ce0a-fc48-4827-a278-8f0ce8c7a519,2,13,0.036038,0
d3a1ce0a-fc48-4827-a278-8f0ce8c7a519,2,14,0.187719,0
d3a1ce0a-fc48-4827-a278-8f0ce8c7a519,2,15,0.036095,0
d3a1ce0a-fc48-4827-a278-8f0ce8c7a519,2,16,0.037697,0
d3a1ce0a-fc48-4827-a278-8f0ce8c7a519,2,17,0.041033,0
d3a1ce0a-fc48-4827-a278-8f0ce8c7a519,2,18,0.047802,0
d3a1ce0a-fc48-4827-a278-8f0ce8c7a519,2,19,0.035590,0
d3a1ce0a-fc48-4827-a278-8f0ce8c7a519,2,20,0.100914,0
d3a1ce0a-fc48-4827-a278-8f0ce8c7a519,2,21,0.061203,0
d3a1ce0a-fc48-4827-a278-8f0ce8c7a519,2,22,0.107169,0
d3a1ce0a-fc48-4827-a278-8f0ce8c7a519,2,23,0.093673,0
d3a1ce0a-fc48-4827-a278-8f0ce8c7a519,2,24,0.199463,0
d3a1ce0a-fc48-4827-a278-8f0ce8c7a519,2,25,0.088064,0
d3a1ce0a-fc48-4827-a278-8f0ce8c7a519,2,26,0.038391,0
d3a1ce0a-fc48-4827-a278-8f0ce8c7a519,2,27,0.065586,0
d3a1ce0a-fc48-4827-a278-8f0ce8c7a519,2,28,0.062858,0
d3a1ce0a-fc48-4827-a278-8f0ce8c7a519,2,29,0.331052,0
d3a1ce0a-fc48-4827-a278-8f0ce8c7a519,2,30,0.043017,0
d3a1ce0a-fc48-4827-a278-8f0ce8c7a519,2,31,0.073008,0
d3a1ce0a-fc48-4827-a278-8f0ce8c7a519,2,32,0.085879,0
d3a1ce0a-fc48-4827-a278-8f0ce8c7a519,2,33,0.039918,0
d3a1ce0a-fc48-4827-a278-8f0ce8c7a519,2,34,0.040488,0
d3a1ce0a-fc48-4827-a278-8f0ce8c7a519,2,35,0.035449,0
d3a1ce0a-fc48-4827-a278-8f0ce8c7a519,2,36,0.043198,0
d3a1ce0a-fc48-4827-a278-8f0ce8c7a519,2,37,0.034421,0
d3a1ce0a-fc48-4827-a278-8f0ce8c7a519,2,38,0.467174,0
d3a1ce0a-fc48-4827-a278-8f0ce8c7a519,3,0,0.137754,0
d3a1ce0a-fc48-4827-a278-8f0ce8c7a519,3,1,0.065705,0
d3a1ce0a-fc48-4827-a278-8f0ce8c7a519,3,2,0.033255,0
d3a1ce0a-fc48-4827-a278-8f0ce8c7a519,3,3,0.158295,0
d3a1ce0a-fc48-4827-a278-8f0ce8c7a519,3,4,0.037967,0
d3a1ce0a-fc48-4827-a278-8f0ce8c7a519,3,5,0.070633,0
d3a1ce0a-fc48-4827-a278-8f0ce8c7a519,3,6,0.045961,0
d3a1ce0a-fc48-4827-a278-8f0ce8c7a519,3,7,0.323780,0
d3a1ce0a-fc48-4827-a278-8f0ce8c7a519,3,8,0.063878,0
d3a1ce0a-fc48-4827-a278-8f0ce8c7a519,3,9,0.059808,0
d3a1ce0a-fc48-4827-a278-8f0ce8c7a519,3,10,0.055907,0
d3a1ce0a-fc48-4827-a278-8f0ce8c7a519,3,11,0.237971,0
d3a1ce0a-fc48-4827-a278-8f0ce8c7a519,3,12,0.037280,0
d3a1ce0a-fc48-4827-a278-8f0ce8c7a519,3,13,0.050754,0
d3a1ce0a-fc48-4827-a278-8f0ce8c7a519,3,14,0.669193,1
d3a1ce0a-fc48-4827-a278-8f0ce8c7a519,3,15,0.092393,0
d3a1ce0a-fc48-4827-a278-8f0ce8c7a519,3,16,0.091871,0
d3a1ce0a-fc48-4827-a278-8f0ce8c7a519,3,17,0.032874,0
d3a1ce0a-fc48-4827-a278-8f0ce8c7a519,3,18,0.038868,0
d3a1ce0a-fc48-4827-a278-8f0ce8c7a519,3,19,0.049651,0
d3a1ce0a-fc48-4827-a278-8f0ce8c7a519,3,20,0.086517,0
d3a1ce0a-fc48-4827-a278-8f0ce8c7a519,3,21,0.036788,0
d3a1ce0a-fc48-4827-a278-8f0ce8c7a519,3,22,0.036260,0
d3a1ce0a-fc48-4827-a278-8f0ce8c7a519,3,23,0.153497,0
d3a1ce0a-fc48-4827-a278-8f0ce8c7a519,3,24,0.324507,0
d3a1ce0a-fc48-4827-a278-8f0ce8c7a519,3,25,0.037238,0
d3a1ce0a-fc48-4827-a278-8f0ce8c7a519,3,26,0.042755,0
d3a1ce0a-fc48-4827-a278-8f0ce8c7a519,3,27,0.035816,0
d3a1ce0a-fc48-4827-a278-8f0ce8c7a519,3,28,0.059630,0
d3a1ce0a-fc48-4827-a278-8f0ce8c7a519,3,29,0.037539,0
d3a1ce0a-fc48-4827-a278-8f0ce8c7a519,3,30,0.049370,0
d3a1ce0a-fc48-4827-a278-8f0ce8c7a519,3,31,0.124378,0
d3a1ce0a-fc48-4827-a278-8f0ce8c7a519,3,32,0.883997,1
d3a1ce0a-fc48-4827-a278-8f0ce8c7a519,3,33,0.042263,0
d3a1ce0a-fc48-4827-a278-8f0ce8c7a519,3,34,0.247794,0
d3a1ce0a-fc48-4827-a278-8f0ce8c7a519,3,35,0.045077,0
d3a1ce0a-fc48-4827-a278-8f0ce8c7a519,3,36,0.054906,0
d3a1ce0a-fc48-4827-a278-8f0ce8c7a519,3,37,0.064055,0
d3a1ce0a-fc48-4827-a278-8f0ce8c7a519,3,38,0.135447,0
f506aafc-8b43-427a-936e-bbd1ef33e076,1,0,0.038069,0
f506aafc-8b43-427a-936e-bbd1ef33e076,1,1,0.038942,0
f506aafc-8b43-427a-936e-bbd1ef33e076,1,2,0.034650,0
f506aafc-8b43-427a-936e-bbd1ef33e076,1,3,0.036032,0
f506aafc-8b43-427a-936e-bbd1ef33e076,1,4,0.519239,1
f506aafc-8b43-427a-936e-bbd1ef33e076,1,5,0.056117,0
f506aafc-8b43-427a-936e-bbd1ef33e076,1,6,0.049644,0
f506aafc-8b43-427a-936e-bbd1ef33e076,1,7,0.099363,0
f506aafc-8b43-427a-936e-bbd1ef33e076,1,8,0.049803,0
f506aafc-8b43-427a-936e-bbd1ef33e076,1,9,0.034878,0
f506aafc-8b43-427a-936e-bbd1ef33e076,1,10,0.033426,0
f506aafc-8b43-427a-936e-bbd1ef33e076,1,11,0.055092,0
f506aafc-8b43-427a-936e-bbd1ef33e076,1,12,0.039705,0
f506aafc-8b43-427a-936e-bbd1ef33e076,1,13,0.036207,0
f506aafc-8b43-427a-936e-bbd1ef33e076,2,0,0.036594,0
f506aafc-8b43-427a-936e-bbd1ef33e076,2,1,0.034844,0
f506aafc-8b43-427a-936e-bbd1ef33e076,2,2,0.034113,0
f506aafc-8b43-427a-936e-bbd1ef33e076,2,3,0.047705,0
f506aafc-8b43-427a-936e-bbd1ef33e076,2,4,0.087028,0
f506aafc-8b43-427a-936e-bbd1ef33e076,2,5,0.054048,0
f506aafc-8b43-427a-936e-bbd1ef33e076,2,6,0.065036,0
f506aafc-8b43-427a-936e-bbd1ef33e076,2,7,0.045399,0
f506aafc-8b43-427a-936e-bbd1ef33e076,2,8,0.072249,0
f506aafc-8b43-427a-936e-bbd1ef33e076,2,9,0.034278,0
f506aafc-8b43-427a-936e-bbd1ef33e076,2,10,0.659244,1
f506aafc-8b43-427a-936e-bbd1ef33e076,2,11,0.038821,0
f506aafc-8b43-427a-936e-bbd1ef33e076,2,12,0.038784,0
f506aafc-8b43-427a-936e-bbd1ef33e076,2,13,0.172430,0
f506aafc-8b43-427a-936e-bbd1ef33e076,2,14,0.035968,0
f506aafc-8b43-427a-936e-bbd1ef33e076,2,15,0.047569,0
f506aafc-8b43-427a-936e-bbd1ef33e076,2,16,0.053411,0
f506aafc-8b43-427a-936e-bbd1ef33e076,2,17,0.143910,0
f506aafc-8b43-427a-936e-bbd1ef33e076,2,18,0.085172,0
f506aafc-8b43-427a-936e-bbd1ef33e076,2,19,0.139139,0
f506aafc-8b43-427a-936e-bbd1ef33e076,2,20,0.035557,0
f506aafc-8b43-427a-936e-bbd1ef33e076,2,21,0.040803,0
f506aafc-8b43-427a-936e-bbd1ef33e076,2,22,0.042797,0
f506aafc-8b43-427a-936e-bbd1ef33e076,2,23,0.038293,0
f506aafc-8b43-427a-936e-bbd1ef33e076,2,24,0.049512,0
f506aafc-8b43-427a-936e-bbd1ef33e076,2,25,0.034004,0
f506aafc-8b43-427a-936e-bbd1ef33e076,2,26,0.037925,0
f506aafc-8b43-427a-936e-bbd1ef33e076,2,27,0.034289,0
f506aafc-8b43-427a-936e-bbd1ef33e076,2,28,0.179845,0
f506aafc-8b43-427a-936e-bbd1ef33e076,2,29,0.111622,0
f506aafc-8b43-427a-936e-bbd1ef33e076,2,30,0.038060,0
f506aafc-8b43-427a-936e-bbd1ef33e076,3,0,0.034201,0
f506aafc-8b43-427a-936e-bbd1ef33e076,3,1,0.034430,0
f506aafc-8b43-427a-936e-bbd1ef33e076,3,2,0.036796,0
f506aafc-8b43-427a-936e-bbd1ef33e076,3,3,0.125844,0
f506aafc-8b43-427a-936e-bbd1ef33e076,3,4,0.175618,0
f506aafc-8b43-427a-936e-bbd1ef33e076,3,5,0.033973,0
f506aafc-8b43-427a-936e-bbd1ef33e076,3,6,0.034824,0
f506aafc-8b43-427a-936e-bbd1ef33e076,3,7,0.044889,0
f506aafc-8b43-427a-936e-bbd1ef33e076,3,8,0.078644,0
f506aafc-8b43-427a-936e-bbd1ef33e076,3,9,0.035090,0
f506aafc-8b43-427a-936e-bbd1ef33e076,3,10,0.055780,0
f506aafc-8b43-427a-936e-bbd1ef33e076,3,11,0.144218,0
f506aafc-8b43-427a-936e-bbd1ef33e076,3,12,0.033689,0
f506aafc-8b43-427a-936e-bbd1ef33e076,3,13,0.081885,0
f506aafc-8b43-427a-936e-bbd1ef33e076,3,14,0.033593,0
f506aafc-8b43-427a-936e-bbd1ef33e076,3,15,0.037277,0
f506aafc-8b43-427a-936e-bbd1ef33e076,3,16,0.042159,0
f506aafc-8b43-427a-936e-bbd1ef33e076,3,17,0.058674,0
f506aafc-8b43-427a-936e-bbd1ef33e076,3,18,0.035674,0
f506aafc-8b43-427a-936e-bbd1ef33e076,3,19,0.033662,0
f506aafc-8b43-427a-936e-bbd1ef33e076,3,20,0.040848,0
f506aafc-8b43-427a-936e-bbd1ef33e076,3,21,0.047316,0
f506aafc-8b43-427a-936e-bbd1ef33e076,3,22,0.040669,0
f506aafc-8b43-427a-936e-bbd1ef33e076,3,23,0.034404,0
f506aafc-8b43-427a-936e-bbd1ef33e076,3,24,0.181673,0
22b6e900-4826-4b09-a9f8-5d7afe46e78b,1,0,0.052085,0
22b6e900-4826-4b09-a9f8-5d7afe46e78b,1,1,0.044813,0
22b6e900-4826-4b09-a9f8-5d7afe46e78b,1,2,0.060939,0
22b6e900-4826-4b09-a9f8-5d7afe46e78b,1,3,0.080250,0
22b6e900-4826-4b09-a9f8-5d7afe46e78b,1,4,0.045044,0
22b6e900-4826-4b09-a9f8-5d7afe46e78b,1,5,0.097689,0
22b6e900-4826-4b09-a9f8-5d7afe46e78b,1,6,0.223714,0
22b6e900-4826-4b09-a9f8-5d7afe46e78b,1,7,0.038967,0
22b6e900-4826-4b09-a9f8-5d7afe46e78b,1,8,0.044597,0
22b6e900-4826-4b09-a9f8-5d7afe46e78b,1,9,0.077918,0
22b6e900-4826-4b09-a9f8-5d7afe46e78b,1,10,0.049204,0
22b6e900-4826-4b09-a9f8-5d7afe46e78b,1,11,0.171151,0
22b6e900-4826-4b09-a9f8-5d7afe46e78b,1,12,0.041161,0
22b6e900-4826-4b09-a9f8-5d7afe46e78b,1,13,0.035346,0
22b6e900-4826-4b09-a9f8-5d7afe46e78b,1,14,0.033340,0
22b6e900-4826-4b09-a9f8-5d7afe46e78b,2,0,0.244662,0
22b6e900-4826-4b09-a9f8-5d7afe46e78b,2,1,0.059523,0
22b6e900-4826-4b09-a9f8-5d7afe46e78b,2,2,0.062443,0
22b6e900-4826-4b09-a9f8-5d7afe46e78b,2,3,0.035688,0
22b6e900-4826-4b09-a9f8-5d7afe46e78b,2,4,0.038641,0
22b6e900-4826-4b09-a9f8-5d7afe46e78b,2,5,0.065284,0
22b6e900-4826-4b09-a9f8-5d7afe46e78b,2,6,0.075824,0
22b6e900-4826-4b09-a9f8-5d7afe46e78b,2,7,0.177602,0
22b6e900-4826-4b09-a9f8-5d7afe46e78b,2,8,0.042461,0
22b6e900-4826-4b09-a9f8-5d7afe46e78b,2,9,0.107428,0
22b6e900-4826-4b09-a9f8-5d7afe46e78b,2,10,0.040554,0
22b6e900-4826-4b09-a9f8-5d7afe46e78b,2,11,0.079628,0
22b6e900-4826-4b09-a9f8-5d7afe46e78b,3,0,0.261498,0
22b6e900-4826-4b09-a9f8-5d7afe46e78b,3,1,0.052943,0
22b6e900-4826-4b09-a9f8-5d7afe46e78b,3,2,0.204301,0
22b6e900-4826-4b09-a9f8-5d7afe46e78b,3,3,0.076697,0
22b6e900-4826-4b09-a9f8-5d7afe46e78b,3,4,0.072510,0
22b6e900-4826-4b09-a9f8-5d7afe46e78b,3,5,0.035051,0
22b6e900-4826-4b09-a9f8-5d7afe46e78b,3,6,0.035381,0
22b6e900-4826-4b09-a9f8-5d7afe46e78b,3,7,0.200691,0
22b6e900-4826-4b09-a9f8-5d7afe46e78b,3,8,0.078719,0
22b6e900-4826-4b09-a9f8-5d7afe46e78b,3,9,0.211792,0
22b6e900-4826-4b09-a9f8-5d7afe46e78b,3,10,0.328493,0
22b6e900-4826-4b09-a9f8-5d7afe46e78b,3,11,0.077405,0
33521e65-12da-4521-b132-7b606243b0e4,1,0,0.034125,0
33521e65-12da-4521-b132-7b606243b0e4,1,1,0.087593,0
33521e65-12da-4521-b132-7b606243b0e4,1,2,0.061489,0
33521e65-12da-4521-b132-7b606243b0e4,1,3,0.932946,1
33521e65-12da-4521-b132-7b606243b0e4,1,4,0.077338,0
33521e65-12da-4521-b132-7b606243b0e4,1,5,0.104885,0
33521e65-12da-4521-b132-7b606243b0e4,1,6,0.038372,0
33521e65-12da-4521-b132-7b606243b0e4,1,7,0.033416,0
33521e65-12da-4521-b132-7b606243b0e4,1,8,0.032389,0
33521e65-12da-4521-b132-7b606243b0e4,1,9,0.071460,0
33521e65-12da-4521-b132-7b606243b0e4,1,10,0.260879,0
33521e65-12da-4521-b132-7b606243b0e4,1,11,0.921696,1
33521e65-12da-4521-b132-7b606243b0e4,1,12,0.047616,0
33521e65-12da-4521-b132-7b606243b0e4,1,13,0.040736,0
33521e65-12da-4521-b132-7b606243b0e4,1,14,0.089544,0
33521e65-12da-4521-b132-7b606243b0e4,1,15,0.096471,0
33521e65-12da-4521-b132-7b606243b0e4,1,16,0.085884,0
33521e65-12da-4521-b132-7b606243b0e4,1,17,0.149555,0
33521e65-12da-4521-b132-7b606243b0e4,1,18,0.046570,0
33521e65-12da-4521-b132-7b606243b0e4,1,19,0.036635,0
33521e65-12da-4521-b132-7b606243b0e4,2,0,0.075590,0
33521e65-12da-4521-b132-7b606243b0e4,2,1,0.034073,0
33521e65-12da-4521-b132-7b606243b0e4,2,2,0.164305,0
33521e65-12da-4521-b132-7b606243b0e4,2,3,0.032071,0
33521e65-12da-4521-b132-7b606243b0e4,2,4,0.048035,0
33521e65-12da-4521-b132-7b606243b0e4,2,5,0.050550,0
33521e65-12da-4521-b132-7b606243b0e4,2,6,0.052802,0
33521e65-12da-4521-b132-7b606243b0e4,2,7,0.040036,0
33521e65-12da-4521-b132-7b606243b0e4,2,8,0.037950,0
33521e65-12da-4521-b132-7b606243b0e4,2,9,0.094862,0
33521e65-12da-4521-b132-7b606243b0e4,2,10,0.362349,0
33521e65-12da-4521-b132-7b606243b0e4,2,11,0.193897,0
33521e65-12da-4521-b132-7b606243b0e4,2,12,0.129053,0
33521e65-12da-4521-b132-7b606243b0e4,2,13,0.032767,0
33521e65-12da-4521-b132-7b606243b0e4,2,14,0.045939,0
33521e65-12da-4521-b132-7b606243b0e4,2,15,0.036380,0
33521e65-12da-4521-b132-7b606243b0e4,2,16,0.037559,0
33521e65-12da-4521-b132-7b606243b0e4,2,17,0.035663,0
33521e65-12da-4521-b132-7b606243b0e4,2,18,0.072498,0
33521e65-12da-4521-b132-7b606243b0e4,2,19,0.044338,0
33521e65-12da-4521-b132-7b606243b0e4,2,20,0.047828,0
33521e65-12da-4521-b132-7b606243b0e4,2,21,0.531253,1
33521e65-12da-4521-b132-7b606243b0e4,2,22,0.973203,1
33521e65-12da-4521-b132-7b606243b0e4,2,23,0.043847,0
33521e65-12da-4521-b132-7b606243b0e4,2,24,0.782878,1
33521e65-12da-4521-b132-7b606243b0e4,2,25,0.394065,0
33521e65-12da-4521-b132-7b606243b0e4,3,0,0.033198,0
33521e65-12da-4521-b132-7b606243b0e4,3,1,0.086353,0
33521e65-12da-4521-b132-7b606243b0e4,3,2,0.034566,0
33521e65-12da-4521-b132-7b606243b0e4,3,3,0.084629,0
33521e65-12da-4521-b132-7b606243b0e4,3,4,0.935623,1
33521e65-12da-4521-b132-7b606243b0e4,3,5,0.231158,0
33521e65-12da-4521-b132-7b606243b0e4,3,6,0.127857,0
33521e65-12da-4521-b132-7b606243b0e4,3,7,0.145779,0
33521e65-12da-4521-b132-7b606243b0e4,3,8,0.036330,0
33521e65-12da-4521-b132-7b606243b0e4,3,9,0.037485,0
33521e65-12da-4521-b132-7b606243b0e4,3,10,0.220231,0
33521e65-12da-4521-b132-7b606243b0e4,3,11,0.034589,0
33521e65-12da-4521-b132-7b606243b0e4,3,12,0.054795,0
33521e65-12da-4521-b132-7b606243b0e4,3,13,0.037504,0
33521e65-12da-4521-b132-7b606243b0e4,3,14,0.038670,0
58ed2376-35a0-453a-a08e-5cd87e3bdea5,1,0,0.147062,0
58ed2376-35a0-453a-a08e-5cd87e3bdea5,1,1,0.047934,0
58ed2376-35a0-453a-a08e-5cd87e3bdea5,1,2,0.087251,0
58ed2376-35a0-453a-a08e-5cd87e3bdea5,1,3,0.142883,0
58ed2376-35a0-453a-a08e-5cd87e3bdea5,1,4,0.268620,0
58ed2376-35a0-453a-a08e-5cd87e3bdea5,1,5,0.071931,0
58ed2376-35a0-453a-a08e-5cd87e3bdea5,1,6,0.076461,0
58ed2376-35a0-453a-a08e-5cd87e3bdea5,1,7,0.047599,0
58ed2376-35a0-453a-a08e-5cd87e3bdea5,1,8,0.117439,0
58ed2376-35a0-453a-a08e-5cd87e3bdea5,1,9,0.086050,0
58ed2376-35a0-453a-a08e-5cd87e3bdea5,1,10,0.079740,0
58ed2376-35a0-453a-a08e-5cd87e3bdea5,1,11,0.124536,0
58ed2376-35a0-453a-a08e-5cd87e3bdea5,1,12,0.168750,0
58ed2376-35a0-453a-a08e-5cd87e3bdea5,1,13,0.283541,0
58ed2376-35a0-453a-a08e-5cd87e3bdea5,1,14,0.136972,0
58ed2376-35a0-453a-a08e-5cd87e3bdea5,1,15,0.506635,1
58ed2376-35a0-453a-a08e-5cd87e3bdea5,1,16,0.292698,0
58ed2376-35a0-453a-a08e-5cd87e3bdea5,1,17,0.111810,0
58ed2376-35a0-453a-a08e-5cd87e3bdea5,1,18,0.065201,0
58ed2376-35a0-453a-a08e-5cd87e3bdea5,1,19,0.246583,0
58ed2376-35a0-453a-a08e-5cd87e3bdea5,1,20,0.905029,1
58ed2376-35a0-453a-a08e-5cd87e3bdea5,1,21,0.720857,1
58ed2376-35a0-453a-a08e-5cd87e3bdea5,1,22,0.095140,0
58ed2376-35a0-453a-a08e-5cd87e3bdea5,1,23,0.171505,0
58ed2376-35a0-453a-a08e-5cd87e3bdea5,1,24,0.313816,0
58ed2376-35a0-453a-a08e-5cd87e3bdea5,1,25,0.357102,0
58ed2376-35a0-453a-a08e-5cd87e3bdea5,1,26,0.284838,0
58ed2376-35a0-453a-a08e-5cd87e3bdea5,1,27,0.560829,1
58ed2376-35a0-453a-a08e-5cd87e3bdea5,2,0,0.095863,0
58ed2376-35a0-453a-a08e-5cd87e3bdea5,2,1,0.095343,0
58ed2376-35a0-453a-a08e-5cd87e3bdea5,2,2,0.069458,0
58ed2376-35a0-453a-a08e-5cd87e3bdea5,2,3,0.238407,0
58ed2376-35a0-453a-a08e-5cd87e3bdea5,2,4,0.034993,0
58ed2376-35a0-453a-a08e-5cd87e3bdea5,2,5,0.057156,0
58ed2376-35a0-453a-a08e-5cd87e3bdea5,2,6,0.036702,0
58ed2376-35a0-453a-a08e-5cd87e3bdea5,2,7,0.035492,0
58ed2376-35a0-453a-a08e-5cd87e3bdea5,2,8,0.167463,0
58ed2376-35a0-453a-a08e-5cd87e3bdea5,2,9,0.213109,0
58ed2376-35a0-453a-a08e-5cd87e3bdea5,2,10,0.048680,0
58ed2376-35a0-453a-a08e-5cd87e3bdea5,2,11,0.045425,0
58ed2376-35a0-453a-a08e-5cd87e3bdea5,2,12,0.041481,0
58ed2376-35a0-453a-a08e-5cd87e3bdea5,3,0,0.104392,0
58ed2376-35a0-453a-a08e-5cd87e3bdea5,3,1,0.036893,0
58ed2376-35a0-453a-a08e-5cd87e3bdea5,3,2,0.037100,0
58ed2376-35a0-453a-a08e-5cd87e3bdea5,3,3,0.053290,0
58ed2376-35a0-453a-a08e-5cd87e3bdea5,3,4,0.106304,0
58ed2376-35a0-453a-a08e-5cd87e3bdea5,3,5,0.245319,0
58ed2376-35a0-453a-a08e-5cd87e3bdea5,3,6,0.208576,0
58ed2376-35a0-453a-a08e-5cd87e3bdea5,3,7,0.456554,0
58ed2376-35a0-453a-a08e-5cd87e3bdea5,3,8,0.032245,0
58ed2376-35a0-453a-a08e-5cd87e3bdea5,3,9,0.073301,0
58ed2376-35a0-453a-a08e-5cd87e3bdea5,3,10,0.054994,0
58ed2376-35a0-453a-a08e-5cd87e3bdea5,3,11,0.048929,0
58ed2376-35a0-453a-a08e-5cd87e3bdea5,3,12,0.033034,0
58ed2376-35a0-453a-a08e-5cd87e3bdea5,3,13,0.840370,1
58ed2376-35a0-453a-a08e-5cd87e3bdea5,3,14,0.047146,0
58ed2376-35a0-453a-a08e-5cd87e3bdea5,3,15,0.137173,0
58ed2376-35a0-453a-a08e-5cd87e3bdea5,3,16,0.057686,0
58ed2376-35a0-453a-a08e-5cd87e3bdea5,3,17,0.033828,0
96b7046f-f584-422f-a626-6f86a26dfd8b,1,0,0.740714,1
96b7046f-f584-422f-a626-6f86a26dfd8b,1,1,0.131802,0
96b7046f-f584-422f-a626-6f86a26dfd8b,1,2,0.874703,1
96b7046f-f584-422f-a626-6f86a26dfd8b,1,3,0.972165,1
96b7046f-f584-422f-a626-6f86a26dfd8b,1,4,0.176768,0
96b7046f-f584-422f-a626-6f86a26dfd8b,1,5,0.408102,0
96b7046f-f584-422f-a626-6f86a26dfd8b,1,6,0.326778,0
96b7046f-f584-422f-a626-6f86a26dfd8b,1,7,0.229827,0
96b7046f-f584-422f-a626-6f86a26dfd8b,1,8,0.175106,0
96b7046f-f584-422f-a626-6f86a26dfd8b,1,9,0.287946,0
96b7046f-f584-422f-a626-6f86a26dfd8b,1,10,0.972733,1
96b7046f-f584-422f-a626-6f86a26dfd8b,1,11,0.221931,0
96b7046f-f584-422f-a626-6f86a26dfd8b,1,12,0.813464,1
96b7046f-f584-422f-a626-6f86a26dfd8b,1,13,0.314988,0
96b7046f-f584-422f-a626-6f86a26dfd8b,1,14,0.221548,0
96b7046f-f584-422f-a626-6f86a26dfd8b,1,15,0.285404,0
96b7046f-f584-422f-a626-6f86a26dfd8b,1,16,0.567383,1
96b7046f-f584-422f-a626-6f86a26dfd8b,1,17,0.284336,0
96b7046f-f584-422f-a626-6f86a26dfd8b,2,0,0.041799,0
96b7046f-f584-422f-a626-6f86a26dfd8b,2,1,0.055254,0
96b7046f-f584-422f-a626-6f86a26dfd8b,2,2,0.243004,0
96b7046f-f584-422f-a626-6f86a26dfd8b,2,3,0.101158,0
96b7046f-f584-422f-a626-6f86a26dfd8b,2,4,0.467405,0
96b7046f-f584-422f-a626-6f86a26dfd8b,2,5,0.037316,0
96b7046f-f584-422f-a626-6f86a26dfd8b,2,6,0.043838,0
96b7046f-f584-422f-a626-6f86a26dfd8b,2,7,0.202950,0
96b7046f-f584-422f-a626-6f86a26dfd8b,2,8,0.368806,0
96b7046f-f584-422f-a626-6f86a26dfd8b,2,9,0.220237,0
96b7046f-f584-422f-a626-6f86a26dfd8b,2,10,0.039164,0
96b7046f-f584-422f-a626-6f86a26dfd8b,2,11,0.039158,0
96b7046f-f584-422f-a626-6f86a26dfd8b,3,0,0.665226,1
96b7046f-f584-422f-a626-6f86a26dfd8b,3,1,0.071753,0
96b7046f-f584-422f-a626-6f86a26dfd8b,3,2,0.465285,0
96b7046f-f584-422f-a626-6f86a26dfd8b,3,3,0.574370,1
96b7046f-f584-422f-a626-6f86a26dfd8b,3,4,0.739924,1
96b7046f-f584-422f-a626-6f86a26dfd8b,3,5,0.406714,0
96b7046f-f584-422f-a626-6f86a26dfd8b,3,6,0.038455,0
96b7046f-f584-422f-a626-6f86a26dfd8b,3,7,0.037787,0
96b7046f-f584-422f-a626-6f86a26dfd8b,3,8,0.758461,1
96b7046f-f584-422f-a626-6f86a26dfd8b,3,9,0.085131,0
96b7046f-f584-422f-a626-6f86a26dfd8b,3,10,0.056630,0
96b7046f-f584-422f-a626-6f86a26dfd8b,3,11,0.948158,1
96b7046f-f584-422f-a626-6f86a26dfd8b,3,12,0.185574,0
96b7046f-f584-422f-a626-6f86a26dfd8b,3,13,0.929755,1
96b7046f-f584-422f-a626-6f86a26dfd8b,3,14,0.152800,0
96b7046f-f584-422f-a626-6f86a26dfd8b,3,15,0.188246,0
96b7046f-f584-422f-a626-6f86a26dfd8b,3,16,0.155780,0
96b7046f-f584-422f-a626-6f86a26dfd8b,3,17,0.229827,0
96b7046f-f584-422f-a626-6f86a26dfd8b,3,18,0.201362,0
96b7046f-f584-422f-a626-6f86a26dfd8b,3,19,0.096072,0
96b7046f-f584-422f-a626-6f86a26dfd8b,3,20,0.276507,0
96b7046f-f584-422f-a626-6f86a26dfd8b,3,21,0.136599,0
96b7046f-f584-422f-a626-6f86a26dfd8b,3,22,0.132645,0
96b7046f-f584-422f-a626-6f86a26dfd8b,3,23,0.074430,0
96b7046f-f584-422f-a626-6f86a26dfd8b,3,24,0.058949,0
96b7046f-f584-422f-a626-6f86a26dfd8b,3,25,0.148162,0
96b7046f-f584-422f-a626-6f86a26dfd8b,3,26,0.204387,0
b764f81f-6d08-4d7c-b1a8-8961bed0a455,1,0,0.093174,0
b764f81f-6d08-4d7c-b1a8-8961bed0a455,1,1,0.055086,0
b764f81f-6d08-4d7c-b1a8-8961bed0a455,1,2,0.031966,0
b764f81f-6d08-4d7c-b1a8-8961bed0a455,1,3,0.078010,0
b764f81f-6d08-4d7c-b1a8-8961bed0a455,1,4,0.047816,0
b764f81f-6d08-4d7c-b1a8-8961bed0a455,1,5,0.084574,0
b764f81f-6d08-4d7c-b1a8-8961bed0a455,1,6,0.174668,0
b764f81f-6d08-4d7c-b1a8-8961bed0a455,1,7,0.068316,0
b764f81f-6d08-4d7c-b1a8-8961bed0a455,1,8,0.169432,0
b764f81f-6d08-4d7c-b1a8-8961bed0a455,1,9,0.058279,0
b764f81f-6d08-4d7c-b1a8-8961bed0a455,1,10,0.032226,0
b764f81f-6d08-4d7c-b1a8-8961bed0a455,1,11,0.035592,0
b764f81f-6d08-4d7c-b1a8-8961bed0a455,1,12,0.032700,0
b764f81f-6d08-4d7c-b1a8-8961bed0a455,1,13,0.067012,0
b764f81f-6d08-4d7c-b1a8-8961bed0a455,1,14,0.034436,0
b764f81f-6d08-4d7c-b1a8-8961bed0a455,1,15,0.042566,0
b764f81f-6d08-4d7c-b1a8-8961bed0a455,1,16,0.036561,0
b764f81f-6d08-4d7c-b1a8-8961bed0a455,1,17,0.140109,0
b764f81f-6d08-4d7c-b1a8-8961bed0a455,1,18,0.071725,0
b764f81f-6d08-4d7c-b1a8-8961bed0a455,1,19,0.051214,0
b764f81f-6d08-4d7c-b1a8-8961bed0a455,1,20,0.035650,0
b764f81f-6d08-4d7c-b1a8-8961bed0a455,1,21,0.040442,0
b764f81f-6d08-4d7c-b1a8-8961bed0a455,1,22,0.033967,0
b764f81f-6d08-4d7c-b1a8-8961bed0a455,1,23,0.058715,0
b764f81f-6d08-4d7c-b1a8-8961bed0a455,1,24,0.168192,0
b764f81f-6d08-4d7c-b1a8-8961bed0a455,1,25,0.077885,0
b764f81f-6d08-4d7c-b1a8-8961bed0a455,1,26,0.252563,0
b764f81f-6d08-4d7c-b1a8-8961bed0a455,1,27,0.035255,0
b764f81f-6d08-4d7c-b1a8-8961bed0a455,1,28,0.093319,0
b764f81f-6d08-4d7c-b1a8-8961bed0a455,1,29,0.067496,0
b764f81f-6d08-4d7c-b1a8-8961bed0a455,1,30,0.188266,0
b764f81f-6d08-4d7c-b1a8-8961bed0a455,1,31,0.219396,0
b764f81f-6d08-4d7c-b1a8-8961bed0a455,1,32,0.214164,0
b764f81f-6d08-4d7c-b1a8-8961bed0a455,1,33,0.040094,0
b764f81f-6d08-4d7c-b1a8-8961bed0a455,1,34,0.033057,0
b764f81f-6d08-4d7c-b1a8-8961bed0a455,1,35,0.187789,0
b764f81f-6d08-4d7c-b1a8-8961bed0a455,1,36,0.032912,0
b764f81f-6d08-4d7c-b1a8-8961bed0a455,1,37,0.193972,0
b764f81f-6d08-4d7c-b1a8-8961bed0a455,1,38,0.051628,0
b764f81f-6d08-4d7c-b1a8-8961bed0a455,1,39,0.088526,0
b764f81f-6d08-4d7c-b1a8-8961bed0a455,1,40,0.269590,0
b764f81f-6d08-4d7c-b1a8-8961bed0a455,2,0,0.034649,0
b764f81f-6d08-4d7c-b1a8-8961bed0a455,2,1,0.031412,0
b764f81f-6d08-4d7c-b1a8-8961bed0a455,2,2,0.034263,0
b764f81f-6d08-4d7c-b1a8-8961bed0a455,2,3,0.056354,0
b764f81f-6d08-4d7c-b1a8-8961bed0a455,2,4,0.321982,0
b764f81f-6d08-4d7c-b1a8-8961bed0a455,2,5,0.044331,0
b764f81f-6d08-4d7c-b1a8-8961bed0a455,2,6,0.033124,0
b764f81f-6d08-4d7c-b1a8-8961bed0a455,2,7,0.035544,0
b764f81f-6d08-4d7c-b1a8-8961bed0a455,2,8,0.037126,0
b764f81f-6d08-4d7c-b1a8-8961bed0a455,2,9,0.058782,0
b764f81f-6d08-4d7c-b1a8-8961bed0a455,2,10,0.151466,0
b764f81f-6d08-4d7c-b1a8-8961bed0a455,2,11,0.036074,0
b764f81f-6d08-4d7c-b1a8-8961bed0a455,2,12,0.049755,0
b764f81f-6d08-4d7c-b1a8-8961bed0a455,2,13,0.059453,0
b764f81f-6d08-4d7c-b1a8-8961bed0a455,2,14,0.033426,0
b764f81f-6d08-4d7c-b1a8-8961bed0a455,2,15,0.036636,0
b764f81f-6d08-4d7c-b1a8-8961bed0a455,2,16,0.041881,0
b764f81f-6d08-4d7c-b1a8-8961bed0a455,2,17,0.481041,0
b764f81f-6d08-4d7c-b1a8-8961bed0a455,2,18,0.136179,0
b764f81f-6d08-4d7c-b1a8-8961bed0a455,2,19,0.034152,0
b764f81f-6d08-4d7c-b1a8-8961bed0a455,2,20,0.144052,0
b764f81f-6d08-4d7c-b1a8-8961bed0a455,2,21,0.206096,0
b764f81f-6d08-4d7c-b1a8-8961bed0a455,2,22,0.038436,0
b764f81f-6d08-4d7c-b1a8-8961bed0a455,2,23,0.033948,0
b764f81f-6d08-4d7c-b1a8-8961bed0a455,2,24,0.057756,0
b764f81f-6d08-4d7c-b1a8-8961bed0a455,2,25,0.115588,0
b764f81f-6d08-4d7c-b1a8-8961bed0a455,2,26,0.048778,0
b764f81f-6d08-4d7c-b1a8-8961bed0a455,2,27,0.032970,0
b764f81f-6d08-4d7c-b1a8-8961bed0a455,3,0,0.044332,0
b764f81f-6d08-4d7c-b1a8-8961bed0a455,3,1,0.035721,0
b764f81f-6d08-4d7c-b1a8-8961bed0a455,3,2,0.040384,0
b764f81f-6d08-4d7c-b1a8-8961bed0a455,3,3,0.191215,0
b764f81f-6d08-4d7c-b1a8-8961bed0a455,3,4,0.124549,0
b764f81f-6d08-4d7c-b1a8-8961bed0a455,3,5,0.042728,0
b764f81f-6d08-4d7c-b1a8-8961bed0a455,3,6,0.088320,0
b764f81f-6d08-4d7c-b1a8-8961bed0a455,3,7,0.168530,0
b764f81f-6d08-4d7c-b1a8-8961bed0a455,3,8,0.117140,0
b764f81f-6d08-4d7c-b1a8-8961bed0a455,3,9,0.054175,0
b764f81f-6d08-4d7c-b1a8-8961bed0a455,3,10,0.055161,0
b764f81f-6d08-4d7c-b1a8-8961bed0a455,3,11,0.108470,0
b764f81f-6d08-4d7c-b1a8-8961bed0a455,3,12,0.034265,0
b764f81f-6d08-4d7c-b1a8-8961bed0a455,3,13,0.037363,0
b764f81f-6d08-4d7c-b1a8-8961bed0a455,3,14,0.035403,0
b764f81f-6d08-4d7c-b1a8-8961bed0a455,3,15,0.036055,0
b764f81f-6d08-4d7c-b1a8-8961bed0a455,3,16,0.036003,0
b764f81f-6d08-4d7c-b1a8-8961bed0a455,3,17,0.032673,0
b764f81f-6d08-4d7c-b1a8-8961bed0a455,3,18,0.192923,0
b764f81f-6d08-4d7c-b1a8-8961bed0a455,3,19,0.107200,0
b764f81f-6d08-4d7c-b1a8-8961bed0a455,3,20,0.104096,0
b764f81f-6d08-4d7c-b1a8-8961bed0a455,3,21,0.168590,0
b764f81f-6d08-4d7c-b1a8-8961bed0a455,3,22,0.081484,0
b764f81f-6d08-4d7c-b1a8-8961bed0a455,3,23,0.118715,0
b764f81f-6d08-4d7c-b1a8-8961bed0a455,3,24,0.044673,0
b764f81f-6d08-4d7c-b1a8-8961bed0a455,3,25,0.059475,0
b764f81f-6d08-4d7c-b1a8-8961bed0a455,3,26,0.060724,0
b764f81f-6d08-4d7c-b1a8-8961bed0a455,3,27,0.064681,0
b764f81f-6d08-4d7c-b1a8-8961bed0a455,3,28,0.151917,0
b764f81f-6d08-4d7c-b1a8-8961bed0a455,3,29,0.057194,0
b764f81f-6d08-4d7c-b1a8-8961bed0a455,3,30,0.765402,1
b764f81f-6d08-4d7c-b1a8-8961bed0a455,3,31,0.470170,0
b764f81f-6d08-4d7c-b1a8-8961bed0a455,3,32,0.061111,0
b764f81f-6d08-4d7c-b1a8-8961bed0a455,3,33,0.752987,1
b764f81f-6d08-4d7c-b1a8-8961bed0a455,3,34,0.078526,0
b764f81f-6d08-4d7c-b1a8-8961bed0a455,3,35,0.912071,1
b764f81f-6d08-4d7c-b1a8-8961bed0a455,3,36,0.193067,0
b764f81f-6d08-4d7c-b1a8-8961bed0a455,3,37,0.101227,0
c99adbdd-eaf3-4844-9548-2642e80de4e2,1,0,0.129343,0
c99adbdd-eaf3-4844-9548-2642e80de4e2,1,1,0.287707,0
c99adbdd-eaf3-4844-9548-2642e80de4e2,1,2,0.043635,0
c99adbdd-eaf3-4844-9548-2642e80de4e2,1,3,0.626905,1
c99adbdd-eaf3-4844-9548-2642e80de4e2,1,4,0.089610,0
c99adbdd-eaf3-4844-9548-2642e80de4e2,1,5,0.052040,0
c99adbdd-eaf3-4844-9548-2642e80de4e2,1,6,0.040240,0
c99adbdd-eaf3-4844-9548-2642e80de4e2,1,7,0.045516,0
c99adbdd-eaf3-4844-9548-2642e80de4e2,1,8,0.160078,0
c99adbdd-eaf3-4844-9548-2642e80de4e2,1,9,0.198628,0
c99adbdd-eaf3-4844-9548-2642e80de4e2,1,10,0.073600,0
c99adbdd-eaf3-4844-9548-2642e80de4e2,1,11,0.049261,0
c99adbdd-eaf3-4844-9548-2642e80de4e2,1,12,0.100029,0
c99adbdd-eaf3-4844-9548-2642e80de4e2,1,13,0.036202,0
c99adbdd-eaf3-4844-9548-2642e80de4e2,1,14,0.685402,1
c99adbdd-eaf3-4844-9548-2642e80de4e2,1,15,0.369284,0
c99adbdd-eaf3-4844-9548-2642e80de4e2,1,16,0.171025,0
c99adbdd-eaf3-4844-9548-2642e80de4e2,1,17,0.283648,0
c99adbdd-eaf3-4844-9548-2642e80de4e2,1,18,0.181006,0
c99adbdd-eaf3-4844-9548-2642e80de4e2,1,19,0.040894,0
c99adbdd-eaf3-4844-9548-2642e80de4e2,1,20,0.035362,0
c99adbdd-eaf3-4844-9548-2642e80de4e2,1,21,0.033744,0
c99adbdd-eaf3-4844-9548-2642e80de4e2,1,22,0.231931,0
c99adbdd-eaf3-4844-9548-2642e80de4e2,1,23,0.162672,0
c99adbdd-eaf3-4844-9548-2642e80de4e2,1,24,0.052061,0
c99adbdd-eaf3-4844-9548-2642e80de4e2,1,25,0.084784,0
c99adbdd-eaf3-4844-9548-2642e80de4e2,1,26,0.038288,0
c99adbdd-eaf3-4844-9548-2642e80de4e2,1,27,0.076644,0
c99adbdd-eaf3-4844-9548-2642e80de4e2,1,28,0.046536,0
c99adbdd-eaf3-4844-9548-2642e80de4e2,1,29,0.046887,0
c99adbdd-eaf3-4844-9548-2642e80de4e2,1,30,0.164532,0
c99adbdd-eaf3-4844-9548-2642e80de4e2,1,31,0.198888,0
c99adbdd-eaf3-4844-9548-2642e80de4e2,1,32,0.124238,0
c99adbdd-eaf3-4844-9548-2642e80de4e2,1,33,0.259680,0
c99adbdd-eaf3-4844-9548-2642e80de4e2,1,34,0.140724,0
c99adbdd-eaf3-4844-9548-2642e80de4e2,1,35,0.433265,0
c99adbdd-eaf3-4844-9548-2642e80de4e2,2,0,0.033244,0
c99adbdd-eaf3-4844-9548-2642e80de4e2,2,1,0.038166,0
c99adbdd-eaf3-4844-9548-2642e80de4e2,2,2,0.072272,0
c99adbdd-eaf3-4844-9548-2642e80de4e2,2,3,0.053975,0
c99adbdd-eaf3-4844-9548-2642e80de4e2,2,4,0.292701,0
c99adbdd-eaf3-4844-9548-2642e80de4e2,2,5,0.113368,0
c99adbdd-eaf3-4844-9548-2642e80de4e2,2,6,0.041782,0
c99adbdd-eaf3-4844-9548-2642e80de4e2,2,7,0.271888,0
c99adbdd-eaf3-4844-9548-2642e80de4e2,2,8,0.168965,0
c99adbdd-eaf3-4844-9548-2642e80de4e2,2,9,0.086396,0
c99adbdd-eaf3-4844-9548-2642e80de4e2,2,10,0.051763,0
c99adbdd-eaf3-4844-9548-2642e80de4e2,2,11,0.327328,0
c99adbdd-eaf3-4844-9548-2642e80de4e2,2,12,0.549208,1
c99adbdd-eaf3-4844-9548-2642e80de4e2,2,13,0.343999,0
c99adbdd-eaf3-4844-9548-2642e80de4e2,2,14,0.249054,0
c99adbdd-eaf3-4844-9548-2642e80de4e2,2,15,0.040199,0
c99adbdd-eaf3-4844-9548-2642e80de4e2,2,16,0.065716,0
c99adbdd-eaf3-4844-9548-2642e80de4e2,2,17,0.035278,0
c99adbdd-eaf3-4844-9548-2642e80de4e2,2,18,0.817860,1
c99adbdd-eaf3-4844-9548-2642e80de4e2,2,19,0.804614,1
c99adbdd-eaf3-4844-9548-2642e80de4e2,2,20,0.058991,0
c99adbdd-eaf3-4844-9548-2642e80de4e2,2,21,0.435166,0
c99adbdd-eaf3-4844-9548-2642e80de4e2,2,22,0.056411,0
c99adbdd-eaf3-4844-9548-2642e80de4e2,2,23,0.130235,0
c99adbdd-eaf3-4844-9548-2642e80de4e2,2,24,0.064511,0
c99adbdd-eaf3-4844-9548-2642e80de4e2,2,25,0.108345,0
c99adbdd-eaf3-4844-9548-2642e80de4e2,2,26,0.238789,0
c99adbdd-eaf3-4844-9548-2642e80de4e2,2,27,0.923564,1
c99adbdd-eaf3-4844-9548-2642e80de4e2,2,28,0.074556,0
c99adbdd-eaf3-4844-9548-2642e80de4e2,2,29,0.375756,0
c99adbdd-eaf3-4844-9548-2642e80de4e2,2,30,0.035661,0
c99adbdd-eaf3-4844-9548-2642e80de4e2,2,31,0.040046,0
c99adbdd-eaf3-4844-9548-2642e80de4e2,2,32,0.211901,0
c99adbdd-eaf3-4844-9548-2642e80de4e2,2,33,0.146464,0
c99adbdd-eaf3-4844-9548-2642e80de4e2,2,34,0.060075,0
c99adbdd-eaf3-4844-9548-2642e80de4e2,3,0,0.060587,0
c99adbdd-eaf3-4844-9548-2642e80de4e2,3,1,0.047396,0
c99adbdd-eaf3-4844-9548-2642e80de4e2,3,2,0.441764,0
c99adbdd-eaf3-4844-9548-2642e80de4e2,3,3,0.120122,0
c99adbdd-eaf3-4844-9548-2642e80de4e2,3,4,0.110526,0
c99adbdd-eaf3-4844-9548-2642e80de4e2,3,5,0.244023,0
c99adbdd-eaf3-4844-9548-2642e80de4e2,3,6,0.125909,0
c99adbdd-eaf3-4844-9548-2642e80de4e2,3,7,0.083511,0
c99adbdd-eaf3-4844-9548-2642e80de4e2,3,8,0.246477,0
c99adbdd-eaf3-4844-9548-2642e80de4e2,3,9,0.341080,0
c99adbdd-eaf3-4844-9548-2642e80de4e2,3,10,0.101686,0
c99adbdd-eaf3-4844-9548-2642e80de4e2,3,11,0.763375,1
c99adbdd-eaf3-4844-9548-2642e80de4e2,3,12,0.114810,0
c99adbdd-eaf3-4844-9548-2642e80de4e2,3,13,0.168514,0
c99adbdd-eaf3-4844-9548-2642e80de4e2,3,14,0.074669,0
c99adbdd-eaf3-4844-9548-2642e80de4e2,3,15,0.038766,0
c99adbdd-eaf3-4844-9548-2642e80de4e2,3,16,0.038327,0
c99adbdd-eaf3-4844-9548-2642e80de4e2,3,17,0.735237,1
c99adbdd-eaf3-4844-9548-2642e80de4e2,3,18,0.630508,1
c99adbdd-eaf3-4844-9548-2642e80de4e2,3,19,0.076479,0
c99adbdd-eaf3-4844-9548-2642e80de4e2,3,20,0.045933,0
c99adbdd-eaf3-4844-9548-2642e80de4e2,3,21,0.087786,0
c99adbdd-eaf3-4844-9548-2642e80de4e2,3,22,0.137297,0
c99adbdd-eaf3-4844-9548-2642e80de4e2,3,23,0.142071,0
c99adbdd-eaf3-4844-9548-2642e80de4e2,3,24,0.234544,0
c99adbdd-eaf3-4844-9548-2642e80de4e2,3,25,0.132216,0
c99adbdd-eaf3-4844-9548-2642e80de4e2,3,26,0.054751,0
c99adbdd-eaf3-4844-9548-2642e80de4e2,3,27,0.042497,0
c99adbdd-eaf3-4844-9548-2642e80de4e2,3,28,0.131499,0
c99adbdd-eaf3-4844-9548-2642e80de4e2,3,29,0.058201,0
c99adbdd-eaf3-4844-9548-2642e80de4e2,3,30,0.107900,0
c99adbdd-eaf3-4844-9548-2642e80de4e2,3,31,0.049032,0
c99adbdd-eaf3-4844-9548-2642e80de4e2,3,32,0.135615,0
c99adbdd-eaf3-4844-9548-2642e80de4e2,3,33,0.247330,0
ccf19ab6-7878-4378-b99c-2b08cc21371f,1,0,0.051761,0
ccf19ab6-7878-4378-b99c-2b08cc21371f,1,1,0.096303,0
ccf19ab6-7878-4378-b99c-2b08cc21371f,1,2,0.162892,0
ccf19ab6-7878-4378-b99c-2b08cc21371f,1,3,0.120293,0
ccf19ab6-7878-4378-b99c-2b08cc21371f,1,4,0.108849,0
ccf19ab6-7878-4378-b99c-2b08cc21371f,1,5,0.277730,0
ccf19ab6-7878-4378-b99c-2b08cc21371f,1,6,0.158796,0
ccf19ab6-7878-4378-b99c-2b08cc21371f,1,7,0.057215,0
ccf19ab6-7878-4378-b99c-2b08cc21371f,1,8,0.595751,1
ccf19ab6-7878-4378-b99c-2b08cc21371f,2,0,0.046971,0
ccf19ab6-7878-4378-b99c-2b08cc21371f,2,1,0.033123,0
ccf19ab6-7878-4378-b99c-2b08cc21371f,2,2,0.037709,0
ccf19ab6-7878-4378-b99c-2b08cc21371f,2,3,0.035691,0
ccf19ab6-7878-4378-b99c-2b08cc21371f,2,4,0.044467,0
ccf19ab6-7878-4378-b99c-2b08cc21371f,2,5,0.116479,0
ccf19ab6-7878-4378-b99c-2b08cc21371f,2,6,0.032441,0
ccf19ab6-7878-4378-b99c-2b08cc21371f,2,7,0.141863,0
ccf19ab6-7878-4378-b99c-2b08cc21371f,2,8,0.269607,0
ccf19ab6-7878-4378-b99c-2b08cc21371f,2,9,0.033409,0
ccf19ab6-7878-4378-b99c-2b08cc21371f,2,10,0.045571,0
ccf19ab6-7878-4378-b99c-2b08cc21371f,2,11,0.072686,0
ccf19ab6-7878-4378-b99c-2b08cc21371f,2,12,0.087108,0
ccf19ab6-7878-4378-b99c-2b08cc21371f,2,13,0.070404,0
ccf19ab6-7878-4378-b99c-2b08cc21371f,2,14,0.052313,0
ccf19ab6-7878-4378-b99c-2b08cc21371f,2,15,0.098664,0
ccf19ab6-7878-4378-b99c-2b08cc21371f,2,16,0.181563,0
ccf19ab6-7878-4378-b99c-2b08cc21371f,2,17,0.088462,0
ccf19ab6-7878-4378-b99c-2b08cc21371f,2,18,0.254019,0
ccf19ab6-7878-4378-b99c-2b08cc21371f,2,19,0.068311,0
ccf19ab6-7878-4378-b99c-2b08cc21371f,3,0,0.042391,0
ccf19ab6-7878-4378-b99c-2b08cc21371f,3,1,0.087672,0
ccf19ab6-7878-4378-b99c-2b08cc21371f,3,2,0.097083,0
ccf19ab6-7878-4378-b99c-2b08cc21371f,3,3,0.118753,0
ccf19ab6-7878-4378-b99c-2b08cc21371f,3,4,0.205539,0
ccf19ab6-7878-4378-b99c-2b08cc21371f,3,5,0.037769,0
ccf19ab6-7878-4378-b99c-2b08cc21371f,3,6,0.121461,0
ccf19ab6-7878-4378-b99c-2b08cc21371f,3,7,0.059925,0
ccf19ab6-7878-4378-b99c-2b08cc21371f,3,8,0.140670,0
ccf19ab6-7878-4378-b99c-2b08cc21371f,3,9,0.520112,1
ccf19ab6-7878-4378-b99c-2b08cc21371f,3,10,0.138065,0
ccf19ab6-7878-4378-b99c-2b08cc21371f,3,11,0.104055,0
ccf19ab6-7878-4378-b99c-2b08cc21371f,3,12,0.037687,0
ccf19ab6-7878-4378-b99c-2b08cc21371f,3,13,0.166453,0
ccf19ab6-7878-4378-b99c-2b08cc21371f,3,14,0.034805,0
ccf19ab6-7878-4378-b99c-2b08cc21371f,3,15,0.282886,0
ccf19ab6-7878-4378-b99c-2b08cc21371f,3,16,0.046181,0
ccf19ab6-7878-4378-b99c-2b08cc21371f,3,17,0.075445,0
d1344998-0e7c-409e-aaad-df5be687fc94,1,0,0.036481,0
d1344998-0e7c-409e-aaad-df5be687fc94,1,1,0.031927,0
d1344998-0e7c-409e-aaad-df5be687fc94,1,2,0.033314,0
d1344998-0e7c-409e-aaad-df5be687fc94,1,3,0.052934,0
d1344998-0e7c-409e-aaad-df5be687fc94,1,4,0.042240,0
d1344998-0e7c-409e-aaad-df5be687fc94,1,5,0.035908,0
d1344998-0e7c-409e-aaad-df5be687fc94,1,6,0.049507,0
d1344998-0e7c-409e-aaad-df5be687fc94,1,7,0.037142,0
d1344998-0e7c-409e-aaad-df5be687fc94,1,8,0.043161,0
d1344998-0e7c-409e-aaad-df5be687fc94,1,9,0.035253,0
d1344998-0e7c-409e-aaad-df5be687fc94,1,10,0.045779,0
d1344998-0e7c-409e-aaad-df5be687fc94,1,11,0.475224,0
d1344998-0e7c-409e-aaad-df5be687fc94,1,12,0.052354,0
d1344998-0e7c-409e-aaad-df5be687fc94,1,13,0.054018,0
d1344998-0e7c-409e-aaad-df5be687fc94,1,14,0.036280,0
d1344998-0e7c-409e-aaad-df5be687fc94,1,15,0.033281,0
d1344998-0e7c-409e-aaad-df5be687fc94,1,16,0.037304,0
d1344998-0e7c-409e-aaad-df5be687fc94,1,17,0.039040,0
d1344998-0e7c-409e-aaad-df5be687fc94,1,18,0.102727,0
d1344998-0e7c-409e-aaad-df5be687fc94,1,19,0.335688,0
d1344998-0e7c-409e-aaad-df5be687fc94,1,20,0.032877,0
d1344998-0e7c-409e-aaad-df5be687fc94,2,0,0.069823,0
d1344998-0e7c-409e-aaad-df5be687fc94,2,1,0.038612,0
d1344998-0e7c-409e-aaad-df5be687fc94,2,2,0.034442,0
d1344998-0e7c-409e-aaad-df5be687fc94,2,3,0.038191,0
d1344998-0e7c-409e-aaad-df5be687fc94,2,4,0.045395,0
d1344998-0e7c-409e-aaad-df5be687fc94,2,5,0.032776,0
d1344998-0e7c-409e-aaad-df5be687fc94,2,6,0.033904,0
d1344998-0e7c-409e-aaad-df5be687fc94,2,7,0.033891,0
d1344998-0e7c-409e-aaad-df5be687fc94,2,8,0.041339,0
d1344998-0e7c-409e-aaad-df5be687fc94,2,9,0.041036,0
d1344998-0e7c-409e-aaad-df5be687fc94,2,10,0.040100,0
d1344998-0e7c-409e-aaad-df5be687fc94,2,11,0.033713,0
d1344998-0e7c-409e-aaad-df5be687fc94,2,12,0.056127,0
d1344998-0e7c-409e-aaad-df5be687fc94,3,0,0.034468,0
d1344998-0e7c-409e-aaad-df5be687fc94,3,1,0.034795,0
d1344998-0e7c-409e-aaad-df5be687fc94,3,2,0.034940,0
d1344998-0e7c-409e-aaad-df5be687fc94,3,3,0.038191,0
d1344998-0e7c-409e-aaad-df5be687fc94,3,4,0.045395,0
d1344998-0e7c-409e-aaad-df5be687fc94,3,5,0.171656,0
d1344998-0e7c-409e-aaad-df5be687fc94,3,6,0.049150,0
d1344998-0e7c-409e-aaad-df5be687fc94,3,7,0.055368,0
d1344998-0e7c-409e-aaad-df5be687fc94,3,8,0.108107,0
d1344998-0e7c-409e-aaad-df5be687fc94,3,9,0.036027,0
d1344998-0e7c-409e-aaad-df5be687fc94,3,10,0.125945,0
ed8c136f-8d44-4c83-ad05-0dcfc3a0c54a,1,0,0.037114,0
ed8c136f-8d44-4c83-ad05-0dcfc3a0c54a,1,1,0.090460,0
ed8c136f-8d44-4c83-ad05-0dcfc3a0c54a,1,2,0.037697,0
ed8c136f-8d44-4c83-ad05-0dcfc3a0c54a,1,3,0.126320,0
ed8c136f-8d44-4c83-ad05-0dcfc3a0c54a,1,4,0.060408,0
ed8c136f-8d44-4c83-ad05-0dcfc3a0c54a,1,5,0.037183,0
ed8c136f-8d44-4c83-ad05-0dcfc3a0c54a,1,6,0.235015,0
ed8c136f-8d44-4c83-ad05-0dcfc3a0c54a,1,7,0.809303,1
ed8c136f-8d44-4c83-ad05-0dcfc3a0c54a,1,8,0.092841,0
ed8c136f-8d44-4c83-ad05-0dcfc3a0c54a,1,9,0.042880,0
ed8c136f-8d44-4c83-ad05-0dcfc3a0c54a,1,10,0.088675,0
ed8c136f-8d44-4c83-ad05-0dcfc3a0c54a,1,11,0.057925,0
ed8c136f-8d44-4c83-ad05-0dcfc3a0c54a,1,12,0.038798,0
ed8c136f-8d44-4c83-ad05-0dcfc3a0c54a,1,13,0.237113,0
ed8c136f-8d44-4c83-ad05-0dcfc3a0c54a,1,14,0.096948,0
ed8c136f-8d44-4c83-ad05-0dcfc3a0c54a,1,15,0.099962,0
ed8c136f-8d44-4c83-ad05-0dcfc3a0c54a,1,16,0.044756,0
ed8c136f-8d44-4c83-ad05-0dcfc3a0c54a,1,17,0.074739,0
ed8c136f-8d44-4c83-ad05-0dcfc3a0c54a,1,18,0.034329,0
ed8c136f-8d44-4c83-ad05-0dcfc3a0c54a,1,19,0.037810,0
ed8c136f-8d44-4c83-ad05-0dcfc3a0c54a,1,20,0.051750,0
ed8c136f-8d44-4c83-ad05-0dcfc3a0c54a,1,21,0.044277,0
ed8c136f-8d44-4c83-ad05-0dcfc3a0c54a,1,22,0.079303,0
ed8c136f-8d44-4c83-ad05-0dcfc3a0c54a,1,23,0.114882,0
ed8c136f-8d44-4c83-ad05-0dcfc3a0c54a,1,24,0.077211,0
ed8c136f-8d44-4c83-ad05-0dcfc3a0c54a,1,25,0.098959,0
ed8c136f-8d44-4c83-ad05-0dcfc3a0c54a,1,26,0.075261,0
ed8c136f-8d44-4c83-ad05-0dcfc3a0c54a,1,27,0.048882,0
ed8c136f-8d44-4c83-ad05-0dcfc3a0c54a,1,28,0.154875,0
ed8c136f-8d44-4c83-ad05-0dcfc3a0c54a,1,29,0.152788,0
ed8c136f-8d44-4c83-ad05-0dcfc3a0c54a,1,30,0.139002,0
ed8c136f-8d44-4c83-ad05-0dcfc3a0c54a,1,31,0.179220,0
ed8c136f-8d44-4c83-ad05-0dcfc3a0c54a,1,32,0.093366,0
ed8c136f-8d44-4c83-ad05-0dcfc3a0c54a,1,33,0.218791,0
ed8c136f-8d44-4c83-ad05-0dcfc3a0c54a,1,34,0.074027,0
ed8c136f-8d44-4c83-ad05-0dcfc3a0c54a,1,35,0.038119,0
ed8c136f-8d44-4c83-ad05-0dcfc3a0c54a,1,36,0.036824,0
ed8c136f-8d44-4c83-ad05-0dcfc3a0c54a,1,37,0.171913,0
ed8c136f-8d44-4c83-ad05-0dcfc3a0c54a,1,38,0.245124,0
ed8c136f-8d44-4c83-ad05-0dcfc3a0c54a,1,39,0.142971,0
ed8c136f-8d44-4c83-ad05-0dcfc3a0c54a,1,40,0.140395,0
ed8c136f-8d44-4c83-ad05-0dcfc3a0c54a,1,41,0.031943,0
ed8c136f-8d44-4c83-ad05-0dcfc3a0c54a,1,42,0.035953,0
ed8c136f-8d44-4c83-ad05-0dcfc3a0c54a,2,0,0.035270,0
ed8c136f-8d44-4c83-ad05-0dcfc3a0c54a,2,1,0.040579,0
ed8c136f-8d44-4c83-ad05-0dcfc3a0c54a,2,2,0.034393,0
ed8c136f-8d44-4c83-ad05-0dcfc3a0c54a,2,3,0.062325,0
ed8c136f-8d44-4c83-ad05-0dcfc3a0c54a,2,4,0.072222,0
ed8c136f-8d44-4c83-ad05-0dcfc3a0c54a,2,5,0.078371,0
ed8c136f-8d44-4c83-ad05-0dcfc3a0c54a,2,6,0.044055,0
ed8c136f-8d44-4c83-ad05-0dcfc3a0c54a,2,7,0.036402,0
ed8c136f-8d44-4c83-ad05-0dcfc3a0c54a,2,8,0.237113,0
ed8c136f-8d44-4c83-ad05-0dcfc3a0c54a,2,9,0.057809,0
ed8c136f-8d44-4c83-ad05-0dcfc3a0c54a,2,10,0.133431,0
ed8c136f-8d44-4c83-ad05-0dcfc3a0c54a,2,11,0.253600,0
ed8c136f-8d44-4c83-ad05-0dcfc3a0c54a,2,12,0.087190,0
ed8c136f-8d44-4c83-ad05-0dcfc3a0c54a,2,13,0.215235,0
ed8c136f-8d44-4c83-ad05-0dcfc3a0c54a,2,14,0.034920,0
ed8c136f-8d44-4c83-ad05-0dcfc3a0c54a,2,15,0.035682,0
ed8c136f-8d44-4c83-ad05-0dcfc3a0c54a,2,16,0.042959,0
ed8c136f-8d44-4c83-ad05-0dcfc3a0c54a,2,17,0.056172,0
ed8c136f-8d44-4c83-ad05-0dcfc3a0c54a,2,18,0.042453,0
ed8c136f-8d44-4c83-ad05-0dcfc3a0c54a,2,19,0.034331,0
ed8c136f-8d44-4c83-ad05-0dcfc3a0c54a,2,20,0.058378,0
ed8c136f-8d44-4c83-ad05-0dcfc3a0c54a,2,21,0.032926,0
ed8c136f-8d44-4c83-ad05-0dcfc3a0c54a,2,22,0.033897,0
ed8c136f-8d44-4c83-ad05-0dcfc3a0c54a,2,23,0.034425,0
ed8c136f-8d44-4c83-ad05-0dcfc3a0c54a,2,24,0.140447,0
ed8c136f-8d44-4c83-ad05-0dcfc3a0c54a,2,25,0.034591,0
ed8c136f-8d44-4c83-ad05-0dcfc3a0c54a,2,26,0.047828,0
ed8c136f-8d44-4c83-ad05-0dcfc3a0c54a,2,27,0.069936,0
ed8c136f-8d44-4c83-ad05-0dcfc3a0c54a,2,28,0.034546,0
ed8c136f-8d44-4c83-ad05-0dcfc3a0c54a,3,0,0.032883,0
ed8c136f-8d44-4c83-ad05-0dcfc3a0c54a,3,1,0.046161,0
ed8c136f-8d44-4c83-ad05-0dcfc3a0c54a,3,2,0.036194,0
ed8c136f-8d44-4c83-ad05-0dcfc3a0c54a,3,3,0.068583,0
ed8c136f-8d44-4c83-ad05-0dcfc3a0c54a,3,4,0.038964,0
ed8c136f-8d44-4c83-ad05-0dcfc3a0c54a,3,5,0.117151,0
ed8c136f-8d44-4c83-ad05-0dcfc3a0c54a,3,6,0.032769,0
ed8c136f-8d44-4c83-ad05-0dcfc3a0c54a,3,7,0.036180,0
ed8c136f-8d44-4c83-ad05-0dcfc3a0c54a,3,8,0.063897,0
ed8c136f-8d44-4c83-ad05-0dcfc3a0c54a,3,9,0.413416,0
ed8c136f-8d44-4c83-ad05-0dcfc3a0c54a,3,10,0.081356,0
ed8c136f-8d44-4c83-ad05-0dcfc3a0c54a,3,11,0.056003,0
ed8c136f-8d44-4c83-ad05-0dcfc3a0c54a,3,12,0.040521,0
ed8c136f-8d44-4c83-ad05-0dcfc3a0c54a,3,13,0.085811,0
ed8c136f-8d44-4c83-ad05-0dcfc3a0c54a,3,14,0.368225,0
ed8c136f-8d44-4c83-ad05-0dcfc3a0c54a,3,15,0.111361,0
ed8c136f-8d44-4c83-ad05-0dcfc3a0c54a,3,16,0.047069,0
ed8c136f-8d44-4c83-ad05-0dcfc3a0c54a,3,17,0.034203,0
ed8c136f-8d44-4c83-ad05-0dcfc3a0c54a,3,18,0.036549,0
ed8c136f-8d44-4c83-ad05-0dcfc3a0c54a,3,19,0.042427,0
ed8c136f-8d44-4c83-ad05-0dcfc3a0c54a,3,20,0.041188,0
ed8c136f-8d44-4c83-ad05-0dcfc3a0c54a,3,21,0.046091,0
ed8c136f-8d44-4c83-ad05-0dcfc3a0c54a,3,22,0.069758,0
ed8c136f-8d44-4c83-ad05-0dcfc3a0c54a,3,23,0.124606,0
ed8c136f-8d44-4c83-ad05-0dcfc3a0c54a,3,24,0.087435,0
ed8c136f-8d44-4c83-ad05-0dcfc3a0c54a,3,25,0.158057,0
ed8c136f-8d44-4c83-ad05-0dcfc3a0c54a,3,26,0.046073,0
ed8c136f-8d44-4c83-ad05-0dcfc3a0c54a,3,27,0.309535,0
ed8c136f-8d44-4c83-ad05-0dcfc3a0c54a,3,28,0.125230,0
ed8c136f-8d44-4c83-ad05-0dcfc3a0c54a,3,29,0.061589,0
ed8c136f-8d44-4c83-ad05-0dcfc3a0c54a,3,30,0.228765,0
ed8c136f-8d44-4c83-ad05-0dcfc3a0c54a,3,31,0.059303,0
ed8c136f-8d44-4c83-ad05-0dcfc3a0c54a,3,32,0.046870,0
ed8c136f-8d44-4c83-ad05-0dcfc3a0c54a,3,33,0.038504,0
ed8c136f-8d44-4c83-ad05-0dcfc3a0c54a,3,34,0.095408,0
ed8c136f-8d44-4c83-ad05-0dcfc3a0c54a,3,35,0.842698,1
ed8c136f-8d44-4c83-ad05-0dcfc3a0c54a,3,36,0.669580,1
ed8c136f-8d44-4c83-ad05-0dcfc3a0c54a,3,37,0.167576,0
ed8c136f-8d44-4c83-ad05-0dcfc3a0c54a,3,38,0.138370,0
ed8c136f-8d44-4c83-ad05-0dcfc3a0c54a,3,39,0.122391,0
ed8c136f-8d44-4c83-ad05-0dcfc3a0c54a,3,40,0.035197,0
ed8c136f-8d44-4c83-ad05-0dcfc3a0c54a,3,41,0.471145,0
ed8c136f-8d44-4c83-ad05-0dcfc3a0c54a,3,42,0.097462,0
ed8c136f-8d44-4c83-ad05-0dcfc3a0c54a,3,43,0.044469,0
ed8c136f-8d44-4c83-ad05-0dcfc3a0c54a,3,44,0.088364,0
ed8c136f-8d44-4c83-ad05-0dcfc3a0c54a,3,45,0.161330,0
ee05c9b3-529c-4268-ad72-19bd34f7197e,1,0,0.816929,1
ee05c9b3-529c-4268-ad72-19bd34f7197e,1,1,0.089219,0
ee05c9b3-529c-4268-ad72-19bd34f7197e,1,2,0.194086,0
ee05c9b3-529c-4268-ad72-19bd34f7197e,1,3,0.080328,0
ee05c9b3-529c-4268-ad72-19bd34f7197e,1,4,0.207888,0
ee05c9b3-529c-4268-ad72-19bd34f7197e,1,5,0.059098,0
ee05c9b3-529c-4268-ad72-19bd34f7197e,1,6,0.560739,1
ee05c9b3-529c-4268-ad72-19bd34f7197e,1,7,0.033353,0
ee05c9b3-529c-4268-ad72-19bd34f7197e,1,8,0.271309,0
ee05c9b3-529c-4268-ad72-19bd34f7197e,1,9,0.184743,0
ee05c9b3-529c-4268-ad72-19bd34f7197e,1,10,0.110550,0
ee05c9b3-529c-4268-ad72-19bd34f7197e,1,11,0.083801,0
ee05c9b3-529c-4268-ad72-19bd34f7197e,1,12,0.225213,0
ee05c9b3-529c-4268-ad72-19bd34f7197e,1,13,0.120996,0
ee05c9b3-529c-4268-ad72-19bd34f7197e,1,14,0.122772,0
ee05c9b3-529c-4268-ad72-19bd34f7197e,1,15,0.182245,0
ee05c9b3-529c-4268-ad72-19bd34f7197e,1,16,0.042805,0
ee05c9b3-529c-4268-ad72-19bd34f7197e,1,17,0.063831,0
ee05c9b3-529c-4268-ad72-19bd34f7197e,1,18,0.078655,0
ee05c9b3-529c-4268-ad72-19bd34f7197e,1,19,0.099789,0
ee05c9b3-529c-4268-ad72-19bd34f7197e,1,20,0.162892,0
ee05c9b3-529c-4268-ad72-19bd34f7197e,1,21,0.098366,0
ee05c9b3-529c-4268-ad72-19bd34f7197e,1,22,0.077752,0
ee05c9b3-529c-4268-ad72-19bd34f7197e,1,23,0.141536,0
ee05c9b3-529c-4268-ad72-19bd34f7197e,1,24,0.122829,0
ee05c9b3-529c-4268-ad72-19bd34f7197e,1,25,0.032850,0
ee05c9b3-529c-4268-ad72-19bd34f7197e,1,26,0.311220,0
ee05c9b3-529c-4268-ad72-19bd34f7197e,1,27,0.211283,0
ee05c9b3-529c-4268-ad72-19bd34f7197e,1,28,0.544734,1
ee05c9b3-529c-4268-ad72-19bd34f7197e,1,29,0.050049,0
ee05c9b3-529c-4268-ad72-19bd34f7197e,1,30,0.249765,0
ee05c9b3-529c-4268-ad72-19bd34f7197e,1,31,0.403971,0
ee05c9b3-529c-4268-ad72-19bd34f7197e,1,32,0.106163,0
ee05c9b3-529c-4268-ad72-19bd34f7197e,1,33,0.084137,0
ee05c9b3-529c-4268-ad72-19bd34f7197e,1,34,0.178941,0
ee05c9b3-529c-4268-ad72-19bd34f7197e,1,35,0.609569,1
ee05c9b3-529c-4268-ad72-19bd34f7197e,1,36,0.436164,0
ee05c9b3-529c-4268-ad72-19bd34f7197e,1,37,0.280171,0
ee05c9b3-529c-4268-ad72-19bd34f7197e,1,38,0.039301,0
ee05c9b3-529c-4268-ad72-19bd34f7197e,1,39,0.193605,0
ee05c9b3-529c-4268-ad72-19bd34f7197e,1,40,0.430179,0
ee05c9b3-529c-4268-ad72-19bd34f7197e,1,41,0.057156,0
ee05c9b3-529c-4268-ad72-19bd34f7197e,1,42,0.794739,1
ee05c9b3-529c-4268-ad72-19bd34f7197e,1,43,0.053503,0
ee05c9b3-529c-4268-ad72-19bd34f7197e,1,44,0.053264,0
ee05c9b3-529c-4268-ad72-19bd34f7197e,1,45,0.179854,0
ee05c9b3-529c-4268-ad72-19bd34f7197e,2,0,0.223715,0
ee05c9b3-529c-4268-ad72-19bd34f7197e,2,1,0.130576,0
ee05c9b3-529c-4268-ad72-19bd34f7197e,2,2,0.126612,0
ee05c9b3-529c-4268-ad72-19bd34f7197e,2,3,0.172378,0
ee05c9b3-529c-4268-ad72-19bd34f7197e,2,4,0.034588,0
ee05c9b3-529c-4268-ad72-19bd34f7197e,2,5,0.035573,0
ee05c9b3-529c-4268-ad72-19bd34f7197e,2,6,0.159881,0
ee05c9b3-529c-4268-ad72-19bd34f7197e,2,7,0.185528,0
ee05c9b3-529c-4268-ad72-19bd34f7197e,2,8,0.199249,0
ee05c9b3-529c-4268-ad72-19bd34f7197e,2,9,0.309005,0
ee05c9b3-529c-4268-ad72-19bd34f7197e,2,10,0.702622,1
ee05c9b3-529c-4268-ad72-19bd34f7197e,2,11,0.366012,0
ee05c9b3-529c-4268-ad72-19bd34f7197e,2,12,0.192821,0
ee05c9b3-529c-4268-ad72-19bd34f7197e,2,13,0.371949,0
ee05c9b3-529c-4268-ad72-19bd34f7197e,2,14,0.298348,0
ee05c9b3-529c-4268-ad72-19bd34f7197e,3,0,0.413481,0
ee05c9b3-529c-4268-ad72-19bd34f7197e,3,1,0.837543,1
ee05c9b3-529c-4268-ad72-19bd34f7197e,3,2,0.036988,0
ee05c9b3-529c-4268-ad72-19bd34f7197e,3,3,0.032935,0
ee05c9b3-529c-4268-ad72-19bd34f7197e,3,4,0.246777,0
ee05c9b3-529c-4268-ad72-19bd34f7197e,3,5,0.498786,0
ee05c9b3-529c-4268-ad72-19bd34f7197e,3,6,0.763107,1
ee05c9b3-529c-4268-ad72-19bd34f7197e,3,7,0.040033,0
ee05c9b3-529c-4268-ad72-19bd34f7197e,3,8,0.036667,0
ee05c9b3-529c-4268-ad72-19bd34f7197e,3,9,0.081373,0
ee05c9b3-529c-4268-ad72-19bd34f7197e,3,10,0.036574,0
13792511-5142-449f-8d3e-d77d790f65ec,1,0,0.873859,1
13792511-5142-449f-8d3e-d77d790f65ec,1,1,0.061686,0
13792511-5142-449f-8d3e-d77d790f65ec,1,2,0.038444,0
13792511-5142-449f-8d3e-d77d790f65ec,1,3,0.047916,0
13792511-5142-449f-8d3e-d77d790f65ec,1,4,0.442330,0
13792511-5142-449f-8d3e-d77d790f65ec,1,5,0.868564,1
13792511-5142-449f-8d3e-d77d790f65ec,1,6,0.295918,0
13792511-5142-449f-8d3e-d77d790f65ec,1,7,0.139749,0
13792511-5142-449f-8d3e-d77d790f65ec,1,8,0.792539,1
13792511-5142-449f-8d3e-d77d790f65ec,2,0,0.487505,0
13792511-5142-449f-8d3e-d77d790f65ec,2,1,0.266561,0
13792511-5142-449f-8d3e-d77d790f65ec,2,2,0.074050,0
13792511-5142-449f-8d3e-d77d790f65ec,2,3,0.672457,1
13792511-5142-449f-8d3e-d77d790f65ec,2,4,0.057300,0
13792511-5142-449f-8d3e-d77d790f65ec,2,5,0.199460,0
13792511-5142-449f-8d3e-d77d790f65ec,2,6,0.311225,0
13792511-5142-449f-8d3e-d77d790f65ec,2,7,0.122344,0
13792511-5142-449f-8d3e-d77d790f65ec,2,8,0.279211,0
13792511-5142-449f-8d3e-d77d790f65ec,2,9,0.909194,1
13792511-5142-449f-8d3e-d77d790f65ec,2,10,0.199469,0
13792511-5142-449f-8d3e-d77d790f65ec,2,11,0.449578,0
13792511-5142-449f-8d3e-d77d790f65ec,2,12,0.931467,1
13792511-5142-449f-8d3e-d77d790f65ec,2,13,0.972448,1
13792511-5142-449f-8d3e-d77d790f65ec,2,14,0.900783,1
13792511-5142-449f-8d3e-d77d790f65ec,2,15,0.918630,1
13792511-5142-449f-8d3e-d77d790f65ec,2,16,0.274779,0
13792511-5142-449f-8d3e-d77d790f65ec,2,17,0.078164,0
13792511-5142-449f-8d3e-d77d790f65ec,2,18,0.971747,1
13792511-5142-449f-8d3e-d77d790f65ec,2,19,0.953861,1
13792511-5142-449f-8d3e-d77d790f65ec,2,20,0.143241,0
13792511-5142-449f-8d3e-d77d790f65ec,2,21,0.364909,0
13792511-5142-449f-8d3e-d77d790f65ec,2,22,0.268928,0
13792511-5142-449f-8d3e-d77d790f65ec,2,23,0.153874,0
13792511-5142-449f-8d3e-d77d790f65ec,2,24,0.559276,1
13792511-5142-449f-8d3e-d77d790f65ec,2,25,0.374816,0
13792511-5142-449f-8d3e-d77d790f65ec,2,26,0.185524,0
13792511-5142-449f-8d3e-d77d790f65ec,2,27,0.038903,0
13792511-5142-449f-8d3e-d77d790f65ec,2,28,0.918167,1
13792511-5142-449f-8d3e-d77d790f65ec,2,29,0.956956,1
13792511-5142-449f-8d3e-d77d790f65ec,2,30,0.137818,0
13792511-5142-449f-8d3e-d77d790f65ec,2,31,0.553531,1
13792511-5142-449f-8d3e-d77d790f65ec,2,32,0.554092,1
13792511-5142-449f-8d3e-d77d790f65ec,2,33,0.363670,0
13792511-5142-449f-8d3e-d77d790f65ec,2,34,0.200054,0
13792511-5142-449f-8d3e-d77d790f65ec,2,35,0.957379,1
13792511-5142-449f-8d3e-d77d790f65ec,2,36,0.090249,0
13792511-5142-449f-8d3e-d77d790f65ec,2,37,0.047901,0
13792511-5142-449f-8d3e-d77d790f65ec,2,38,0.120128,0
13792511-5142-449f-8d3e-d77d790f65ec,2,39,0.110516,0
13792511-5142-449f-8d3e-d77d790f65ec,2,40,0.138701,0
13792511-5142-449f-8d3e-d77d790f65ec,2,41,0.196274,0
13792511-5142-449f-8d3e-d77d790f65ec,3,0,0.060622,0
13792511-5142-449f-8d3e-d77d790f65ec,3,1,0.038351,0
13792511-5142-449f-8d3e-d77d790f65ec,3,2,0.034634,0
13792511-5142-449f-8d3e-d77d790f65ec,3,3,0.039256,0
13792511-5142-449f-8d3e-d77d790f65ec,3,4,0.052430,0
13792511-5142-449f-8d3e-d77d790f65ec,3,5,0.106473,0
13792511-5142-449f-8d3e-d77d790f65ec,3,6,0.479208,0
13792511-5142-449f-8d3e-d77d790f65ec,3,7,0.690306,1
13792511-5142-449f-8d3e-d77d790f65ec,3,8,0.124903,0
13792511-5142-449f-8d3e-d77d790f65ec,3,9,0.356130,0
13792511-5142-449f-8d3e-d77d790f65ec,3,10,0.093707,0
13792511-5142-449f-8d3e-d77d790f65ec,3,11,0.198949,0
13792511-5142-449f-8d3e-d77d790f65ec,3,12,0.072557,0
13792511-5142-449f-8d3e-d77d790f65ec,3,13,0.035776,0
13792511-5142-449f-8d3e-d77d790f65ec,3,14,0.167161,0
13792511-5142-449f-8d3e-d77d790f65ec,3,15,0.164593,0
13792511-5142-449f-8d3e-d77d790f65ec,3,16,0.115759,0
13792511-5142-449f-8d3e-d77d790f65ec,3,17,0.203884,0
13792511-5142-449f-8d3e-d77d790f65ec,3,18,0.036683,0
13792511-5142-449f-8d3e-d77d790f65ec,3,19,0.033374,0
13792511-5142-449f-8d3e-d77d790f65ec,3,20,0.047891,0
13792511-5142-449f-8d3e-d77d790f65ec,3,21,0.267979,0
13792511-5142-449f-8d3e-d77d790f65ec,3,22,0.373433,0
13792511-5142-449f-8d3e-d77d790f65ec,3,23,0.047902,0
13792511-5142-449f-8d3e-d77d790f65ec,3,24,0.161908,0
13792511-5142-449f-8d3e-d77d790f65ec,3,25,0.203941,0
13792511-5142-449f-8d3e-d77d790f65ec,3,26,0.117633,0
13792511-5142-449f-8d3e-d77d790f65ec,3,27,0.076706,0
13792511-5142-449f-8d3e-d77d790f65ec,3,28,0.074433,0
2742e9c1-2943-496f-8b23-faf5332e1612,1,0,0.053047,0
2742e9c1-2943-496f-8b23-faf5332e1612,1,1,0.129019,0
2742e9c1-2943-496f-8b23-faf5332e1612,1,2,0.064946,0
2742e9c1-2943-496f-8b23-faf5332e1612,1,3,0.045188,0
2742e9c1-2943-496f-8b23-faf5332e1612,1,4,0.084808,0
2742e9c1-2943-496f-8b23-faf5332e1612,1,5,0.037798,0
2742e9c1-2943-496f-8b23-faf5332e1612,1,6,0.048098,0
2742e9c1-2943-496f-8b23-faf5332e1612,1,7,0.050549,0
2742e9c1-2943-496f-8b23-faf5332e1612,1,8,0.063748,0
2742e9c1-2943-496f-8b23-faf5332e1612,1,9,0.079173,0
2742e9c1-2943-496f-8b23-faf5332e1612,1,10,0.090465,0
2742e9c1-2943-496f-8b23-faf5332e1612,1,11,0.143565,0
2742e9c1-2943-496f-8b23-faf5332e1612,1,12,0.073073,0
2742e9c1-2943-496f-8b23-faf5332e1612,1,13,0.048154,0
2742e9c1-2943-496f-8b23-faf5332e1612,1,14,0.070134,0
2742e9c1-2943-496f-8b23-faf5332e1612,1,15,0.046221,0
2742e9c1-2943-496f-8b23-faf5332e1612,1,16,0.050763,0
2742e9c1-2943-496f-8b23-faf5332e1612,1,17,0.034167,0
2742e9c1-2943-496f-8b23-faf5332e1612,1,18,0.035643,0
2742e9c1-2943-496f-8b23-faf5332e1612,1,19,0.154660,0
2742e9c1-2943-496f-8b23-faf5332e1612,1,20,0.166474,0
2742e9c1-2943-496f-8b23-faf5332e1612,1,21,0.676661,1
2742e9c1-2943-496f-8b23-faf5332e1612,1,22,0.278385,0
2742e9c1-2943-496f-8b23-faf5332e1612,1,23,0.037113,0
2742e9c1-2943-496f-8b23-faf5332e1612,2,0,0.040950,0
2742e9c1-2943-496f-8b23-faf5332e1612,2,1,0.041292,0
2742e9c1-2943-496f-8b23-faf5332e1612,2,2,0.072134,0
2742e9c1-2943-496f-8b23-faf5332e1612,2,3,0.328395,0
2742e9c1-2943-496f-8b23-faf5332e1612,2,4,0.071622,0
2742e9c1-2943-496f-8b23-faf5332e1612,2,5,0.254544,0
2742e9c1-2943-496f-8b23-faf5332e1612,2,6,0.037910,0
2742e9c1-2943-496f-8b23-faf5332e1612,2,7,0.051365,0
2742e9c1-2943-496f-8b23-faf5332e1612,2,8,0.195112,0
2742e9c1-2943-496f-8b23-faf5332e1612,2,9,0.036472,0
2742e9c1-2943-496f-8b23-faf5332e1612,2,10,0.087630,0
2742e9c1-2943-496f-8b23-faf5332e1612,3,0,0.169485,0
2742e9c1-2943-496f-8b23-faf5332e1612,3,1,0.193372,0
2742e9c1-2943-496f-8b23-faf5332e1612,3,2,0.064477,0
2742e9c1-2943-496f-8b23-faf5332e1612,3,3,0.200860,0
2742e9c1-2943-496f-8b23-faf5332e1612,3,4,0.080750,0
2742e9c1-2943-496f-8b23-faf5332e1612,3,5,0.126947,0
2742e9c1-2943-496f-8b23-faf5332e1612,3,6,0.069117,0
2742e9c1-2943-496f-8b23-faf5332e1612,3,7,0.182948,0
2742e9c1-2943-496f-8b23-faf5332e1612,3,8,0.245030,0
2742e9c1-2943-496f-8b23-faf5332e1612,3,9,0.155849,0
2742e9c1-2943-496f-8b23-faf5332e1612,3,10,0.428178,0
2742e9c1-2943-496f-8b23-faf5332e1612,3,11,0.124084,0
2742e9c1-2943-496f-8b23-faf5332e1612,3,12,0.221323,0
2742e9c1-2943-496f-8b23-faf5332e1612,3,13,0.309772,0
2742e9c1-2943-496f-8b23-faf5332e1612,3,14,0.072142,0
2742e9c1-2943-496f-8b23-faf5332e1612,3,15,0.126821,0
2742e9c1-2943-496f-8b23-faf5332e1612,3,16,0.103693,0
2742e9c1-2943-496f-8b23-faf5332e1612,3,17,0.049130,0
2742e9c1-2943-496f-8b23-faf5332e1612,3,18,0.329908,0
2742e9c1-2943-496f-8b23-faf5332e1612,3,19,0.126891,0
2742e9c1-2943-496f-8b23-faf5332e1612,3,20,0.078046,0
2742e9c1-2943-496f-8b23-faf5332e1612,3,21,0.216996,0
2742e9c1-2943-496f-8b23-faf5332e1612,3,22,0.039552,0
2742e9c1-2943-496f-8b23-faf5332e1612,3,23,0.038936,0
2742e9c1-2943-496f-8b23-faf5332e1612,3,24,0.200981,0
2742e9c1-2943-496f-8b23-faf5332e1612,3,25,0.037048,0
2742e9c1-2943-496f-8b23-faf5332e1612,3,26,0.072987,0
2742e9c1-2943-496f-8b23-faf5332e1612,3,27,0.033966,0
2742e9c1-2943-496f-8b23-faf5332e1612,3,28,0.241199,0
2742e9c1-2943-496f-8b23-faf5332e1612,3,29,0.102473,0
2742e9c1-2943-496f-8b23-faf5332e1612,3,30,0.179997,0
2b9468af-4ab0-4f25-85f4-c3ef93d72006,1,0,0.076811,0
2b9468af-4ab0-4f25-85f4-c3ef93d72006,1,1,0.127840,0
2b9468af-4ab0-4f25-85f4-c3ef93d72006,1,2,0.061915,0
2b9468af-4ab0-4f25-85f4-c3ef93d72006,1,3,0.183504,0
2b9468af-4ab0-4f25-85f4-c3ef93d72006,1,4,0.042423,0
2b9468af-4ab0-4f25-85f4-c3ef93d72006,1,5,0.049235,0
2b9468af-4ab0-4f25-85f4-c3ef93d72006,1,6,0.912686,1
2b9468af-4ab0-4f25-85f4-c3ef93d72006,1,7,0.215900,0
2b9468af-4ab0-4f25-85f4-c3ef93d72006,1,8,0.035276,0
2b9468af-4ab0-4f25-85f4-c3ef93d72006,1,9,0.071975,0
2b9468af-4ab0-4f25-85f4-c3ef93d72006,1,10,0.141528,0
2b9468af-4ab0-4f25-85f4-c3ef93d72006,1,11,0.047321,0
2b9468af-4ab0-4f25-85f4-c3ef93d72006,1,12,0.034017,0
2b9468af-4ab0-4f25-85f4-c3ef93d72006,1,13,0.033953,0
2b9468af-4ab0-4f25-85f4-c3ef93d72006,1,14,0.035743,0
2b9468af-4ab0-4f25-85f4-c3ef93d72006,1,15,0.035031,0
2b9468af-4ab0-4f25-85f4-c3ef93d72006,1,16,0.123403,0
2b9468af-4ab0-4f25-85f4-c3ef93d72006,1,17,0.186537,0
2b9468af-4ab0-4f25-85f4-c3ef93d72006,1,18,0.113247,0
2b9468af-4ab0-4f25-85f4-c3ef93d72006,1,19,0.037138,0
2b9468af-4ab0-4f25-85f4-c3ef93d72006,1,20,0.048070,0
2b9468af-4ab0-4f25-85f4-c3ef93d72006,1,21,0.255077,0
2b9468af-4ab0-4f25-85f4-c3ef93d72006,1,22,0.127131,0
2b9468af-4ab0-4f25-85f4-c3ef93d72006,1,23,0.182543,0
2b9468af-4ab0-4f25-85f4-c3ef93d72006,1,24,0.069394,0
2b9468af-4ab0-4f25-85f4-c3ef93d72006,2,0,0.077067,0
2b9468af-4ab0-4f25-85f4-c3ef93d72006,2,1,0.399229,0
2b9468af-4ab0-4f25-85f4-c3ef93d72006,2,2,0.080049,0
2b9468af-4ab0-4f25-85f4-c3ef93d72006,2,3,0.135492,0
2b9468af-4ab0-4f25-85f4-c3ef93d72006,2,4,0.523960,1
2b9468af-4ab0-4f25-85f4-c3ef93d72006,2,5,0.035964,0
2b9468af-4ab0-4f25-85f4-c3ef93d72006,2,6,0.034466,0
2b9468af-4ab0-4f25-85f4-c3ef93d72006,2,7,0.082824,0
2b9468af-4ab0-4f25-85f4-c3ef93d72006,2,8,0.246524,0
2b9468af-4ab0-4f25-85f4-c3ef93d72006,3,0,0.625192,1
2b9468af-4ab0-4f25-85f4-c3ef93d72006,3,1,0.042155,0
2b9468af-4ab0-4f25-85f4-c3ef93d72006,3,2,0.061103,0
2b9468af-4ab0-4f25-85f4-c3ef93d72006,3,3,0.164101,0
2b9468af-4ab0-4f25-85f4-c3ef93d72006,3,4,0.205663,0
2b9468af-4ab0-4f25-85f4-c3ef93d72006,3,5,0.163762,0
2b9468af-4ab0-4f25-85f4-c3ef93d72006,3,6,0.062950,0
2b9468af-4ab0-4f25-85f4-c3ef93d72006,3,7,0.158834,0
2b9468af-4ab0-4f25-85f4-c3ef93d72006,3,8,0.074955,0
2b9468af-4ab0-4f25-85f4-c3ef93d72006,3,9,0.105836,0
2b9468af-4ab0-4f25-85f4-c3ef93d72006,3,10,0.061126,0
2b9468af-4ab0-4f25-85f4-c3ef93d72006,3,11,0.124354,0
2b9468af-4ab0-4f25-85f4-c3ef93d72006,3,12,0.197968,0
2b9468af-4ab0-4f25-85f4-c3ef93d72006,3,13,0.193513,0
2b9468af-4ab0-4f25-85f4-c3ef93d72006,3,14,0.032940,0
2b9468af-4ab0-4f25-85f4-c3ef93d72006,3,15,0.039826,0
2b9468af-4ab0-4f25-85f4-c3ef93d72006,3,16,0.041650,0
2b9468af-4ab0-4f25-85f4-c3ef93d72006,3,17,0.121043,0
2b9468af-4ab0-4f25-85f4-c3ef93d72006,3,18,0.089645,0
2b9468af-4ab0-4f25-85f4-c3ef93d72006,3,19,0.158499,0
2b9468af-4ab0-4f25-85f4-c3ef93d72006,3,20,0.343095,0
2b9468af-4ab0-4f25-85f4-c3ef93d72006,3,21,0.044650,0
2b9468af-4ab0-4f25-85f4-c3ef93d72006,3,22,0.196266,0
2b9468af-4ab0-4f25-85f4-c3ef93d72006,3,23,0.222504,0
4f473faf-f928-4cfd-8bed-00578be9db9a,1,0,0.070402,0
4f473faf-f928-4cfd-8bed-00578be9db9a,1,1,0.055619,0
4f473faf-f928-4cfd-8bed-00578be9db9a,1,2,0.034301,0
4f473faf-f928-4cfd-8bed-00578be9db9a,1,3,0.185801,0
4f473faf-f928-4cfd-8bed-00578be9db9a,1,4,0.089209,0
4f473faf-f928-4cfd-8bed-00578be9db9a,1,5,0.066143,0
4f473faf-f928-4cfd-8bed-00578be9db9a,1,6,0.065309,0
4f473faf-f928-4cfd-8bed-00578be9db9a,1,7,0.085803,0
4f473faf-f928-4cfd-8bed-00578be9db9a,1,8,0.067643,0
4f473faf-f928-4cfd-8bed-00578be9db9a,1,9,0.172890,0
4f473faf-f928-4cfd-8bed-00578be9db9a,1,10,0.108933,0
4f473faf-f928-4cfd-8bed-00578be9db9a,1,11,0.129716,0
4f473faf-f928-4cfd-8bed-00578be9db9a,1,12,0.168793,0
4f473faf-f928-4cfd-8bed-00578be9db9a,1,13,0.033068,0
4f473faf-f928-4cfd-8bed-00578be9db9a,1,14,0.032782,0
4f473faf-f928-4cfd-8bed-00578be9db9a,1,15,0.036077,0
4f473faf-f928-4cfd-8bed-00578be9db9a,1,16,0.036100,0
4f473faf-f928-4cfd-8bed-00578be9db9a,1,17,0.185947,0
4f473faf-f928-4cfd-8bed-00578be9db9a,1,18,0.040909,0
4f473faf-f928-4cfd-8bed-00578be9db9a,1,19,0.035416,0
4f473faf-f928-4cfd-8bed-00578be9db9a,1,20,0.062897,0
4f473faf-f928-4cfd-8bed-00578be9db9a,1,21,0.154721,0
4f473faf-f928-4cfd-8bed-00578be9db9a,1,22,0.040031,0
4f473faf-f928-4cfd-8bed-00578be9db9a,1,23,0.033790,0
4f473faf-f928-4cfd-8bed-00578be9db9a,1,24,0.114589,0
4f473faf-f928-4cfd-8bed-00578be9db9a,1,25,0.071095,0
4f473faf-f928-4cfd-8bed-00578be9db9a,1,26,0.139226,0
4f473faf-f928-4cfd-8bed-00578be9db9a,1,27,0.039645,0
4f473faf-f928-4cfd-8bed-00578be9db9a,1,28,0.069221,0
4f473faf-f928-4cfd-8bed-00578be9db9a,2,0,0.098664,0
4f473faf-f928-4cfd-8bed-00578be9db9a,2,1,0.325545,0
4f473faf-f928-4cfd-8bed-00578be9db9a,2,2,0.038893,0
4f473faf-f928-4cfd-8bed-00578be9db9a,2,3,0.115719,0
4f473faf-f928-4cfd-8bed-00578be9db9a,2,4,0.084418,0
4f473faf-f928-4cfd-8bed-00578be9db9a,2,5,0.056445,0
4f473faf-f928-4cfd-8bed-00578be9db9a,2,6,0.034694,0
4f473faf-f928-4cfd-8bed-00578be9db9a,2,7,0.063387,0
4f473faf-f928-4cfd-8bed-00578be9db9a,2,8,0.460090,0
4f473faf-f928-4cfd-8bed-00578be9db9a,2,9,0.143052,0
4f473faf-f928-4cfd-8bed-00578be9db9a,2,10,0.299217,0
4f473faf-f928-4cfd-8bed-00578be9db9a,2,11,0.036758,0
4f473faf-f928-4cfd-8bed-00578be9db9a,2,12,0.200257,0
4f473faf-f928-4cfd-8bed-00578be9db9a,2,13,0.052355,0
4f473faf-f928-4cfd-8bed-00578be9db9a,2,14,0.043805,0
4f473faf-f928-4cfd-8bed-00578be9db9a,2,15,0.043457,0
4f473faf-f928-4cfd-8bed-00578be9db9a,2,16,0.216496,0
4f473faf-f928-4cfd-8bed-00578be9db9a,2,17,0.091926,0
4f473faf-f928-4cfd-8bed-00578be9db9a,2,18,0.037615,0
4f473faf-f928-4cfd-8bed-00578be9db9a,2,19,0.035841,0
4f473faf-f928-4cfd-8bed-00578be9db9a,2,20,0.034534,0
4f473faf-f928-4cfd-8bed-00578be9db9a,2,21,0.059922,0
4f473faf-f928-4cfd-8bed-00578be9db9a,2,22,0.058937,0
4f473faf-f928-4cfd-8bed-00578be9db9a,2,23,0.077990,0
4f473faf-f928-4cfd-8bed-00578be9db9a,2,24,0.151844,0
4f473faf-f928-4cfd-8bed-00578be9db9a,2,25,0.075835,0
4f473faf-f928-4cfd-8bed-00578be9db9a,2,26,0.071078,0
4f473faf-f928-4cfd-8bed-00578be9db9a,2,27,0.038909,0
4f473faf-f928-4cfd-8bed-00578be9db9a,2,28,0.035683,0
4f473faf-f928-4cfd-8bed-00578be9db9a,2,29,0.045510,0
4f473faf-f928-4cfd-8bed-00578be9db9a,2,30,0.091367,0
4f473faf-f928-4cfd-8bed-00578be9db9a,2,31,0.073888,0
4f473faf-f928-4cfd-8bed-00578be9db9a,2,32,0.091690,0
4f473faf-f928-4cfd-8bed-00578be9db9a,2,33,0.035727,0
4f473faf-f928-4cfd-8bed-00578be9db9a,2,34,0.045845,0
4f473faf-f928-4cfd-8bed-00578be9db9a,2,35,0.785585,1
4f473faf-f928-4cfd-8bed-00578be9db9a,3,0,0.120552,0
4f473faf-f928-4cfd-8bed-00578be9db9a,3,1,0.115719,0
4f473faf-f928-4cfd-8bed-00578be9db9a,3,2,0.082992,0
4f473faf-f928-4cfd-8bed-00578be9db9a,3,3,0.073748,0
4f473faf-f928-4cfd-8bed-00578be9db9a,3,4,0.080421,0
4f473faf-f928-4cfd-8bed-00578be9db9a,3,5,0.105802,0
4f473faf-f928-4cfd-8bed-00578be9db9a,3,6,0.128374,0
4f473faf-f928-4cfd-8bed-00578be9db9a,3,7,0.155217,0
4f473faf-f928-4cfd-8bed-00578be9db9a,3,8,0.053533,0
4f473faf-f928-4cfd-8bed-00578be9db9a,3,9,0.192997,0
4f473faf-f928-4cfd-8bed-00578be9db9a,3,10,0.034166,0
4f473faf-f928-4cfd-8bed-00578be9db9a,3,11,0.037444,0
4f473faf-f928-4cfd-8bed-00578be9db9a,3,12,0.046378,0
4f473faf-f928-4cfd-8bed-00578be9db9a,3,13,0.059580,0
4f473faf-f928-4cfd-8bed-00578be9db9a,3,14,0.035949,0
4f473faf-f928-4cfd-8bed-00578be9db9a,3,15,0.168894,0
4f473faf-f928-4cfd-8bed-00578be9db9a,3,16,0.592460,1
4f473faf-f928-4cfd-8bed-00578be9db9a,3,17,0.269772,0
4f473faf-f928-4cfd-8bed-00578be9db9a,3,18,0.066593,0
4f473faf-f928-4cfd-8bed-00578be9db9a,3,19,0.185937,0
4f473faf-f928-4cfd-8bed-00578be9db9a,3,20,0.116079,0
4f473faf-f928-4cfd-8bed-00578be9db9a,3,21,0.072020,0
4f473faf-f928-4cfd-8bed-00578be9db9a,3,22,0.088307,0
4f473faf-f928-4cfd-8bed-00578be9db9a,3,23,0.036701,0
4f473faf-f928-4cfd-8bed-00578be9db9a,3,24,0.112040,0
4f473faf-f928-4cfd-8bed-00578be9db9a,3,25,0.064935,0
6e502405-bc90-4416-a787-3122918aa648,1,0,0.033829,0
6e502405-bc90-4416-a787-3122918aa648,1,1,0.033784,0
6e502405-bc90-4416-a787-3122918aa648,1,2,0.043755,0
6e502405-bc90-4416-a787-3122918aa648,1,3,0.036756,0
6e502405-bc90-4416-a787-3122918aa648,1,4,0.037582,0
6e502405-bc90-4416-a787-3122918aa648,1,5,0.052030,0
6e502405-bc90-4416-a787-3122918aa648,1,6,0.089038,0
6e502405-bc90-4416-a787-3122918aa648,1,7,0.062738,0
6e502405-bc90-4416-a787-3122918aa648,1,8,0.048308,0
6e502405-bc90-4416-a787-3122918aa648,1,9,0.035473,0
6e502405-bc90-4416-a787-3122918aa648,1,10,0.038131,0
6e502405-bc90-4416-a787-3122918aa648,1,11,0.033651,0
6e502405-bc90-4416-a787-3122918aa648,2,0,0.033282,0
6e502405-bc90-4416-a787-3122918aa648,2,1,0.032906,0
6e502405-bc90-4416-a787-3122918aa648,2,2,0.043526,0
6e502405-bc90-4416-a787-3122918aa648,2,3,0.186200,0
6e502405-bc90-4416-a787-3122918aa648,2,4,0.151234,0
6e502405-bc90-4416-a787-3122918aa648,2,5,0.369574,0
6e502405-bc90-4416-a787-3122918aa648,2,6,0.103400,0
6e502405-bc90-4416-a787-3122918aa648,2,7,0.082857,0
6e502405-bc90-4416-a787-3122918aa648,2,8,0.376066,0
6e502405-bc90-4416-a787-3122918aa648,2,9,0.043683,0
6e502405-bc90-4416-a787-3122918aa648,2,10,0.036048,0
6e502405-bc90-4416-a787-3122918aa648,2,11,0.036003,0
6e502405-bc90-4416-a787-3122918aa648,2,12,0.034688,0
6e502405-bc90-4416-a787-3122918aa648,2,13,0.038089,0
6e502405-bc90-4416-a787-3122918aa648,2,14,0.032926,0
6e502405-bc90-4416-a787-3122918aa648,2,15,0.033940,0
6e502405-bc90-4416-a787-3122918aa648,2,16,0.037075,0
6e502405-bc90-4416-a787-3122918aa648,2,17,0.038795,0
6e502405-bc90-4416-a787-3122918aa648,2,18,0.032258,0
6e502405-bc90-4416-a787-3122918aa648,2,19,0.033819,0
6e502405-bc90-4416-a787-3122918aa648,2,20,0.041054,0
6e502405-bc90-4416-a787-3122918aa648,2,21,0.035018,0
6e502405-bc90-4416-a787-3122918aa648,2,22,0.051481,0
6e502405-bc90-4416-a787-3122918aa648,2,23,0.059952,0
6e502405-bc90-4416-a787-3122918aa648,2,24,0.076676,0
6e502405-bc90-4416-a787-3122918aa648,2,25,0.068831,0
6e502405-bc90-4416-a787-3122918aa648,2,26,0.120025,0
6e502405-bc90-4416-a787-3122918aa648,2,27,0.033597,0
6e502405-bc90-4416-a787-3122918aa648,2,28,0.041503,0
6e502405-bc90-4416-a787-3122918aa648,3,0,0.034889,0
6e502405-bc90-4416-a787-3122918aa648,3,1,0.036342,0
6e502405-bc90-4416-a787-3122918aa648,3,2,0.033584,0
6e502405-bc90-4416-a787-3122918aa648,3,3,0.035136,0
6e502405-bc90-4416-a787-3122918aa648,3,4,0.035022,0
6e502405-bc90-4416-a787-3122918aa648,3,5,0.036589,0
6e502405-bc90-4416-a787-3122918aa648,3,6,0.041506,0
6e502405-bc90-4416-a787-3122918aa648,3,7,0.081020,0
6e502405-bc90-4416-a787-3122918aa648,3,8,0.088844,0
6e502405-bc90-4416-a787-3122918aa648,3,9,0.035188,0
6e502405-bc90-4416-a787-3122918aa648,3,10,0.049674,0
6e502405-bc90-4416-a787-3122918aa648,3,11,0.047948,0
6e502405-bc90-4416-a787-3122918aa648,3,12,0.035757,0
6e502405-bc90-4416-a787-3122918aa648,3,13,0.036900,0
6e502405-bc90-4416-a787-3122918aa648,3,14,0.039220,0
6e502405-bc90-4416-a787-3122918aa648,3,15,0.059801,0
6e502405-bc90-4416-a787-3122918aa648,3,16,0.451861,0
6e502405-bc90-4416-a787-3122918aa648,3,17,0.043006,0
6e502405-bc90-4416-a787-3122918aa648,3,18,0.038956,0
6e502405-bc90-4416-a787-3122918aa648,3,19,0.379328,0
7f9c83f7-3efa-4c7a-adef-3ebdeda96042,1,0,0.044931,0
7f9c83f7-3efa-4c7a-adef-3ebdeda96042,1,1,0.143065,0
7f9c83f7-3efa-4c7a-adef-3ebdeda96042,1,2,0.087842,0
7f9c83f7-3efa-4c7a-adef-3ebdeda96042,1,3,0.084350,0
7f9c83f7-3efa-4c7a-adef-3ebdeda96042,1,4,0.062176,0
7f9c83f7-3efa-4c7a-adef-3ebdeda96042,1,5,0.102800,0
7f9c83f7-3efa-4c7a-adef-3ebdeda96042,1,6,0.085190,0
7f9c83f7-3efa-4c7a-adef-3ebdeda96042,1,7,0.794901,1
7f9c83f7-3efa-4c7a-adef-3ebdeda96042,1,8,0.281917,0
7f9c83f7-3efa-4c7a-adef-3ebdeda96042,1,9,0.901708,1
7f9c83f7-3efa-4c7a-adef-3ebdeda96042,1,10,0.890903,1
7f9c83f7-3efa-4c7a-adef-3ebdeda96042,1,11,0.193784,0
7f9c83f7-3efa-4c7a-adef-3ebdeda96042,1,12,0.166291,0
7f9c83f7-3efa-4c7a-adef-3ebdeda96042,1,13,0.050343,0
7f9c83f7-3efa-4c7a-adef-3ebdeda96042,1,14,0.967276,1
7f9c83f7-3efa-4c7a-adef-3ebdeda96042,1,15,0.042644,0
7f9c83f7-3efa-4c7a-adef-3ebdeda96042,1,16,0.569695,1
7f9c83f7-3efa-4c7a-adef-3ebdeda96042,1,17,0.351268,0
7f9c83f7-3efa-4c7a-adef-3ebdeda96042,1,18,0.061382,0
7f9c83f7-3efa-4c7a-adef-3ebdeda96042,1,19,0.176064,0
7f9c83f7-3efa-4c7a-adef-3ebdeda96042,1,20,0.945963,1
7f9c83f7-3efa-4c7a-adef-3ebdeda96042,1,21,0.324717,0
7f9c83f7-3efa-4c7a-adef-3ebdeda96042,1,22,0.043984,0
7f9c83f7-3efa-4c7a-adef-3ebdeda96042,1,23,0.184256,0
7f9c83f7-3efa-4c7a-adef-3ebdeda96042,1,24,0.302108,0
7f9c83f7-3efa-4c7a-adef-3ebdeda96042,1,25,0.264721,0
7f9c83f7-3efa-4c7a-adef-3ebdeda96042,1,26,0.161594,0
7f9c83f7-3efa-4c7a-adef-3ebdeda96042,1,27,0.056762,0
7f9c83f7-3efa-4c7a-adef-3ebdeda96042,1,28,0.878008,1
7f9c83f7-3efa-4c7a-adef-3ebdeda96042,1,29,0.056615,0
7f9c83f7-3efa-4c7a-adef-3ebdeda96042,1,30,0.129982,0
7f9c83f7-3efa-4c7a-adef-3ebdeda96042,1,31,0.131575,0
7f9c83f7-3efa-4c7a-adef-3ebdeda96042,1,32,0.091219,0
7f9c83f7-3efa-4c7a-adef-3ebdeda96042,1,33,0.125858,0
7f9c83f7-3efa-4c7a-adef-3ebdeda96042,1,34,0.105982,0
7f9c83f7-3efa-4c7a-adef-3ebdeda96042,1,35,0.321920,0
7f9c83f7-3efa-4c7a-adef-3ebdeda96042,1,36,0.123662,0
7f9c83f7-3efa-4c7a-adef-3ebdeda96042,1,37,0.037890,0
7f9c83f7-3efa-4c7a-adef-3ebdeda96042,1,38,0.114934,0
7f9c83f7-3efa-4c7a-adef-3ebdeda96042,1,39,0.065582,0
7f9c83f7-3efa-4c7a-adef-3ebdeda96042,1,40,0.116592,0
7f9c83f7-3efa-4c7a-adef-3ebdeda96042,1,41,0.240243,0
7f9c83f7-3efa-4c7a-adef-3ebdeda96042,2,0,0.968301,1
7f9c83f7-3efa-4c7a-adef-3ebdeda96042,2,1,0.174601,0
7f9c83f7-3efa-4c7a-adef-3ebdeda96042,2,2,0.036921,0
7f9c83f7-3efa-4c7a-adef-3ebdeda96042,2,3,0.066280,0
7f9c83f7-3efa-4c7a-adef-3ebdeda96042,2,4,0.052462,0
7f9c83f7-3efa-4c7a-adef-3ebdeda96042,2,5,0.053266,0
7f9c83f7-3efa-4c7a-adef-3ebdeda96042,2,6,0.204116,0
7f9c83f7-3efa-4c7a-adef-3ebdeda96042,2,7,0.082755,0
7f9c83f7-3efa-4c7a-adef-3ebdeda96042,2,8,0.161648,0
7f9c83f7-3efa-4c7a-adef-3ebdeda96042,2,9,0.209266,0
7f9c83f7-3efa-4c7a-adef-3ebdeda96042,3,0,0.084938,0
7f9c83f7-3efa-4c7a-adef-3ebdeda96042,3,1,0.054042,0
7f9c83f7-3efa-4c7a-adef-3ebdeda96042,3,2,0.122286,0
7f9c83f7-3efa-4c7a-adef-3ebdeda96042,3,3,0.113233,0
7f9c83f7-3efa-4c7a-adef-3ebdeda96042,3,4,0.794485,1
7f9c83f7-3efa-4c7a-adef-3ebdeda96042,3,5,0.309748,0
7f9c83f7-3efa-4c7a-adef-3ebdeda96042,3,6,0.222161,0
7f9c83f7-3efa-4c7a-adef-3ebdeda96042,3,7,0.120296,0
7f9c83f7-3efa-4c7a-adef-3ebdeda96042,3,8,0.116355,0
7f9c83f7-3efa-4c7a-adef-3ebdeda96042,3,9,0.160420,0
7f9c83f7-3efa-4c7a-adef-3ebdeda96042,3,10,0.052406,0
7f9c83f7-3efa-4c7a-adef-3ebdeda96042,3,11,0.373315,0
7f9c83f7-3efa-4c7a-adef-3ebdeda96042,3,12,0.284180,0
7f9c83f7-3efa-4c7a-adef-3ebdeda96042,3,13,0.314806,0
7f9c83f7-3efa-4c7a-adef-3ebdeda96042,3,14,0.230064,0
7f9c83f7-3efa-4c7a-adef-3ebdeda96042,3,15,0.085865,0
7f9c83f7-3efa-4c7a-adef-3ebdeda96042,3,16,0.131730,0
7f9c83f7-3efa-4c7a-adef-3ebdeda96042,3,17,0.086790,0
8dac6c12-b5ca-468c-a249-7e0ab42f6b52,1,0,0.037592,0
8dac6c12-b5ca-468c-a249-7e0ab42f6b52,1,1,0.115622,0
8dac6c12-b5ca-468c-a249-7e0ab42f6b52,1,2,0.034329,0
8dac6c12-b5ca-468c-a249-7e0ab42f6b52,1,3,0.036803,0
8dac6c12-b5ca-468c-a249-7e0ab42f6b52,1,4,0.049951,0
8dac6c12-b5ca-468c-a249-7e0ab42f6b52,1,5,0.034632,0
8dac6c12-b5ca-468c-a249-7e0ab42f6b52,1,6,0.070221,0
8dac6c12-b5ca-468c-a249-7e0ab42f6b52,1,7,0.194271,0
8dac6c12-b5ca-468c-a249-7e0ab42f6b52,1,8,0.041989,0
8dac6c12-b5ca-468c-a249-7e0ab42f6b52,1,9,0.187539,0
8dac6c12-b5ca-468c-a249-7e0ab42f6b52,1,10,0.054125,0
8dac6c12-b5ca-468c-a249-7e0ab42f6b52,1,11,0.036139,0
8dac6c12-b5ca-468c-a249-7e0ab42f6b52,1,12,0.041980,0
8dac6c12-b5ca-468c-a249-7e0ab42f6b52,1,13,0.037035,0
8dac6c12-b5ca-468c-a249-7e0ab42f6b52,1,14,0.134563,0
8dac6c12-b5ca-468c-a249-7e0ab42f6b52,1,15,0.039181,0
8dac6c12-b5ca-468c-a249-7e0ab42f6b52,1,16,0.201623,0
8dac6c12-b5ca-468c-a249-7e0ab42f6b52,1,17,0.035976,0
8dac6c12-b5ca-468c-a249-7e0ab42f6b52,1,18,0.036434,0
8dac6c12-b5ca-468c-a249-7e0ab42f6b52,1,19,0.048847,0
8dac6c12-b5ca-468c-a249-7e0ab42f6b52,1,20,0.515308,1
8dac6c12-b5ca-468c-a249-7e0ab42f6b52,1,21,0.209854,0
8dac6c12-b5ca-468c-a249-7e0ab42f6b52,1,22,0.037744,0
8dac6c12-b5ca-468c-a249-7e0ab42f6b52,1,23,0.299840,0
8dac6c12-b5ca-468c-a249-7e0ab42f6b52,1,24,0.061864,0
8dac6c12-b5ca-468c-a249-7e0ab42f6b52,1,25,0.032441,0
8dac6c12-b5ca-468c-a249-7e0ab42f6b52,1,26,0.036661,0
8dac6c12-b5ca-468c-a249-7e0ab42f6b52,1,27,0.039181,0
8dac6c12-b5ca-468c-a249-7e0ab42f6b52,1,28,0.076690,0
8dac6c12-b5ca-468c-a249-7e0ab42f6b52,1,29,0.209027,0
8dac6c12-b5ca-468c-a249-7e0ab42f6b52,1,30,0.068195,0
8dac6c12-b5ca-468c-a249-7e0ab42f6b52,2,0,0.041777,0
8dac6c12-b5ca-468c-a249-7e0ab42f6b52,2,1,0.089655,0
8dac6c12-b5ca-468c-a249-7e0ab42f6b52,2,2,0.240232,0
8dac6c12-b5ca-468c-a249-7e0ab42f6b52,2,3,0.111874,0
8dac6c12-b5ca-468c-a249-7e0ab42f6b52,2,4,0.051359,0
8dac6c12-b5ca-468c-a249-7e0ab42f6b52,2,5,0.109174,0
8dac6c12-b5ca-468c-a249-7e0ab42f6b52,2,6,0.114037,0
8dac6c12-b5ca-468c-a249-7e0ab42f6b52,2,7,0.047240,0
8dac6c12-b5ca-468c-a249-7e0ab42f6b52,2,8,0.154131,0
8dac6c12-b5ca-468c-a249-7e0ab42f6b52,2,9,0.149962,0
8dac6c12-b5ca-468c-a249-7e0ab42f6b52,2,10,0.067876,0
8dac6c12-b5ca-468c-a249-7e0ab42f6b52,2,11,0.056215,0
8dac6c12-b5ca-468c-a249-7e0ab42f6b52,2,12,0.171015,0
8dac6c12-b5ca-468c-a249-7e0ab42f6b52,2,13,0.076333,0
8dac6c12-b5ca-468c-a249-7e0ab42f6b52,2,14,0.184691,0
8dac6c12-b5ca-468c-a249-7e0ab42f6b52,2,15,0.171756,0
8dac6c12-b5ca-468c-a249-7e0ab42f6b52,2,16,0.113783,0
8dac6c12-b5ca-468c-a249-7e0ab42f6b52,2,17,0.052306,0
8dac6c12-b5ca-468c-a249-7e0ab42f6b52,2,18,0.059961,0
8dac6c12-b5ca-468c-a249-7e0ab42f6b52,2,19,0.047912,0
8dac6c12-b5ca-468c-a249-7e0ab42f6b52,2,20,0.038485,0
8dac6c12-b5ca-468c-a249-7e0ab42f6b52,2,21,0.243762,0
8dac6c12-b5ca-468c-a249-7e0ab42f6b52,2,22,0.127291,0
8dac6c12-b5ca-468c-a249-7e0ab42f6b52,2,23,0.138028,0
8dac6c12-b5ca-468c-a249-7e0ab42f6b52,3,0,0.042331,0
8dac6c12-b5ca-468c-a249-7e0ab42f6b52,3,1,0.048527,0
8dac6c12-b5ca-468c-a249-7e0ab42f6b52,3,2,0.053350,0
8dac6c12-b5ca-468c-a249-7e0ab42f6b52,3,3,0.095218,0
8dac6c12-b5ca-468c-a249-7e0ab42f6b52,3,4,0.230633,0
8dac6c12-b5ca-468c-a249-7e0ab42f6b52,3,5,0.049275,0
8dac6c12-b5ca-468c-a249-7e0ab42f6b52,3,6,0.061867,0
8dac6c12-b5ca-468c-a249-7e0ab42f6b52,3,7,0.050170,0
8dac6c12-b5ca-468c-a249-7e0ab42f6b52,3,8,0.118249,0
8dac6c12-b5ca-468c-a249-7e0ab42f6b52,3,9,0.083713,0
8dac6c12-b5ca-468c-a249-7e0ab42f6b52,3,10,0.177502,0
8dac6c12-b5ca-468c-a249-7e0ab42f6b52,3,11,0.038510,0
8dac6c12-b5ca-468c-a249-7e0ab42f6b52,3,12,0.033573,0
8dac6c12-b5ca-468c-a249-7e0ab42f6b52,3,13,0.106601,0
8dac6c12-b5ca-468c-a249-7e0ab42f6b52,3,14,0.109839,0
a4edca3f-931f-4785-8c3f-f3d8fa84cbec,1,0,0.249881,0
a4edca3f-931f-4785-8c3f-f3d8fa84cbec,1,1,0.643462,1
a4edca3f-931f-4785-8c3f-f3d8fa84cbec,1,2,0.138946,0
a4edca3f-931f-4785-8c3f-f3d8fa84cbec,1,3,0.281282,0
a4edca3f-931f-4785-8c3f-f3d8fa84cbec,1,4,0.969021,1
a4edca3f-931f-4785-8c3f-f3d8fa84cbec,1,5,0.052521,0
a4edca3f-931f-4785-8c3f-f3d8fa84cbec,1,6,0.038256,0
a4edca3f-931f-4785-8c3f-f3d8fa84cbec,1,7,0.154897,0
a4edca3f-931f-4785-8c3f-f3d8fa84cbec,1,8,0.120421,0
a4edca3f-931f-4785-8c3f-f3d8fa84cbec,1,9,0.053206,0
a4edca3f-931f-4785-8c3f-f3d8fa84cbec,1,10,0.076625,0
a4edca3f-931f-4785-8c3f-f3d8fa84cbec,1,11,0.233321,0
a4edca3f-931f-4785-8c3f-f3d8fa84cbec,1,12,0.102144,0
a4edca3f-931f-4785-8c3f-f3d8fa84cbec,1,13,0.398551,0
a4edca3f-931f-4785-8c3f-f3d8fa84cbec,2,0,0.050599,0
a4edca3f-931f-4785-8c3f-f3d8fa84cbec,2,1,0.032438,0
a4edca3f-931f-4785-8c3f-f3d8fa84cbec,2,2,0.049630,0
a4edca3f-931f-4785-8c3f-f3d8fa84cbec,2,3,0.060320,0
a4edca3f-931f-4785-8c3f-f3d8fa84cbec,2,4,0.039055,0
a4edca3f-931f-4785-8c3f-f3d8fa84cbec,2,5,0.038346,0
a4edca3f-931f-4785-8c3f-f3d8fa84cbec,2,6,0.070622,0
a4edca3f-931f-4785-8c3f-f3d8fa84cbec,2,7,0.049394,0
a4edca3f-931f-4785-8c3f-f3d8fa84cbec,2,8,0.036956,0
a4edca3f-931f-4785-8c3f-f3d8fa84cbec,2,9,0.036304,0
a4edca3f-931f-4785-8c3f-f3d8fa84cbec,2,10,0.036516,0
a4edca3f-931f-4785-8c3f-f3d8fa84cbec,2,11,0.039575,0
a4edca3f-931f-4785-8c3f-f3d8fa84cbec,2,12,0.039418,0
a4edca3f-931f-4785-8c3f-f3d8fa84cbec,2,13,0.035771,0
a4edca3f-931f-4785-8c3f-f3d8fa84cbec,2,14,0.039893,0
a4edca3f-931f-4785-8c3f-f3d8fa84cbec,2,15,0.116345,0
a4edca3f-931f-4785-8c3f-f3d8fa84cbec,2,16,0.049028,0
a4edca3f-931f-4785-8c3f-f3d8fa84cbec,2,17,0.040286,0
a4edca3f-931f-4785-8c3f-f3d8fa84cbec,2,18,0.070982,0
a4edca3f-931f-4785-8c3f-f3d8fa84cbec,2,19,0.036523,0
a4edca3f-931f-4785-8c3f-f3d8fa84cbec,2,20,0.044494,0
a4edca3f-931f-4785-8c3f-f3d8fa84cbec,2,21,0.036224,0
a4edca3f-931f-4785-8c3f-f3d8fa84cbec,2,22,0.039117,0
a4edca3f-931f-4785-8c3f-f3d8fa84cbec,2,23,0.034672,0
a4edca3f-931f-4785-8c3f-f3d8fa84cbec,2,24,0.061960,0
a4edca3f-931f-4785-8c3f-f3d8fa84cbec,2,25,0.036681,0
a4edca3f-931f-4785-8c3f-f3d8fa84cbec,2,26,0.035659,0
a4edca3f-931f-4785-8c3f-f3d8fa84cbec,2,27,0.035896,0
a4edca3f-931f-4785-8c3f-f3d8fa84cbec,2,28,0.037779,0
a4edca3f-931f-4785-8c3f-f3d8fa84cbec,2,29,0.082960,0
a4edca3f-931f-4785-8c3f-f3d8fa84cbec,2,30,0.057327,0
a4edca3f-931f-4785-8c3f-f3d8fa84cbec,2,31,0.045724,0
a4edca3f-931f-4785-8c3f-f3d8fa84cbec,3,0,0.065322,0
a4edca3f-931f-4785-8c3f-f3d8fa84cbec,3,1,0.043444,0
a4edca3f-931f-4785-8c3f-f3d8fa84cbec,3,2,0.062465,0
a4edca3f-931f-4785-8c3f-f3d8fa84cbec,3,3,0.036478,0
a4edca3f-931f-4785-8c3f-f3d8fa84cbec,3,4,0.032876,0
a4edca3f-931f-4785-8c3f-f3d8fa84cbec,3,5,0.057348,0
a4edca3f-931f-4785-8c3f-f3d8fa84cbec,3,6,0.033038,0
a4edca3f-931f-4785-8c3f-f3d8fa84cbec,3,7,0.059903,0
a4edca3f-931f-4785-8c3f-f3d8fa84cbec,3,8,0.067870,0
a4edca3f-931f-4785-8c3f-f3d8fa84cbec,3,9,0.038117,0
a4edca3f-931f-4785-8c3f-f3d8fa84cbec,3,10,0.038445,0
a4edca3f-931f-4785-8c3f-f3d8fa84cbec,3,11,0.037884,0
a4edca3f-931f-4785-8c3f-f3d8fa84cbec,3,12,0.068024,0
a4edca3f-931f-4785-8c3f-f3d8fa84cbec,3,13,0.136549,0
a4edca3f-931f-4785-8c3f-f3d8fa84cbec,3,14,0.085735,0
a4edca3f-931f-4785-8c3f-f3d8fa84cbec,3,15,0.037537,0
a4edca3f-931f-4785-8c3f-f3d8fa84cbec,3,16,0.152599,0
a4edca3f-931f-4785-8c3f-f3d8fa84cbec,3,17,0.188737,0
a4edca3f-931f-4785-8c3f-f3d8fa84cbec,3,18,0.042557,0
a4edca3f-931f-4785-8c3f-f3d8fa84cbec,3,19,0.033743,0
a4edca3f-931f-4785-8c3f-f3d8fa84cbec,3,20,0.044087,0
a4edca3f-931f-4785-8c3f-f3d8fa84cbec,3,21,0.125472,0
a4edca3f-931f-4785-8c3f-f3d8fa84cbec,3,22,0.102350,0
a4edca3f-931f-4785-8c3f-f3d8fa84cbec,3,23,0.048868,0
a4edca3f-931f-4785-8c3f-f3d8fa84cbec,3,24,0.158513,0
a4edca3f-931f-4785-8c3f-f3d8fa84cbec,3,25,0.041612,0
a4edca3f-931f-4785-8c3f-f3d8fa84cbec,3,26,0.094862,0
a4edca3f-931f-4785-8c3f-f3d8fa84cbec,3,27,0.041551,0
a4edca3f-931f-4785-8c3f-f3d8fa84cbec,3,28,0.034900,0
af4a3f41-eeb5-49fa-a276-e97c230b25f0,1,0,0.034469,0
af4a3f41-eeb5-49fa-a276-e97c230b25f0,1,1,0.041087,0
af4a3f41-eeb5-49fa-a276-e97c230b25f0,1,2,0.039750,0
af4a3f41-eeb5-49fa-a276-e97c230b25f0,1,3,0.725711,1
af4a3f41-eeb5-49fa-a276-e97c230b25f0,1,4,0.132246,0
af4a3f41-eeb5-49fa-a276-e97c230b25f0,1,5,0.046727,0
af4a3f41-eeb5-49fa-a276-e97c230b25f0,1,6,0.171708,0
af4a3f41-eeb5-49fa-a276-e97c230b25f0,1,7,0.218302,0
af4a3f41-eeb5-49fa-a276-e97c230b25f0,1,8,0.038326,0
af4a3f41-eeb5-49fa-a276-e97c230b25f0,1,9,0.043758,0
af4a3f41-eeb5-49fa-a276-e97c230b25f0,1,10,0.123538,0
af4a3f41-eeb5-49fa-a276-e97c230b25f0,1,11,0.087898,0
af4a3f41-eeb5-49fa-a276-e97c230b25f0,1,12,0.148634,0
af4a3f41-eeb5-49fa-a276-e97c230b25f0,1,13,0.619084,1
af4a3f41-eeb5-49fa-a276-e97c230b25f0,1,14,0.147589,0
af4a3f41-eeb5-49fa-a276-e97c230b25f0,1,15,0.038656,0
af4a3f41-eeb5-49fa-a276-e97c230b25f0,1,16,0.059132,0
af4a3f41-eeb5-49fa-a276-e97c230b25f0,1,17,0.139486,0
af4a3f41-eeb5-49fa-a276-e97c230b25f0,1,18,0.039560,0
af4a3f41-eeb5-49fa-a276-e97c230b25f0,1,19,0.038357,0
af4a3f41-eeb5-49fa-a276-e97c230b25f0,1,20,0.037735,0
af4a3f41-eeb5-49fa-a276-e97c230b25f0,1,21,0.607956,1
af4a3f41-eeb5-49fa-a276-e97c230b25f0,1,22,0.351488,0
af4a3f41-eeb5-49fa-a276-e97c230b25f0,1,23,0.064664,0
af4a3f41-eeb5-49fa-a276-e97c230b25f0,1,24,0.235830,0
af4a3f41-eeb5-49fa-a276-e97c230b25f0,1,25,0.290972,0
af4a3f41-eeb5-49fa-a276-e97c230b25f0,1,26,0.075585,0
af4a3f41-eeb5-49fa-a276-e97c230b25f0,1,27,0.175824,0
af4a3f41-eeb5-49fa-a276-e97c230b25f0,1,28,0.355555,0
af4a3f41-eeb5-49fa-a276-e97c230b25f0,1,29,0.152072,0
af4a3f41-eeb5-49fa-a276-e97c230b25f0,1,30,0.043646,0
af4a3f41-eeb5-49fa-a276-e97c230b25f0,2,0,0.052245,0
af4a3f41-eeb5-49fa-a276-e97c230b25f0,2,1,0.077838,0
af4a3f41-eeb5-49fa-a276-e97c230b25f0,2,2,0.327070,0
af4a3f41-eeb5-49fa-a276-e97c230b25f0,2,3,0.185497,0
af4a3f41-eeb5-49fa-a276-e97c230b25f0,2,4,0.206130,0
af4a3f41-eeb5-49fa-a276-e97c230b25f0,2,5,0.089327,0
af4a3f41-eeb5-49fa-a276-e97c230b25f0,2,6,0.034096,0
af4a3f41-eeb5-49fa-a276-e97c230b25f0,2,7,0.250279,0
af4a3f41-eeb5-49fa-a276-e97c230b25f0,2,8,0.150474,0
af4a3f41-eeb5-49fa-a276-e97c230b25f0,2,9,0.809904,1
af4a3f41-eeb5-49fa-a276-e97c230b25f0,2,10,0.292073,0
af4a3f41-eeb5-49fa-a276-e97c230b25f0,2,11,0.076709,0
af4a3f41-eeb5-49fa-a276-e97c230b25f0,2,12,0.095599,0
af4a3f41-eeb5-49fa-a276-e97c230b25f0,2,13,0.150275,0
af4a3f41-eeb5-49fa-a276-e97c230b25f0,2,14,0.105415,0
af4a3f41-eeb5-49fa-a276-e97c230b25f0,2,15,0.097275,0
af4a3f41-eeb5-49fa-a276-e97c230b25f0,2,16,0.768062,1
af4a3f41-eeb5-49fa-a276-e97c230b25f0,3,0,0.064942,0
af4a3f41-eeb5-49fa-a276-e97c230b25f0,3,1,0.045181,0
af4a3f41-eeb5-49fa-a276-e97c230b25f0,3,2,0.329836,0
af4a3f41-eeb5-49fa-a276-e97c230b25f0,3,3,0.203907,0
af4a3f41-eeb5-49fa-a276-e97c230b25f0,3,4,0.033505,0
af4a3f41-eeb5-49fa-a276-e97c230b25f0,3,5,0.250195,0
af4a3f41-eeb5-49fa-a276-e97c230b25f0,3,6,0.217169,0
af4a3f41-eeb5-49fa-a276-e97c230b25f0,3,7,0.253012,0
af4a3f41-eeb5-49fa-a276-e97c230b25f0,3,8,0.136864,0
af4a3f41-eeb5-49fa-a276-e97c230b25f0,3,9,0.332915,0
af4a3f41-eeb5-49fa-a276-e97c230b25f0,3,10,0.503618,1
af4a3f41-eeb5-49fa-a276-e97c230b25f0,3,11,0.212353,0
af4a3f41-eeb5-49fa-a276-e97c230b25f0,3,12,0.689625,1
af4a3f41-eeb5-49fa-a276-e97c230b25f0,3,13,0.101904,0
af4a3f41-eeb5-49fa-a276-e97c230b25f0,3,14,0.087228,0
af4a3f41-eeb5-49fa-a276-e97c230b25f0,3,15,0.041186,0
af4a3f41-eeb5-49fa-a276-e97c230b25f0,3,16,0.474655,0
af4a3f41-eeb5-49fa-a276-e97c230b25f0,3,17,0.087570,0
af4a3f41-eeb5-49fa-a276-e97c230b25f0,3,18,0.061627,0
af4a3f41-eeb5-49fa-a276-e97c230b25f0,3,19,0.969935,1
af4a3f41-eeb5-49fa-a276-e97c230b25f0,3,20,0.233482,0
af4a3f41-eeb5-49fa-a276-e97c230b25f0,3,21,0.034075,0
af4a3f41-eeb5-49fa-a276-e97c230b25f0,3,22,0.036212,0
af4a3f41-eeb5-49fa-a276-e97c230b25f0,3,23,0.035694,0
af4a3f41-eeb5-49fa-a276-e97c230b25f0,3,24,0.034807,0
af4a3f41-eeb5-49fa-a276-e97c230b25f0,3,25,0.227678,0
af4a3f41-eeb5-49fa-a276-e97c230b25f0,3,26,0.037571,0
af4a3f41-eeb5-49fa-a276-e97c230b25f0,3,27,0.067387,0
af4a3f41-eeb5-49fa-a276-e97c230b25f0,3,28,0.311744,0
af4a3f41-eeb5-49fa-a276-e97c230b25f0,3,29,0.272030,0
af4a3f41-eeb5-49fa-a276-e97c230b25f0,3,30,0.108961,0
af4a3f41-eeb5-49fa-a276-e97c230b25f0,3,31,0.315291,0
af4a3f41-eeb5-49fa-a276-e97c230b25f0,3,32,0.052305,0
af4a3f41-eeb5-49fa-a276-e97c230b25f0,3,33,0.050179,0
c5534b7e-a373-4962-8345-3847bc41a636,1,0,0.034535,0
c5534b7e-a373-4962-8345-3847bc41a636,1,1,0.037546,0
c5534b7e-a373-4962-8345-3847bc41a636,1,2,0.053840,0
c5534b7e-a373-4962-8345-3847bc41a636,1,3,0.034302,0
c5534b7e-a373-4962-8345-3847bc41a636,1,4,0.038924,0
c5534b7e-a373-4962-8345-3847bc41a636,1,5,0.045869,0
c5534b7e-a373-4962-8345-3847bc41a636,1,6,0.033543,0
c5534b7e-a373-4962-8345-3847bc41a636,1,7,0.039710,0
c5534b7e-a373-4962-8345-3847bc41a636,1,8,0.047806,0
c5534b7e-a373-4962-8345-3847bc41a636,1,9,0.124969,0
c5534b7e-a373-4962-8345-3847bc41a636,1,10,0.093576,0
c5534b7e-a373-4962-8345-3847bc41a636,1,11,0.061685,0
c5534b7e-a373-4962-8345-3847bc41a636,1,12,0.037781,0
c5534b7e-a373-4962-8345-3847bc41a636,2,0,0.038402,0
c5534b7e-a373-4962-8345-3847bc41a636,2,1,0.039229,0
c5534b7e-a373-4962-8345-3847bc41a636,2,2,0.069296,0
c5534b7e-a373-4962-8345-3847bc41a636,2,3,0.044027,0
c5534b7e-a373-4962-8345-3847bc41a636,2,4,0.033596,0
c5534b7e-a373-4962-8345-3847bc41a636,2,5,0.034974,0
c5534b7e-a373-4962-8345-3847bc41a636,2,6,0.038339,0
c5534b7e-a373-4962-8345-3847bc41a636,2,7,0.039953,0
c5534b7e-a373-4962-8345-3847bc41a636,2,8,0.209228,0
c5534b7e-a373-4962-8345-3847bc41a636,2,9,0.045010,0
c5534b7e-a373-4962-8345-3847bc41a636,2,10,0.040389,0
c5534b7e-a373-4962-8345-3847bc41a636,2,11,0.049949,0
c5534b7e-a373-4962-8345-3847bc41a636,2,12,0.061551,0
c5534b7e-a373-4962-8345-3847bc41a636,2,13,0.033645,0
c5534b7e-a373-4962-8345-3847bc41a636,2,14,0.069160,0
c5534b7e-a373-4962-8345-3847bc41a636,2,15,0.110170,0
c5534b7e-a373-4962-8345-3847bc41a636,2,16,0.036171,0
c5534b7e-a373-4962-8345-3847bc41a636,2,17,0.543776,1
c5534b7e-a373-4962-8345-3847bc41a636,2,18,0.160341,0
c5534b7e-a373-4962-8345-3847bc41a636,2,19,0.052158,0
c5534b7e-a373-4962-8345-3847bc41a636,2,20,0.146508,0
c5534b7e-a373-4962-8345-3847bc41a636,2,21,0.110839,0
c5534b7e-a373-4962-8345-3847bc41a636,2,22,0.092334,0
c5534b7e-a373-4962-8345-3847bc41a636,2,23,0.048278,0
c5534b7e-a373-4962-8345-3847bc41a636,2,24,0.055511,0
c5534b7e-a373-4962-8345-3847bc41a636,2,25,0.083534,0
c5534b7e-a373-4962-8345-3847bc41a636,2,26,0.073236,0
c5534b7e-a373-4962-8345-3847bc41a636,2,27,0.125563,0
c5534b7e-a373-4962-8345-3847bc41a636,2,28,0.135350,0
c5534b7e-a373-4962-8345-3847bc41a636,2,29,0.153628,0
c5534b7e-a373-4962-8345-3847bc41a636,3,0,0.033782,0
c5534b7e-a373-4962-8345-3847bc41a636,3,1,0.045285,0
c5534b7e-a373-4962-8345-3847bc41a636,3,2,0.128964,0
c5534b7e-a373-4962-8345-3847bc41a636,3,3,0.036471,0
c5534b7e-a373-4962-8345-3847bc41a636,3,4,0.071361,0
c5534b7e-a373-4962-8345-3847bc41a636,3,5,0.034940,0
c5534b7e-a373-4962-8345-3847bc41a636,3,6,0.034883,0
c5534b7e-a373-4962-8345-3847bc41a636,3,7,0.033884,0
c5534b7e-a373-4962-8345-3847bc41a636,3,8,0.098497,0
c5534b7e-a373-4962-8345-3847bc41a636,3,9,0.098392,0
c5534b7e-a373-4962-8345-3847bc41a636,3,10,0.148164,0
c5534b7e-a373-4962-8345-3847bc41a636,3,11,0.040579,0
c5534b7e-a373-4962-8345-3847bc41a636,3,12,0.126177,0
c5534b7e-a373-4962-8345-3847bc41a636,3,13,0.053270,0
c5534b7e-a373-4962-8345-3847bc41a636,3,14,0.037074,0
1b96a5db-8974-46d3-82d7-5dfef02f650e,1,0,0.220640,0
1b96a5db-8974-46d3-82d7-5dfef02f650e,1,1,0.033438,0
1b96a5db-8974-46d3-82d7-5dfef02f650e,1,2,0.180953,0
1b96a5db-8974-46d3-82d7-5dfef02f650e,1,3,0.120682,0
1b96a5db-8974-46d3-82d7-5dfef02f650e,1,4,0.050503,0
1b96a5db-8974-46d3-82d7-5dfef02f650e,1,5,0.126381,0
1b96a5db-8974-46d3-82d7-5dfef02f650e,1,6,0.239680,0
1b96a5db-8974-46d3-82d7-5dfef02f650e,1,7,0.135497,0
1b96a5db-8974-46d3-82d7-5dfef02f650e,1,8,0.228026,0
1b96a5db-8974-46d3-82d7-5dfef02f650e,1,9,0.104113,0
1b96a5db-8974-46d3-82d7-5dfef02f650e,2,0,0.697619,1
1b96a5db-8974-46d3-82d7-5dfef02f650e,2,1,0.042039,0
1b96a5db-8974-46d3-82d7-5dfef02f650e,2,2,0.068095,0
1b96a5db-8974-46d3-82d7-5dfef02f650e,2,3,0.156420,0
1b96a5db-8974-46d3-82d7-5dfef02f650e,2,4,0.097664,0
1b96a5db-8974-46d3-82d7-5dfef02f650e,2,5,0.044307,0
1b96a5db-8974-46d3-82d7-5dfef02f650e,2,6,0.076564,0
1b96a5db-8974-46d3-82d7-5dfef02f650e,2,7,0.043890,0
1b96a5db-8974-46d3-82d7-5dfef02f650e,2,8,0.045332,0
1b96a5db-8974-46d3-82d7-5dfef02f650e,2,9,0.034682,0
1b96a5db-8974-46d3-82d7-5dfef02f650e,2,10,0.044056,0
1b96a5db-8974-46d3-82d7-5dfef02f650e,2,11,0.067307,0
1b96a5db-8974-46d3-82d7-5dfef02f650e,2,12,0.035508,0
1b96a5db-8974-46d3-82d7-5dfef02f650e,2,13,0.490184,0
1b96a5db-8974-46d3-82d7-5dfef02f650e,2,14,0.044750,0
1b96a5db-8974-46d3-82d7-5dfef02f650e,2,15,0.048393,0
1b96a5db-8974-46d3-82d7-5dfef02f650e,2,16,0.111524,0
1b96a5db-8974-46d3-82d7-5dfef02f650e,2,17,0.159293,0
1b96a5db-8974-46d3-82d7-5dfef02f650e,2,18,0.373981,0
1b96a5db-8974-46d3-82d7-5dfef02f650e,2,19,0.808834,1
1b96a5db-8974-46d3-82d7-5dfef02f650e,2,20,0.043329,0
1b96a5db-8974-46d3-82d7-5dfef02f650e,2,21,0.049516,0
1b96a5db-8974-46d3-82d7-5dfef02f650e,2,22,0.213713,0
1b96a5db-8974-46d3-82d7-5dfef02f650e,2,23,0.035951,0
1b96a5db-8974-46d3-82d7-5dfef02f650e,2,24,0.073174,0
1b96a5db-8974-46d3-82d7-5dfef02f650e,2,25,0.144638,0
1b96a5db-8974-46d3-82d7-5dfef02f650e,2,26,0.265759,0
1b96a5db-8974-46d3-82d7-5dfef02f650e,2,27,0.051053,0
1b96a5db-8974-46d3-82d7-5dfef02f650e,2,28,0.065447,0
1b96a5db-8974-46d3-82d7-5dfef02f650e,2,29,0.211680,0
1b96a5db-8974-46d3-82d7-5dfef02f650e,2,30,0.047086,0
1b96a5db-8974-46d3-82d7-5dfef02f650e,2,31,0.103927,0
1b96a5db-8974-46d3-82d7-5dfef02f650e,3,0,0.035123,0
1b96a5db-8974-46d3-82d7-5dfef02f650e,3,1,0.065254,0
1b96a5db-8974-46d3-82d7-5dfef02f650e,3,2,0.036832,0
1b96a5db-8974-46d3-82d7-5dfef02f650e,3,3,0.287128,0
1b96a5db-8974-46d3-82d7-5dfef02f650e,3,4,0.051709,0
1b96a5db-8974-46d3-82d7-5dfef02f650e,3,5,0.051769,0
1b96a5db-8974-46d3-82d7-5dfef02f650e,3,6,0.172736,0
1b96a5db-8974-46d3-82d7-5dfef02f650e,3,7,0.221417,0
1b96a5db-8974-46d3-82d7-5dfef02f650e,3,8,0.201582,0
1b96a5db-8974-46d3-82d7-5dfef02f650e,3,9,0.038092,0
1b96a5db-8974-46d3-82d7-5dfef02f650e,3,10,0.038933,0
1b96a5db-8974-46d3-82d7-5dfef02f650e,3,11,0.035610,0
1b96a5db-8974-46d3-82d7-5dfef02f650e,3,12,0.033914,0
1b96a5db-8974-46d3-82d7-5dfef02f650e,3,13,0.172514,0
1b96a5db-8974-46d3-82d7-5dfef02f650e,3,14,0.162183,0
1b96a5db-8974-46d3-82d7-5dfef02f650e,3,15,0.068880,0
1b96a5db-8974-46d3-82d7-5dfef02f650e,3,16,0.037258,0
1b96a5db-8974-46d3-82d7-5dfef02f650e,3,17,0.241566,0
1b96a5db-8974-46d3-82d7-5dfef02f650e,3,18,0.078164,0
1b96a5db-8974-46d3-82d7-5dfef02f650e,3,19,0.063127,0
1b96a5db-8974-46d3-82d7-5dfef02f650e,3,20,0.034617,0
1b96a5db-8974-46d3-82d7-5dfef02f650e,3,21,0.036558,0
1b96a5db-8974-46d3-82d7-5dfef02f650e,3,22,0.104063,0
1b96a5db-8974-46d3-82d7-5dfef02f650e,3,23,0.059787,0
1b96a5db-8974-46d3-82d7-5dfef02f650e,3,24,0.047191,0
1b96a5db-8974-46d3-82d7-5dfef02f650e,3,25,0.096577,0
1b96a5db-8974-46d3-82d7-5dfef02f650e,3,26,0.036563,0
1b96a5db-8974-46d3-82d7-5dfef02f650e,3,27,0.055071,0
1b96a5db-8974-46d3-82d7-5dfef02f650e,3,28,0.163850,0
1b96a5db-8974-46d3-82d7-5dfef02f650e,3,29,0.076105,0
1b96a5db-8974-46d3-82d7-5dfef02f650e,3,30,0.248587,0
1b96a5db-8974-46d3-82d7-5dfef02f650e,3,31,0.047738,0
472158a1-4e39-4214-8397-904e66f2b4c5,1,0,0.965411,1
472158a1-4e39-4214-8397-904e66f2b4c5,1,1,0.075321,0
472158a1-4e39-4214-8397-904e66f2b4c5,1,2,0.188642,0
472158a1-4e39-4214-8397-904e66f2b4c5,1,3,0.086671,0
472158a1-4e39-4214-8397-904e66f2b4c5,1,4,0.738293,1
472158a1-4e39-4214-8397-904e66f2b4c5,1,5,0.745888,1
472158a1-4e39-4214-8397-904e66f2b4c5,1,6,0.457886,0
472158a1-4e39-4214-8397-904e66f2b4c5,1,7,0.863989,1
472158a1-4e39-4214-8397-904e66f2b4c5,1,8,0.059459,0
472158a1-4e39-4214-8397-904e66f2b4c5,1,9,0.388472,0
472158a1-4e39-4214-8397-904e66f2b4c5,1,10,0.120869,0
472158a1-4e39-4214-8397-904e66f2b4c5,1,11,0.131136,0
472158a1-4e39-4214-8397-904e66f2b4c5,1,12,0.037548,0
472158a1-4e39-4214-8397-904e66f2b4c5,1,13,0.068480,0
472158a1-4e39-4214-8397-904e66f2b4c5,1,14,0.297982,0
472158a1-4e39-4214-8397-904e66f2b4c5,1,15,0.059700,0
472158a1-4e39-4214-8397-904e66f2b4c5,1,16,0.924471,1
472158a1-4e39-4214-8397-904e66f2b4c5,1,17,0.475131,0
472158a1-4e39-4214-8397-904e66f2b4c5,1,18,0.051322,0
472158a1-4e39-4214-8397-904e66f2b4c5,1,19,0.066964,0
472158a1-4e39-4214-8397-904e66f2b4c5,1,20,0.140539,0
472158a1-4e39-4214-8397-904e66f2b4c5,1,21,0.725235,1
472158a1-4e39-4214-8397-904e66f2b4c5,1,22,0.051045,0
472158a1-4e39-4214-8397-904e66f2b4c5,1,23,0.144106,0
472158a1-4e39-4214-8397-904e66f2b4c5,1,24,0.640855,1
472158a1-4e39-4214-8397-904e66f2b4c5,1,25,0.437494,0
472158a1-4e39-4214-8397-904e66f2b4c5,1,26,0.355420,0
472158a1-4e39-4214-8397-904e66f2b4c5,1,27,0.043444,0
472158a1-4e39-4214-8397-904e66f2b4c5,1,28,0.103101,0
472158a1-4e39-4214-8397-904e66f2b4c5,1,29,0.171931,0
472158a1-4e39-4214-8397-904e66f2b4c5,2,0,0.034367,0
472158a1-4e39-4214-8397-904e66f2b4c5,2,1,0.040523,0
472158a1-4e39-4214-8397-904e66f2b4c5,2,2,0.131435,0
472158a1-4e39-4214-8397-904e66f2b4c5,2,3,0.265211,0
472158a1-4e39-4214-8397-904e66f2b4c5,2,4,0.800046,1
472158a1-4e39-4214-8397-904e66f2b4c5,2,5,0.271957,0
472158a1-4e39-4214-8397-904e66f2b4c5,2,6,0.727982,1
472158a1-4e39-4214-8397-904e66f2b4c5,2,7,0.851936,1
472158a1-4e39-4214-8397-904e66f2b4c5,2,8,0.506737,1
472158a1-4e39-4214-8397-904e66f2b4c5,2,9,0.057126,0
472158a1-4e39-4214-8397-904e66f2b4c5,2,10,0.090860,0
472158a1-4e39-4214-8397-904e66f2b4c5,2,11,0.929904,1
472158a1-4e39-4214-8397-904e66f2b4c5,2,12,0.330776,0
472158a1-4e39-4214-8397-904e66f2b4c5,2,13,0.805297,1
472158a1-4e39-4214-8397-904e66f2b4c5,2,14,0.041908,0
472158a1-4e39-4214-8397-904e66f2b4c5,3,0,0.097755,0
472158a1-4e39-4214-8397-904e66f2b4c5,3,1,0.434471,0
472158a1-4e39-4214-8397-904e66f2b4c5,3,2,0.318226,0
472158a1-4e39-4214-8397-904e66f2b4c5,3,3,0.708345,1
472158a1-4e39-4214-8397-904e66f2b4c5,3,4,0.109177,0
472158a1-4e39-4214-8397-904e66f2b4c5,3,5,0.730925,1
472158a1-4e39-4214-8397-904e66f2b4c5,3,6,0.773541,1
472158a1-4e39-4214-8397-904e66f2b4c5,3,7,0.952336,1
472158a1-4e39-4214-8397-904e66f2b4c5,3,8,0.759542,1
472158a1-4e39-4214-8397-904e66f2b4c5,3,9,0.828606,1
472158a1-4e39-4214-8397-904e66f2b4c5,3,10,0.126300,0
472158a1-4e39-4214-8397-904e66f2b4c5,3,11,0.434764,0
472158a1-4e39-4214-8397-904e66f2b4c5,3,12,0.139026,0
472158a1-4e39-4214-8397-904e66f2b4c5,3,13,0.246449,0
472158a1-4e39-4214-8397-904e66f2b4c5,3,14,0.081450,0
472158a1-4e39-4214-8397-904e66f2b4c5,3,15,0.051248,0
472158a1-4e39-4214-8397-904e66f2b4c5,3,16,0.034703,0
472158a1-4e39-4214-8397-904e66f2b4c5,3,17,0.183255,0
472158a1-4e39-4214-8397-904e66f2b4c5,3,18,0.926863,1
472158a1-4e39-4214-8397-904e66f2b4c5,3,19,0.902764,1
472158a1-4e39-4214-8397-904e66f2b4c5,3,20,0.085181,0
472158a1-4e39-4214-8397-904e66f2b4c5,3,21,0.897744,1
472158a1-4e39-4214-8397-904e66f2b4c5,3,22,0.214969,0
59f2f47c-5da0-4fbc-be6e-4f15d45d82e2,1,0,0.192102,0
59f2f47c-5da0-4fbc-be6e-4f15d45d82e2,1,1,0.896244,1
59f2f47c-5da0-4fbc-be6e-4f15d45d82e2,1,2,0.119496,0
59f2f47c-5da0-4fbc-be6e-4f15d45d82e2,1,3,0.188766,0
59f2f47c-5da0-4fbc-be6e-4f15d45d82e2,1,4,0.745244,1
59f2f47c-5da0-4fbc-be6e-4f15d45d82e2,1,5,0.671807,1
59f2f47c-5da0-4fbc-be6e-4f15d45d82e2,1,6,0.270580,0
59f2f47c-5da0-4fbc-be6e-4f15d45d82e2,1,7,0.703597,1
59f2f47c-5da0-4fbc-be6e-4f15d45d82e2,1,8,0.463769,0
59f2f47c-5da0-4fbc-be6e-4f15d45d82e2,1,9,0.954738,1
59f2f47c-5da0-4fbc-be6e-4f15d45d82e2,1,10,0.653122,1
59f2f47c-5da0-4fbc-be6e-4f15d45d82e2,1,11,0.575134,1
59f2f47c-5da0-4fbc-be6e-4f15d45d82e2,1,12,0.063856,0
59f2f47c-5da0-4fbc-be6e-4f15d45d82e2,1,13,0.423556,0
59f2f47c-5da0-4fbc-be6e-4f15d45d82e2,2,0,0.906874,1
59f2f47c-5da0-4fbc-be6e-4f15d45d82e2,2,1,0.242702,0
59f2f47c-5da0-4fbc-be6e-4f15d45d82e2,2,2,0.821473,1
59f2f47c-5da0-4fbc-be6e-4f15d45d82e2,2,3,0.146971,0
59f2f47c-5da0-4fbc-be6e-4f15d45d82e2,2,4,0.826378,1
59f2f47c-5da0-4fbc-be6e-4f15d45d82e2,2,5,0.099373,0
59f2f47c-5da0-4fbc-be6e-4f15d45d82e2,2,6,0.113371,0
59f2f47c-5da0-4fbc-be6e-4f15d45d82e2,2,7,0.520327,1
59f2f47c-5da0-4fbc-be6e-4f15d45d82e2,2,8,0.977058,1
59f2f47c-5da0-4fbc-be6e-4f15d45d82e2,2,9,0.804504,1
59f2f47c-5da0-4fbc-be6e-4f15d45d82e2,2,10,0.649872,1
59f2f47c-5da0-4fbc-be6e-4f15d45d82e2,2,11,0.082175,0
59f2f47c-5da0-4fbc-be6e-4f15d45d82e2,2,12,0.309448,0
59f2f47c-5da0-4fbc-be6e-4f15d45d82e2,2,13,0.124379,0
59f2f47c-5da0-4fbc-be6e-4f15d45d82e2,3,0,0.551961,1
59f2f47c-5da0-4fbc-be6e-4f15d45d82e2,3,1,0.941576,1
59f2f47c-5da0-4fbc-be6e-4f15d45d82e2,3,2,0.153232,0
59f2f47c-5da0-4fbc-be6e-4f15d45d82e2,3,3,0.219335,0
59f2f47c-5da0-4fbc-be6e-4f15d45d82e2,3,4,0.037920,0
59f2f47c-5da0-4fbc-be6e-4f15d45d82e2,3,5,0.206821,0
59f2f47c-5da0-4fbc-be6e-4f15d45d82e2,3,6,0.712826,1
59f2f47c-5da0-4fbc-be6e-4f15d45d82e2,3,7,0.959761,1
59f2f47c-5da0-4fbc-be6e-4f15d45d82e2,3,8,0.700754,1
59f2f47c-5da0-4fbc-be6e-4f15d45d82e2,3,9,0.716602,1
59f2f47c-5da0-4fbc-be6e-4f15d45d82e2,3,10,0.959584,1
59f2f47c-5da0-4fbc-be6e-4f15d45d82e2,3,11,0.308820,0
59f2f47c-5da0-4fbc-be6e-4f15d45d82e2,3,12,0.498518,0
59f2f47c-5da0-4fbc-be6e-4f15d45d82e2,3,13,0.878926,1
59f2f47c-5da0-4fbc-be6e-4f15d45d82e2,3,14,0.051144,0
59f2f47c-5da0-4fbc-be6e-4f15d45d82e2,3,15,0.071405,0
59f2f47c-5da0-4fbc-be6e-4f15d45d82e2,3,16,0.153728,0
59f2f47c-5da0-4fbc-be6e-4f15d45d82e2,3,17,0.956698,1
59f2f47c-5da0-4fbc-be6e-4f15d45d82e2,3,18,0.628846,1
59f2f47c-5da0-4fbc-be6e-4f15d45d82e2,3,19,0.860125,1
59f2f47c-5da0-4fbc-be6e-4f15d45d82e2,3,20,0.658870,1
59f2f47c-5da0-4fbc-be6e-4f15d45d82e2,3,21,0.107021,0
59f2f47c-5da0-4fbc-be6e-4f15d45d82e2,3,22,0.929390,1
59f2f47c-5da0-4fbc-be6e-4f15d45d82e2,3,23,0.537825,1
59f2f47c-5da0-4fbc-be6e-4f15d45d82e2,3,24,0.054701,0
59f2f47c-5da0-4fbc-be6e-4f15d45d82e2,3,25,0.045377,0
59f2f47c-5da0-4fbc-be6e-4f15d45d82e2,3,26,0.073754,0
76810849-0335-4ad3-9eaf-f0d9c5baceb6,1,0,0.940229,1
76810849-0335-4ad3-9eaf-f0d9c5baceb6,1,1,0.227839,0
76810849-0335-4ad3-9eaf-f0d9c5baceb6,1,2,0.073602,0
76810849-0335-4ad3-9eaf-f0d9c5baceb6,1,3,0.359719,0
76810849-0335-4ad3-9eaf-f0d9c5baceb6,1,4,0.269193,0
76810849-0335-4ad3-9eaf-f0d9c5baceb6,1,5,0.499629,0
76810849-0335-4ad3-9eaf-f0d9c5baceb6,1,6,0.061370,0
76810849-0335-4ad3-9eaf-f0d9c5baceb6,1,7,0.069700,0
76810849-0335-4ad3-9eaf-f0d9c5baceb6,1,8,0.084695,0
76810849-0335-4ad3-9eaf-f0d9c5baceb6,1,9,0.242503,0
76810849-0335-4ad3-9eaf-f0d9c5baceb6,1,10,0.276400,0
76810849-0335-4ad3-9eaf-f0d9c5baceb6,1,11,0.202823,0
76810849-0335-4ad3-9eaf-f0d9c5baceb6,1,12,0.410199,0
76810849-0335-4ad3-9eaf-f0d9c5baceb6,1,13,0.272427,0
76810849-0335-4ad3-9eaf-f0d9c5baceb6,1,14,0.076736,0
76810849-0335-4ad3-9eaf-f0d9c5baceb6,1,15,0.354298,0
76810849-0335-4ad3-9eaf-f0d9c5baceb6,1,16,0.039846,0
76810849-0335-4ad3-9eaf-f0d9c5baceb6,1,17,0.732183,1
76810849-0335-4ad3-9eaf-f0d9c5baceb6,1,18,0.105768,0
76810849-0335-4ad3-9eaf-f0d9c5baceb6,1,19,0.266646,0
76810849-0335-4ad3-9eaf-f0d9c5baceb6,1,20,0.147562,0
76810849-0335-4ad3-9eaf-f0d9c5baceb6,1,21,0.251589,0
76810849-0335-4ad3-9eaf-f0d9c5baceb6,1,22,0.282784,0
76810849-0335-4ad3-9eaf-f0d9c5baceb6,1,23,0.184317,0
76810849-0335-4ad3-9eaf-f0d9c5baceb6,1,24,0.032863,0
76810849-0335-4ad3-9eaf-f0d9c5baceb6,1,25,0.132186,0
76810849-0335-4ad3-9eaf-f0d9c5baceb6,1,26,0.034807,0
76810849-0335-4ad3-9eaf-f0d9c5baceb6,1,27,0.055878,0
76810849-0335-4ad3-9eaf-f0d9c5baceb6,2,0,0.928372,1
76810849-0335-4ad3-9eaf-f0d9c5baceb6,2,1,0.544758,1
76810849-0335-4ad3-9eaf-f0d9c5baceb6,2,2,0.754947,1
76810849-0335-4ad3-9eaf-f0d9c5baceb6,2,3,0.888569,1
76810849-0335-4ad3-9eaf-f0d9c5baceb6,2,4,0.040181,0
76810849-0335-4ad3-9eaf-f0d9c5baceb6,2,5,0.209858,0
76810849-0335-4ad3-9eaf-f0d9c5baceb6,2,6,0.751225,1
76810849-0335-4ad3-9eaf-f0d9c5baceb6,2,7,0.971354,1
76810849-0335-4ad3-9eaf-f0d9c5baceb6,2,8,0.140155,0
76810849-0335-4ad3-9eaf-f0d9c5baceb6,2,9,0.117053,0
76810849-0335-4ad3-9eaf-f0d9c5baceb6,2,10,0.245406,0
76810849-0335-4ad3-9eaf-f0d9c5baceb6,2,11,0.304421,0
76810849-0335-4ad3-9eaf-f0d9c5baceb6,2,12,0.577713,1
76810849-0335-4ad3-9eaf-f0d9c5baceb6,2,13,0.067736,0
76810849-0335-4ad3-9eaf-f0d9c5baceb6,2,14,0.392851,0
76810849-0335-4ad3-9eaf-f0d9c5baceb6,2,15,0.259654,0
76810849-0335-4ad3-9eaf-f0d9c5baceb6,2,16,0.146385,0
76810849-0335-4ad3-9eaf-f0d9c5baceb6,2,17,0.210746,0
76810849-0335-4ad3-9eaf-f0d9c5baceb6,2,18,0.139806,0
76810849-0335-4ad3-9eaf-f0d9c5baceb6,2,19,0.142570,0
76810849-0335-4ad3-9eaf-f0d9c5baceb6,2,20,0.161246,0
76810849-0335-4ad3-9eaf-f0d9c5baceb6,2,21,0.203844,0
76810849-0335-4ad3-9eaf-f0d9c5baceb6,2,22,0.117513,0
76810849-0335-4ad3-9eaf-f0d9c5baceb6,2,23,0.046062,0
76810849-0335-4ad3-9eaf-f0d9c5baceb6,2,24,0.079513,0
76810849-0335-4ad3-9eaf-f0d9c5baceb6,2,25,0.057241,0
76810849-0335-4ad3-9eaf-f0d9c5baceb6,2,26,0.104672,0
76810849-0335-4ad3-9eaf-f0d9c5baceb6,2,27,0.045878,0
76810849-0335-4ad3-9eaf-f0d9c5baceb6,2,28,0.121209,0
76810849-0335-4ad3-9eaf-f0d9c5baceb6,2,29,0.059368,0
76810849-0335-4ad3-9eaf-f0d9c5baceb6,2,30,0.271276,0
76810849-0335-4ad3-9eaf-f0d9c5baceb6,2,31,0.273406,0
76810849-0335-4ad3-9eaf-f0d9c5baceb6,2,32,0.042279,0
76810849-0335-4ad3-9eaf-f0d9c5baceb6,2,33,0.199858,0
76810849-0335-4ad3-9eaf-f0d9c5baceb6,2,34,0.036982,0
76810849-0335-4ad3-9eaf-f0d9c5baceb6,3,0,0.936631,1
76810849-0335-4ad3-9eaf-f0d9c5baceb6,3,1,0.970675,1
76810849-0335-4ad3-9eaf-f0d9c5baceb6,3,2,0.176909,0
76810849-0335-4ad3-9eaf-f0d9c5baceb6,3,3,0.359417,0
76810849-0335-4ad3-9eaf-f0d9c5baceb6,3,4,0.203700,0
76810849-0335-4ad3-9eaf-f0d9c5baceb6,3,5,0.571965,1
76810849-0335-4ad3-9eaf-f0d9c5baceb6,3,6,0.269193,0
76810849-0335-4ad3-9eaf-f0d9c5baceb6,3,7,0.278600,0
76810849-0335-4ad3-9eaf-f0d9c5baceb6,3,8,0.330947,0
76810849-0335-4ad3-9eaf-f0d9c5baceb6,3,9,0.843033,1
76810849-0335-4ad3-9eaf-f0d9c5baceb6,3,10,0.195106,0
76810849-0335-4ad3-9eaf-f0d9c5baceb6,3,11,0.077551,0
76810849-0335-4ad3-9eaf-f0d9c5baceb6,3,12,0.161928,0
76810849-0335-4ad3-9eaf-f0d9c5baceb6,3,13,0.293806,0
76810849-0335-4ad3-9eaf-f0d9c5baceb6,3,14,0.363330,0
76810849-0335-4ad3-9eaf-f0d9c5baceb6,3,15,0.906039,1
76810849-0335-4ad3-9eaf-f0d9c5baceb6,3,16,0.235718,0
76810849-0335-4ad3-9eaf-f0d9c5baceb6,3,17,0.113978,0
76810849-0335-4ad3-9eaf-f0d9c5baceb6,3,18,0.071241,0
76810849-0335-4ad3-9eaf-f0d9c5baceb6,3,19,0.113385,0
79bf99c6-6fca-4ce4-8ae1-8771de026142,1,0,0.039111,0
79bf99c6-6fca-4ce4-8ae1-8771de026142,1,1,0.036007,0
79bf99c6-6fca-4ce4-8ae1-8771de026142,1,2,0.038858,0
79bf99c6-6fca-4ce4-8ae1-8771de026142,1,3,0.049237,0
79bf99c6-6fca-4ce4-8ae1-8771de026142,1,4,0.185661,0
79bf99c6-6fca-4ce4-8ae1-8771de026142,1,5,0.080473,0
79bf99c6-6fca-4ce4-8ae1-8771de026142,1,6,0.280059,0
79bf99c6-6fca-4ce4-8ae1-8771de026142,1,7,0.045575,0
79bf99c6-6fca-4ce4-8ae1-8771de026142,1,8,0.163983,0
79bf99c6-6fca-4ce4-8ae1-8771de026142,1,9,0.165967,0
79bf99c6-6fca-4ce4-8ae1-8771de026142,1,10,0.178293,0
79bf99c6-6fca-4ce4-8ae1-8771de026142,1,11,0.039152,0
79bf99c6-6fca-4ce4-8ae1-8771de026142,1,12,0.080928,0
79bf99c6-6fca-4ce4-8ae1-8771de026142,1,13,0.134938,0
79bf99c6-6fca-4ce4-8ae1-8771de026142,1,14,0.134636,0
79bf99c6-6fca-4ce4-8ae1-8771de026142,1,15,0.155811,0
79bf99c6-6fca-4ce4-8ae1-8771de026142,1,16,0.042150,0
79bf99c6-6fca-4ce4-8ae1-8771de026142,1,17,0.124800,0
79bf99c6-6fca-4ce4-8ae1-8771de026142,1,18,0.075168,0
79bf99c6-6fca-4ce4-8ae1-8771de026142,1,19,0.246303,0
79bf99c6-6fca-4ce4-8ae1-8771de026142,1,20,0.066728,0
79bf99c6-6fca-4ce4-8ae1-8771de026142,1,21,0.158607,0
79bf99c6-6fca-4ce4-8ae1-8771de026142,1,22,0.241231,0
79bf99c6-6fca-4ce4-8ae1-8771de026142,1,23,0.185696,0
79bf99c6-6fca-4ce4-8ae1-8771de026142,1,24,0.033919,0
79bf99c6-6fca-4ce4-8ae1-8771de026142,1,25,0.046820,0
79bf99c6-6fca-4ce4-8ae1-8771de026142,1,26,0.040692,0
79bf99c6-6fca-4ce4-8ae1-8771de026142,1,27,0.193601,0
79bf99c6-6fca-4ce4-8ae1-8771de026142,1,28,0.092166,0
79bf99c6-6fca-4ce4-8ae1-8771de026142,1,29,0.093199,0
79bf99c6-6fca-4ce4-8ae1-8771de026142,1,30,0.035894,0
79bf99c6-6fca-4ce4-8ae1-8771de026142,1,31,0.035627,0
79bf99c6-6fca-4ce4-8ae1-8771de026142,1,32,0.037921,0
79bf99c6-6fca-4ce4-8ae1-8771de026142,1,33,0.044824,0
79bf99c6-6fca-4ce4-8ae1-8771de026142,1,34,0.041030,0
79bf99c6-6fca-4ce4-8ae1-8771de026142,1,35,0.048928,0
79bf99c6-6fca-4ce4-8ae1-8771de026142,1,36,0.049213,0
79bf99c6-6fca-4ce4-8ae1-8771de026142,1,37,0.039269,0
79bf99c6-6fca-4ce4-8ae1-8771de026142,1,38,0.036457,0
79bf99c6-6fca-4ce4-8ae1-8771de026142,2,0,0.038771,0
79bf99c6-6fca-4ce4-8ae1-8771de026142,2,1,0.789120,1
79bf99c6-6fca-4ce4-8ae1-8771de026142,2,2,0.035959,0
79bf99c6-6fca-4ce4-8ae1-8771de026142,2,3,0.214462,0
79bf99c6-6fca-4ce4-8ae1-8771de026142,2,4,0.210260,0
79bf99c6-6fca-4ce4-8ae1-8771de026142,2,5,0.047383,0
79bf99c6-6fca-4ce4-8ae1-8771de026142,2,6,0.553212,1
79bf99c6-6fca-4ce4-8ae1-8771de026142,2,7,0.082322,0
79bf99c6-6fca-4ce4-8ae1-8771de026142,2,8,0.361288,0
79bf99c6-6fca-4ce4-8ae1-8771de026142,2,9,0.157412,0
79bf99c6-6fca-4ce4-8ae1-8771de026142,2,10,0.043105,0
79bf99c6-6fca-4ce4-8ae1-8771de026142,2,11,0.057342,0
79bf99c6-6fca-4ce4-8ae1-8771de026142,2,12,0.146670,0
79bf99c6-6fca-4ce4-8ae1-8771de026142,2,13,0.191021,0
79bf99c6-6fca-4ce4-8ae1-8771de026142,2,14,0.143474,0
79bf99c6-6fca-4ce4-8ae1-8771de026142,2,15,0.035491,0
79bf99c6-6fca-4ce4-8ae1-8771de026142,2,16,0.757194,1
79bf99c6-6fca-4ce4-8ae1-8771de026142,2,17,0.065928,0
79bf99c6-6fca-4ce4-8ae1-8771de026142,2,18,0.228268,0
79bf99c6-6fca-4ce4-8ae1-8771de026142,2,19,0.083365,0
79bf99c6-6fca-4ce4-8ae1-8771de026142,2,20,0.182220,0
79bf99c6-6fca-4ce4-8ae1-8771de026142,2,21,0.089441,0
79bf99c6-6fca-4ce4-8ae1-8771de026142,2,22,0.133880,0
79bf99c6-6fca-4ce4-8ae1-8771de026142,2,23,0.042564,0
79bf99c6-6fca-4ce4-8ae1-8771de026142,2,24,0.041282,0
79bf99c6-6fca-4ce4-8ae1-8771de026142,2,25,0.074683,0
79bf99c6-6fca-4ce4-8ae1-8771de026142,2,26,0.150171,0
79bf99c6-6fca-4ce4-8ae1-8771de026142,2,27,0.130505,0
79bf99c6-6fca-4ce4-8ae1-8771de026142,2,28,0.076853,0
79bf99c6-6fca-4ce4-8ae1-8771de026142,2,29,0.153946,0
79bf99c6-6fca-4ce4-8ae1-8771de026142,2,30,0.786141,1
79bf99c6-6fca-4ce4-8ae1-8771de026142,2,31,0.120089,0
79bf99c6-6fca-4ce4-8ae1-8771de026142,2,32,0.172044,0
79bf99c6-6fca-4ce4-8ae1-8771de026142,2,33,0.435467,0
79bf99c6-6fca-4ce4-8ae1-8771de026142,2,34,0.187108,0
79bf99c6-6fca-4ce4-8ae1-8771de026142,2,35,0.227739,0
79bf99c6-6fca-4ce4-8ae1-8771de026142,2,36,0.382358,0
79bf99c6-6fca-4ce4-8ae1-8771de026142,2,37,0.051541,0
79bf99c6-6fca-4ce4-8ae1-8771de026142,2,38,0.204989,0
79bf99c6-6fca-4ce4-8ae1-8771de026142,2,39,0.166482,0
79bf99c6-6fca-4ce4-8ae1-8771de026142,3,0,0.039087,0
79bf99c6-6fca-4ce4-8ae1-8771de026142,3,1,0.100402,0
79bf99c6-6fca-4ce4-8ae1-8771de026142,3,2,0.038742,0
79bf99c6-6fca-4ce4-8ae1-8771de026142,3,3,0.127214,0
79bf99c6-6fca-4ce4-8ae1-8771de026142,3,4,0.051078,0
79bf99c6-6fca-4ce4-8ae1-8771de026142,3,5,0.126023,0
79bf99c6-6fca-4ce4-8ae1-8771de026142,3,6,0.205910,0
79bf99c6-6fca-4ce4-8ae1-8771de026142,3,7,0.083833,0
79bf99c6-6fca-4ce4-8ae1-8771de026142,3,8,0.848271,1
79bf99c6-6fca-4ce4-8ae1-8771de026142,3,9,0.309119,0
79bf99c6-6fca-4ce4-8ae1-8771de026142,3,10,0.079880,0
79bf99c6-6fca-4ce4-8ae1-8771de026142,3,11,0.133880,0
79bf99c6-6fca-4ce4-8ae1-8771de026142,3,12,0.049152,0
79bf99c6-6fca-4ce4-8ae1-8771de026142,3,13,0.152747,0
79bf99c6-6fca-4ce4-8ae1-8771de026142,3,14,0.036155,0
79bf99c6-6fca-4ce4-8ae1-8771de026142,3,15,0.037563,0
79bf99c6-6fca-4ce4-8ae1-8771de026142,3,16,0.058239,0
79bf99c6-6fca-4ce4-8ae1-8771de026142,3,17,0.034809,0
79bf99c6-6fca-4ce4-8ae1-8771de026142,3,18,0.765641,1
79bf99c6-6fca-4ce4-8ae1-8771de026142,3,19,0.467865,0
79bf99c6-6fca-4ce4-8ae1-8771de026142,3,20,0.106669,0
79bf99c6-6fca-4ce4-8ae1-8771de026142,3,21,0.140675,0
79bf99c6-6fca-4ce4-8ae1-8771de026142,3,22,0.134505,0
79bf99c6-6fca-4ce4-8ae1-8771de026142,3,23,0.381885,0
79bf99c6-6fca-4ce4-8ae1-8771de026142,3,24,0.165917,0
79bf99c6-6fca-4ce4-8ae1-8771de026142,3,25,0.078524,0
79bf99c6-6fca-4ce4-8ae1-8771de026142,3,26,0.132153,0
79bf99c6-6fca-4ce4-8ae1-8771de026142,3,27,0.042198,0
79bf99c6-6fca-4ce4-8ae1-8771de026142,3,28,0.040306,0
79bf99c6-6fca-4ce4-8ae1-8771de026142,3,29,0.038474,0
79bf99c6-6fca-4ce4-8ae1-8771de026142,3,30,0.079626,0
79bf99c6-6fca-4ce4-8ae1-8771de026142,3,31,0.116489,0
79bf99c6-6fca-4ce4-8ae1-8771de026142,3,32,0.033604,0
79bf99c6-6fca-4ce4-8ae1-8771de026142,3,33,0.037774,0
79bf99c6-6fca-4ce4-8ae1-8771de026142,3,34,0.259786,0
79bf99c6-6fca-4ce4-8ae1-8771de026142,3,35,0.174306,0
79bf99c6-6fca-4ce4-8ae1-8771de026142,3,36,0.055515,0
79bf99c6-6fca-4ce4-8ae1-8771de026142,3,37,0.281127,0
7a97de89-1433-46f7-bcc2-f80b041cb9a0,1,0,0.401330,0
7a97de89-1433-46f7-bcc2-f80b041cb9a0,1,1,0.040232,0
7a97de89-1433-46f7-bcc2-f80b041cb9a0,1,2,0.121395,0
7a97de89-1433-46f7-bcc2-f80b041cb9a0,1,3,0.207567,0
7a97de89-1433-46f7-bcc2-f80b041cb9a0,1,4,0.153875,0
7a97de89-1433-46f7-bcc2-f80b041cb9a0,1,5,0.558961,1
7a97de89-1433-46f7-bcc2-f80b041cb9a0,1,6,0.241166,0
7a97de89-1433-46f7-bcc2-f80b041cb9a0,1,7,0.143796,0
7a97de89-1433-46f7-bcc2-f80b041cb9a0,1,8,0.929896,1
7a97de89-1433-46f7-bcc2-f80b041cb9a0,1,9,0.535389,1
7a97de89-1433-46f7-bcc2-f80b041cb9a0,1,10,0.968527,1
7a97de89-1433-46f7-bcc2-f80b041cb9a0,1,11,0.942405,1
7a97de89-1433-46f7-bcc2-f80b041cb9a0,1,12,0.140533,0
7a97de89-1433-46f7-bcc2-f80b041cb9a0,1,13,0.044809,0
7a97de89-1433-46f7-bcc2-f80b041cb9a0,1,14,0.157899,0
7a97de89-1433-46f7-bcc2-f80b041cb9a0,1,15,0.390344,0
7a97de89-1433-46f7-bcc2-f80b041cb9a0,1,16,0.129735,0
7a97de89-1433-46f7-bcc2-f80b041cb9a0,1,17,0.242766,0
7a97de89-1433-46f7-bcc2-f80b041cb9a0,1,18,0.229246,0
7a97de89-1433-46f7-bcc2-f80b041cb9a0,1,19,0.131969,0
7a97de89-1433-46f7-bcc2-f80b041cb9a0,1,20,0.756261,1
7a97de89-1433-46f7-bcc2-f80b041cb9a0,1,21,0.254474,0
7a97de89-1433-46f7-bcc2-f80b041cb9a0,1,22,0.460818,0
7a97de89-1433-46f7-bcc2-f80b041cb9a0,1,23,0.103694,0
7a97de89-1433-46f7-bcc2-f80b041cb9a0,1,24,0.249015,0
7a97de89-1433-46f7-bcc2-f80b041cb9a0,1,25,0.048007,0
7a97de89-1433-46f7-bcc2-f80b041cb9a0,1,26,0.157009,0
7a97de89-1433-46f7-bcc2-f80b041cb9a0,1,27,0.201801,0
7a97de89-1433-46f7-bcc2-f80b041cb9a0,1,28,0.038781,0
7a97de89-1433-46f7-bcc2-f80b041cb9a0,2,0,0.200058,0
7a97de89-1433-46f7-bcc2-f80b041cb9a0,2,1,0.100878,0
7a97de89-1433-46f7-bcc2-f80b041cb9a0,2,2,0.112456,0
7a97de89-1433-46f7-bcc2-f80b041cb9a0,2,3,0.206520,0
7a97de89-1433-46f7-bcc2-f80b041cb9a0,2,4,0.100599,0
7a97de89-1433-46f7-bcc2-f80b041cb9a0,2,5,0.213524,0
7a97de89-1433-46f7-bcc2-f80b041cb9a0,2,6,0.318753,0
7a97de89-1433-46f7-bcc2-f80b041cb9a0,2,7,0.329476,0
7a97de89-1433-46f7-bcc2-f80b041cb9a0,2,8,0.724003,1
7a97de89-1433-46f7-bcc2-f80b041cb9a0,2,9,0.118487,0
7a97de89-1433-46f7-bcc2-f80b041cb9a0,2,10,0.304487,0
7a97de89-1433-46f7-bcc2-f80b041cb9a0,2,11,0.034020,0
7a97de89-1433-46f7-bcc2-f80b041cb9a0,2,12,0.450831,0
7a97de89-1433-46f7-bcc2-f80b041cb9a0,2,13,0.110206,0
7a97de89-1433-46f7-bcc2-f80b041cb9a0,2,14,0.076923,0
7a97de89-1433-46f7-bcc2-f80b041cb9a0,2,15,0.113818,0
7a97de89-1433-46f7-bcc2-f80b041cb9a0,2,16,0.077016,0
7a97de89-1433-46f7-bcc2-f80b041cb9a0,2,17,0.092346,0
7a97de89-1433-46f7-bcc2-f80b041cb9a0,2,18,0.102643,0
7a97de89-1433-46f7-bcc2-f80b041cb9a0,2,19,0.036549,0
7a97de89-1433-46f7-bcc2-f80b041cb9a0,2,20,0.059771,0
7a97de89-1433-46f7-bcc2-f80b041cb9a0,2,21,0.038013,0
7a97de89-1433-46f7-bcc2-f80b041cb9a0,2,22,0.047929,0
7a97de89-1433-46f7-bcc2-f80b041cb9a0,2,23,0.125494,0
7a97de89-1433-46f7-bcc2-f80b041cb9a0,2,24,0.329373,0
7a97de89-1433-46f7-bcc2-f80b041cb9a0,2,25,0.365112,0
7a97de89-1433-46f7-bcc2-f80b041cb9a0,2,26,0.043910,0
7a97de89-1433-46f7-bcc2-f80b041cb9a0,2,27,0.156051,0
7a97de89-1433-46f7-bcc2-f80b041cb9a0,2,28,0.162841,0
7a97de89-1433-46f7-bcc2-f80b041cb9a0,2,29,0.054012,0
7a97de89-1433-46f7-bcc2-f80b041cb9a0,2,30,0.645998,1
7a97de89-1433-46f7-bcc2-f80b041cb9a0,3,0,0.044079,0
7a97de89-1433-46f7-bcc2-f80b041cb9a0,3,1,0.080149,0
7a97de89-1433-46f7-bcc2-f80b041cb9a0,3,2,0.301091,0
7a97de89-1433-46f7-bcc2-f80b041cb9a0,3,3,0.908151,1
7a97de89-1433-46f7-bcc2-f80b041cb9a0,3,4,0.829759,1
7a97de89-1433-46f7-bcc2-f80b041cb9a0,3,5,0.117027,0
7a97de89-1433-46f7-bcc2-f80b041cb9a0,3,6,0.063644,0
7a97de89-1433-46f7-bcc2-f80b041cb9a0,3,7,0.138529,0
7a97de89-1433-46f7-bcc2-f80b041cb9a0,3,8,0.231410,0
7a97de89-1433-46f7-bcc2-f80b041cb9a0,3,9,0.212546,0
7a97de89-1433-46f7-bcc2-f80b041cb9a0,3,10,0.186809,0
7a97de89-1433-46f7-bcc2-f80b041cb9a0,3,11,0.176083,0
7a97de89-1433-46f7-bcc2-f80b041cb9a0,3,12,0.037621,0
7a97de89-1433-46f7-bcc2-f80b041cb9a0,3,13,0.669203,1
7a97de89-1433-46f7-bcc2-f80b041cb9a0,3,14,0.046432,0
7a97de89-1433-46f7-bcc2-f80b041cb9a0,3,15,0.060025,0
7a97de89-1433-46f7-bcc2-f80b041cb9a0,3,16,0.062258,0
7a97de89-1433-46f7-bcc2-f80b041cb9a0,3,17,0.123773,0
7a97de89-1433-46f7-bcc2-f80b041cb9a0,3,18,0.113405,0
7a97de89-1433-46f7-bcc2-f80b041cb9a0,3,19,0.045308,0
7a97de89-1433-46f7-bcc2-f80b041cb9a0,3,20,0.599427,1
7a97de89-1433-46f7-bcc2-f80b041cb9a0,3,21,0.050119,0
7a97de89-1433-46f7-bcc2-f80b041cb9a0,3,22,0.102890,0
7a97de89-1433-46f7-bcc2-f80b041cb9a0,3,23,0.104123,0
7a97de89-1433-46f7-bcc2-f80b041cb9a0,3,24,0.855564,1
7a97de89-1433-46f7-bcc2-f80b041cb9a0,3,25,0.097526,0
7a97de89-1433-46f7-bcc2-f80b041cb9a0,3,26,0.231606,0
7a97de89-1433-46f7-bcc2-f80b041cb9a0,3,27,0.314757,0
7a97de89-1433-46f7-bcc2-f80b041cb9a0,3,28,0.218046,0
7a97de89-1433-46f7-bcc2-f80b041cb9a0,3,29,0.199587,0
8385a996-1afc-4778-a06d-7070a8f19e27,1,0,0.328154,0
8385a996-1afc-4778-a06d-7070a8f19e27,1,1,0.142719,0
8385a996-1afc-4778-a06d-7070a8f19e27,1,2,0.055121,0
8385a996-1afc-4778-a06d-7070a8f19e27,1,3,0.346629,0
8385a996-1afc-4778-a06d-7070a8f19e27,1,4,0.041706,0
8385a996-1afc-4778-a06d-7070a8f19e27,1,5,0.117900,0
8385a996-1afc-4778-a06d-7070a8f19e27,1,6,0.203013,0
8385a996-1afc-4778-a06d-7070a8f19e27,1,7,0.046683,0
8385a996-1afc-4778-a06d-7070a8f19e27,1,8,0.227738,0
8385a996-1afc-4778-a06d-7070a8f19e27,1,9,0.150554,0
8385a996-1afc-4778-a06d-7070a8f19e27,1,10,0.172162,0
8385a996-1afc-4778-a06d-7070a8f19e27,1,11,0.053374,0
8385a996-1afc-4778-a06d-7070a8f19e27,1,12,0.107122,0
8385a996-1afc-4778-a06d-7070a8f19e27,1,13,0.237164,0
8385a996-1afc-4778-a06d-7070a8f19e27,1,14,0.045922,0
8385a996-1afc-4778-a06d-7070a8f19e27,1,15,0.092664,0
8385a996-1afc-4778-a06d-7070a8f19e27,1,16,0.041007,0
8385a996-1afc-4778-a06d-7070a8f19e27,1,17,0.296134,0
8385a996-1afc-4778-a06d-7070a8f19e27,1,18,0.221506,0
8385a996-1afc-4778-a06d-7070a8f19e27,1,19,0.173177,0
8385a996-1afc-4778-a06d-7070a8f19e27,1,20,0.202419,0
8385a996-1afc-4778-a06d-7070a8f19e27,1,21,0.569486,1
8385a996-1afc-4778-a06d-7070a8f19e27,1,22,0.060547,0
8385a996-1afc-4778-a06d-7070a8f19e27,1,23,0.676618,1
8385a996-1afc-4778-a06d-7070a8f19e27,1,24,0.065051,0
8385a996-1afc-4778-a06d-7070a8f19e27,1,25,0.154172,0
8385a996-1afc-4778-a06d-7070a8f19e27,1,26,0.568861,1
8385a996-1afc-4778-a06d-7070a8f19e27,2,0,0.788560,1
8385a996-1afc-4778-a06d-7070a8f19e27,2,1,0.111458,0
8385a996-1afc-4778-a06d-7070a8f19e27,2,2,0.153288,0
8385a996-1afc-4778-a06d-7070a8f19e27,2,3,0.055121,0
8385a996-1afc-4778-a06d-7070a8f19e27,2,4,0.294164,0
8385a996-1afc-4778-a06d-7070a8f19e27,2,5,0.827221,1
8385a996-1afc-4778-a06d-7070a8f19e27,2,6,0.134520,0
8385a996-1afc-4778-a06d-7070a8f19e27,2,7,0.181787,0
8385a996-1afc-4778-a06d-7070a8f19e27,2,8,0.444182,0
8385a996-1afc-4778-a06d-7070a8f19e27,2,9,0.291938,0
8385a996-1afc-4778-a06d-7070a8f19e27,2,10,0.240000,0
8385a996-1afc-4778-a06d-7070a8f19e27,2,11,0.473360,0
8385a996-1afc-4778-a06d-7070a8f19e27,2,12,0.222406,0
8385a996-1afc-4778-a06d-7070a8f19e27,2,13,0.178106,0
8385a996-1afc-4778-a06d-7070a8f19e27,2,14,0.044756,0
8385a996-1afc-4778-a06d-7070a8f19e27,2,15,0.050314,0
8385a996-1afc-4778-a06d-7070a8f19e27,2,16,0.080407,0
8385a996-1afc-4778-a06d-7070a8f19e27,2,17,0.094161,0
8385a996-1afc-4778-a06d-7070a8f19e27,2,18,0.110563,0
8385a996-1afc-4778-a06d-7070a8f19e27,2,19,0.113689,0
8385a996-1afc-4778-a06d-7070a8f19e27,2,20,0.098328,0
8385a996-1afc-4778-a06d-7070a8f19e27,2,21,0.146443,0
8385a996-1afc-4778-a06d-7070a8f19e27,2,22,0.163057,0
8385a996-1afc-4778-a06d-7070a8f19e27,2,23,0.062249,0
8385a996-1afc-4778-a06d-7070a8f19e27,2,24,0.258895,0
8385a996-1afc-4778-a06d-7070a8f19e27,2,25,0.102670,0
8385a996-1afc-4778-a06d-7070a8f19e27,2,26,0.156346,0
8385a996-1afc-4778-a06d-7070a8f19e27,2,27,0.424905,0
8385a996-1afc-4778-a06d-7070a8f19e27,2,28,0.780819,1
8385a996-1afc-4778-a06d-7070a8f19e27,2,29,0.890931,1
8385a996-1afc-4778-a06d-7070a8f19e27,3,0,0.158038,0
8385a996-1afc-4778-a06d-7070a8f19e27,3,1,0.180757,0
8385a996-1afc-4778-a06d-7070a8f19e27,3,2,0.962426,1
8385a996-1afc-4778-a06d-7070a8f19e27,3,3,0.968183,1
8385a996-1afc-4778-a06d-7070a8f19e27,3,4,0.923060,1
8385a996-1afc-4778-a06d-7070a8f19e27,3,5,0.962309,1
8385a996-1afc-4778-a06d-7070a8f19e27,3,6,0.440910,0
8385a996-1afc-4778-a06d-7070a8f19e27,3,7,0.039844,0
8385a996-1afc-4778-a06d-7070a8f19e27,3,8,0.173480,0
8385a996-1afc-4778-a06d-7070a8f19e27,3,9,0.501768,1
8385a996-1afc-4778-a06d-7070a8f19e27,3,10,0.286733,0
8385a996-1afc-4778-a06d-7070a8f19e27,3,11,0.257155,0
8385a996-1afc-4778-a06d-7070a8f19e27,3,12,0.852887,1
8385a996-1afc-4778-a06d-7070a8f19e27,3,13,0.472556,0
8385a996-1afc-4778-a06d-7070a8f19e27,3,14,0.147363,0
8385a996-1afc-4778-a06d-7070a8f19e27,3,15,0.244466,0
8385a996-1afc-4778-a06d-7070a8f19e27,3,16,0.444182,0
8385a996-1afc-4778-a06d-7070a8f19e27,3,17,0.069247,0
8385a996-1afc-4778-a06d-7070a8f19e27,3,18,0.088844,0
8385a996-1afc-4778-a06d-7070a8f19e27,3,19,0.118067,0
8385a996-1afc-4778-a06d-7070a8f19e27,3,20,0.204843,0
8385a996-1afc-4778-a06d-7070a8f19e27,3,21,0.046570,0
8385a996-1afc-4778-a06d-7070a8f19e27,3,22,0.619292,1
8385a996-1afc-4778-a06d-7070a8f19e27,3,23,0.542818,1
8385a996-1afc-4778-a06d-7070a8f19e27,3,24,0.202014,0
8385a996-1afc-4778-a06d-7070a8f19e27,3,25,0.075335,0
8385a996-1afc-4778-a06d-7070a8f19e27,3,26,0.294929,0
8385a996-1afc-4778-a06d-7070a8f19e27,3,27,0.060022,0
8385a996-1afc-4778-a06d-7070a8f19e27,3,28,0.179816,0
8385a996-1afc-4778-a06d-7070a8f19e27,3,29,0.161859,0
8385a996-1afc-4778-a06d-7070a8f19e27,3,30,0.316637,0
8385a996-1afc-4778-a06d-7070a8f19e27,3,31,0.048773,0
8385a996-1afc-4778-a06d-7070a8f19e27,3,32,0.966340,1
8385a996-1afc-4778-a06d-7070a8f19e27,3,33,0.288795,0
8385a996-1afc-4778-a06d-7070a8f19e27,3,34,0.268849,0
8abec8d9-50a2-480e-969a-157f94954f4d,1,0,0.866859,1
8abec8d9-50a2-480e-969a-157f94954f4d,1,1,0.136809,0
8abec8d9-50a2-480e-969a-157f94954f4d,1,2,0.068961,0
8abec8d9-50a2-480e-969a-157f94954f4d,1,3,0.273400,0
8abec8d9-50a2-480e-969a-157f94954f4d,1,4,0.288719,0
8abec8d9-50a2-480e-969a-157f94954f4d,1,5,0.719863,1
8abec8d9-50a2-480e-969a-157f94954f4d,1,6,0.295004,0
8abec8d9-50a2-480e-969a-157f94954f4d,1,7,0.743843,1
8abec8d9-50a2-480e-969a-157f94954f4d,1,8,0.522261,1
8abec8d9-50a2-480e-969a-157f94954f4d,1,9,0.865739,1
8abec8d9-50a2-480e-969a-157f94954f4d,2,0,0.739395,1
8abec8d9-50a2-480e-969a-157f94954f4d,2,1,0.051260,0
8abec8d9-50a2-480e-969a-157f94954f4d,2,2,0.362085,0
8abec8d9-50a2-480e-969a-157f94954f4d,2,3,0.039174,0
8abec8d9-50a2-480e-969a-157f94954f4d,2,4,0.034496,0
8abec8d9-50a2-480e-969a-157f94954f4d,2,5,0.857154,1
8abec8d9-50a2-480e-969a-157f94954f4d,2,6,0.086015,0
8abec8d9-50a2-480e-969a-157f94954f4d,2,7,0.084861,0
8abec8d9-50a2-480e-969a-157f94954f4d,2,8,0.048223,0
8abec8d9-50a2-480e-969a-157f94954f4d,2,9,0.109083,0
8abec8d9-50a2-480e-969a-157f94954f4d,2,10,0.310309,0
8abec8d9-50a2-480e-969a-157f94954f4d,2,11,0.341710,0
8abec8d9-50a2-480e-969a-157f94954f4d,2,12,0.490252,0
8abec8d9-50a2-480e-969a-157f94954f4d,2,13,0.748822,1
8abec8d9-50a2-480e-969a-157f94954f4d,2,14,0.819090,1
8abec8d9-50a2-480e-969a-157f94954f4d,2,15,0.259915,0
8abec8d9-50a2-480e-969a-157f94954f4d,2,16,0.285087,0
8abec8d9-50a2-480e-969a-157f94954f4d,2,17,0.905852,1
8abec8d9-50a2-480e-969a-157f94954f4d,2,18,0.265062,0
8abec8d9-50a2-480e-969a-157f94954f4d,2,19,0.949833,1
8abec8d9-50a2-480e-969a-157f94954f4d,2,20,0.299373,0
8abec8d9-50a2-480e-969a-157f94954f4d,2,21,0.147776,0
8abec8d9-50a2-480e-969a-157f94954f4d,2,22,0.657888,1
8abec8d9-50a2-480e-969a-157f94954f4d,2,23,0.289763,0
8abec8d9-50a2-480e-969a-157f94954f4d,2,24,0.157804,0
8abec8d9-50a2-480e-969a-157f94954f4d,2,25,0.591063,1
8abec8d9-50a2-480e-969a-157f94954f4d,3,0,0.055520,0
8abec8d9-50a2-480e-969a-157f94954f4d,3,1,0.200605,0
8abec8d9-50a2-480e-969a-157f94954f4d,3,2,0.065942,0
8abec8d9-50a2-480e-969a-157f94954f4d,3,3,0.204000,0
8abec8d9-50a2-480e-969a-157f94954f4d,3,4,0.114719,0
8abec8d9-50a2-480e-969a-157f94954f4d,3,5,0.210261,0
8abec8d9-50a2-480e-969a-157f94954f4d,3,6,0.083708,0
8abec8d9-50a2-480e-969a-157f94954f4d,3,7,0.964898,1
8abec8d9-50a2-480e-969a-157f94954f4d,3,8,0.343785,0
8abec8d9-50a2-480e-969a-157f94954f4d,3,9,0.760261,1
8abec8d9-50a2-480e-969a-157f94954f4d,3,10,0.199110,0
8abec8d9-50a2-480e-969a-157f94954f4d,3,11,0.252751,0
8abec8d9-50a2-480e-969a-157f94954f4d,3,12,0.083725,0
8abec8d9-50a2-480e-969a-157f94954f4d,3,13,0.339714,0
8abec8d9-50a2-480e-969a-157f94954f4d,3,14,0.512961,1
8abec8d9-50a2-480e-969a-157f94954f4d,3,15,0.356391,0
8abec8d9-50a2-480e-969a-157f94954f4d,3,16,0.365871,0
8abec8d9-50a2-480e-969a-157f94954f4d,3,17,0.365059,0
8abec8d9-50a2-480e-969a-157f94954f4d,3,18,0.230437,0
d4a4bc34-e48b-4485-86b2-f1daf4d464dd,1,0,0.508289,1
d4a4bc34-e48b-4485-86b2-f1daf4d464dd,1,1,0.125030,0
d4a4bc34-e48b-4485-86b2-f1daf4d464dd,1,2,0.972266,1
d4a4bc34-e48b-4485-86b2-f1daf4d464dd,1,3,0.095414,0
d4a4bc34-e48b-4485-86b2-f1daf4d464dd,1,4,0.131386,0
d4a4bc34-e48b-4485-86b2-f1daf4d464dd,1,5,0.111774,0
d4a4bc34-e48b-4485-86b2-f1daf4d464dd,1,6,0.192489,0
d4a4bc34-e48b-4485-86b2-f1daf4d464dd,1,7,0.119677,0
d4a4bc34-e48b-4485-86b2-f1daf4d464dd,1,8,0.078656,0
d4a4bc34-e48b-4485-86b2-f1daf4d464dd,1,9,0.731471,1
d4a4bc34-e48b-4485-86b2-f1daf4d464dd,1,10,0.049604,0
d4a4bc34-e48b-4485-86b2-f1daf4d464dd,1,11,0.597815,1
d4a4bc34-e48b-4485-86b2-f1daf4d464dd,1,12,0.752350,1
d4a4bc34-e48b-4485-86b2-f1daf4d464dd,1,13,0.142826,0
d4a4bc34-e48b-4485-86b2-f1daf4d464dd,1,14,0.101130,0
d4a4bc34-e48b-4485-86b2-f1daf4d464dd,1,15,0.499374,0
d4a4bc34-e48b-4485-86b2-f1daf4d464dd,1,16,0.155561,0
d4a4bc34-e48b-4485-86b2-f1daf4d464dd,2,0,0.180932,0
d4a4bc34-e48b-4485-86b2-f1daf4d464dd,2,1,0.253595,0
d4a4bc34-e48b-4485-86b2-f1daf4d464dd,2,2,0.168368,0
d4a4bc34-e48b-4485-86b2-f1daf4d464dd,2,3,0.117237,0
d4a4bc34-e48b-4485-86b2-f1daf4d464dd,2,4,0.972834,1
d4a4bc34-e48b-4485-86b2-f1daf4d464dd,2,5,0.046176,0
d4a4bc34-e48b-4485-86b2-f1daf4d464dd,2,6,0.351427,0
d4a4bc34-e48b-4485-86b2-f1daf4d464dd,2,7,0.770874,1
d4a4bc34-e48b-4485-86b2-f1daf4d464dd,2,8,0.074350,0
d4a4bc34-e48b-4485-86b2-f1daf4d464dd,2,9,0.074089,0
d4a4bc34-e48b-4485-86b2-f1daf4d464dd,2,10,0.916357,1
d4a4bc34-e48b-4485-86b2-f1daf4d464dd,2,11,0.079937,0
d4a4bc34-e48b-4485-86b2-f1daf4d464dd,2,12,0.455742,0
d4a4bc34-e48b-4485-86b2-f1daf4d464dd,2,13,0.792903,1
d4a4bc34-e48b-4485-86b2-f1daf4d464dd,2,14,0.967811,1
d4a4bc34-e48b-4485-86b2-f1daf4d464dd,3,0,0.243112,0
d4a4bc34-e48b-4485-86b2-f1daf4d464dd,3,1,0.258533,0
d4a4bc34-e48b-4485-86b2-f1daf4d464dd,3,2,0.111774,0
d4a4bc34-e48b-4485-86b2-f1daf4d464dd,3,3,0.260735,0
d4a4bc34-e48b-4485-86b2-f1daf4d464dd,3,4,0.702896,1
d4a4bc34-e48b-4485-86b2-f1daf4d464dd,3,5,0.776687,1
d4a4bc34-e48b-4485-86b2-f1daf4d464dd,3,6,0.166716,0
d4a4bc34-e48b-4485-86b2-f1daf4d464dd,3,7,0.247754,0
d4a4bc34-e48b-4485-86b2-f1daf4d464dd,3,8,0.973620,1
d4a4bc34-e48b-4485-86b2-f1daf4d464dd,3,9,0.112755,0
d4a4bc34-e48b-4485-86b2-f1daf4d464dd,3,10,0.188390,0
d4a4bc34-e48b-4485-86b2-f1daf4d464dd,3,11,0.919665,1
d4a4bc34-e48b-4485-86b2-f1daf4d464dd,3,12,0.361962,0
d4a4bc34-e48b-4485-86b2-f1daf4d464dd,3,13,0.955391,1
d4a4bc34-e48b-4485-86b2-f1daf4d464dd,3,14,0.358137,0
d4a4bc34-e48b-4485-86b2-f1daf4d464dd,3,15,0.283409,0
d4a4bc34-e48b-4485-86b2-f1daf4d464dd,3,16,0.171086,0
d4a4bc34-e48b-4485-86b2-f1daf4d464dd,3,17,0.119322,0
d4a4bc34-e48b-4485-86b2-f1daf4d464dd,3,18,0.893150,1
d4a4bc34-e48b-4485-86b2-f1daf4d464dd,3,19,0.199670,0
d4a4bc34-e48b-4485-86b2-f1daf4d464dd,3,20,0.198270,0
d4a4bc34-e48b-4485-86b2-f1daf4d464dd,3,21,0.175602,0
d4a4bc34-e48b-4485-86b2-f1daf4d464dd,3,22,0.252028,0
d4a4bc34-e48b-4485-86b2-f1daf4d464dd,3,23,0.265427,0
d4a4bc34-e48b-4485-86b2-f1daf4d464dd,3,24,0.037117,0
d4a4bc34-e48b-4485-86b2-f1daf4d464dd,3,25,0.832163,1
d4a4bc34-e48b-4485-86b2-f1daf4d464dd,3,26,0.199076,0
d4a4bc34-e48b-4485-86b2-f1daf4d464dd,3,27,0.306708,0
eadabee7-3db9-43c4-a485-3e8b1882cd3c,1,0,0.035101,0
eadabee7-3db9-43c4-a485-3e8b1882cd3c,1,1,0.033326,0
eadabee7-3db9-43c4-a485-3e8b1882cd3c,1,2,0.068256,0
eadabee7-3db9-43c4-a485-3e8b1882cd3c,1,3,0.057317,0
eadabee7-3db9-43c4-a485-3e8b1882cd3c,1,4,0.190009,0
eadabee7-3db9-43c4-a485-3e8b1882cd3c,1,5,0.032828,0
eadabee7-3db9-43c4-a485-3e8b1882cd3c,1,6,0.053288,0
eadabee7-3db9-43c4-a485-3e8b1882cd3c,1,7,0.035363,0
eadabee7-3db9-43c4-a485-3e8b1882cd3c,1,8,0.078161,0
eadabee7-3db9-43c4-a485-3e8b1882cd3c,1,9,0.304491,0
eadabee7-3db9-43c4-a485-3e8b1882cd3c,2,0,0.039154,0
eadabee7-3db9-43c4-a485-3e8b1882cd3c,2,1,0.187028,0
eadabee7-3db9-43c4-a485-3e8b1882cd3c,2,2,0.051808,0
eadabee7-3db9-43c4-a485-3e8b1882cd3c,2,3,0.173013,0
eadabee7-3db9-43c4-a485-3e8b1882cd3c,2,4,0.060000,0
eadabee7-3db9-43c4-a485-3e8b1882cd3c,2,5,0.034135,0
eadabee7-3db9-43c4-a485-3e8b1882cd3c,2,6,0.338272,0
eadabee7-3db9-43c4-a485-3e8b1882cd3c,2,7,0.373320,0
eadabee7-3db9-43c4-a485-3e8b1882cd3c,2,8,0.109629,0
eadabee7-3db9-43c4-a485-3e8b1882cd3c,2,9,0.078609,0
eadabee7-3db9-43c4-a485-3e8b1882cd3c,2,10,0.439638,0
eadabee7-3db9-43c4-a485-3e8b1882cd3c,2,11,0.035158,0
eadabee7-3db9-43c4-a485-3e8b1882cd3c,2,12,0.038343,0
eadabee7-3db9-43c4-a485-3e8b1882cd3c,2,13,0.058557,0
eadabee7-3db9-43c4-a485-3e8b1882cd3c,2,14,0.032264,0
eadabee7-3db9-43c4-a485-3e8b1882cd3c,2,15,0.056897,0
eadabee7-3db9-43c4-a485-3e8b1882cd3c,2,16,0.051207,0
eadabee7-3db9-43c4-a485-3e8b1882cd3c,2,17,0.043390,0
eadabee7-3db9-43c4-a485-3e8b1882cd3c,2,18,0.529206,1
eadabee7-3db9-43c4-a485-3e8b1882cd3c,2,19,0.176204,0
eadabee7-3db9-43c4-a485-3e8b1882cd3c,2,20,0.053159,0
eadabee7-3db9-43c4-a485-3e8b1882cd3c,2,21,0.166921,0
eadabee7-3db9-43c4-a485-3e8b1882cd3c,2,22,0.108405,0
eadabee7-3db9-43c4-a485-3e8b1882cd3c,2,23,0.053361,0
eadabee7-3db9-43c4-a485-3e8b1882cd3c,2,24,0.047975,0
eadabee7-3db9-43c4-a485-3e8b1882cd3c,2,25,0.111825,0
eadabee7-3db9-43c4-a485-3e8b1882cd3c,2,26,0.079805,0
eadabee7-3db9-43c4-a485-3e8b1882cd3c,2,27,0.219417,0
eadabee7-3db9-43c4-a485-3e8b1882cd3c,2,28,0.219789,0
eadabee7-3db9-43c4-a485-3e8b1882cd3c,2,29,0.125348,0
eadabee7-3db9-43c4-a485-3e8b1882cd3c,2,30,0.363591,0
eadabee7-3db9-43c4-a485-3e8b1882cd3c,2,31,0.178675,0
eadabee7-3db9-43c4-a485-3e8b1882cd3c,2,32,0.204671,0
eadabee7-3db9-43c4-a485-3e8b1882cd3c,2,33,0.146221,0
eadabee7-3db9-43c4-a485-3e8b1882cd3c,2,34,0.089500,0
eadabee7-3db9-43c4-a485-3e8b1882cd3c,2,35,0.156485,0
eadabee7-3db9-43c4-a485-3e8b1882cd3c,2,36,0.213674,0
eadabee7-3db9-43c4-a485-3e8b1882cd3c,2,37,0.037762,0
eadabee7-3db9-43c4-a485-3e8b1882cd3c,2,38,0.062050,0
eadabee7-3db9-43c4-a485-3e8b1882cd3c,2,39,0.043533,0
eadabee7-3db9-43c4-a485-3e8b1882cd3c,3,0,0.038033,0
eadabee7-3db9-43c4-a485-3e8b1882cd3c,3,1,0.052209,0
eadabee7-3db9-43c4-a485-3e8b1882cd3c,3,2,0.173026,0
eadabee7-3db9-43c4-a485-3e8b1882cd3c,3,3,0.137117,0
eadabee7-3db9-43c4-a485-3e8b1882cd3c,3,4,0.047604,0
eadabee7-3db9-43c4-a485-3e8b1882cd3c,3,5,0.045501,0
eadabee7-3db9-43c4-a485-3e8b1882cd3c,3,6,0.040980,0
eadabee7-3db9-43c4-a485-3e8b1882cd3c,3,7,0.105823,0
eadabee7-3db9-43c4-a485-3e8b1882cd3c,3,8,0.038531,0
eadabee7-3db9-43c4-a485-3e8b1882cd3c,3,9,0.034734,0
eadabee7-3db9-43c4-a485-3e8b1882cd3c,3,10,0.729191,1
eadabee7-3db9-43c4-a485-3e8b1882cd3c,3,11,0.081808,0
eadabee7-3db9-43c4-a485-3e8b1882cd3c,3,12,0.146469,0
eadabee7-3db9-43c4-a485-3e8b1882cd3c,3,13,0.039800,0
eadabee7-3db9-43c4-a485-3e8b1882cd3c,3,14,0.161727,0
eadabee7-3db9-43c4-a485-3e8b1882cd3c,3,15,0.051225,0
eadabee7-3db9-43c4-a485-3e8b1882cd3c,3,16,0.274819,0
eadabee7-3db9-43c4-a485-3e8b1882cd3c,3,17,0.829145,1
eadabee7-3db9-43c4-a485-3e8b1882cd3c,3,18,0.050442,0
eadabee7-3db9-43c4-a485-3e8b1882cd3c,3,19,0.043928,0
eadabee7-3db9-43c4-a485-3e8b1882cd3c,3,20,0.173150,0
eadabee7-3db9-43c4-a485-3e8b1882cd3c,3,21,0.110956,0
eadabee7-3db9-43c4-a485-3e8b1882cd3c,3,22,0.044193,0
0c78e748-efbf-417c-a8c1-beeb6480147f,1,0,0.136489,0
0c78e748-efbf-417c-a8c1-beeb6480147f,1,1,0.041574,0
0c78e748-efbf-417c-a8c1-beeb6480147f,1,2,0.034480,0
0c78e748-efbf-417c-a8c1-beeb6480147f,1,3,0.083410,0
0c78e748-efbf-417c-a8c1-beeb6480147f,1,4,0.228951,0
0c78e748-efbf-417c-a8c1-beeb6480147f,1,5,0.168535,0
0c78e748-efbf-417c-a8c1-beeb6480147f,1,6,0.062790,0
0c78e748-efbf-417c-a8c1-beeb6480147f,1,7,0.096872,0
0c78e748-efbf-417c-a8c1-beeb6480147f,1,8,0.245146,0
0c78e748-efbf-417c-a8c1-beeb6480147f,1,9,0.881085,1
0c78e748-efbf-417c-a8c1-beeb6480147f,1,10,0.932231,1
0c78e748-efbf-417c-a8c1-beeb6480147f,1,11,0.215715,0
0c78e748-efbf-417c-a8c1-beeb6480147f,1,12,0.035531,0
0c78e748-efbf-417c-a8c1-beeb6480147f,1,13,0.035937,0
0c78e748-efbf-417c-a8c1-beeb6480147f,2,0,0.521843,1
0c78e748-efbf-417c-a8c1-beeb6480147f,2,1,0.222378,0
0c78e748-efbf-417c-a8c1-beeb6480147f,2,2,0.102734,0
0c78e748-efbf-417c-a8c1-beeb6480147f,2,3,0.846892,1
0c78e748-efbf-417c-a8c1-beeb6480147f,2,4,0.082292,0
0c78e748-efbf-417c-a8c1-beeb6480147f,2,5,0.518710,1
0c78e748-efbf-417c-a8c1-beeb6480147f,2,6,0.040031,0
0c78e748-efbf-417c-a8c1-beeb6480147f,2,7,0.099221,0
0c78e748-efbf-417c-a8c1-beeb6480147f,2,8,0.091660,0
0c78e748-efbf-417c-a8c1-beeb6480147f,2,9,0.185041,0
0c78e748-efbf-417c-a8c1-beeb6480147f,2,10,0.144927,0
0c78e748-efbf-417c-a8c1-beeb6480147f,2,11,0.563261,1
0c78e748-efbf-417c-a8c1-beeb6480147f,2,12,0.868265,1
0c78e748-efbf-417c-a8c1-beeb6480147f,2,13,0.390271,0
0c78e748-efbf-417c-a8c1-beeb6480147f,2,14,0.414792,0
0c78e748-efbf-417c-a8c1-beeb6480147f,2,15,0.584358,1
0c78e748-efbf-417c-a8c1-beeb6480147f,2,16,0.226006,0
0c78e748-efbf-417c-a8c1-beeb6480147f,2,17,0.098164,0
0c78e748-efbf-417c-a8c1-beeb6480147f,2,18,0.214239,0
0c78e748-efbf-417c-a8c1-beeb6480147f,2,19,0.137545,0
0c78e748-efbf-417c-a8c1-beeb6480147f,2,20,0.145732,0
0c78e748-efbf-417c-a8c1-beeb6480147f,2,21,0.162550,0
0c78e748-efbf-417c-a8c1-beeb6480147f,2,22,0.062327,0
0c78e748-efbf-417c-a8c1-beeb6480147f,2,23,0.083558,0
0c78e748-efbf-417c-a8c1-beeb6480147f,2,24,0.362285,0
0c78e748-efbf-417c-a8c1-beeb6480147f,3,0,0.078369,0
0c78e748-efbf-417c-a8c1-beeb6480147f,3,1,0.095108,0
0c78e748-efbf-417c-a8c1-beeb6480147f,3,2,0.619275,1
0c78e748-efbf-417c-a8c1-beeb6480147f,3,3,0.803759,1
0c78e748-efbf-417c-a8c1-beeb6480147f,3,4,0.890311,1
0c78e748-efbf-417c-a8c1-beeb6480147f,3,5,0.963898,1
0c78e748-efbf-417c-a8c1-beeb6480147f,3,6,0.311410,0
0c78e748-efbf-417c-a8c1-beeb6480147f,3,7,0.095596,0
0c78e748-efbf-417c-a8c1-beeb6480147f,3,8,0.215202,0
0c78e748-efbf-417c-a8c1-beeb6480147f,3,9,0.039847,0
0c78e748-efbf-417c-a8c1-beeb6480147f,3,10,0.920072,1
0c78e748-efbf-417c-a8c1-beeb6480147f,3,11,0.251712,0
0c78e748-efbf-417c-a8c1-beeb6480147f,3,12,0.055970,0
0c78e748-efbf-417c-a8c1-beeb6480147f,3,13,0.824424,1
0c78e748-efbf-417c-a8c1-beeb6480147f,3,14,0.313713,0
0c78e748-efbf-417c-a8c1-beeb6480147f,3,15,0.034851,0
0c78e748-efbf-417c-a8c1-beeb6480147f,3,16,0.216323,0
0c78e748-efbf-417c-a8c1-beeb6480147f,3,17,0.073990,0
47a209b0-fc26-4a0a-a1fe-e4310d1d2419,1,0,0.804825,1
47a209b0-fc26-4a0a-a1fe-e4310d1d2419,1,1,0.038962,0
47a209b0-fc26-4a0a-a1fe-e4310d1d2419,1,2,0.100233,0
47a209b0-fc26-4a0a-a1fe-e4310d1d2419,1,3,0.054852,0
47a209b0-fc26-4a0a-a1fe-e4310d1d2419,1,4,0.261520,0
47a209b0-fc26-4a0a-a1fe-e4310d1d2419,1,5,0.034139,0
47a209b0-fc26-4a0a-a1fe-e4310d1d2419,1,6,0.833661,1
47a209b0-fc26-4a0a-a1fe-e4310d1d2419,1,7,0.960603,1
47a209b0-fc26-4a0a-a1fe-e4310d1d2419,1,8,0.048695,0
47a209b0-fc26-4a0a-a1fe-e4310d1d2419,1,9,0.856554,1
47a209b0-fc26-4a0a-a1fe-e4310d1d2419,1,10,0.056086,0
47a209b0-fc26-4a0a-a1fe-e4310d1d2419,1,11,0.046835,0
47a209b0-fc26-4a0a-a1fe-e4310d1d2419,1,12,0.930468,1
47a209b0-fc26-4a0a-a1fe-e4310d1d2419,1,13,0.041152,0
47a209b0-fc26-4a0a-a1fe-e4310d1d2419,1,14,0.099602,0
47a209b0-fc26-4a0a-a1fe-e4310d1d2419,1,15,0.140619,0
47a209b0-fc26-4a0a-a1fe-e4310d1d2419,1,16,0.954281,1
47a209b0-fc26-4a0a-a1fe-e4310d1d2419,1,17,0.038979,0
47a209b0-fc26-4a0a-a1fe-e4310d1d2419,1,18,0.271712,0
47a209b0-fc26-4a0a-a1fe-e4310d1d2419,1,19,0.203169,0
47a209b0-fc26-4a0a-a1fe-e4310d1d2419,1,20,0.201020,0
47a209b0-fc26-4a0a-a1fe-e4310d1d2419,1,21,0.270116,0
47a209b0-fc26-4a0a-a1fe-e4310d1d2419,1,22,0.047321,0
47a209b0-fc26-4a0a-a1fe-e4310d1d2419,1,23,0.035901,0
47a209b0-fc26-4a0a-a1fe-e4310d1d2419,1,24,0.204721,0
47a209b0-fc26-4a0a-a1fe-e4310d1d2419,1,25,0.080260,0
47a209b0-fc26-4a0a-a1fe-e4310d1d2419,2,0,0.062155,0
47a209b0-fc26-4a0a-a1fe-e4310d1d2419,2,1,0.111303,0
47a209b0-fc26-4a0a-a1fe-e4310d1d2419,2,2,0.111680,0
47a209b0-fc26-4a0a-a1fe-e4310d1d2419,2,3,0.052172,0
47a209b0-fc26-4a0a-a1fe-e4310d1d2419,2,4,0.061681,0
47a209b0-fc26-4a0a-a1fe-e4310d1d2419,2,5,0.033491,0
47a209b0-fc26-4a0a-a1fe-e4310d1d2419,2,6,0.383207,0
47a209b0-fc26-4a0a-a1fe-e4310d1d2419,2,7,0.045470,0
47a209b0-fc26-4a0a-a1fe-e4310d1d2419,2,8,0.058046,0
47a209b0-fc26-4a0a-a1fe-e4310d1d2419,2,9,0.162358,0
47a209b0-fc26-4a0a-a1fe-e4310d1d2419,2,10,0.032727,0
47a209b0-fc26-4a0a-a1fe-e4310d1d2419,2,11,0.045746,0
47a209b0-fc26-4a0a-a1fe-e4310d1d2419,2,12,0.610083,1
47a209b0-fc26-4a0a-a1fe-e4310d1d2419,2,13,0.163889,0
47a209b0-fc26-4a0a-a1fe-e4310d1d2419,2,14,0.246810,0
47a209b0-fc26-4a0a-a1fe-e4310d1d2419,2,15,0.033894,0
47a209b0-fc26-4a0a-a1fe-e4310d1d2419,2,16,0.126221,0
47a209b0-fc26-4a0a-a1fe-e4310d1d2419,2,17,0.063235,0
47a209b0-fc26-4a0a-a1fe-e4310d1d2419,2,18,0.035581,0
47a209b0-fc26-4a0a-a1fe-e4310d1d2419,2,19,0.323777,0
47a209b0-fc26-4a0a-a1fe-e4310d1d2419,2,20,0.049368,0
47a209b0-fc26-4a0a-a1fe-e4310d1d2419,2,21,0.639037,1
47a209b0-fc26-4a0a-a1fe-e4310d1d2419,2,22,0.054644,0
47a209b0-fc26-4a0a-a1fe-e4310d1d2419,2,23,0.068120,0
47a209b0-fc26-4a0a-a1fe-e4310d1d2419,2,24,0.341943,0
47a209b0-fc26-4a0a-a1fe-e4310d1d2419,2,25,0.043817,0
47a209b0-fc26-4a0a-a1fe-e4310d1d2419,2,26,0.044493,0
47a209b0-fc26-4a0a-a1fe-e4310d1d2419,2,27,0.033244,0
47a209b0-fc26-4a0a-a1fe-e4310d1d2419,2,28,0.167761,0
47a209b0-fc26-4a0a-a1fe-e4310d1d2419,2,29,0.061922,0
47a209b0-fc26-4a0a-a1fe-e4310d1d2419,2,30,0.186836,0
47a209b0-fc26-4a0a-a1fe-e4310d1d2419,2,31,0.369583,0
47a209b0-fc26-4a0a-a1fe-e4310d1d2419,2,32,0.284223,0
47a209b0-fc26-4a0a-a1fe-e4310d1d2419,2,33,0.057015,0
47a209b0-fc26-4a0a-a1fe-e4310d1d2419,2,34,0.058952,0
47a209b0-fc26-4a0a-a1fe-e4310d1d2419,2,35,0.149707,0
47a209b0-fc26-4a0a-a1fe-e4310d1d2419,2,36,0.041508,0
47a209b0-fc26-4a0a-a1fe-e4310d1d2419,2,37,0.081610,0
47a209b0-fc26-4a0a-a1fe-e4310d1d2419,2,38,0.098207,0
47a209b0-fc26-4a0a-a1fe-e4310d1d2419,3,0,0.180061,0
47a209b0-fc26-4a0a-a1fe-e4310d1d2419,3,1,0.227270,0
47a209b0-fc26-4a0a-a1fe-e4310d1d2419,3,2,0.034175,0
47a209b0-fc26-4a0a-a1fe-e4310d1d2419,3,3,0.057469,0
47a209b0-fc26-4a0a-a1fe-e4310d1d2419,3,4,0.632321,1
47a209b0-fc26-4a0a-a1fe-e4310d1d2419,3,5,0.343675,0
47a209b0-fc26-4a0a-a1fe-e4310d1d2419,3,6,0.936732,1
47a209b0-fc26-4a0a-a1fe-e4310d1d2419,3,7,0.509765,1
47a209b0-fc26-4a0a-a1fe-e4310d1d2419,3,8,0.954703,1
47a209b0-fc26-4a0a-a1fe-e4310d1d2419,3,9,0.579162,1
47a209b0-fc26-4a0a-a1fe-e4310d1d2419,3,10,0.244556,0
47a209b0-fc26-4a0a-a1fe-e4310d1d2419,3,11,0.152170,0
47a209b0-fc26-4a0a-a1fe-e4310d1d2419,3,12,0.202581,0
47a209b0-fc26-4a0a-a1fe-e4310d1d2419,3,13,0.289337,0
47a209b0-fc26-4a0a-a1fe-e4310d1d2419,3,14,0.103984,0
47a209b0-fc26-4a0a-a1fe-e4310d1d2419,3,15,0.349915,0
47a209b0-fc26-4a0a-a1fe-e4310d1d2419,3,16,0.254699,0
47a209b0-fc26-4a0a-a1fe-e4310d1d2419,3,17,0.209033,0
47a209b0-fc26-4a0a-a1fe-e4310d1d2419,3,18,0.219062,0
47a209b0-fc26-4a0a-a1fe-e4310d1d2419,3,19,0.533175,1
47a209b0-fc26-4a0a-a1fe-e4310d1d2419,3,20,0.040582,0
47a209b0-fc26-4a0a-a1fe-e4310d1d2419,3,21,0.100442,0
47a209b0-fc26-4a0a-a1fe-e4310d1d2419,3,22,0.102113,0
47a209b0-fc26-4a0a-a1fe-e4310d1d2419,3,23,0.158329,0
47a209b0-fc26-4a0a-a1fe-e4310d1d2419,3,24,0.646401,1
47a209b0-fc26-4a0a-a1fe-e4310d1d2419,3,25,0.230163,0
47a209b0-fc26-4a0a-a1fe-e4310d1d2419,3,26,0.657871,1
47a209b0-fc26-4a0a-a1fe-e4310d1d2419,3,27,0.252569,0
47a209b0-fc26-4a0a-a1fe-e4310d1d2419,3,28,0.562659,1
47a209b0-fc26-4a0a-a1fe-e4310d1d2419,3,29,0.302492,0
47a209b0-fc26-4a0a-a1fe-e4310d1d2419,3,30,0.194895,0
47a209b0-fc26-4a0a-a1fe-e4310d1d2419,3,31,0.962251,1
47a209b0-fc26-4a0a-a1fe-e4310d1d2419,3,32,0.265674,0
47a209b0-fc26-4a0a-a1fe-e4310d1d2419,3,33,0.305090,0
47a209b0-fc26-4a0a-a1fe-e4310d1d2419,3,34,0.079185,0
47a209b0-fc26-4a0a-a1fe-e4310d1d2419,3,35,0.147192,0
47a209b0-fc26-4a0a-a1fe-e4310d1d2419,3,36,0.199103,0
47a209b0-fc26-4a0a-a1fe-e4310d1d2419,3,37,0.235881,0
47a209b0-fc26-4a0a-a1fe-e4310d1d2419,3,38,0.093119,0
47a209b0-fc26-4a0a-a1fe-e4310d1d2419,3,39,0.410229,0
47a209b0-fc26-4a0a-a1fe-e4310d1d2419,3,40,0.172420,0
47a209b0-fc26-4a0a-a1fe-e4310d1d2419,3,41,0.106346,0
47a209b0-fc26-4a0a-a1fe-e4310d1d2419,3,42,0.036906,0
542cd22c-ea80-4669-995b-6ac6a33823f7,1,0,0.032187,0
542cd22c-ea80-4669-995b-6ac6a33823f7,1,1,0.046918,0
542cd22c-ea80-4669-995b-6ac6a33823f7,1,2,0.124988,0
542cd22c-ea80-4669-995b-6ac6a33823f7,1,3,0.083991,0
542cd22c-ea80-4669-995b-6ac6a33823f7,1,4,0.032696,0
542cd22c-ea80-4669-995b-6ac6a33823f7,1,5,0.050259,0
542cd22c-ea80-4669-995b-6ac6a33823f7,1,6,0.087435,0
542cd22c-ea80-4669-995b-6ac6a33823f7,1,7,0.034447,0
542cd22c-ea80-4669-995b-6ac6a33823f7,1,8,0.033108,0
542cd22c-ea80-4669-995b-6ac6a33823f7,1,9,0.037782,0
542cd22c-ea80-4669-995b-6ac6a33823f7,1,10,0.033017,0
542cd22c-ea80-4669-995b-6ac6a33823f7,1,11,0.035471,0
542cd22c-ea80-4669-995b-6ac6a33823f7,1,12,0.175261,0
542cd22c-ea80-4669-995b-6ac6a33823f7,1,13,0.158351,0
542cd22c-ea80-4669-995b-6ac6a33823f7,1,14,0.044830,0
542cd22c-ea80-4669-995b-6ac6a33823f7,1,15,0.041247,0
542cd22c-ea80-4669-995b-6ac6a33823f7,1,16,0.035368,0
542cd22c-ea80-4669-995b-6ac6a33823f7,1,17,0.033515,0
542cd22c-ea80-4669-995b-6ac6a33823f7,1,18,0.034033,0
542cd22c-ea80-4669-995b-6ac6a33823f7,1,19,0.347352,0
542cd22c-ea80-4669-995b-6ac6a33823f7,1,20,0.040090,0
542cd22c-ea80-4669-995b-6ac6a33823f7,1,21,0.099077,0
542cd22c-ea80-4669-995b-6ac6a33823f7,1,22,0.035836,0
542cd22c-ea80-4669-995b-6ac6a33823f7,1,23,0.791343,1
542cd22c-ea80-4669-995b-6ac6a33823f7,1,24,0.039126,0
542cd22c-ea80-4669-995b-6ac6a33823f7,2,0,0.352851,0
542cd22c-ea80-4669-995b-6ac6a33823f7,2,1,0.113273,0
542cd22c-ea80-4669-995b-6ac6a33823f7,2,2,0.040928,0
542cd22c-ea80-4669-995b-6ac6a33823f7,2,3,0.107430,0
542cd22c-ea80-4669-995b-6ac6a33823f7,2,4,0.171425,0
542cd22c-ea80-4669-995b-6ac6a33823f7,2,5,0.045671,0
542cd22c-ea80-4669-995b-6ac6a33823f7,2,6,0.037309,0
542cd22c-ea80-4669-995b-6ac6a33823f7,2,7,0.805421,1
542cd22c-ea80-4669-995b-6ac6a33823f7,2,8,0.116592,0
542cd22c-ea80-4669-995b-6ac6a33823f7,2,9,0.056820,0
542cd22c-ea80-4669-995b-6ac6a33823f7,2,10,0.032651,0
542cd22c-ea80-4669-995b-6ac6a33823f7,2,11,0.036558,0
542cd22c-ea80-4669-995b-6ac6a33823f7,2,12,0.034605,0
542cd22c-ea80-4669-995b-6ac6a33823f7,2,13,0.035799,0
542cd22c-ea80-4669-995b-6ac6a33823f7,2,14,0.494203,0
542cd22c-ea80-4669-995b-6ac6a33823f7,2,15,0.035835,0
542cd22c-ea80-4669-995b-6ac6a33823f7,2,16,0.093304,0
542cd22c-ea80-4669-995b-6ac6a33823f7,2,17,0.119612,0
542cd22c-ea80-4669-995b-6ac6a33823f7,3,0,0.129989,0
542cd22c-ea80-4669-995b-6ac6a33823f7,3,1,0.525213,1
542cd22c-ea80-4669-995b-6ac6a33823f7,3,2,0.066122,0
542cd22c-ea80-4669-995b-6ac6a33823f7,3,3,0.067044,0
542cd22c-ea80-4669-995b-6ac6a33823f7,3,4,0.035685,0
542cd22c-ea80-4669-995b-6ac6a33823f7,3,5,0.044402,0
542cd22c-ea80-4669-995b-6ac6a33823f7,3,6,0.036136,0
542cd22c-ea80-4669-995b-6ac6a33823f7,3,7,0.033329,0
542cd22c-ea80-4669-995b-6ac6a33823f7,3,8,0.037786,0
542cd22c-ea80-4669-995b-6ac6a33823f7,3,9,0.034970,0
542cd22c-ea80-4669-995b-6ac6a33823f7,3,10,0.034612,0
542cd22c-ea80-4669-995b-6ac6a33823f7,3,11,0.033175,0
542cd22c-ea80-4669-995b-6ac6a33823f7,3,12,0.040920,0
542cd22c-ea80-4669-995b-6ac6a33823f7,3,13,0.204434,0
542cd22c-ea80-4669-995b-6ac6a33823f7,3,14,0.666762,1
542cd22c-ea80-4669-995b-6ac6a33823f7,3,15,0.175709,0
542cd22c-ea80-4669-995b-6ac6a33823f7,3,16,0.044826,0
542cd22c-ea80-4669-995b-6ac6a33823f7,3,17,0.115630,0
542cd22c-ea80-4669-995b-6ac6a33823f7,3,18,0.273884,0
542cd22c-ea80-4669-995b-6ac6a33823f7,3,19,0.151710,0
542cd22c-ea80-4669-995b-6ac6a33823f7,3,20,0.243199,0
542cd22c-ea80-4669-995b-6ac6a33823f7,3,21,0.062321,0
542cd22c-ea80-4669-995b-6ac6a33823f7,3,22,0.975433,1
542cd22c-ea80-4669-995b-6ac6a33823f7,3,23,0.082359,0
542cd22c-ea80-4669-995b-6ac6a33823f7,3,24,0.036963,0
542cd22c-ea80-4669-995b-6ac6a33823f7,3,25,0.046115,0
542cd22c-ea80-4669-995b-6ac6a33823f7,3,26,0.034359,0
542cd22c-ea80-4669-995b-6ac6a33823f7,3,27,0.140774,0
542cd22c-ea80-4669-995b-6ac6a33823f7,3,28,0.091216,0
542cd22c-ea80-4669-995b-6ac6a33823f7,3,29,0.565039,1
542cd22c-ea80-4669-995b-6ac6a33823f7,3,30,0.104641,0
542cd22c-ea80-4669-995b-6ac6a33823f7,3,31,0.068085,0
58f414e5-a122-49f5-819e-512d91069da5,1,0,0.132592,0
58f414e5-a122-49f5-819e-512d91069da5,1,1,0.034022,0
58f414e5-a122-49f5-819e-512d91069da5,1,2,0.034888,0
58f414e5-a122-49f5-819e-512d91069da5,1,3,0.037829,0
58f414e5-a122-49f5-819e-512d91069da5,1,4,0.034234,0
58f414e5-a122-49f5-819e-512d91069da5,1,5,0.211294,0
58f414e5-a122-49f5-819e-512d91069da5,1,6,0.129969,0
58f414e5-a122-49f5-819e-512d91069da5,1,7,0.039650,0
58f414e5-a122-49f5-819e-512d91069da5,1,8,0.038524,0
58f414e5-a122-49f5-819e-512d91069da5,1,9,0.081381,0
58f414e5-a122-49f5-819e-512d91069da5,1,10,0.136254,0
58f414e5-a122-49f5-819e-512d91069da5,1,11,0.042238,0
58f414e5-a122-49f5-819e-512d91069da5,1,12,0.220991,0
58f414e5-a122-49f5-819e-512d91069da5,1,13,0.034947,0
58f414e5-a122-49f5-819e-512d91069da5,1,14,0.538428,1
58f414e5-a122-49f5-819e-512d91069da5,1,15,0.314352,0
58f414e5-a122-49f5-819e-512d91069da5,1,16,0.034627,0
58f414e5-a122-49f5-819e-512d91069da5,1,17,0.043078,0
58f414e5-a122-49f5-819e-512d91069da5,1,18,0.154532,0
58f414e5-a122-49f5-819e-512d91069da5,1,19,0.076411,0
58f414e5-a122-49f5-819e-512d91069da5,1,20,0.123126,0
58f414e5-a122-49f5-819e-512d91069da5,1,21,0.686033,1
58f414e5-a122-49f5-819e-512d91069da5,1,22,0.276341,0
58f414e5-a122-49f5-819e-512d91069da5,1,23,0.128511,0
58f414e5-a122-49f5-819e-512d91069da5,1,24,0.048884,0
58f414e5-a122-49f5-819e-512d91069da5,1,25,0.048918,0
58f414e5-a122-49f5-819e-512d91069da5,1,26,0.114316,0
58f414e5-a122-49f5-819e-512d91069da5,1,27,0.121125,0
58f414e5-a122-49f5-819e-512d91069da5,1,28,0.033799,0
58f414e5-a122-49f5-819e-512d91069da5,1,29,0.035363,0
58f414e5-a122-49f5-819e-512d91069da5,1,30,0.048020,0
58f414e5-a122-49f5-819e-512d91069da5,1,31,0.077668,0
58f414e5-a122-49f5-819e-512d91069da5,1,32,0.103395,0
58f414e5-a122-49f5-819e-512d91069da5,1,33,0.170830,0
58f414e5-a122-49f5-819e-512d91069da5,1,34,0.247130,0
58f414e5-a122-49f5-819e-512d91069da5,1,35,0.178528,0
58f414e5-a122-49f5-819e-512d91069da5,2,0,0.194045,0
58f414e5-a122-49f5-819e-512d91069da5,2,1,0.032820,0
58f414e5-a122-49f5-819e-512d91069da5,2,2,0.657073,1
58f414e5-a122-49f5-819e-512d91069da5,2,3,0.065651,0
58f414e5-a122-49f5-819e-512d91069da5,2,4,0.925872,1
58f414e5-a122-49f5-819e-512d91069da5,2,5,0.036532,0
58f414e5-a122-49f5-819e-512d91069da5,2,6,0.385167,0
58f414e5-a122-49f5-819e-512d91069da5,2,7,0.097717,0
58f414e5-a122-49f5-819e-512d91069da5,2,8,0.128113,0
58f414e5-a122-49f5-819e-512d91069da5,2,9,0.036455,0
58f414e5-a122-49f5-819e-512d91069da5,2,10,0.082084,0
58f414e5-a122-49f5-819e-512d91069da5,2,11,0.038598,0
58f414e5-a122-49f5-819e-512d91069da5,2,12,0.126564,0
58f414e5-a122-49f5-819e-512d91069da5,2,13,0.119480,0
58f414e5-a122-49f5-819e-512d91069da5,2,14,0.160441,0
58f414e5-a122-49f5-819e-512d91069da5,2,15,0.267147,0
58f414e5-a122-49f5-819e-512d91069da5,2,16,0.930702,1
58f414e5-a122-49f5-819e-512d91069da5,2,17,0.047615,0
58f414e5-a122-49f5-819e-512d91069da5,2,18,0.111412,0
58f414e5-a122-49f5-819e-512d91069da5,2,19,0.769509,1
58f414e5-a122-49f5-819e-512d91069da5,2,20,0.228480,0
58f414e5-a122-49f5-819e-512d91069da5,2,21,0.146688,0
58f414e5-a122-49f5-819e-512d91069da5,2,22,0.208249,0
58f414e5-a122-49f5-819e-512d91069da5,2,23,0.294037,0
58f414e5-a122-49f5-819e-512d91069da5,2,24,0.882675,1
58f414e5-a122-49f5-819e-512d91069da5,2,25,0.293930,0
58f414e5-a122-49f5-819e-512d91069da5,2,26,0.262321,0
58f414e5-a122-49f5-819e-512d91069da5,2,27,0.933478,1
58f414e5-a122-49f5-819e-512d91069da5,2,28,0.631429,1
58f414e5-a122-49f5-819e-512d91069da5,2,29,0.225324,0
58f414e5-a122-49f5-819e-512d91069da5,2,30,0.092121,0
58f414e5-a122-49f5-819e-512d91069da5,2,31,0.516278,1
58f414e5-a122-49f5-819e-512d91069da5,2,32,0.154374,0
58f414e5-a122-49f5-819e-512d91069da5,2,33,0.115589,0
58f414e5-a122-49f5-819e-512d91069da5,2,34,0.103383,0
58f414e5-a122-49f5-819e-512d91069da5,2,35,0.045396,0
58f414e5-a122-49f5-819e-512d91069da5,2,36,0.045226,0
58f414e5-a122-49f5-819e-512d91069da5,2,37,0.054328,0
58f414e5-a122-49f5-819e-512d91069da5,2,38,0.450870,0
58f414e5-a122-49f5-819e-512d91069da5,2,39,0.034063,0
58f414e5-a122-49f5-819e-512d91069da5,2,40,0.037344,0
58f414e5-a122-49f5-819e-512d91069da5,2,41,0.033636,0
58f414e5-a122-49f5-819e-512d91069da5,2,42,0.896883,1
58f414e5-a122-49f5-819e-512d91069da5,2,43,0.034017,0
58f414e5-a122-49f5-819e-512d91069da5,2,44,0.038075,0
58f414e5-a122-49f5-819e-512d91069da5,2,45,0.045228,0
58f414e5-a122-49f5-819e-512d91069da5,2,46,0.053634,0
58f414e5-a122-49f5-819e-512d91069da5,2,47,0.150247,0
58f414e5-a122-49f5-819e-512d91069da5,2,48,0.916912,1
58f414e5-a122-49f5-819e-512d91069da5,2,49,0.213013,0
58f414e5-a122-49f5-819e-512d91069da5,2,50,0.046265,0
58f414e5-a122-49f5-819e-512d91069da5,2,51,0.042254,0
58f414e5-a122-49f5-819e-512d91069da5,2,52,0.153988,0
58f414e5-a122-49f5-819e-512d91069da5,2,53,0.053205,0
58f414e5-a122-49f5-819e-512d91069da5,2,54,0.069407,0
58f414e5-a122-49f5-819e-512d91069da5,2,55,0.121998,0
58f414e5-a122-49f5-819e-512d91069da5,2,56,0.036235,0
58f414e5-a122-49f5-819e-512d91069da5,2,57,0.072633,0
58f414e5-a122-49f5-819e-512d91069da5,2,58,0.224808,0
58f414e5-a122-49f5-819e-512d91069da5,2,59,0.091559,0
58f414e5-a122-49f5-819e-512d91069da5,2,60,0.131343,0
58f414e5-a122-49f5-819e-512d91069da5,2,61,0.038872,0
58f414e5-a122-49f5-819e-512d91069da5,2,62,0.041860,0
58f414e5-a122-49f5-819e-512d91069da5,2,63,0.117637,0
58f414e5-a122-49f5-819e-512d91069da5,2,64,0.074210,0
58f414e5-a122-49f5-819e-512d91069da5,3,0,0.034059,0
58f414e5-a122-49f5-819e-512d91069da5,3,1,0.034093,0
58f414e5-a122-49f5-819e-512d91069da5,3,2,0.034606,0
58f414e5-a122-49f5-819e-512d91069da5,3,3,0.035707,0
58f414e5-a122-49f5-819e-512d91069da5,3,4,0.035102,0
58f414e5-a122-49f5-819e-512d91069da5,3,5,0.032695,0
58f414e5-a122-49f5-819e-512d91069da5,3,6,0.036463,0
58f414e5-a122-49f5-819e-512d91069da5,3,7,0.037104,0
58f414e5-a122-49f5-819e-512d91069da5,3,8,0.035223,0
58f414e5-a122-49f5-819e-512d91069da5,3,9,0.033556,0
58f414e5-a122-49f5-819e-512d91069da5,3,10,0.034857,0
58f414e5-a122-49f5-819e-512d91069da5,3,11,0.039511,0
58f414e5-a122-49f5-819e-512d91069da5,3,12,0.039972,0
58f414e5-a122-49f5-819e-512d91069da5,3,13,0.036919,0
58f414e5-a122-49f5-819e-512d91069da5,3,14,0.045037,0
58f414e5-a122-49f5-819e-512d91069da5,3,15,0.034713,0
58f414e5-a122-49f5-819e-512d91069da5,3,16,0.033157,0
58f414e5-a122-49f5-819e-512d91069da5,3,17,0.035226,0
58f414e5-a122-49f5-819e-512d91069da5,3,18,0.034920,0
58f414e5-a122-49f5-819e-512d91069da5,3,19,0.042710,0
58f414e5-a122-49f5-819e-512d91069da5,3,20,0.087724,0
58f414e5-a122-49f5-819e-512d91069da5,3,21,0.042510,0
58f414e5-a122-49f5-819e-512d91069da5,3,22,0.035591,0
58f414e5-a122-49f5-819e-512d91069da5,3,23,0.036562,0
58f414e5-a122-49f5-819e-512d91069da5,3,24,0.033277,0
58f414e5-a122-49f5-819e-512d91069da5,3,25,0.036331,0
58f414e5-a122-49f5-819e-512d91069da5,3,26,0.046781,0
58f414e5-a122-49f5-819e-512d91069da5,3,27,0.200653,0
58f414e5-a122-49f5-819e-512d91069da5,3,28,0.039409,0
58f414e5-a122-49f5-819e-512d91069da5,3,29,0.042718,0
58f414e5-a122-49f5-819e-512d91069da5,3,30,0.038332,0
58f414e5-a122-49f5-819e-512d91069da5,3,31,0.074476,0
58f414e5-a122-49f5-819e-512d91069da5,3,32,0.210009,0
58f414e5-a122-49f5-819e-512d91069da5,3,33,0.035943,0
58f414e5-a122-49f5-819e-512d91069da5,3,34,0.035780,0
58f414e5-a122-49f5-819e-512d91069da5,3,35,0.068040,0
58f414e5-a122-49f5-819e-512d91069da5,3,36,0.038510,0
58f414e5-a122-49f5-819e-512d91069da5,3,37,0.040788,0
58f414e5-a122-49f5-819e-512d91069da5,3,38,0.035830,0
58f414e5-a122-49f5-819e-512d91069da5,3,39,0.034114,0
58f414e5-a122-49f5-819e-512d91069da5,3,40,0.035419,0
58f414e5-a122-49f5-819e-512d91069da5,3,41,0.035696,0
58f414e5-a122-49f5-819e-512d91069da5,3,42,0.041510,0
58f414e5-a122-49f5-819e-512d91069da5,3,43,0.111795,0
58f414e5-a122-49f5-819e-512d91069da5,3,44,0.035075,0
58f414e5-a122-49f5-819e-512d91069da5,3,45,0.087793,0
58f414e5-a122-49f5-819e-512d91069da5,3,46,0.051809,0
58f414e5-a122-49f5-819e-512d91069da5,3,47,0.078957,0
58f414e5-a122-49f5-819e-512d91069da5,3,48,0.042348,0
58f414e5-a122-49f5-819e-512d91069da5,3,49,0.035493,0
58f414e5-a122-49f5-819e-512d91069da5,3,50,0.054178,0
58f414e5-a122-49f5-819e-512d91069da5,3,51,0.037512,0
58f414e5-a122-49f5-819e-512d91069da5,3,52,0.050439,0
58f414e5-a122-49f5-819e-512d91069da5,3,53,0.035638,0
58f414e5-a122-49f5-819e-512d91069da5,3,54,0.033731,0
58f414e5-a122-49f5-819e-512d91069da5,3,55,0.180058,0
58f414e5-a122-49f5-819e-512d91069da5,3,56,0.270417,0
72fa9b13-4e59-4716-8df9-4c3580e7dddf,1,0,0.033592,0
72fa9b13-4e59-4716-8df9-4c3580e7dddf,1,1,0.046285,0
72fa9b13-4e59-4716-8df9-4c3580e7dddf,1,2,0.047176,0
72fa9b13-4e59-4716-8df9-4c3580e7dddf,1,3,0.034637,0
72fa9b13-4e59-4716-8df9-4c3580e7dddf,1,4,0.043582,0
72fa9b13-4e59-4716-8df9-4c3580e7dddf,1,5,0.222617,0
72fa9b13-4e59-4716-8df9-4c3580e7dddf,1,6,0.086350,0
72fa9b13-4e59-4716-8df9-4c3580e7dddf,1,7,0.546763,1
72fa9b13-4e59-4716-8df9-4c3580e7dddf,1,8,0.107764,0
72fa9b13-4e59-4716-8df9-4c3580e7dddf,1,9,0.119984,0
72fa9b13-4e59-4716-8df9-4c3580e7dddf,1,10,0.177827,0
72fa9b13-4e59-4716-8df9-4c3580e7dddf,1,11,0.334335,0
72fa9b13-4e59-4716-8df9-4c3580e7dddf,1,12,0.227541,0
72fa9b13-4e59-4716-8df9-4c3580e7dddf,1,13,0.250129,0
72fa9b13-4e59-4716-8df9-4c3580e7dddf,1,14,0.041195,0
72fa9b13-4e59-4716-8df9-4c3580e7dddf,1,15,0.249758,0
72fa9b13-4e59-4716-8df9-4c3580e7dddf,1,16,0.419448,0
72fa9b13-4e59-4716-8df9-4c3580e7dddf,1,17,0.252148,0
72fa9b13-4e59-4716-8df9-4c3580e7dddf,1,18,0.328456,0
72fa9b13-4e59-4716-8df9-4c3580e7dddf,1,19,0.236193,0
72fa9b13-4e59-4716-8df9-4c3580e7dddf,1,20,0.322592,0
72fa9b13-4e59-4716-8df9-4c3580e7dddf,1,21,0.116151,0
72fa9b13-4e59-4716-8df9-4c3580e7dddf,1,22,0.175160,0
72fa9b13-4e59-4716-8df9-4c3580e7dddf,1,23,0.055214,0
72fa9b13-4e59-4716-8df9-4c3580e7dddf,1,24,0.843273,1
72fa9b13-4e59-4716-8df9-4c3580e7dddf,1,25,0.602986,1
72fa9b13-4e59-4716-8df9-4c3580e7dddf,1,26,0.583385,1
72fa9b13-4e59-4716-8df9-4c3580e7dddf,1,27,0.041562,0
72fa9b13-4e59-4716-8df9-4c3580e7dddf,2,0,0.033912,0
72fa9b13-4e59-4716-8df9-4c3580e7dddf,2,1,0.036062,0
72fa9b13-4e59-4716-8df9-4c3580e7dddf,2,2,0.536879,1
72fa9b13-4e59-4716-8df9-4c3580e7dddf,2,3,0.171477,0
72fa9b13-4e59-4716-8df9-4c3580e7dddf,2,4,0.038940,0
72fa9b13-4e59-4716-8df9-4c3580e7dddf,2,5,0.038157,0
72fa9b13-4e59-4716-8df9-4c3580e7dddf,2,6,0.035418,0
72fa9b13-4e59-4716-8df9-4c3580e7dddf,2,7,0.175624,0
72fa9b13-4e59-4716-8df9-4c3580e7dddf,2,8,0.054524,0
72fa9b13-4e59-4716-8df9-4c3580e7dddf,2,9,0.071831,0
72fa9b13-4e59-4716-8df9-4c3580e7dddf,2,10,0.037378,0
72fa9b13-4e59-4716-8df9-4c3580e7dddf,2,11,0.035648,0
72fa9b13-4e59-4716-8df9-4c3580e7dddf,2,12,0.089963,0
72fa9b13-4e59-4716-8df9-4c3580e7dddf,3,0,0.034949,0
72fa9b13-4e59-4716-8df9-4c3580e7dddf,3,1,0.955356,1
72fa9b13-4e59-4716-8df9-4c3580e7dddf,3,2,0.033655,0
72fa9b13-4e59-4716-8df9-4c3580e7dddf,3,3,0.140251,0
72fa9b13-4e59-4716-8df9-4c3580e7dddf,3,4,0.044115,0
72fa9b13-4e59-4716-8df9-4c3580e7dddf,3,5,0.097223,0
72fa9b13-4e59-4716-8df9-4c3580e7dddf,3,6,0.082988,0
72fa9b13-4e59-4716-8df9-4c3580e7dddf,3,7,0.126558,0
72fa9b13-4e59-4716-8df9-4c3580e7dddf,3,8,0.044401,0
72fa9b13-4e59-4716-8df9-4c3580e7dddf,3,9,0.219952,0
72fa9b13-4e59-4716-8df9-4c3580e7dddf,3,10,0.467717,0
72fa9b13-4e59-4716-8df9-4c3580e7dddf,3,11,0.631817,1
72fa9b13-4e59-4716-8df9-4c3580e7dddf,3,12,0.079558,0
72fa9b13-4e59-4716-8df9-4c3580e7dddf,3,13,0.036930,0
72fa9b13-4e59-4716-8df9-4c3580e7dddf,3,14,0.035376,0
72fa9b13-4e59-4716-8df9-4c3580e7dddf,3,15,0.057270,0
72fa9b13-4e59-4716-8df9-4c3580e7dddf,3,16,0.034366,0
72fa9b13-4e59-4716-8df9-4c3580e7dddf,3,17,0.047673,0
72fa9b13-4e59-4716-8df9-4c3580e7dddf,3,18,0.111376,0
72fa9b13-4e59-4716-8df9-4c3580e7dddf,3,19,0.211520,0
72fa9b13-4e59-4716-8df9-4c3580e7dddf,3,20,0.033556,0
72fa9b13-4e59-4716-8df9-4c3580e7dddf,3,21,0.277265,0
72fa9b13-4e59-4716-8df9-4c3580e7dddf,3,22,0.043673,0
72fa9b13-4e59-4716-8df9-4c3580e7dddf,3,23,0.055958,0
72fa9b13-4e59-4716-8df9-4c3580e7dddf,3,24,0.037679,0
72fa9b13-4e59-4716-8df9-4c3580e7dddf,3,25,0.077085,0
72fa9b13-4e59-4716-8df9-4c3580e7dddf,3,26,0.112959,0
72fa9b13-4e59-4716-8df9-4c3580e7dddf,3,27,0.042021,0
72fa9b13-4e59-4716-8df9-4c3580e7dddf,3,28,0.040991,0
72fa9b13-4e59-4716-8df9-4c3580e7dddf,3,29,0.037503,0
72fa9b13-4e59-4716-8df9-4c3580e7dddf,3,30,0.034795,0
84b3c118-50d2-45a5-a91f-7ed95b5d0143,1,0,0.061274,0
84b3c118-50d2-45a5-a91f-7ed95b5d0143,1,1,0.280802,0
84b3c118-50d2-45a5-a91f-7ed95b5d0143,1,2,0.297567,0
84b3c118-50d2-45a5-a91f-7ed95b5d0143,1,3,0.038401,0
84b3c118-50d2-45a5-a91f-7ed95b5d0143,1,4,0.277521,0
84b3c118-50d2-45a5-a91f-7ed95b5d0143,1,5,0.203970,0
84b3c118-50d2-45a5-a91f-7ed95b5d0143,1,6,0.160002,0
84b3c118-50d2-45a5-a91f-7ed95b5d0143,1,7,0.229709,0
84b3c118-50d2-45a5-a91f-7ed95b5d0143,1,8,0.952146,1
84b3c118-50d2-45a5-a91f-7ed95b5d0143,1,9,0.285877,0
84b3c118-50d2-45a5-a91f-7ed95b5d0143,1,10,0.422720,0
84b3c118-50d2-45a5-a91f-7ed95b5d0143,1,11,0.112360,0
84b3c118-50d2-45a5-a91f-7ed95b5d0143,1,12,0.212918,0
84b3c118-50d2-45a5-a91f-7ed95b5d0143,1,13,0.091098,0
84b3c118-50d2-45a5-a91f-7ed95b5d0143,1,14,0.261380,0
84b3c118-50d2-45a5-a91f-7ed95b5d0143,1,15,0.229182,0
84b3c118-50d2-45a5-a91f-7ed95b5d0143,1,16,0.415614,0
84b3c118-50d2-45a5-a91f-7ed95b5d0143,1,17,0.255046,0
84b3c118-50d2-45a5-a91f-7ed95b5d0143,1,18,0.142425,0
84b3c118-50d2-45a5-a91f-7ed95b5d0143,1,19,0.194357,0
84b3c118-50d2-45a5-a91f-7ed95b5d0143,1,20,0.049343,0
84b3c118-50d2-45a5-a91f-7ed95b5d0143,1,21,0.119708,0
84b3c118-50d2-45a5-a91f-7ed95b5d0143,1,22,0.036518,0
84b3c118-50d2-45a5-a91f-7ed95b5d0143,1,23,0.222898,0
84b3c118-50d2-45a5-a91f-7ed95b5d0143,1,24,0.035073,0
84b3c118-50d2-45a5-a91f-7ed95b5d0143,1,25,0.094853,0
84b3c118-50d2-45a5-a91f-7ed95b5d0143,1,26,0.041930,0
84b3c118-50d2-45a5-a91f-7ed95b5d0143,1,27,0.087972,0
84b3c118-50d2-45a5-a91f-7ed95b5d0143,1,28,0.049605,0
84b3c118-50d2-45a5-a91f-7ed95b5d0143,1,29,0.039824,0
84b3c118-50d2-45a5-a91f-7ed95b5d0143,2,0,0.066637,0
84b3c118-50d2-45a5-a91f-7ed95b5d0143,2,1,0.377024,0
84b3c118-50d2-45a5-a91f-7ed95b5d0143,2,2,0.511298,1
84b3c118-50d2-45a5-a91f-7ed95b5d0143,2,3,0.148162,0
84b3c118-50d2-45a5-a91f-7ed95b5d0143,2,4,0.198129,0
84b3c118-50d2-45a5-a91f-7ed95b5d0143,2,5,0.272347,0
84b3c118-50d2-45a5-a91f-7ed95b5d0143,2,6,0.553863,1
84b3c118-50d2-45a5-a91f-7ed95b5d0143,2,7,0.297802,0
84b3c118-50d2-45a5-a91f-7ed95b5d0143,2,8,0.281825,0
84b3c118-50d2-45a5-a91f-7ed95b5d0143,2,9,0.677834,1
84b3c118-50d2-45a5-a91f-7ed95b5d0143,2,10,0.347476,0
84b3c118-50d2-45a5-a91f-7ed95b5d0143,2,11,0.863333,1
84b3c118-50d2-45a5-a91f-7ed95b5d0143,2,12,0.301905,0
84b3c118-50d2-45a5-a91f-7ed95b5d0143,2,13,0.083462,0
84b3c118-50d2-45a5-a91f-7ed95b5d0143,2,14,0.037289,0
84b3c118-50d2-45a5-a91f-7ed95b5d0143,2,15,0.047625,0
84b3c118-50d2-45a5-a91f-7ed95b5d0143,2,16,0.035920,0
84b3c118-50d2-45a5-a91f-7ed95b5d0143,2,17,0.046043,0
84b3c118-50d2-45a5-a91f-7ed95b5d0143,2,18,0.118825,0
84b3c118-50d2-45a5-a91f-7ed95b5d0143,2,19,0.034176,0
84b3c118-50d2-45a5-a91f-7ed95b5d0143,2,20,0.039820,0
84b3c118-50d2-45a5-a91f-7ed95b5d0143,2,21,0.042037,0
84b3c118-50d2-45a5-a91f-7ed95b5d0143,2,22,0.037376,0
84b3c118-50d2-45a5-a91f-7ed95b5d0143,2,23,0.034869,0
84b3c118-50d2-45a5-a91f-7ed95b5d0143,2,24,0.171917,0
84b3c118-50d2-45a5-a91f-7ed95b5d0143,2,25,0.055326,0
84b3c118-50d2-45a5-a91f-7ed95b5d0143,2,26,0.059752,0
84b3c118-50d2-45a5-a91f-7ed95b5d0143,2,27,0.111290,0
84b3c118-50d2-45a5-a91f-7ed95b5d0143,2,28,0.069343,0
84b3c118-50d2-45a5-a91f-7ed95b5d0143,2,29,0.085020,0
84b3c118-50d2-45a5-a91f-7ed95b5d0143,2,30,0.281824,0
84b3c118-50d2-45a5-a91f-7ed95b5d0143,2,31,0.345400,0
84b3c118-50d2-45a5-a91f-7ed95b5d0143,2,32,0.227714,0
84b3c118-50d2-45a5-a91f-7ed95b5d0143,2,33,0.386023,0
84b3c118-50d2-45a5-a91f-7ed95b5d0143,2,34,0.167439,0
84b3c118-50d2-45a5-a91f-7ed95b5d0143,2,35,0.227013,0
84b3c118-50d2-45a5-a91f-7ed95b5d0143,2,36,0.124796,0
84b3c118-50d2-45a5-a91f-7ed95b5d0143,2,37,0.034753,0
84b3c118-50d2-45a5-a91f-7ed95b5d0143,2,38,0.038129,0
84b3c118-50d2-45a5-a91f-7ed95b5d0143,2,39,0.037418,0
84b3c118-50d2-45a5-a91f-7ed95b5d0143,2,40,0.033755,0
84b3c118-50d2-45a5-a91f-7ed95b5d0143,2,41,0.067924,0
84b3c118-50d2-45a5-a91f-7ed95b5d0143,2,42,0.062563,0
84b3c118-50d2-45a5-a91f-7ed95b5d0143,2,43,0.264675,0
84b3c118-50d2-45a5-a91f-7ed95b5d0143,2,44,0.038311,0
84b3c118-50d2-45a5-a91f-7ed95b5d0143,2,45,0.036560,0
84b3c118-50d2-45a5-a91f-7ed95b5d0143,2,46,0.946634,1
84b3c118-50d2-45a5-a91f-7ed95b5d0143,2,47,0.087489,0
84b3c118-50d2-45a5-a91f-7ed95b5d0143,2,48,0.034150,0
84b3c118-50d2-45a5-a91f-7ed95b5d0143,2,49,0.123846,0
84b3c118-50d2-45a5-a91f-7ed95b5d0143,2,50,0.269653,0
84b3c118-50d2-45a5-a91f-7ed95b5d0143,2,51,0.955068,1
84b3c118-50d2-45a5-a91f-7ed95b5d0143,2,52,0.494519,0
84b3c118-50d2-45a5-a91f-7ed95b5d0143,2,53,0.687477,1
84b3c118-50d2-45a5-a91f-7ed95b5d0143,2,54,0.237429,0
84b3c118-50d2-45a5-a91f-7ed95b5d0143,2,55,0.041981,0
84b3c118-50d2-45a5-a91f-7ed95b5d0143,2,56,0.037264,0
84b3c118-50d2-45a5-a91f-7ed95b5d0143,2,57,0.034245,0
84b3c118-50d2-45a5-a91f-7ed95b5d0143,2,58,0.037304,0
84b3c118-50d2-45a5-a91f-7ed95b5d0143,2,59,0.038097,0
84b3c118-50d2-45a5-a91f-7ed95b5d0143,2,60,0.041287,0
84b3c118-50d2-45a5-a91f-7ed95b5d0143,2,61,0.050705,0
84b3c118-50d2-45a5-a91f-7ed95b5d0143,2,62,0.040386,0
84b3c118-50d2-45a5-a91f-7ed95b5d0143,2,63,0.109343,0
84b3c118-50d2-45a5-a91f-7ed95b5d0143,2,64,0.386902,0
84b3c118-50d2-45a5-a91f-7ed95b5d0143,2,65,0.770704,1
84b3c118-50d2-45a5-a91f-7ed95b5d0143,2,66,0.504635,1
84b3c118-50d2-45a5-a91f-7ed95b5d0143,2,67,0.284426,0
84b3c118-50d2-45a5-a91f-7ed95b5d0143,2,68,0.070887,0
84b3c118-50d2-45a5-a91f-7ed95b5d0143,2,69,0.067830,0
84b3c118-50d2-45a5-a91f-7ed95b5d0143,2,70,0.271938,0
84b3c118-50d2-45a5-a91f-7ed95b5d0143,2,71,0.149930,0
84b3c118-50d2-45a5-a91f-7ed95b5d0143,2,72,0.088239,0
84b3c118-50d2-45a5-a91f-7ed95b5d0143,3,0,0.044850,0
84b3c118-50d2-45a5-a91f-7ed95b5d0143,3,1,0.189219,0
84b3c118-50d2-45a5-a91f-7ed95b5d0143,3,2,0.043685,0
84b3c118-50d2-45a5-a91f-7ed95b5d0143,3,3,0.228074,0
84b3c118-50d2-45a5-a91f-7ed95b5d0143,3,4,0.038477,0
84b3c118-50d2-45a5-a91f-7ed95b5d0143,3,5,0.046595,0
84b3c118-50d2-45a5-a91f-7ed95b5d0143,3,6,0.042336,0
84b3c118-50d2-45a5-a91f-7ed95b5d0143,3,7,0.060071,0
be026bd1-52b1-4789-bfd3-3632af17b054,1,0,0.790133,1
be026bd1-52b1-4789-bfd3-3632af17b054,1,1,0.107978,0
be026bd1-52b1-4789-bfd3-3632af17b054,1,2,0.119764,0
be026bd1-52b1-4789-bfd3-3632af17b054,1,3,0.219024,0
be026bd1-52b1-4789-bfd3-3632af17b054,1,4,0.039345,0
be026bd1-52b1-4789-bfd3-3632af17b054,1,5,0.063683,0
be026bd1-52b1-4789-bfd3-3632af17b054,1,6,0.198883,0
be026bd1-52b1-4789-bfd3-3632af17b054,1,7,0.804577,1
be026bd1-52b1-4789-bfd3-3632af17b054,1,8,0.047383,0
be026bd1-52b1-4789-bfd3-3632af17b054,1,9,0.175237,0
be026bd1-52b1-4789-bfd3-3632af17b054,1,10,0.371497,0
be026bd1-52b1-4789-bfd3-3632af17b054,1,11,0.273433,0
be026bd1-52b1-4789-bfd3-3632af17b054,1,12,0.151570,0
be026bd1-52b1-4789-bfd3-3632af17b054,2,0,0.043658,0
be026bd1-52b1-4789-bfd3-3632af17b054,2,1,0.070605,0
be026bd1-52b1-4789-bfd3-3632af17b054,2,2,0.184161,0
be026bd1-52b1-4789-bfd3-3632af17b054,2,3,0.183339,0
be026bd1-52b1-4789-bfd3-3632af17b054,2,4,0.841840,1
be026bd1-52b1-4789-bfd3-3632af17b054,2,5,0.848456,1
be026bd1-52b1-4789-bfd3-3632af17b054,2,6,0.078432,0
be026bd1-52b1-4789-bfd3-3632af17b054,2,7,0.074757,0
be026bd1-52b1-4789-bfd3-3632af17b054,2,8,0.465396,0
be026bd1-52b1-4789-bfd3-3632af17b054,2,9,0.048784,0
be026bd1-52b1-4789-bfd3-3632af17b054,2,10,0.036961,0
be026bd1-52b1-4789-bfd3-3632af17b054,2,11,0.045922,0
be026bd1-52b1-4789-bfd3-3632af17b054,2,12,0.156472,0
be026bd1-52b1-4789-bfd3-3632af17b054,2,13,0.041537,0
be026bd1-52b1-4789-bfd3-3632af17b054,2,14,0.273612,0
be026bd1-52b1-4789-bfd3-3632af17b054,2,15,0.040254,0
be026bd1-52b1-4789-bfd3-3632af17b054,2,16,0.103913,0
be026bd1-52b1-4789-bfd3-3632af17b054,2,17,0.043018,0
be026bd1-52b1-4789-bfd3-3632af17b054,2,18,0.040232,0
be026bd1-52b1-4789-bfd3-3632af17b054,2,19,0.054890,0
be026bd1-52b1-4789-bfd3-3632af17b054,2,20,0.134743,0
be026bd1-52b1-4789-bfd3-3632af17b054,2,21,0.163632,0
be026bd1-52b1-4789-bfd3-3632af17b054,2,22,0.611474,1
be026bd1-52b1-4789-bfd3-3632af17b054,2,23,0.048293,0
be026bd1-52b1-4789-bfd3-3632af17b054,2,24,0.913062,1
be026bd1-52b1-4789-bfd3-3632af17b054,2,25,0.633911,1
be026bd1-52b1-4789-bfd3-3632af17b054,2,26,0.047506,0
be026bd1-52b1-4789-bfd3-3632af17b054,2,27,0.062507,0
be026bd1-52b1-4789-bfd3-3632af17b054,2,28,0.196292,0
be026bd1-52b1-4789-bfd3-3632af17b054,2,29,0.136426,0
be026bd1-52b1-4789-bfd3-3632af17b054,2,30,0.086825,0
be026bd1-52b1-4789-bfd3-3632af17b054,2,31,0.188363,0
be026bd1-52b1-4789-bfd3-3632af17b054,2,32,0.101592,0
be026bd1-52b1-4789-bfd3-3632af17b054,3,0,0.339013,0
be026bd1-52b1-4789-bfd3-3632af17b054,3,1,0.043407,0
be026bd1-52b1-4789-bfd3-3632af17b054,3,2,0.041611,0
be026bd1-52b1-4789-bfd3-3632af17b054,3,3,0.038039,0
be026bd1-52b1-4789-bfd3-3632af17b054,3,4,0.488795,0
be026bd1-52b1-4789-bfd3-3632af17b054,3,5,0.033681,0
be026bd1-52b1-4789-bfd3-3632af17b054,3,6,0.340199,0
be026bd1-52b1-4789-bfd3-3632af17b054,3,7,0.416538,0
be026bd1-52b1-4789-bfd3-3632af17b054,3,8,0.048244,0
be026bd1-52b1-4789-bfd3-3632af17b054,3,9,0.947583,1
be026bd1-52b1-4789-bfd3-3632af17b054,3,10,0.090678,0
be026bd1-52b1-4789-bfd3-3632af17b054,3,11,0.135022,0
be026bd1-52b1-4789-bfd3-3632af17b054,3,12,0.875649,1
be026bd1-52b1-4789-bfd3-3632af17b054,3,13,0.168385,0
be026bd1-52b1-4789-bfd3-3632af17b054,3,14,0.063147,0
be026bd1-52b1-4789-bfd3-3632af17b054,3,15,0.432849,0
be026bd1-52b1-4789-bfd3-3632af17b054,3,16,0.214242,0
be026bd1-52b1-4789-bfd3-3632af17b054,3,17,0.470074,0
be026bd1-52b1-4789-bfd3-3632af17b054,3,18,0.134966,0
be026bd1-52b1-4789-bfd3-3632af17b054,3,19,0.258319,0
be026bd1-52b1-4789-bfd3-3632af17b054,3,20,0.042038,0
be026bd1-52b1-4789-bfd3-3632af17b054,3,21,0.322780,0
be026bd1-52b1-4789-bfd3-3632af17b054,3,22,0.109349,0
be026bd1-52b1-4789-bfd3-3632af17b054,3,23,0.170856,0
be026bd1-52b1-4789-bfd3-3632af17b054,3,24,0.127322,0
be026bd1-52b1-4789-bfd3-3632af17b054,3,25,0.224068,0
be026bd1-52b1-4789-bfd3-3632af17b054,3,26,0.052181,0
be026bd1-52b1-4789-bfd3-3632af17b054,3,27,0.251746,0
be026bd1-52b1-4789-bfd3-3632af17b054,3,28,0.082266,0
d16050b3-979f-4834-90db-b8823691b87e,1,0,0.710068,1
d16050b3-979f-4834-90db-b8823691b87e,1,1,0.838535,1
d16050b3-979f-4834-90db-b8823691b87e,1,2,0.076349,0
d16050b3-979f-4834-90db-b8823691b87e,1,3,0.174565,0
d16050b3-979f-4834-90db-b8823691b87e,1,4,0.285553,0
d16050b3-979f-4834-90db-b8823691b87e,1,5,0.068716,0
d16050b3-979f-4834-90db-b8823691b87e,1,6,0.139792,0
d16050b3-979f-4834-90db-b8823691b87e,1,7,0.291397,0
d16050b3-979f-4834-90db-b8823691b87e,1,8,0.057811,0
d16050b3-979f-4834-90db-b8823691b87e,1,9,0.304125,0
d16050b3-979f-4834-90db-b8823691b87e,1,10,0.119854,0
d16050b3-979f-4834-90db-b8823691b87e,1,11,0.115030,0
d16050b3-979f-4834-90db-b8823691b87e,1,12,0.152609,0
d16050b3-979f-4834-90db-b8823691b87e,1,13,0.202105,0
d16050b3-979f-4834-90db-b8823691b87e,1,14,0.100821,0
d16050b3-979f-4834-90db-b8823691b87e,1,15,0.102899,0
d16050b3-979f-4834-90db-b8823691b87e,1,16,0.200143,0
d16050b3-979f-4834-90db-b8823691b87e,1,17,0.886724,1
d16050b3-979f-4834-90db-b8823691b87e,1,18,0.525609,1
d16050b3-979f-4834-90db-b8823691b87e,1,19,0.273942,0
d16050b3-979f-4834-90db-b8823691b87e,1,20,0.179998,0
d16050b3-979f-4834-90db-b8823691b87e,1,21,0.146342,0
d16050b3-979f-4834-90db-b8823691b87e,1,22,0.246438,0
d16050b3-979f-4834-90db-b8823691b87e,1,23,0.067421,0
d16050b3-979f-4834-90db-b8823691b87e,1,24,0.068776,0
d16050b3-979f-4834-90db-b8823691b87e,1,25,0.291884,0
d16050b3-979f-4834-90db-b8823691b87e,1,26,0.114552,0
d16050b3-979f-4834-90db-b8823691b87e,1,27,0.177931,0
d16050b3-979f-4834-90db-b8823691b87e,1,28,0.220953,0
d16050b3-979f-4834-90db-b8823691b87e,1,29,0.132033,0
d16050b3-979f-4834-90db-b8823691b87e,1,30,0.182916,0
d16050b3-979f-4834-90db-b8823691b87e,1,31,0.498787,0
d16050b3-979f-4834-90db-b8823691b87e,1,32,0.487548,0
d16050b3-979f-4834-90db-b8823691b87e,1,33,0.121922,0
d16050b3-979f-4834-90db-b8823691b87e,2,0,0.917693,1
d16050b3-979f-4834-90db-b8823691b87e,2,1,0.949581,1
d16050b3-979f-4834-90db-b8823691b87e,2,2,0.874316,1
d16050b3-979f-4834-90db-b8823691b87e,2,3,0.108958,0
d16050b3-979f-4834-90db-b8823691b87e,2,4,0.055994,0
d16050b3-979f-4834-90db-b8823691b87e,2,5,0.199880,0
d16050b3-979f-4834-90db-b8823691b87e,2,6,0.472291,0
d16050b3-979f-4834-90db-b8823691b87e,2,7,0.038407,0
d16050b3-979f-4834-90db-b8823691b87e,2,8,0.048565,0
d16050b3-979f-4834-90db-b8823691b87e,2,9,0.046182,0
d16050b3-979f-4834-90db-b8823691b87e,2,10,0.195822,0
d16050b3-979f-4834-90db-b8823691b87e,2,11,0.171229,0
d16050b3-979f-4834-90db-b8823691b87e,2,12,0.725315,1
d16050b3-979f-4834-90db-b8823691b87e,2,13,0.253657,0
d16050b3-979f-4834-90db-b8823691b87e,2,14,0.245803,0
d16050b3-979f-4834-90db-b8823691b87e,2,15,0.317365,0
d16050b3-979f-4834-90db-b8823691b87e,2,16,0.036012,0
d16050b3-979f-4834-90db-b8823691b87e,2,17,0.147474,0
d16050b3-979f-4834-90db-b8823691b87e,2,18,0.278494,0
d16050b3-979f-4834-90db-b8823691b87e,2,19,0.236294,0
d16050b3-979f-4834-90db-b8823691b87e,2,20,0.041708,0
d16050b3-979f-4834-90db-b8823691b87e,2,21,0.088921,0
d16050b3-979f-4834-90db-b8823691b87e,2,22,0.777065,1
d16050b3-979f-4834-90db-b8823691b87e,2,23,0.289662,0
d16050b3-979f-4834-90db-b8823691b87e,2,24,0.787267,1
d16050b3-979f-4834-90db-b8823691b87e,2,25,0.940346,1
d16050b3-979f-4834-90db-b8823691b87e,2,26,0.121418,0
d16050b3-979f-4834-90db-b8823691b87e,2,27,0.164468,0
d16050b3-979f-4834-90db-b8823691b87e,2,28,0.036544,0
d16050b3-979f-4834-90db-b8823691b87e,2,29,0.123018,0
d16050b3-979f-4834-90db-b8823691b87e,3,0,0.939579,1
d16050b3-979f-4834-90db-b8823691b87e,3,1,0.954550,1
d16050b3-979f-4834-90db-b8823691b87e,3,2,0.888680,1
d16050b3-979f-4834-90db-b8823691b87e,3,3,0.334850,0
d16050b3-979f-4834-90db-b8823691b87e,3,4,0.246266,0
d16050b3-979f-4834-90db-b8823691b87e,3,5,0.064984,0
d16050b3-979f-4834-90db-b8823691b87e,3,6,0.539969,1
d16050b3-979f-4834-90db-b8823691b87e,3,7,0.673012,1
d16050b3-979f-4834-90db-b8823691b87e,3,8,0.232142,0
d16050b3-979f-4834-90db-b8823691b87e,3,9,0.970741,1
d16050b3-979f-4834-90db-b8823691b87e,3,10,0.173249,0
d16050b3-979f-4834-90db-b8823691b87e,3,11,0.066182,0
d16050b3-979f-4834-90db-b8823691b87e,3,12,0.927496,1
d16050b3-979f-4834-90db-b8823691b87e,3,13,0.166391,0
d16050b3-979f-4834-90db-b8823691b87e,3,14,0.101421,0
d16050b3-979f-4834-90db-b8823691b87e,3,15,0.129411,0
dd1e6e3b-f36c-4064-8ef9-940984e9afa2,1,0,0.039507,0
dd1e6e3b-f36c-4064-8ef9-940984e9afa2,1,1,0.894003,1
dd1e6e3b-f36c-4064-8ef9-940984e9afa2,1,2,0.890693,1
dd1e6e3b-f36c-4064-8ef9-940984e9afa2,1,3,0.039938,0
dd1e6e3b-f36c-4064-8ef9-940984e9afa2,1,4,0.247921,0
dd1e6e3b-f36c-4064-8ef9-940984e9afa2,1,5,0.932124,1
dd1e6e3b-f36c-4064-8ef9-940984e9afa2,1,6,0.112181,0
dd1e6e3b-f36c-4064-8ef9-940984e9afa2,1,7,0.422489,0
dd1e6e3b-f36c-4064-8ef9-940984e9afa2,1,8,0.196695,0
dd1e6e3b-f36c-4064-8ef9-940984e9afa2,1,9,0.151001,0
dd1e6e3b-f36c-4064-8ef9-940984e9afa2,1,10,0.252472,0
dd1e6e3b-f36c-4064-8ef9-940984e9afa2,1,11,0.160981,0
dd1e6e3b-f36c-4064-8ef9-940984e9afa2,1,12,0.071478,0
dd1e6e3b-f36c-4064-8ef9-940984e9afa2,1,13,0.267461,0
dd1e6e3b-f36c-4064-8ef9-940984e9afa2,1,14,0.036418,0
dd1e6e3b-f36c-4064-8ef9-940984e9afa2,1,15,0.038728,0
dd1e6e3b-f36c-4064-8ef9-940984e9afa2,1,16,0.037105,0
dd1e6e3b-f36c-4064-8ef9-940984e9afa2,1,17,0.151483,0
dd1e6e3b-f36c-4064-8ef9-940984e9afa2,1,18,0.359374,0
dd1e6e3b-f36c-4064-8ef9-940984e9afa2,1,19,0.044070,0
dd1e6e3b-f36c-4064-8ef9-940984e9afa2,1,20,0.075273,0
dd1e6e3b-f36c-4064-8ef9-940984e9afa2,1,21,0.144924,0
dd1e6e3b-f36c-4064-8ef9-940984e9afa2,1,22,0.618013,1
dd1e6e3b-f36c-4064-8ef9-940984e9afa2,1,23,0.804465,1
dd1e6e3b-f36c-4064-8ef9-940984e9afa2,1,24,0.276717,0
dd1e6e3b-f36c-4064-8ef9-940984e9afa2,1,25,0.047139,0
dd1e6e3b-f36c-4064-8ef9-940984e9afa2,1,26,0.355085,0
dd1e6e3b-f36c-4064-8ef9-940984e9afa2,1,27,0.946694,1
dd1e6e3b-f36c-4064-8ef9-940984e9afa2,1,28,0.388264,0
dd1e6e3b-f36c-4064-8ef9-940984e9afa2,1,29,0.739396,1
dd1e6e3b-f36c-4064-8ef9-940984e9afa2,1,30,0.205959,0
dd1e6e3b-f36c-4064-8ef9-940984e9afa2,1,31,0.649621,1
dd1e6e3b-f36c-4064-8ef9-940984e9afa2,1,32,0.057463,0
dd1e6e3b-f36c-4064-8ef9-940984e9afa2,1,33,0.035089,0
dd1e6e3b-f36c-4064-8ef9-940984e9afa2,1,34,0.101992,0
dd1e6e3b-f36c-4064-8ef9-940984e9afa2,2,0,0.335646,0
dd1e6e3b-f36c-4064-8ef9-940984e9afa2,2,1,0.034256,0
dd1e6e3b-f36c-4064-8ef9-940984e9afa2,2,2,0.037492,0
dd1e6e3b-f36c-4064-8ef9-940984e9afa2,2,3,0.036565,0
dd1e6e3b-f36c-4064-8ef9-940984e9afa2,2,4,0.141004,0
dd1e6e3b-f36c-4064-8ef9-940984e9afa2,2,5,0.055625,0
dd1e6e3b-f36c-4064-8ef9-940984e9afa2,2,6,0.327900,0
dd1e6e3b-f36c-4064-8ef9-940984e9afa2,2,7,0.067444,0
dd1e6e3b-f36c-4064-8ef9-940984e9afa2,2,8,0.046261,0
dd1e6e3b-f36c-4064-8ef9-940984e9afa2,2,9,0.228592,0
dd1e6e3b-f36c-4064-8ef9-940984e9afa2,2,10,0.039687,0
dd1e6e3b-f36c-4064-8ef9-940984e9afa2,2,11,0.067440,0
dd1e6e3b-f36c-4064-8ef9-940984e9afa2,2,12,0.052578,0
dd1e6e3b-f36c-4064-8ef9-940984e9afa2,2,13,0.267461,0
dd1e6e3b-f36c-4064-8ef9-940984e9afa2,2,14,0.060105,0
dd1e6e3b-f36c-4064-8ef9-940984e9afa2,2,15,0.056704,0
dd1e6e3b-f36c-4064-8ef9-940984e9afa2,2,16,0.048883,0
dd1e6e3b-f36c-4064-8ef9-940984e9afa2,2,17,0.754594,1
dd1e6e3b-f36c-4064-8ef9-940984e9afa2,2,18,0.935567,1
dd1e6e3b-f36c-4064-8ef9-940984e9afa2,2,19,0.039248,0
dd1e6e3b-f36c-4064-8ef9-940984e9afa2,2,20,0.214331,0
dd1e6e3b-f36c-4064-8ef9-940984e9afa2,2,21,0.124488,0
dd1e6e3b-f36c-4064-8ef9-940984e9afa2,2,22,0.205440,0
dd1e6e3b-f36c-4064-8ef9-940984e9afa2,2,23,0.177881,0
dd1e6e3b-f36c-4064-8ef9-940984e9afa2,2,24,0.083929,0
dd1e6e3b-f36c-4064-8ef9-940984e9afa2,2,25,0.052974,0
dd1e6e3b-f36c-4064-8ef9-940984e9afa2,2,26,0.231298,0
dd1e6e3b-f36c-4064-8ef9-940984e9afa2,2,27,0.389915,0
dd1e6e3b-f36c-4064-8ef9-940984e9afa2,3,0,0.278021,0
dd1e6e3b-f36c-4064-8ef9-940984e9afa2,3,1,0.040245,0
dd1e6e3b-f36c-4064-8ef9-940984e9afa2,3,2,0.048246,0
dd1e6e3b-f36c-4064-8ef9-940984e9afa2,3,3,0.038373,0
dd1e6e3b-f36c-4064-8ef9-940984e9afa2,3,4,0.035904,0
dd1e6e3b-f36c-4064-8ef9-940984e9afa2,3,5,0.045501,0
dd1e6e3b-f36c-4064-8ef9-940984e9afa2,3,6,0.143351,0
dd1e6e3b-f36c-4064-8ef9-940984e9afa2,3,7,0.094747,0
dd1e6e3b-f36c-4064-8ef9-940984e9afa2,3,8,0.048215,0
dd1e6e3b-f36c-4064-8ef9-940984e9afa2,3,9,0.237898,0
dd1e6e3b-f36c-4064-8ef9-940984e9afa2,3,10,0.251770,0
dd1e6e3b-f36c-4064-8ef9-940984e9afa2,3,11,0.252317,0
dd1e6e3b-f36c-4064-8ef9-940984e9afa2,3,12,0.100673,0
dd1e6e3b-f36c-4064-8ef9-940984e9afa2,3,13,0.040276,0
dd1e6e3b-f36c-4064-8ef9-940984e9afa2,3,14,0.048146,0
dd1e6e3b-f36c-4064-8ef9-940984e9afa2,3,15,0.180060,0
dd1e6e3b-f36c-4064-8ef9-940984e9afa2,3,16,0.063868,0
dd1e6e3b-f36c-4064-8ef9-940984e9afa2,3,17,0.095038,0
dd1e6e3b-f36c-4064-8ef9-940984e9afa2,3,18,0.131449,0
dd1e6e3b-f36c-4064-8ef9-940984e9afa2,3,19,0.111550,0
dd1e6e3b-f36c-4064-8ef9-940984e9afa2,3,20,0.181289,0
dd1e6e3b-f36c-4064-8ef9-940984e9afa2,3,21,0.189288,0
dd1e6e3b-f36c-4064-8ef9-940984e9afa2,3,22,0.037872,0
dd1e6e3b-f36c-4064-8ef9-940984e9afa2,3,23,0.049804,0
dd1e6e3b-f36c-4064-8ef9-940984e9afa2,3,24,0.059057,0
dd1e6e3b-f36c-4064-8ef9-940984e9afa2,3,25,0.033727,0
df6a55fb-dfe5-4362-89a6-8c040d648a70,1,0,0.032178,0
df6a55fb-dfe5-4362-89a6-8c040d648a70,1,1,0.035111,0
df6a55fb-dfe5-4362-89a6-8c040d648a70,1,2,0.036775,0
df6a55fb-dfe5-4362-89a6-8c040d648a70,1,3,0.040629,0
df6a55fb-dfe5-4362-89a6-8c040d648a70,1,4,0.038997,0
df6a55fb-dfe5-4362-89a6-8c040d648a70,1,5,0.039390,0
df6a55fb-dfe5-4362-89a6-8c040d648a70,1,6,0.063883,0
df6a55fb-dfe5-4362-89a6-8c040d648a70,1,7,0.077802,0
df6a55fb-dfe5-4362-89a6-8c040d648a70,1,8,0.043799,0
df6a55fb-dfe5-4362-89a6-8c040d648a70,1,9,0.404142,0
df6a55fb-dfe5-4362-89a6-8c040d648a70,1,10,0.064077,0
df6a55fb-dfe5-4362-89a6-8c040d648a70,1,11,0.091647,0
df6a55fb-dfe5-4362-89a6-8c040d648a70,1,12,0.233639,0
df6a55fb-dfe5-4362-89a6-8c040d648a70,1,13,0.171540,0
df6a55fb-dfe5-4362-89a6-8c040d648a70,1,14,0.170504,0
df6a55fb-dfe5-4362-89a6-8c040d648a70,1,15,0.093471,0
df6a55fb-dfe5-4362-89a6-8c040d648a70,1,16,0.276827,0
df6a55fb-dfe5-4362-89a6-8c040d648a70,1,17,0.192117,0
df6a55fb-dfe5-4362-89a6-8c040d648a70,2,0,0.032255,0
df6a55fb-dfe5-4362-89a6-8c040d648a70,2,1,0.034661,0
df6a55fb-dfe5-4362-89a6-8c040d648a70,2,2,0.043267,0
df6a55fb-dfe5-4362-89a6-8c040d648a70,2,3,0.074437,0
df6a55fb-dfe5-4362-89a6-8c040d648a70,2,4,0.086606,0
df6a55fb-dfe5-4362-89a6-8c040d648a70,2,5,0.059205,0
df6a55fb-dfe5-4362-89a6-8c040d648a70,2,6,0.062653,0
df6a55fb-dfe5-4362-89a6-8c040d648a70,2,7,0.043427,0
df6a55fb-dfe5-4362-89a6-8c040d648a70,2,8,0.048857,0
df6a55fb-dfe5-4362-89a6-8c040d648a70,2,9,0.052003,0
df6a55fb-dfe5-4362-89a6-8c040d648a70,2,10,0.058495,0
df6a55fb-dfe5-4362-89a6-8c040d648a70,3,0,0.036146,0
df6a55fb-dfe5-4362-89a6-8c040d648a70,3,1,0.032337,0
df6a55fb-dfe5-4362-89a6-8c040d648a70,3,2,0.042202,0
df6a55fb-dfe5-4362-89a6-8c040d648a70,3,3,0.141836,0
df6a55fb-dfe5-4362-89a6-8c040d648a70,3,4,0.033081,0
df6a55fb-dfe5-4362-89a6-8c040d648a70,3,5,0.040943,0
df6a55fb-dfe5-4362-89a6-8c040d648a70,3,6,0.043123,0
df6a55fb-dfe5-4362-89a6-8c040d648a70,3,7,0.034336,0
df6a55fb-dfe5-4362-89a6-8c040d648a70,3,8,0.334289,0
df6a55fb-dfe5-4362-89a6-8c040d648a70,3,9,0.047177,0
df6a55fb-dfe5-4362-89a6-8c040d648a70,3,10,0.037076,0
df6a55fb-dfe5-4362-89a6-8c040d648a70,3,11,0.040891,0
df6a55fb-dfe5-4362-89a6-8c040d648a70,3,12,0.256273,0
df6a55fb-dfe5-4362-89a6-8c040d648a70,3,13,0.034085,0
df6a55fb-dfe5-4362-89a6-8c040d648a70,3,14,0.701505,1
df6a55fb-dfe5-4362-89a6-8c040d648a70,3,15,0.276763,0
df6a55fb-dfe5-4362-89a6-8c040d648a70,3,16,0.083498,0
df6a55fb-dfe5-4362-89a6-8c040d648a70,3,17,0.034830,0
df6a55fb-dfe5-4362-89a6-8c040d648a70,3,18,0.043323,0
df6a55fb-dfe5-4362-89a6-8c040d648a70,3,19,0.057280,0
df6a55fb-dfe5-4362-89a6-8c040d648a70,3,20,0.051217,0
df6a55fb-dfe5-4362-89a6-8c040d648a70,3,21,0.035470,0
01c59743-7082-44fc-8414-3c04126f470f,1,0,0.062711,0
01c59743-7082-44fc-8414-3c04126f470f,1,1,0.047322,0
01c59743-7082-44fc-8414-3c04126f470f,1,2,0.067524,0
01c59743-7082-44fc-8414-3c04126f470f,1,3,0.363212,0
01c59743-7082-44fc-8414-3c04126f470f,1,4,0.036014,0
01c59743-7082-44fc-8414-3c04126f470f,1,5,0.036118,0
01c59743-7082-44fc-8414-3c04126f470f,1,6,0.042608,0
01c59743-7082-44fc-8414-3c04126f470f,1,7,0.039394,0
01c59743-7082-44fc-8414-3c04126f470f,1,8,0.329528,0
01c59743-7082-44fc-8414-3c04126f470f,1,9,0.058645,0
01c59743-7082-44fc-8414-3c04126f470f,1,10,0.091063,0
01c59743-7082-44fc-8414-3c04126f470f,1,11,0.102414,0
01c59743-7082-44fc-8414-3c04126f470f,1,12,0.329451,0
01c59743-7082-44fc-8414-3c04126f470f,1,13,0.036092,0
01c59743-7082-44fc-8414-3c04126f470f,1,14,0.132915,0
01c59743-7082-44fc-8414-3c04126f470f,1,15,0.133480,0
01c59743-7082-44fc-8414-3c04126f470f,1,16,0.038099,0
01c59743-7082-44fc-8414-3c04126f470f,1,17,0.056091,0
01c59743-7082-44fc-8414-3c04126f470f,1,18,0.110939,0
01c59743-7082-44fc-8414-3c04126f470f,1,19,0.049042,0
01c59743-7082-44fc-8414-3c04126f470f,1,20,0.095917,0
01c59743-7082-44fc-8414-3c04126f470f,1,21,0.046480,0
01c59743-7082-44fc-8414-3c04126f470f,1,22,0.130971,0
01c59743-7082-44fc-8414-3c04126f470f,1,23,0.972425,1
01c59743-7082-44fc-8414-3c04126f470f,1,24,0.418448,0
01c59743-7082-44fc-8414-3c04126f470f,1,25,0.968641,1
01c59743-7082-44fc-8414-3c04126f470f,1,26,0.040558,0
01c59743-7082-44fc-8414-3c04126f470f,1,27,0.092808,0
01c59743-7082-44fc-8414-3c04126f470f,1,28,0.059263,0
01c59743-7082-44fc-8414-3c04126f470f,1,29,0.070851,0
01c59743-7082-44fc-8414-3c04126f470f,2,0,0.080696,0
01c59743-7082-44fc-8414-3c04126f470f,2,1,0.245328,0
01c59743-7082-44fc-8414-3c04126f470f,2,2,0.251677,0
01c59743-7082-44fc-8414-3c04126f470f,2,3,0.044764,0
01c59743-7082-44fc-8414-3c04126f470f,2,4,0.044677,0
01c59743-7082-44fc-8414-3c04126f470f,2,5,0.036718,0
01c59743-7082-44fc-8414-3c04126f470f,2,6,0.198174,0
01c59743-7082-44fc-8414-3c04126f470f,2,7,0.081505,0
01c59743-7082-44fc-8414-3c04126f470f,2,8,0.228384,0
01c59743-7082-44fc-8414-3c04126f470f,2,9,0.221535,0
01c59743-7082-44fc-8414-3c04126f470f,2,10,0.038104,0
01c59743-7082-44fc-8414-3c04126f470f,2,11,0.035488,0
01c59743-7082-44fc-8414-3c04126f470f,2,12,0.046469,0
01c59743-7082-44fc-8414-3c04126f470f,2,13,0.032110,0
01c59743-7082-44fc-8414-3c04126f470f,2,14,0.053206,0
01c59743-7082-44fc-8414-3c04126f470f,2,15,0.503859,1
01c59743-7082-44fc-8414-3c04126f470f,2,16,0.090499,0
01c59743-7082-44fc-8414-3c04126f470f,2,17,0.817089,1
01c59743-7082-44fc-8414-3c04126f470f,2,18,0.185583,0
01c59743-7082-44fc-8414-3c04126f470f,2,19,0.039818,0
01c59743-7082-44fc-8414-3c04126f470f,2,20,0.195525,0
01c59743-7082-44fc-8414-3c04126f470f,2,21,0.057184,0
01c59743-7082-44fc-8414-3c04126f470f,2,22,0.519705,1
01c59743-7082-44fc-8414-3c04126f470f,2,23,0.191034,0
01c59743-7082-44fc-8414-3c04126f470f,2,24,0.507019,1
01c59743-7082-44fc-8414-3c04126f470f,2,25,0.501692,1
01c59743-7082-44fc-8414-3c04126f470f,2,26,0.119605,0
01c59743-7082-44fc-8414-3c04126f470f,2,27,0.259677,0
01c59743-7082-44fc-8414-3c04126f470f,2,28,0.078673,0
01c59743-7082-44fc-8414-3c04126f470f,2,29,0.050547,0
01c59743-7082-44fc-8414-3c04126f470f,2,30,0.278385,0
01c59743-7082-44fc-8414-3c04126f470f,2,31,0.037660,0
01c59743-7082-44fc-8414-3c04126f470f,2,32,0.256624,0
01c59743-7082-44fc-8414-3c04126f470f,2,33,0.342474,0
01c59743-7082-44fc-8414-3c04126f470f,2,34,0.156245,0
01c59743-7082-44fc-8414-3c04126f470f,2,35,0.382875,0
01c59743-7082-44fc-8414-3c04126f470f,2,36,0.033454,0
01c59743-7082-44fc-8414-3c04126f470f,2,37,0.387682,0
01c59743-7082-44fc-8414-3c04126f470f,2,38,0.193541,0
01c59743-7082-44fc-8414-3c04126f470f,2,39,0.169215,0
01c59743-7082-44fc-8414-3c04126f470f,2,40,0.205797,0
01c59743-7082-44fc-8414-3c04126f470f,2,41,0.739983,1
01c59743-7082-44fc-8414-3c04126f470f,2,42,0.661612,1
01c59743-7082-44fc-8414-3c04126f470f,2,43,0.033225,0
01c59743-7082-44fc-8414-3c04126f470f,2,44,0.037317,0
01c59743-7082-44fc-8414-3c04126f470f,2,45,0.457506,0
01c59743-7082-44fc-8414-3c04126f470f,2,46,0.058036,0
01c59743-7082-44fc-8414-3c04126f470f,2,47,0.133213,0
01c59743-7082-44fc-8414-3c04126f470f,2,48,0.771463,1
01c59743-7082-44fc-8414-3c04126f470f,2,49,0.903453,1
01c59743-7082-44fc-8414-3c04126f470f,3,0,0.035091,0
01c59743-7082-44fc-8414-3c04126f470f,3,1,0.032822,0
01c59743-7082-44fc-8414-3c04126f470f,3,2,0.364843,0
01c59743-7082-44fc-8414-3c04126f470f,3,3,0.032235,0
01c59743-7082-44fc-8414-3c04126f470f,3,4,0.044961,0
01c59743-7082-44fc-8414-3c04126f470f,3,5,0.049784,0
01c59743-7082-44fc-8414-3c04126f470f,3,6,0.054233,0
01c59743-7082-44fc-8414-3c04126f470f,3,7,0.149020,0
01c59743-7082-44fc-8414-3c04126f470f,3,8,0.202965,0
01c59743-7082-44fc-8414-3c04126f470f,3,9,0.053263,0
01c59743-7082-44fc-8414-3c04126f470f,3,10,0.206794,0
01c59743-7082-44fc-8414-3c04126f470f,3,11,0.097389,0
01c59743-7082-44fc-8414-3c04126f470f,3,12,0.047514,0
01c59743-7082-44fc-8414-3c04126f470f,3,13,0.312189,0
01c59743-7082-44fc-8414-3c04126f470f,3,14,0.138222,0
01c59743-7082-44fc-8414-3c04126f470f,3,15,0.169523,0
01c59743-7082-44fc-8414-3c04126f470f,3,16,0.397839,0
01c59743-7082-44fc-8414-3c04126f470f,3,17,0.152676,0
01c59743-7082-44fc-8414-3c04126f470f,3,18,0.613607,1
01c59743-7082-44fc-8414-3c04126f470f,3,19,0.041871,0
01c59743-7082-44fc-8414-3c04126f470f,3,20,0.046313,0
01c59743-7082-44fc-8414-3c04126f470f,3,21,0.033680,0
01c59743-7082-44fc-8414-3c04126f470f,3,22,0.776374,1
01c59743-7082-44fc-8414-3c04126f470f,3,23,0.853647,1
01c59743-7082-44fc-8414-3c04126f470f,3,24,0.285534,0
01c59743-7082-44fc-8414-3c04126f470f,3,25,0.164895,0
01c59743-7082-44fc-8414-3c04126f470f,3,26,0.815200,1
01c59743-7082-44fc-8414-3c04126f470f,3,27,0.092034,0
01c59743-7082-44fc-8414-3c04126f470f,3,28,0.035464,0
01c59743-7082-44fc-8414-3c04126f470f,3,29,0.357475,0
01c59743-7082-44fc-8414-3c04126f470f,3,30,0.047536,0
01c59743-7082-44fc-8414-3c04126f470f,3,31,0.038559,0
06ffda2d-1caf-45ba-99e2-268aac1bf0e1,1,0,0.073978,0
06ffda2d-1caf-45ba-99e2-268aac1bf0e1,1,1,0.073986,0
06ffda2d-1caf-45ba-99e2-268aac1bf0e1,1,2,0.039043,0
06ffda2d-1caf-45ba-99e2-268aac1bf0e1,1,3,0.043097,0
06ffda2d-1caf-45ba-99e2-268aac1bf0e1,1,4,0.047367,0
06ffda2d-1caf-45ba-99e2-268aac1bf0e1,1,5,0.075098,0
06ffda2d-1caf-45ba-99e2-268aac1bf0e1,1,6,0.088736,0
06ffda2d-1caf-45ba-99e2-268aac1bf0e1,1,7,0.083092,0
06ffda2d-1caf-45ba-99e2-268aac1bf0e1,1,8,0.150888,0
06ffda2d-1caf-45ba-99e2-268aac1bf0e1,1,9,0.052202,0
06ffda2d-1caf-45ba-99e2-268aac1bf0e1,1,10,0.425445,0
06ffda2d-1caf-45ba-99e2-268aac1bf0e1,1,11,0.053314,0
06ffda2d-1caf-45ba-99e2-268aac1bf0e1,1,12,0.038461,0
06ffda2d-1caf-45ba-99e2-268aac1bf0e1,1,13,0.552252,1
06ffda2d-1caf-45ba-99e2-268aac1bf0e1,1,14,0.625096,1
06ffda2d-1caf-45ba-99e2-268aac1bf0e1,2,0,0.234649,0
06ffda2d-1caf-45ba-99e2-268aac1bf0e1,2,1,0.051120,0
06ffda2d-1caf-45ba-99e2-268aac1bf0e1,2,2,0.042546,0
06ffda2d-1caf-45ba-99e2-268aac1bf0e1,2,3,0.055565,0
06ffda2d-1caf-45ba-99e2-268aac1bf0e1,2,4,0.089814,0
06ffda2d-1caf-45ba-99e2-268aac1bf0e1,2,5,0.047565,0
06ffda2d-1caf-45ba-99e2-268aac1bf0e1,2,6,0.330074,0
06ffda2d-1caf-45ba-99e2-268aac1bf0e1,2,7,0.076477,0
06ffda2d-1caf-45ba-99e2-268aac1bf0e1,2,8,0.047182,0
06ffda2d-1caf-45ba-99e2-268aac1bf0e1,2,9,0.040484,0
06ffda2d-1caf-45ba-99e2-268aac1bf0e1,2,10,0.096420,0
06ffda2d-1caf-45ba-99e2-268aac1bf0e1,2,11,0.033541,0
06ffda2d-1caf-45ba-99e2-268aac1bf0e1,2,12,0.035224,0
06ffda2d-1caf-45ba-99e2-268aac1bf0e1,2,13,0.074868,0
06ffda2d-1caf-45ba-99e2-268aac1bf0e1,2,14,0.038723,0
06ffda2d-1caf-45ba-99e2-268aac1bf0e1,2,15,0.085718,0
06ffda2d-1caf-45ba-99e2-268aac1bf0e1,2,16,0.037304,0
06ffda2d-1caf-45ba-99e2-268aac1bf0e1,2,17,0.515735,1
06ffda2d-1caf-45ba-99e2-268aac1bf0e1,2,18,0.055208,0
06ffda2d-1caf-45ba-99e2-268aac1bf0e1,2,19,0.092804,0
06ffda2d-1caf-45ba-99e2-268aac1bf0e1,2,20,0.044028,0
06ffda2d-1caf-45ba-99e2-268aac1bf0e1,2,21,0.063245,0
06ffda2d-1caf-45ba-99e2-268aac1bf0e1,2,22,0.069537,0
06ffda2d-1caf-45ba-99e2-268aac1bf0e1,3,0,0.169722,0
06ffda2d-1caf-45ba-99e2-268aac1bf0e1,3,1,0.035354,0
06ffda2d-1caf-45ba-99e2-268aac1bf0e1,3,2,0.063655,0
06ffda2d-1caf-45ba-99e2-268aac1bf0e1,3,3,0.103387,0
06ffda2d-1caf-45ba-99e2-268aac1bf0e1,3,4,0.061255,0
06ffda2d-1caf-45ba-99e2-268aac1bf0e1,3,5,0.051725,0
06ffda2d-1caf-45ba-99e2-268aac1bf0e1,3,6,0.139207,0
06ffda2d-1caf-45ba-99e2-268aac1bf0e1,3,7,0.168039,0
06ffda2d-1caf-45ba-99e2-268aac1bf0e1,3,8,0.174227,0
06ffda2d-1caf-45ba-99e2-268aac1bf0e1,3,9,0.369409,0
06ffda2d-1caf-45ba-99e2-268aac1bf0e1,3,10,0.185082,0
06ffda2d-1caf-45ba-99e2-268aac1bf0e1,3,11,0.037098,0
06ffda2d-1caf-45ba-99e2-268aac1bf0e1,3,12,0.225207,0
06ffda2d-1caf-45ba-99e2-268aac1bf0e1,3,13,0.037123,0
06ffda2d-1caf-45ba-99e2-268aac1bf0e1,3,14,0.772644,1
06ffda2d-1caf-45ba-99e2-268aac1bf0e1,3,15,0.049788,0
06ffda2d-1caf-45ba-99e2-268aac1bf0e1,3,16,0.343392,0
06ffda2d-1caf-45ba-99e2-268aac1bf0e1,3,17,0.033694,0
06ffda2d-1caf-45ba-99e2-268aac1bf0e1,3,18,0.036294,0
06ffda2d-1caf-45ba-99e2-268aac1bf0e1,3,19,0.040822,0
06ffda2d-1caf-45ba-99e2-268aac1bf0e1,3,20,0.096075,0
06ffda2d-1caf-45ba-99e2-268aac1bf0e1,3,21,0.045639,0
06ffda2d-1caf-45ba-99e2-268aac1bf0e1,3,22,0.107994,0
1ed4f378-b9d4-43b8-8d50-53d0cc063332,1,0,0.939608,1
1ed4f378-b9d4-43b8-8d50-53d0cc063332,1,1,0.442368,0
1ed4f378-b9d4-43b8-8d50-53d0cc063332,1,2,0.851743,1
1ed4f378-b9d4-43b8-8d50-53d0cc063332,1,3,0.191499,0
1ed4f378-b9d4-43b8-8d50-53d0cc063332,1,4,0.868054,1
1ed4f378-b9d4-43b8-8d50-53d0cc063332,1,5,0.115309,0
1ed4f378-b9d4-43b8-8d50-53d0cc063332,1,6,0.195260,0
1ed4f378-b9d4-43b8-8d50-53d0cc063332,1,7,0.053210,0
1ed4f378-b9d4-43b8-8d50-53d0cc063332,1,8,0.119152,0
1ed4f378-b9d4-43b8-8d50-53d0cc063332,1,9,0.150718,0
1ed4f378-b9d4-43b8-8d50-53d0cc063332,1,10,0.645219,1
1ed4f378-b9d4-43b8-8d50-53d0cc063332,1,11,0.170408,0
1ed4f378-b9d4-43b8-8d50-53d0cc063332,1,12,0.201377,0
1ed4f378-b9d4-43b8-8d50-53d0cc063332,1,13,0.203968,0
1ed4f378-b9d4-43b8-8d50-53d0cc063332,1,14,0.276583,0
1ed4f378-b9d4-43b8-8d50-53d0cc063332,1,15,0.054313,0
1ed4f378-b9d4-43b8-8d50-53d0cc063332,1,16,0.121323,0
1ed4f378-b9d4-43b8-8d50-53d0cc063332,1,17,0.064621,0
1ed4f378-b9d4-43b8-8d50-53d0cc063332,1,18,0.071925,0
1ed4f378-b9d4-43b8-8d50-53d0cc063332,1,19,0.076050,0
1ed4f378-b9d4-43b8-8d50-53d0cc063332,1,20,0.333817,0
1ed4f378-b9d4-43b8-8d50-53d0cc063332,1,21,0.216828,0
1ed4f378-b9d4-43b8-8d50-53d0cc063332,1,22,0.041102,0
1ed4f378-b9d4-43b8-8d50-53d0cc063332,1,23,0.719858,1
1ed4f378-b9d4-43b8-8d50-53d0cc063332,1,24,0.203695,0
1ed4f378-b9d4-43b8-8d50-53d0cc063332,1,25,0.034005,0
1ed4f378-b9d4-43b8-8d50-53d0cc063332,1,26,0.045052,0
1ed4f378-b9d4-43b8-8d50-53d0cc063332,1,27,0.187739,0
1ed4f378-b9d4-43b8-8d50-53d0cc063332,1,28,0.502161,1
1ed4f378-b9d4-43b8-8d50-53d0cc063332,2,0,0.949514,1
1ed4f378-b9d4-43b8-8d50-53d0cc063332,2,1,0.179506,0
1ed4f378-b9d4-43b8-8d50-53d0cc063332,2,2,0.131799,0
1ed4f378-b9d4-43b8-8d50-53d0cc063332,2,3,0.154854,0
1ed4f378-b9d4-43b8-8d50-53d0cc063332,2,4,0.178151,0
1ed4f378-b9d4-43b8-8d50-53d0cc063332,2,5,0.110155,0
1ed4f378-b9d4-43b8-8d50-53d0cc063332,2,6,0.827884,1
1ed4f378-b9d4-43b8-8d50-53d0cc063332,2,7,0.197701,0
1ed4f378-b9d4-43b8-8d50-53d0cc063332,2,8,0.974136,1
1ed4f378-b9d4-43b8-8d50-53d0cc063332,2,9,0.165149,0
1ed4f378-b9d4-43b8-8d50-53d0cc063332,2,10,0.237448,0
1ed4f378-b9d4-43b8-8d50-53d0cc063332,2,11,0.896770,1
1ed4f378-b9d4-43b8-8d50-53d0cc063332,2,12,0.333326,0
1ed4f378-b9d4-43b8-8d50-53d0cc063332,2,13,0.070253,0
1ed4f378-b9d4-43b8-8d50-53d0cc063332,2,14,0.347537,0
1ed4f378-b9d4-43b8-8d50-53d0cc063332,2,15,0.418135,0
1ed4f378-b9d4-43b8-8d50-53d0cc063332,2,16,0.939898,1
1ed4f378-b9d4-43b8-8d50-53d0cc063332,2,17,0.052566,0
1ed4f378-b9d4-43b8-8d50-53d0cc063332,2,18,0.101193,0
1ed4f378-b9d4-43b8-8d50-53d0cc063332,2,19,0.047246,0
1ed4f378-b9d4-43b8-8d50-53d0cc063332,2,20,0.162691,0
1ed4f378-b9d4-43b8-8d50-53d0cc063332,2,21,0.160066,0
1ed4f378-b9d4-43b8-8d50-53d0cc063332,2,22,0.370777,0
1ed4f378-b9d4-43b8-8d50-53d0cc063332,2,23,0.243638,0
1ed4f378-b9d4-43b8-8d50-53d0cc063332,2,24,0.035756,0
1ed4f378-b9d4-43b8-8d50-53d0cc063332,2,25,0.073055,0
1ed4f378-b9d4-43b8-8d50-53d0cc063332,2,26,0.056215,0
1ed4f378-b9d4-43b8-8d50-53d0cc063332,2,27,0.099609,0
1ed4f378-b9d4-43b8-8d50-53d0cc063332,2,28,0.327559,0
1ed4f378-b9d4-43b8-8d50-53d0cc063332,2,29,0.201777,0
1ed4f378-b9d4-43b8-8d50-53d0cc063332,2,30,0.417253,0
1ed4f378-b9d4-43b8-8d50-53d0cc063332,2,31,0.066525,0
1ed4f378-b9d4-43b8-8d50-53d0cc063332,2,32,0.087056,0
1ed4f378-b9d4-43b8-8d50-53d0cc063332,2,33,0.064831,0
1ed4f378-b9d4-43b8-8d50-53d0cc063332,2,34,0.034814,0
1ed4f378-b9d4-43b8-8d50-53d0cc063332,2,35,0.054045,0
1ed4f378-b9d4-43b8-8d50-53d0cc063332,2,36,0.159225,0
1ed4f378-b9d4-43b8-8d50-53d0cc063332,2,37,0.954676,1
1ed4f378-b9d4-43b8-8d50-53d0cc063332,2,38,0.110895,0
1ed4f378-b9d4-43b8-8d50-53d0cc063332,2,39,0.218095,0
1ed4f378-b9d4-43b8-8d50-53d0cc063332,2,40,0.363296,0
1ed4f378-b9d4-43b8-8d50-53d0cc063332,2,41,0.205840,0
1ed4f378-b9d4-43b8-8d50-53d0cc063332,2,42,0.076222,0
1ed4f378-b9d4-43b8-8d50-53d0cc063332,2,43,0.217631,0
1ed4f378-b9d4-43b8-8d50-53d0cc063332,2,44,0.067975,0
1ed4f378-b9d4-43b8-8d50-53d0cc063332,3,0,0.913892,1
1ed4f378-b9d4-43b8-8d50-53d0cc063332,3,1,0.033609,0
1ed4f378-b9d4-43b8-8d50-53d0cc063332,3,2,0.615514,1
1ed4f378-b9d4-43b8-8d50-53d0cc063332,3,3,0.864644,1
1ed4f378-b9d4-43b8-8d50-53d0cc063332,3,4,0.939899,1
1ed4f378-b9d4-43b8-8d50-53d0cc063332,3,5,0.039428,0
1ed4f378-b9d4-43b8-8d50-53d0cc063332,3,6,0.059749,0
1ed4f378-b9d4-43b8-8d50-53d0cc063332,3,7,0.867435,1
1ed4f378-b9d4-43b8-8d50-53d0cc063332,3,8,0.350378,0
1ed4f378-b9d4-43b8-8d50-53d0cc063332,3,9,0.032589,0
1ed4f378-b9d4-43b8-8d50-53d0cc063332,3,10,0.116445,0
1ed4f378-b9d4-43b8-8d50-53d0cc063332,3,11,0.036379,0
1ed4f378-b9d4-43b8-8d50-53d0cc063332,3,12,0.227742,0
1ed4f378-b9d4-43b8-8d50-53d0cc063332,3,13,0.073995,0
1ed4f378-b9d4-43b8-8d50-53d0cc063332,3,14,0.235443,0
1ed4f378-b9d4-43b8-8d50-53d0cc063332,3,15,0.068103,0
1ed4f378-b9d4-43b8-8d50-53d0cc063332,3,16,0.458847,0
1ed4f378-b9d4-43b8-8d50-53d0cc063332,3,17,0.092338,0
1ed4f378-b9d4-43b8-8d50-53d0cc063332,3,18,0.103061,0
1f99798f-2b60-4ecb-b5f4-4aa7991e8ace,1,0,0.038026,0
1f99798f-2b60-4ecb-b5f4-4aa7991e8ace,1,1,0.142803,0
1f99798f-2b60-4ecb-b5f4-4aa7991e8ace,1,2,0.496242,0
1f99798f-2b60-4ecb-b5f4-4aa7991e8ace,1,3,0.034558,0
1f99798f-2b60-4ecb-b5f4-4aa7991e8ace,1,4,0.038678,0
1f99798f-2b60-4ecb-b5f4-4aa7991e8ace,1,5,0.034689,0
1f99798f-2b60-4ecb-b5f4-4aa7991e8ace,1,6,0.049109,0
1f99798f-2b60-4ecb-b5f4-4aa7991e8ace,1,7,0.073777,0
1f99798f-2b60-4ecb-b5f4-4aa7991e8ace,1,8,0.138584,0
1f99798f-2b60-4ecb-b5f4-4aa7991e8ace,1,9,0.033505,0
1f99798f-2b60-4ecb-b5f4-4aa7991e8ace,1,10,0.036597,0
1f99798f-2b60-4ecb-b5f4-4aa7991e8ace,1,11,0.035552,0
1f99798f-2b60-4ecb-b5f4-4aa7991e8ace,1,12,0.044786,0
1f99798f-2b60-4ecb-b5f4-4aa7991e8ace,1,13,0.036484,0
1f99798f-2b60-4ecb-b5f4-4aa7991e8ace,1,14,0.035499,0
1f99798f-2b60-4ecb-b5f4-4aa7991e8ace,1,15,0.049121,0
1f99798f-2b60-4ecb-b5f4-4aa7991e8ace,1,16,0.045426,0
1f99798f-2b60-4ecb-b5f4-4aa7991e8ace,1,17,0.075892,0
1f99798f-2b60-4ecb-b5f4-4aa7991e8ace,1,18,0.034576,0
1f99798f-2b60-4ecb-b5f4-4aa7991e8ace,1,19,0.053433,0
1f99798f-2b60-4ecb-b5f4-4aa7991e8ace,1,20,0.295884,0
1f99798f-2b60-4ecb-b5f4-4aa7991e8ace,1,21,0.115290,0
1f99798f-2b60-4ecb-b5f4-4aa7991e8ace,1,22,0.084245,0
1f99798f-2b60-4ecb-b5f4-4aa7991e8ace,1,23,0.140072,0
1f99798f-2b60-4ecb-b5f4-4aa7991e8ace,1,24,0.036568,0
1f99798f-2b60-4ecb-b5f4-4aa7991e8ace,1,25,0.034689,0
1f99798f-2b60-4ecb-b5f4-4aa7991e8ace,1,26,0.044862,0
1f99798f-2b60-4ecb-b5f4-4aa7991e8ace,1,27,0.072602,0
1f99798f-2b60-4ecb-b5f4-4aa7991e8ace,1,28,0.168012,0
1f99798f-2b60-4ecb-b5f4-4aa7991e8ace,1,29,0.052362,0
1f99798f-2b60-4ecb-b5f4-4aa7991e8ace,1,30,0.066297,0
1f99798f-2b60-4ecb-b5f4-4aa7991e8ace,1,31,0.196754,0
1f99798f-2b60-4ecb-b5f4-4aa7991e8ace,1,32,0.398328,0
1f99798f-2b60-4ecb-b5f4-4aa7991e8ace,1,33,0.960586,1
1f99798f-2b60-4ecb-b5f4-4aa7991e8ace,2,0,0.047971,0
1f99798f-2b60-4ecb-b5f4-4aa7991e8ace,2,1,0.036514,0
1f99798f-2b60-4ecb-b5f4-4aa7991e8ace,2,2,0.068439,0
1f99798f-2b60-4ecb-b5f4-4aa7991e8ace,2,3,0.038430,0
1f99798f-2b60-4ecb-b5f4-4aa7991e8ace,2,4,0.035528,0
1f99798f-2b60-4ecb-b5f4-4aa7991e8ace,2,5,0.041620,0
1f99798f-2b60-4ecb-b5f4-4aa7991e8ace,2,6,0.036178,0
1f99798f-2b60-4ecb-b5f4-4aa7991e8ace,2,7,0.049227,0
1f99798f-2b60-4ecb-b5f4-4aa7991e8ace,2,8,0.079757,0
1f99798f-2b60-4ecb-b5f4-4aa7991e8ace,2,9,0.036534,0
1f99798f-2b60-4ecb-b5f4-4aa7991e8ace,2,10,0.056330,0
1f99798f-2b60-4ecb-b5f4-4aa7991e8ace,2,11,0.056550,0
1f99798f-2b60-4ecb-b5f4-4aa7991e8ace,2,12,0.037707,0
1f99798f-2b60-4ecb-b5f4-4aa7991e8ace,2,13,0.602170,1
1f99798f-2b60-4ecb-b5f4-4aa7991e8ace,2,14,0.340198,0
1f99798f-2b60-4ecb-b5f4-4aa7991e8ace,2,15,0.141965,0
1f99798f-2b60-4ecb-b5f4-4aa7991e8ace,2,16,0.064629,0
1f99798f-2b60-4ecb-b5f4-4aa7991e8ace,2,17,0.566552,1
1f99798f-2b60-4ecb-b5f4-4aa7991e8ace,2,18,0.180878,0
1f99798f-2b60-4ecb-b5f4-4aa7991e8ace,2,19,0.044256,0
1f99798f-2b60-4ecb-b5f4-4aa7991e8ace,2,20,0.033435,0
1f99798f-2b60-4ecb-b5f4-4aa7991e8ace,2,21,0.032606,0
1f99798f-2b60-4ecb-b5f4-4aa7991e8ace,2,22,0.032639,0
1f99798f-2b60-4ecb-b5f4-4aa7991e8ace,2,23,0.032159,0
1f99798f-2b60-4ecb-b5f4-4aa7991e8ace,2,24,0.036855,0
1f99798f-2b60-4ecb-b5f4-4aa7991e8ace,2,25,0.032476,0
1f99798f-2b60-4ecb-b5f4-4aa7991e8ace,2,26,0.037649,0
1f99798f-2b60-4ecb-b5f4-4aa7991e8ace,2,27,0.108275,0
1f99798f-2b60-4ecb-b5f4-4aa7991e8ace,2,28,0.190197,0
1f99798f-2b60-4ecb-b5f4-4aa7991e8ace,2,29,0.185188,0
1f99798f-2b60-4ecb-b5f4-4aa7991e8ace,2,30,0.033637,0
1f99798f-2b60-4ecb-b5f4-4aa7991e8ace,2,31,0.040825,0
1f99798f-2b60-4ecb-b5f4-4aa7991e8ace,2,32,0.099648,0
1f99798f-2b60-4ecb-b5f4-4aa7991e8ace,2,33,0.173332,0
1f99798f-2b60-4ecb-b5f4-4aa7991e8ace,2,34,0.051781,0
1f99798f-2b60-4ecb-b5f4-4aa7991e8ace,2,35,0.042893,0
1f99798f-2b60-4ecb-b5f4-4aa7991e8ace,2,36,0.034691,0
1f99798f-2b60-4ecb-b5f4-4aa7991e8ace,2,37,0.038476,0
1f99798f-2b60-4ecb-b5f4-4aa7991e8ace,2,38,0.073499,0
1f99798f-2b60-4ecb-b5f4-4aa7991e8ace,2,39,0.033567,0
1f99798f-2b60-4ecb-b5f4-4aa7991e8ace,3,0,0.033171,0
1f99798f-2b60-4ecb-b5f4-4aa7991e8ace,3,1,0.034816,0
1f99798f-2b60-4ecb-b5f4-4aa7991e8ace,3,2,0.166051,0
1f99798f-2b60-4ecb-b5f4-4aa7991e8ace,3,3,0.040758,0
1f99798f-2b60-4ecb-b5f4-4aa7991e8ace,3,4,0.039371,0
1f99798f-2b60-4ecb-b5f4-4aa7991e8ace,3,5,0.076473,0
1f99798f-2b60-4ecb-b5f4-4aa7991e8ace,3,6,0.135317,0
1f99798f-2b60-4ecb-b5f4-4aa7991e8ace,3,7,0.091229,0
1f99798f-2b60-4ecb-b5f4-4aa7991e8ace,3,8,0.641221,1
1f99798f-2b60-4ecb-b5f4-4aa7991e8ace,3,9,0.771730,1
1f99798f-2b60-4ecb-b5f4-4aa7991e8ace,3,10,0.250877,0
1f99798f-2b60-4ecb-b5f4-4aa7991e8ace,3,11,0.033855,0
1f99798f-2b60-4ecb-b5f4-4aa7991e8ace,3,12,0.035092,0
1f99798f-2b60-4ecb-b5f4-4aa7991e8ace,3,13,0.035039,0
1f99798f-2b60-4ecb-b5f4-4aa7991e8ace,3,14,0.040387,0
1f99798f-2b60-4ecb-b5f4-4aa7991e8ace,3,15,0.875084,1
1f99798f-2b60-4ecb-b5f4-4aa7991e8ace,3,16,0.515862,1
1f99798f-2b60-4ecb-b5f4-4aa7991e8ace,3,17,0.033557,0
1f99798f-2b60-4ecb-b5f4-4aa7991e8ace,3,18,0.033184,0
1f99798f-2b60-4ecb-b5f4-4aa7991e8ace,3,19,0.037647,0
1f99798f-2b60-4ecb-b5f4-4aa7991e8ace,3,20,0.034577,0
1f99798f-2b60-4ecb-b5f4-4aa7991e8ace,3,21,0.041553,0
1f99798f-2b60-4ecb-b5f4-4aa7991e8ace,3,22,0.033070,0
1f99798f-2b60-4ecb-b5f4-4aa7991e8ace,3,23,0.033253,0
1f99798f-2b60-4ecb-b5f4-4aa7991e8ace,3,24,0.032953,0
1f99798f-2b60-4ecb-b5f4-4aa7991e8ace,3,25,0.034852,0
1f99798f-2b60-4ecb-b5f4-4aa7991e8ace,3,26,0.202189,0
1f99798f-2b60-4ecb-b5f4-4aa7991e8ace,3,27,0.048031,0
1f99798f-2b60-4ecb-b5f4-4aa7991e8ace,3,28,0.032487,0
1f99798f-2b60-4ecb-b5f4-4aa7991e8ace,3,29,0.052744,0
1f99798f-2b60-4ecb-b5f4-4aa7991e8ace,3,30,0.105053,0
1f99798f-2b60-4ecb-b5f4-4aa7991e8ace,3,31,0.054390,0
1f99798f-2b60-4ecb-b5f4-4aa7991e8ace,3,32,0.035326,0
1f99798f-2b60-4ecb-b5f4-4aa7991e8ace,3,33,0.163100,0
1f99798f-2b60-4ecb-b5f4-4aa7991e8ace,3,34,0.044476,0
1f99798f-2b60-4ecb-b5f4-4aa7991e8ace,3,35,0.122710,0
1f99798f-2b60-4ecb-b5f4-4aa7991e8ace,3,36,0.034727,0
2a3fde8a-082a-4d8f-9567-f7e8366c0200,1,0,0.307488,0
2a3fde8a-082a-4d8f-9567-f7e8366c0200,1,1,0.151784,0
2a3fde8a-082a-4d8f-9567-f7e8366c0200,1,2,0.191134,0
2a3fde8a-082a-4d8f-9567-f7e8366c0200,1,3,0.064110,0
2a3fde8a-082a-4d8f-9567-f7e8366c0200,1,4,0.049114,0
2a3fde8a-082a-4d8f-9567-f7e8366c0200,1,5,0.036708,0
2a3fde8a-082a-4d8f-9567-f7e8366c0200,1,6,0.043829,0
2a3fde8a-082a-4d8f-9567-f7e8366c0200,1,7,0.111982,0
2a3fde8a-082a-4d8f-9567-f7e8366c0200,1,8,0.934619,1
2a3fde8a-082a-4d8f-9567-f7e8366c0200,1,9,0.362675,0
2a3fde8a-082a-4d8f-9567-f7e8366c0200,1,10,0.334641,0
2a3fde8a-082a-4d8f-9567-f7e8366c0200,1,11,0.575690,1
2a3fde8a-082a-4d8f-9567-f7e8366c0200,1,12,0.849819,1
2a3fde8a-082a-4d8f-9567-f7e8366c0200,1,13,0.838203,1
2a3fde8a-082a-4d8f-9567-f7e8366c0200,1,14,0.850333,1
2a3fde8a-082a-4d8f-9567-f7e8366c0200,1,15,0.867968,1
2a3fde8a-082a-4d8f-9567-f7e8366c0200,1,16,0.145256,0
2a3fde8a-082a-4d8f-9567-f7e8366c0200,1,17,0.068891,0
2a3fde8a-082a-4d8f-9567-f7e8366c0200,1,18,0.184118,0
2a3fde8a-082a-4d8f-9567-f7e8366c0200,1,19,0.120091,0
2a3fde8a-082a-4d8f-9567-f7e8366c0200,1,20,0.337973,0
2a3fde8a-082a-4d8f-9567-f7e8366c0200,1,21,0.256210,0
2a3fde8a-082a-4d8f-9567-f7e8366c0200,1,22,0.144287,0
2a3fde8a-082a-4d8f-9567-f7e8366c0200,1,23,0.383553,0
2a3fde8a-082a-4d8f-9567-f7e8366c0200,1,24,0.933963,1
2a3fde8a-082a-4d8f-9567-f7e8366c0200,1,25,0.218864,0
2a3fde8a-082a-4d8f-9567-f7e8366c0200,1,26,0.406228,0
2a3fde8a-082a-4d8f-9567-f7e8366c0200,1,27,0.328059,0
2a3fde8a-082a-4d8f-9567-f7e8366c0200,1,28,0.876751,1
2a3fde8a-082a-4d8f-9567-f7e8366c0200,1,29,0.080035,0
2a3fde8a-082a-4d8f-9567-f7e8366c0200,1,30,0.588948,1
2a3fde8a-082a-4d8f-9567-f7e8366c0200,1,31,0.227504,0
2a3fde8a-082a-4d8f-9567-f7e8366c0200,1,32,0.039084,0
2a3fde8a-082a-4d8f-9567-f7e8366c0200,1,33,0.533596,1
2a3fde8a-082a-4d8f-9567-f7e8366c0200,1,34,0.416568,0
2a3fde8a-082a-4d8f-9567-f7e8366c0200,1,35,0.169040,0
2a3fde8a-082a-4d8f-9567-f7e8366c0200,1,36,0.054300,0
2a3fde8a-082a-4d8f-9567-f7e8366c0200,1,37,0.041040,0
2a3fde8a-082a-4d8f-9567-f7e8366c0200,2,0,0.138218,0
2a3fde8a-082a-4d8f-9567-f7e8366c0200,2,1,0.644537,1
2a3fde8a-082a-4d8f-9567-f7e8366c0200,2,2,0.036518,0
2a3fde8a-082a-4d8f-9567-f7e8366c0200,2,3,0.174541,0
2a3fde8a-082a-4d8f-9567-f7e8366c0200,2,4,0.118481,0
2a3fde8a-082a-4d8f-9567-f7e8366c0200,2,5,0.085142,0
2a3fde8a-082a-4d8f-9567-f7e8366c0200,2,6,0.161744,0
2a3fde8a-082a-4d8f-9567-f7e8366c0200,2,7,0.039997,0
2a3fde8a-082a-4d8f-9567-f7e8366c0200,2,8,0.094059,0
2a3fde8a-082a-4d8f-9567-f7e8366c0200,2,9,0.044633,0
2a3fde8a-082a-4d8f-9567-f7e8366c0200,2,10,0.040664,0
2a3fde8a-082a-4d8f-9567-f7e8366c0200,2,11,0.206288,0
2a3fde8a-082a-4d8f-9567-f7e8366c0200,2,12,0.191662,0
2a3fde8a-082a-4d8f-9567-f7e8366c0200,2,13,0.129064,0
2a3fde8a-082a-4d8f-9567-f7e8366c0200,2,14,0.087401,0
2a3fde8a-082a-4d8f-9567-f7e8366c0200,2,15,0.234317,0
2a3fde8a-082a-4d8f-9567-f7e8366c0200,2,16,0.121922,0
2a3fde8a-082a-4d8f-9567-f7e8366c0200,2,17,0.288154,0
2a3fde8a-082a-4d8f-9567-f7e8366c0200,2,18,0.142481,0
2a3fde8a-082a-4d8f-9567-f7e8366c0200,2,19,0.189118,0
2a3fde8a-082a-4d8f-9567-f7e8366c0200,2,20,0.063283,0
2a3fde8a-082a-4d8f-9567-f7e8366c0200,2,21,0.036170,0
2a3fde8a-082a-4d8f-9567-f7e8366c0200,2,22,0.049353,0
2a3fde8a-082a-4d8f-9567-f7e8366c0200,2,23,0.964822,1
2a3fde8a-082a-4d8f-9567-f7e8366c0200,2,24,0.056844,0
2a3fde8a-082a-4d8f-9567-f7e8366c0200,2,25,0.961344,1
2a3fde8a-082a-4d8f-9567-f7e8366c0200,2,26,0.393989,0
2a3fde8a-082a-4d8f-9567-f7e8366c0200,2,27,0.041430,0
2a3fde8a-082a-4d8f-9567-f7e8366c0200,2,28,0.096628,0
2a3fde8a-082a-4d8f-9567-f7e8366c0200,2,29,0.039110,0
2a3fde8a-082a-4d8f-9567-f7e8366c0200,2,30,0.038506,0
2a3fde8a-082a-4d8f-9567-f7e8366c0200,2,31,0.415945,0
2a3fde8a-082a-4d8f-9567-f7e8366c0200,2,32,0.046908,0
2a3fde8a-082a-4d8f-9567-f7e8366c0200,2,33,0.147406,0
2a3fde8a-082a-4d8f-9567-f7e8366c0200,2,34,0.108584,0
2a3fde8a-082a-4d8f-9567-f7e8366c0200,2,35,0.118613,0
2a3fde8a-082a-4d8f-9567-f7e8366c0200,2,36,0.123382,0
2a3fde8a-082a-4d8f-9567-f7e8366c0200,2,37,0.036302,0
2a3fde8a-082a-4d8f-9567-f7e8366c0200,2,38,0.034308,0
2a3fde8a-082a-4d8f-9567-f7e8366c0200,2,39,0.033969,0
2a3fde8a-082a-4d8f-9567-f7e8366c0200,2,40,0.251156,0
2a3fde8a-082a-4d8f-9567-f7e8366c0200,2,41,0.284752,0
2a3fde8a-082a-4d8f-9567-f7e8366c0200,2,42,0.146569,0
2a3fde8a-082a-4d8f-9567-f7e8366c0200,2,43,0.034454,0
2a3fde8a-082a-4d8f-9567-f7e8366c0200,2,44,0.072952,0
2a3fde8a-082a-4d8f-9567-f7e8366c0200,2,45,0.129889,0
2a3fde8a-082a-4d8f-9567-f7e8366c0200,2,46,0.038614,0
2a3fde8a-082a-4d8f-9567-f7e8366c0200,2,47,0.036103,0
2a3fde8a-082a-4d8f-9567-f7e8366c0200,2,48,0.042349,0
2a3fde8a-082a-4d8f-9567-f7e8366c0200,2,49,0.075608,0
2a3fde8a-082a-4d8f-9567-f7e8366c0200,3,0,0.043604,0
2a3fde8a-082a-4d8f-9567-f7e8366c0200,3,1,0.033696,0
2a3fde8a-082a-4d8f-9567-f7e8366c0200,3,2,0.295735,0
2a3fde8a-082a-4d8f-9567-f7e8366c0200,3,3,0.190640,0
2a3fde8a-082a-4d8f-9567-f7e8366c0200,3,4,0.144356,0
2a3fde8a-082a-4d8f-9567-f7e8366c0200,3,5,0.635546,1
2a3fde8a-082a-4d8f-9567-f7e8366c0200,3,6,0.358132,0
2a3fde8a-082a-4d8f-9567-f7e8366c0200,3,7,0.327448,0
2a3fde8a-082a-4d8f-9567-f7e8366c0200,3,8,0.061962,0
2a3fde8a-082a-4d8f-9567-f7e8366c0200,3,9,0.051250,0
2a3fde8a-082a-4d8f-9567-f7e8366c0200,3,10,0.095928,0
2a3fde8a-082a-4d8f-9567-f7e8366c0200,3,11,0.740532,1
2a3fde8a-082a-4d8f-9567-f7e8366c0200,3,12,0.091357,0
2a3fde8a-082a-4d8f-9567-f7e8366c0200,3,13,0.257557,0
2a3fde8a-082a-4d8f-9567-f7e8366c0200,3,14,0.093053,0
2a3fde8a-082a-4d8f-9567-f7e8366c0200,3,15,0.210284,0
2a3fde8a-082a-4d8f-9567-f7e8366c0200,3,16,0.068726,0
2a3fde8a-082a-4d8f-9567-f7e8366c0200,3,17,0.284569,0
87609973-bd58-42a5-96e2-ee5aa47433f5,1,0,0.958323,1
87609973-bd58-42a5-96e2-ee5aa47433f5,1,1,0.615104,1
87609973-bd58-42a5-96e2-ee5aa47433f5,1,2,0.907295,1
87609973-bd58-42a5-96e2-ee5aa47433f5,1,3,0.289558,0
87609973-bd58-42a5-96e2-ee5aa47433f5,1,4,0.067115,0
87609973-bd58-42a5-96e2-ee5aa47433f5,1,5,0.102545,0
87609973-bd58-42a5-96e2-ee5aa47433f5,1,6,0.898980,1
87609973-bd58-42a5-96e2-ee5aa47433f5,1,7,0.443590,0
87609973-bd58-42a5-96e2-ee5aa47433f5,1,8,0.050557,0
87609973-bd58-42a5-96e2-ee5aa47433f5,1,9,0.405600,0
87609973-bd58-42a5-96e2-ee5aa47433f5,1,10,0.041645,0
87609973-bd58-42a5-96e2-ee5aa47433f5,1,11,0.039308,0
87609973-bd58-42a5-96e2-ee5aa47433f5,1,12,0.054920,0
87609973-bd58-42a5-96e2-ee5aa47433f5,1,13,0.036102,0
87609973-bd58-42a5-96e2-ee5aa47433f5,1,14,0.034465,0
87609973-bd58-42a5-96e2-ee5aa47433f5,1,15,0.033160,0
87609973-bd58-42a5-96e2-ee5aa47433f5,1,16,0.048389,0
87609973-bd58-42a5-96e2-ee5aa47433f5,1,17,0.032352,0
87609973-bd58-42a5-96e2-ee5aa47433f5,1,18,0.062123,0
87609973-bd58-42a5-96e2-ee5aa47433f5,2,0,0.777150,1
87609973-bd58-42a5-96e2-ee5aa47433f5,2,1,0.327294,0
87609973-bd58-42a5-96e2-ee5aa47433f5,2,2,0.401910,0
87609973-bd58-42a5-96e2-ee5aa47433f5,2,3,0.940270,1
87609973-bd58-42a5-96e2-ee5aa47433f5,2,4,0.145268,0
87609973-bd58-42a5-96e2-ee5aa47433f5,2,5,0.250487,0
87609973-bd58-42a5-96e2-ee5aa47433f5,2,6,0.037941,0
87609973-bd58-42a5-96e2-ee5aa47433f5,2,7,0.038294,0
87609973-bd58-42a5-96e2-ee5aa47433f5,2,8,0.034600,0
87609973-bd58-42a5-96e2-ee5aa47433f5,2,9,0.182295,0
87609973-bd58-42a5-96e2-ee5aa47433f5,2,10,0.486563,0
87609973-bd58-42a5-96e2-ee5aa47433f5,2,11,0.036751,0
87609973-bd58-42a5-96e2-ee5aa47433f5,2,12,0.039044,0
87609973-bd58-42a5-96e2-ee5aa47433f5,2,13,0.265314,0
87609973-bd58-42a5-96e2-ee5aa47433f5,2,14,0.035383,0
87609973-bd58-42a5-96e2-ee5aa47433f5,2,15,0.038611,0
87609973-bd58-42a5-96e2-ee5aa47433f5,2,16,0.148463,0
87609973-bd58-42a5-96e2-ee5aa47433f5,2,17,0.054890,0
87609973-bd58-42a5-96e2-ee5aa47433f5,3,0,0.810322,1
87609973-bd58-42a5-96e2-ee5aa47433f5,3,1,0.093488,0
87609973-bd58-42a5-96e2-ee5aa47433f5,3,2,0.802730,1
87609973-bd58-42a5-96e2-ee5aa47433f5,3,3,0.033330,0
87609973-bd58-42a5-96e2-ee5aa47433f5,3,4,0.060066,0
87609973-bd58-42a5-96e2-ee5aa47433f5,3,5,0.911085,1
87609973-bd58-42a5-96e2-ee5aa47433f5,3,6,0.047193,0
87609973-bd58-42a5-96e2-ee5aa47433f5,3,7,0.492172,0
87609973-bd58-42a5-96e2-ee5aa47433f5,3,8,0.779771,1
87609973-bd58-42a5-96e2-ee5aa47433f5,3,9,0.760215,1
ad409798-ee94-4436-92c5-92669193be14,1,0,0.320791,0
ad409798-ee94-4436-92c5-92669193be14,1,1,0.173732,0
ad409798-ee94-4436-92c5-92669193be14,1,2,0.131534,0
ad409798-ee94-4436-92c5-92669193be14,1,3,0.604450,1
ad409798-ee94-4436-92c5-92669193be14,1,4,0.609342,1
ad409798-ee94-4436-92c5-92669193be14,1,5,0.207080,0
ad409798-ee94-4436-92c5-92669193be14,1,6,0.126205,0
ad409798-ee94-4436-92c5-92669193be14,1,7,0.035315,0
ad409798-ee94-4436-92c5-92669193be14,1,8,0.164729,0
ad409798-ee94-4436-92c5-92669193be14,1,9,0.076738,0
ad409798-ee94-4436-92c5-92669193be14,1,10,0.089995,0
ad409798-ee94-4436-92c5-92669193be14,1,11,0.053642,0
ad409798-ee94-4436-92c5-92669193be14,1,12,0.125880,0
ad409798-ee94-4436-92c5-92669193be14,1,13,0.058369,0
ad409798-ee94-4436-92c5-92669193be14,1,14,0.578898,1
ad409798-ee94-4436-92c5-92669193be14,1,15,0.523097,1
ad409798-ee94-4436-92c5-92669193be14,1,16,0.053163,0
ad409798-ee94-4436-92c5-92669193be14,1,17,0.347263,0
ad409798-ee94-4436-92c5-92669193be14,1,18,0.213069,0
ad409798-ee94-4436-92c5-92669193be14,1,19,0.464508,0
ad409798-ee94-4436-92c5-92669193be14,1,20,0.939472,1
ad409798-ee94-4436-92c5-92669193be14,1,21,0.179178,0
ad409798-ee94-4436-92c5-92669193be14,1,22,0.362285,0
ad409798-ee94-4436-92c5-92669193be14,2,0,0.070865,0
ad409798-ee94-4436-92c5-92669193be14,2,1,0.273139,0
ad409798-ee94-4436-92c5-92669193be14,2,2,0.155418,0
ad409798-ee94-4436-92c5-92669193be14,2,3,0.122817,0
ad409798-ee94-4436-92c5-92669193be14,2,4,0.169719,0
ad409798-ee94-4436-92c5-92669193be14,2,5,0.436839,0
ad409798-ee94-4436-92c5-92669193be14,2,6,0.338457,0
ad409798-ee94-4436-92c5-92669193be14,2,7,0.713201,1
ad409798-ee94-4436-92c5-92669193be14,2,8,0.901835,1
ad409798-ee94-4436-92c5-92669193be14,2,9,0.309441,0
ad409798-ee94-4436-92c5-92669193be14,2,10,0.087137,0
ad409798-ee94-4436-92c5-92669193be14,2,11,0.453086,0
ad409798-ee94-4436-92c5-92669193be14,2,12,0.056543,0
ad409798-ee94-4436-92c5-92669193be14,2,13,0.174210,0
ad409798-ee94-4436-92c5-92669193be14,2,14,0.606117,1
ad409798-ee94-4436-92c5-92669193be14,2,15,0.071032,0
ad409798-ee94-4436-92c5-92669193be14,2,16,0.255652,0
ad409798-ee94-4436-92c5-92669193be14,2,17,0.854462,1
ad409798-ee94-4436-92c5-92669193be14,2,18,0.583074,1
ad409798-ee94-4436-92c5-92669193be14,2,19,0.362285,0
ad409798-ee94-4436-92c5-92669193be14,3,0,0.890665,1
ad409798-ee94-4436-92c5-92669193be14,3,1,0.713738,1
ad409798-ee94-4436-92c5-92669193be14,3,2,0.163322,0
ad409798-ee94-4436-92c5-92669193be14,3,3,0.254397,0
ad409798-ee94-4436-92c5-92669193be14,3,4,0.727991,1
ad409798-ee94-4436-92c5-92669193be14,3,5,0.957312,1
ad409798-ee94-4436-92c5-92669193be14,3,6,0.945388,1
c6a0e65c-4f8b-41de-8200-cd700f683c64,1,0,0.076596,0
c6a0e65c-4f8b-41de-8200-cd700f683c64,1,1,0.087932,0
c6a0e65c-4f8b-41de-8200-cd700f683c64,1,2,0.082679,0
c6a0e65c-4f8b-41de-8200-cd700f683c64,1,3,0.066824,0
c6a0e65c-4f8b-41de-8200-cd700f683c64,1,4,0.042052,0
c6a0e65c-4f8b-41de-8200-cd700f683c64,1,5,0.066253,0
c6a0e65c-4f8b-41de-8200-cd700f683c64,1,6,0.046823,0
c6a0e65c-4f8b-41de-8200-cd700f683c64,1,7,0.118776,0
c6a0e65c-4f8b-41de-8200-cd700f683c64,1,8,0.068533,0
c6a0e65c-4f8b-41de-8200-cd700f683c64,1,9,0.130895,0
c6a0e65c-4f8b-41de-8200-cd700f683c64,1,10,0.101350,0
c6a0e65c-4f8b-41de-8200-cd700f683c64,1,11,0.143834,0
c6a0e65c-4f8b-41de-8200-cd700f683c64,1,12,0.583080,1
c6a0e65c-4f8b-41de-8200-cd700f683c64,1,13,0.076015,0
c6a0e65c-4f8b-41de-8200-cd700f683c64,1,14,0.131269,0
c6a0e65c-4f8b-41de-8200-cd700f683c64,1,15,0.082304,0
c6a0e65c-4f8b-41de-8200-cd700f683c64,1,16,0.123147,0
c6a0e65c-4f8b-41de-8200-cd700f683c64,1,17,0.245041,0
c6a0e65c-4f8b-41de-8200-cd700f683c64,1,18,0.948932,1
c6a0e65c-4f8b-41de-8200-cd700f683c64,1,19,0.129908,0
c6a0e65c-4f8b-41de-8200-cd700f683c64,1,20,0.054920,0
c6a0e65c-4f8b-41de-8200-cd700f683c64,1,21,0.045733,0
c6a0e65c-4f8b-41de-8200-cd700f683c64,1,22,0.131553,0
c6a0e65c-4f8b-41de-8200-cd700f683c64,1,23,0.375031,0
c6a0e65c-4f8b-41de-8200-cd700f683c64,1,24,0.049195,0
c6a0e65c-4f8b-41de-8200-cd700f683c64,1,25,0.035221,0
c6a0e65c-4f8b-41de-8200-cd700f683c64,2,0,0.075740,0
c6a0e65c-4f8b-41de-8200-cd700f683c64,2,1,0.033450,0
c6a0e65c-4f8b-41de-8200-cd700f683c64,2,2,0.054635,0
c6a0e65c-4f8b-41de-8200-cd700f683c64,2,3,0.147193,0
c6a0e65c-4f8b-41de-8200-cd700f683c64,2,4,0.123503,0
c6a0e65c-4f8b-41de-8200-cd700f683c64,2,5,0.040299,0
c6a0e65c-4f8b-41de-8200-cd700f683c64,2,6,0.039362,0
c6a0e65c-4f8b-41de-8200-cd700f683c64,2,7,0.159232,0
c6a0e65c-4f8b-41de-8200-cd700f683c64,2,8,0.061898,0
c6a0e65c-4f8b-41de-8200-cd700f683c64,2,9,0.036077,0
c6a0e65c-4f8b-41de-8200-cd700f683c64,2,10,0.045912,0
c6a0e65c-4f8b-41de-8200-cd700f683c64,2,11,0.122633,0
c6a0e65c-4f8b-41de-8200-cd700f683c64,2,12,0.243767,0
c6a0e65c-4f8b-41de-8200-cd700f683c64,2,13,0.068904,0
c6a0e65c-4f8b-41de-8200-cd700f683c64,2,14,0.151778,0
c6a0e65c-4f8b-41de-8200-cd700f683c64,2,15,0.196590,0
c6a0e65c-4f8b-41de-8200-cd700f683c64,2,16,0.095483,0
c6a0e65c-4f8b-41de-8200-cd700f683c64,2,17,0.093670,0
c6a0e65c-4f8b-41de-8200-cd700f683c64,2,18,0.301123,0
c6a0e65c-4f8b-41de-8200-cd700f683c64,2,19,0.747744,1
c6a0e65c-4f8b-41de-8200-cd700f683c64,2,20,0.530675,1
c6a0e65c-4f8b-41de-8200-cd700f683c64,2,21,0.071915,0
c6a0e65c-4f8b-41de-8200-cd700f683c64,2,22,0.064356,0
c6a0e65c-4f8b-41de-8200-cd700f683c64,2,23,0.050038,0
c6a0e65c-4f8b-41de-8200-cd700f683c64,2,24,0.083484,0
c6a0e65c-4f8b-41de-8200-cd700f683c64,2,25,0.033610,0
c6a0e65c-4f8b-41de-8200-cd700f683c64,2,26,0.126087,0
c6a0e65c-4f8b-41de-8200-cd700f683c64,2,27,0.107279,0
c6a0e65c-4f8b-41de-8200-cd700f683c64,2,28,0.068713,0
c6a0e65c-4f8b-41de-8200-cd700f683c64,3,0,0.035781,0
c6a0e65c-4f8b-41de-8200-cd700f683c64,3,1,0.115073,0
c6a0e65c-4f8b-41de-8200-cd700f683c64,3,2,0.097439,0
c6a0e65c-4f8b-41de-8200-cd700f683c64,3,3,0.300983,0
c6a0e65c-4f8b-41de-8200-cd700f683c64,3,4,0.302525,0
c6a0e65c-4f8b-41de-8200-cd700f683c64,3,5,0.060227,0
c6a0e65c-4f8b-41de-8200-cd700f683c64,3,6,0.973895,1
c6a0e65c-4f8b-41de-8200-cd700f683c64,3,7,0.112721,0
c6a0e65c-4f8b-41de-8200-cd700f683c64,3,8,0.035584,0
c6a0e65c-4f8b-41de-8200-cd700f683c64,3,9,0.087902,0
c6a0e65c-4f8b-41de-8200-cd700f683c64,3,10,0.375011,0
c6a0e65c-4f8b-41de-8200-cd700f683c64,3,11,0.037313,0
c6a0e65c-4f8b-41de-8200-cd700f683c64,3,12,0.275801,0
c6a0e65c-4f8b-41de-8200-cd700f683c64,3,13,0.063353,0
c6a0e65c-4f8b-41de-8200-cd700f683c64,3,14,0.765422,1
c6a0e65c-4f8b-41de-8200-cd700f683c64,3,15,0.142700,0
c6a0e65c-4f8b-41de-8200-cd700f683c64,3,16,0.095540,0
c6a0e65c-4f8b-41de-8200-cd700f683c64,3,17,0.083407,0
c6a0e65c-4f8b-41de-8200-cd700f683c64,3,18,0.311474,0
c6a0e65c-4f8b-41de-8200-cd700f683c64,3,19,0.449986,0
c6a0e65c-4f8b-41de-8200-cd700f683c64,3,20,0.220346,0
eb17fa36-89f2-4d0b-8133-7bb4682228e1,1,0,0.044769,0
eb17fa36-89f2-4d0b-8133-7bb4682228e1,1,1,0.048706,0
eb17fa36-89f2-4d0b-8133-7bb4682228e1,1,2,0.043665,0
eb17fa36-89f2-4d0b-8133-7bb4682228e1,1,3,0.047519,0
eb17fa36-89f2-4d0b-8133-7bb4682228e1,1,4,0.037981,0
eb17fa36-89f2-4d0b-8133-7bb4682228e1,1,5,0.227802,0
eb17fa36-89f2-4d0b-8133-7bb4682228e1,1,6,0.464699,0
eb17fa36-89f2-4d0b-8133-7bb4682228e1,1,7,0.863932,1
eb17fa36-89f2-4d0b-8133-7bb4682228e1,1,8,0.035049,0
eb17fa36-89f2-4d0b-8133-7bb4682228e1,1,9,0.204002,0
eb17fa36-89f2-4d0b-8133-7bb4682228e1,1,10,0.044829,0
eb17fa36-89f2-4d0b-8133-7bb4682228e1,1,11,0.099035,0
eb17fa36-89f2-4d0b-8133-7bb4682228e1,1,12,0.652833,1
eb17fa36-89f2-4d0b-8133-7bb4682228e1,1,13,0.064097,0
eb17fa36-89f2-4d0b-8133-7bb4682228e1,1,14,0.053877,0
eb17fa36-89f2-4d0b-8133-7bb4682228e1,1,15,0.038151,0
eb17fa36-89f2-4d0b-8133-7bb4682228e1,2,0,0.037283,0
eb17fa36-89f2-4d0b-8133-7bb4682228e1,2,1,0.040597,0
eb17fa36-89f2-4d0b-8133-7bb4682228e1,2,2,0.034701,0
eb17fa36-89f2-4d0b-8133-7bb4682228e1,2,3,0.034444,0
eb17fa36-89f2-4d0b-8133-7bb4682228e1,2,4,0.039574,0
eb17fa36-89f2-4d0b-8133-7bb4682228e1,2,5,0.061332,0
eb17fa36-89f2-4d0b-8133-7bb4682228e1,2,6,0.056923,0
eb17fa36-89f2-4d0b-8133-7bb4682228e1,2,7,0.142358,0
eb17fa36-89f2-4d0b-8133-7bb4682228e1,2,8,0.267567,0
eb17fa36-89f2-4d0b-8133-7bb4682228e1,2,9,0.127130,0
eb17fa36-89f2-4d0b-8133-7bb4682228e1,2,10,0.033160,0
eb17fa36-89f2-4d0b-8133-7bb4682228e1,2,11,0.036000,0
eb17fa36-89f2-4d0b-8133-7bb4682228e1,2,12,0.112253,0
eb17fa36-89f2-4d0b-8133-7bb4682228e1,2,13,0.074863,0
eb17fa36-89f2-4d0b-8133-7bb4682228e1,2,14,0.156508,0
eb17fa36-89f2-4d0b-8133-7bb4682228e1,2,15,0.505228,1
eb17fa36-89f2-4d0b-8133-7bb4682228e1,2,16,0.036543,0
eb17fa36-89f2-4d0b-8133-7bb4682228e1,2,17,0.139416,0
eb17fa36-89f2-4d0b-8133-7bb4682228e1,2,18,0.097229,0
eb17fa36-89f2-4d0b-8133-7bb4682228e1,2,19,0.170130,0
eb17fa36-89f2-4d0b-8133-7bb4682228e1,2,20,0.139535,0
eb17fa36-89f2-4d0b-8133-7bb4682228e1,2,21,0.039905,0
eb17fa36-89f2-4d0b-8133-7bb4682228e1,2,22,0.040499,0
eb17fa36-89f2-4d0b-8133-7bb4682228e1,2,23,0.258219,0
eb17fa36-89f2-4d0b-8133-7bb4682228e1,2,24,0.054558,0
eb17fa36-89f2-4d0b-8133-7bb4682228e1,2,25,0.253122,0
eb17fa36-89f2-4d0b-8133-7bb4682228e1,2,26,0.046492,0
eb17fa36-89f2-4d0b-8133-7bb4682228e1,2,27,0.037917,0
eb17fa36-89f2-4d0b-8133-7bb4682228e1,2,28,0.033890,0
eb17fa36-89f2-4d0b-8133-7bb4682228e1,2,29,0.081818,0
eb17fa36-89f2-4d0b-8133-7bb4682228e1,2,30,0.040091,0
eb17fa36-89f2-4d0b-8133-7bb4682228e1,2,31,0.037258,0
eb17fa36-89f2-4d0b-8133-7bb4682228e1,3,0,0.044258,0
eb17fa36-89f2-4d0b-8133-7bb4682228e1,3,1,0.036844,0
eb17fa36-89f2-4d0b-8133-7bb4682228e1,3,2,0.036556,0
eb17fa36-89f2-4d0b-8133-7bb4682228e1,3,3,0.163008,0
eb17fa36-89f2-4d0b-8133-7bb4682228e1,3,4,0.034576,0
eb17fa36-89f2-4d0b-8133-7bb4682228e1,3,5,0.044293,0
eb17fa36-89f2-4d0b-8133-7bb4682228e1,3,6,0.804421,1
eb17fa36-89f2-4d0b-8133-7bb4682228e1,3,7,0.115490,0
eb17fa36-89f2-4d0b-8133-7bb4682228e1,3,8,0.035086,0
eb17fa36-89f2-4d0b-8133-7bb4682228e1,3,9,0.354910,0
eb17fa36-89f2-4d0b-8133-7bb4682228e1,3,10,0.090680,0
eb17fa36-89f2-4d0b-8133-7bb4682228e1,3,11,0.428216,0
eb17fa36-89f2-4d0b-8133-7bb4682228e1,3,12,0.504985,1
eb17fa36-89f2-4d0b-8133-7bb4682228e1,3,13,0.038099,0
eb17fa36-89f2-4d0b-8133-7bb4682228e1,3,14,0.049289,0
eb17fa36-89f2-4d0b-8133-7bb4682228e1,3,15,0.055485,0
eb17fa36-89f2-4d0b-8133-7bb4682228e1,3,16,0.089127,0
eb17fa36-89f2-4d0b-8133-7bb4682228e1,3,17,0.242790,0
f688c56d-7fae-42ef-b7f7-7db207b58d27,1,0,0.060811,0
f688c56d-7fae-42ef-b7f7-7db207b58d27,1,1,0.548058,1
f688c56d-7fae-42ef-b7f7-7db207b58d27,1,2,0.121476,0
f688c56d-7fae-42ef-b7f7-7db207b58d27,1,3,0.899366,1
f688c56d-7fae-42ef-b7f7-7db207b58d27,1,4,0.190869,0
f688c56d-7fae-42ef-b7f7-7db207b58d27,1,5,0.831203,1
f688c56d-7fae-42ef-b7f7-7db207b58d27,1,6,0.170011,0
f688c56d-7fae-42ef-b7f7-7db207b58d27,1,7,0.437048,0
f688c56d-7fae-42ef-b7f7-7db207b58d27,1,8,0.098872,0
f688c56d-7fae-42ef-b7f7-7db207b58d27,1,9,0.116871,0
f688c56d-7fae-42ef-b7f7-7db207b58d27,1,10,0.460417,0
f688c56d-7fae-42ef-b7f7-7db207b58d27,1,11,0.049536,0
f688c56d-7fae-42ef-b7f7-7db207b58d27,1,12,0.826298,1
f688c56d-7fae-42ef-b7f7-7db207b58d27,1,13,0.054199,0
f688c56d-7fae-42ef-b7f7-7db207b58d27,1,14,0.073940,0
f688c56d-7fae-42ef-b7f7-7db207b58d27,1,15,0.098966,0
f688c56d-7fae-42ef-b7f7-7db207b58d27,1,16,0.276901,0
f688c56d-7fae-42ef-b7f7-7db207b58d27,1,17,0.135466,0
f688c56d-7fae-42ef-b7f7-7db207b58d27,1,18,0.849785,1
f688c56d-7fae-42ef-b7f7-7db207b58d27,1,19,0.047548,0
f688c56d-7fae-42ef-b7f7-7db207b58d27,1,20,0.048642,0
f688c56d-7fae-42ef-b7f7-7db207b58d27,1,21,0.225264,0
f688c56d-7fae-42ef-b7f7-7db207b58d27,1,22,0.098293,0
f688c56d-7fae-42ef-b7f7-7db207b58d27,1,23,0.197544,0
f688c56d-7fae-42ef-b7f7-7db207b58d27,1,24,0.055647,0
f688c56d-7fae-42ef-b7f7-7db207b58d27,1,25,0.225035,0
f688c56d-7fae-42ef-b7f7-7db207b58d27,1,26,0.340203,0
f688c56d-7fae-42ef-b7f7-7db207b58d27,2,0,0.670518,1
f688c56d-7fae-42ef-b7f7-7db207b58d27,2,1,0.575521,1
f688c56d-7fae-42ef-b7f7-7db207b58d27,2,2,0.869131,1
f688c56d-7fae-42ef-b7f7-7db207b58d27,2,3,0.059168,0
f688c56d-7fae-42ef-b7f7-7db207b58d27,2,4,0.193128,0
f688c56d-7fae-42ef-b7f7-7db207b58d27,2,5,0.064846,0
f688c56d-7fae-42ef-b7f7-7db207b58d27,2,6,0.048946,0
f688c56d-7fae-42ef-b7f7-7db207b58d27,2,7,0.219022,0
f688c56d-7fae-42ef-b7f7-7db207b58d27,2,8,0.406293,0
f688c56d-7fae-42ef-b7f7-7db207b58d27,2,9,0.178740,0
f688c56d-7fae-42ef-b7f7-7db207b58d27,2,10,0.384132,0
f688c56d-7fae-42ef-b7f7-7db207b58d27,2,11,0.097669,0
f688c56d-7fae-42ef-b7f7-7db207b58d27,2,12,0.349095,0
f688c56d-7fae-42ef-b7f7-7db207b58d27,2,13,0.637033,1
f688c56d-7fae-42ef-b7f7-7db207b58d27,2,14,0.183087,0
f688c56d-7fae-42ef-b7f7-7db207b58d27,2,15,0.039187,0
f688c56d-7fae-42ef-b7f7-7db207b58d27,2,16,0.042566,0
f688c56d-7fae-42ef-b7f7-7db207b58d27,2,17,0.162213,0
f688c56d-7fae-42ef-b7f7-7db207b58d27,2,18,0.069385,0
f688c56d-7fae-42ef-b7f7-7db207b58d27,2,19,0.360715,0
f688c56d-7fae-42ef-b7f7-7db207b58d27,2,20,0.054735,0
f688c56d-7fae-42ef-b7f7-7db207b58d27,2,21,0.053135,0
f688c56d-7fae-42ef-b7f7-7db207b58d27,2,22,0.215711,0
f688c56d-7fae-42ef-b7f7-7db207b58d27,2,23,0.070498,0
f688c56d-7fae-42ef-b7f7-7db207b58d27,2,24,0.153479,0
f688c56d-7fae-42ef-b7f7-7db207b58d27,2,25,0.042446,0
f688c56d-7fae-42ef-b7f7-7db207b58d27,2,26,0.223434,0
f688c56d-7fae-42ef-b7f7-7db207b58d27,2,27,0.100998,0
f688c56d-7fae-42ef-b7f7-7db207b58d27,2,28,0.062428,0
f688c56d-7fae-42ef-b7f7-7db207b58d27,2,29,0.125326,0
f688c56d-7fae-42ef-b7f7-7db207b58d27,2,30,0.198097,0
f688c56d-7fae-42ef-b7f7-7db207b58d27,2,31,0.136686,0
f688c56d-7fae-42ef-b7f7-7db207b58d27,2,32,0.054176,0
f688c56d-7fae-42ef-b7f7-7db207b58d27,2,33,0.102275,0
f688c56d-7fae-42ef-b7f7-7db207b58d27,2,34,0.198944,0
f688c56d-7fae-42ef-b7f7-7db207b58d27,2,35,0.039970,0
f688c56d-7fae-42ef-b7f7-7db207b58d27,2,36,0.133248,0
f688c56d-7fae-42ef-b7f7-7db207b58d27,2,37,0.469837,0
f688c56d-7fae-42ef-b7f7-7db207b58d27,2,38,0.039483,0
f688c56d-7fae-42ef-b7f7-7db207b58d27,2,39,0.081738,0
f688c56d-7fae-42ef-b7f7-7db207b58d27,2,40,0.109066,0
f688c56d-7fae-42ef-b7f7-7db207b58d27,2,41,0.199819,0
f688c56d-7fae-42ef-b7f7-7db207b58d27,3,0,0.034350,0
f688c56d-7fae-42ef-b7f7-7db207b58d27,3,1,0.045014,0
f688c56d-7fae-42ef-b7f7-7db207b58d27,3,2,0.185579,0
f688c56d-7fae-42ef-b7f7-7db207b58d27,3,3,0.320554,0
f688c56d-7fae-42ef-b7f7-7db207b58d27,3,4,0.123683,0
f688c56d-7fae-42ef-b7f7-7db207b58d27,3,5,0.344849,0
f688c56d-7fae-42ef-b7f7-7db207b58d27,3,6,0.268796,0
f688c56d-7fae-42ef-b7f7-7db207b58d27,3,7,0.834887,1
f688c56d-7fae-42ef-b7f7-7db207b58d27,3,8,0.035911,0
f688c56d-7fae-42ef-b7f7-7db207b58d27,3,9,0.407034,0
f688c56d-7fae-42ef-b7f7-7db207b58d27,3,10,0.035175,0
f688c56d-7fae-42ef-b7f7-7db207b58d27,3,11,0.782461,1
f688c56d-7fae-42ef-b7f7-7db207b58d27,3,12,0.350821,0
f688c56d-7fae-42ef-b7f7-7db207b58d27,3,13,0.062678,0
f688c56d-7fae-42ef-b7f7-7db207b58d27,3,14,0.038940,0
f688c56d-7fae-42ef-b7f7-7db207b58d27,3,15,0.063559,0
f688c56d-7fae-42ef-b7f7-7db207b58d27,3,16,0.945898,1
f688c56d-7fae-42ef-b7f7-7db207b58d27,3,17,0.376538,0
f688c56d-7fae-42ef-b7f7-7db207b58d27,3,18,0.050521,0
f688c56d-7fae-42ef-b7f7-7db207b58d27,3,19,0.142199,0
f688c56d-7fae-42ef-b7f7-7db207b58d27,3,20,0.058806,0
f688c56d-7fae-42ef-b7f7-7db207b58d27,3,21,0.056334,0
f688c56d-7fae-42ef-b7f7-7db207b58d27,3,22,0.050097,0
f688c56d-7fae-42ef-b7f7-7db207b58d27,3,23,0.042745,0
f688c56d-7fae-42ef-b7f7-7db207b58d27,3,24,0.108514,0
f688c56d-7fae-42ef-b7f7-7db207b58d27,3,25,0.169018,0
f688c56d-7fae-42ef-b7f7-7db207b58d27,3,26,0.060604,0
f688c56d-7fae-42ef-b7f7-7db207b58d27,3,27,0.304141,0
f688c56d-7fae-42ef-b7f7-7db207b58d27,3,28,0.181553,0
f688c56d-7fae-42ef-b7f7-7db207b58d27,3,29,0.103044,0
f688c56d-7fae-42ef-b7f7-7db207b58d27,3,30,0.970448,1
f688c56d-7fae-42ef-b7f7-7db207b58d27,3,31,0.033793,0
0d10341a-9dba-4374-a524-814c300d1611,1,0,0.070590,0
0d10341a-9dba-4374-a524-814c300d1611,1,1,0.170922,0
0d10341a-9dba-4374-a524-814c300d1611,1,2,0.077645,0
0d10341a-9dba-4374-a524-814c300d1611,1,3,0.182796,0
0d10341a-9dba-4374-a524-814c300d1611,1,4,0.229007,0
0d10341a-9dba-4374-a524-814c300d1611,1,5,0.155317,0
0d10341a-9dba-4374-a524-814c300d1611,1,6,0.198590,0
0d10341a-9dba-4374-a524-814c300d1611,1,7,0.301696,0
0d10341a-9dba-4374-a524-814c300d1611,1,8,0.097865,0
0d10341a-9dba-4374-a524-814c300d1611,1,9,0.101227,0
0d10341a-9dba-4374-a524-814c300d1611,1,10,0.042605,0
0d10341a-9dba-4374-a524-814c300d1611,1,11,0.064741,0
0d10341a-9dba-4374-a524-814c300d1611,1,12,0.123644,0
0d10341a-9dba-4374-a524-814c300d1611,1,13,0.041370,0
0d10341a-9dba-4374-a524-814c300d1611,1,14,0.069429,0
0d10341a-9dba-4374-a524-814c300d1611,1,15,0.042437,0
0d10341a-9dba-4374-a524-814c300d1611,1,16,0.087677,0
0d10341a-9dba-4374-a524-814c300d1611,1,17,0.041886,0
0d10341a-9dba-4374-a524-814c300d1611,1,18,0.037951,0
0d10341a-9dba-4374-a524-814c300d1611,1,19,0.052931,0
0d10341a-9dba-4374-a524-814c300d1611,1,20,0.035116,0
0d10341a-9dba-4374-a524-814c300d1611,1,21,0.039485,0
0d10341a-9dba-4374-a524-814c300d1611,1,22,0.079953,0
0d10341a-9dba-4374-a524-814c300d1611,1,23,0.100825,0
0d10341a-9dba-4374-a524-814c300d1611,1,24,0.038336,0
0d10341a-9dba-4374-a524-814c300d1611,1,25,0.645854,1
0d10341a-9dba-4374-a524-814c300d1611,1,26,0.146575,0
0d10341a-9dba-4374-a524-814c300d1611,1,27,0.035464,0
0d10341a-9dba-4374-a524-814c300d1611,1,28,0.319362,0
0d10341a-9dba-4374-a524-814c300d1611,1,29,0.126484,0
0d10341a-9dba-4374-a524-814c300d1611,1,30,0.127338,0
0d10341a-9dba-4374-a524-814c300d1611,1,31,0.165792,0
0d10341a-9dba-4374-a524-814c300d1611,1,32,0.278440,0
0d10341a-9dba-4374-a524-814c300d1611,1,33,0.112737,0
0d10341a-9dba-4374-a524-814c300d1611,1,34,0.125816,0
0d10341a-9dba-4374-a524-814c300d1611,1,35,0.318621,0
0d10341a-9dba-4374-a524-814c300d1611,1,36,0.136838,0
0d10341a-9dba-4374-a524-814c300d1611,1,37,0.085325,0
0d10341a-9dba-4374-a524-814c300d1611,2,0,0.033775,0
0d10341a-9dba-4374-a524-814c300d1611,2,1,0.262013,0
0d10341a-9dba-4374-a524-814c300d1611,2,2,0.051918,0
0d10341a-9dba-4374-a524-814c300d1611,2,3,0.048223,0
0d10341a-9dba-4374-a524-814c300d1611,2,4,0.046363,0
0d10341a-9dba-4374-a524-814c300d1611,2,5,0.088539,0
0d10341a-9dba-4374-a524-814c300d1611,2,6,0.050156,0
0d10341a-9dba-4374-a524-814c300d1611,2,7,0.035094,0
0d10341a-9dba-4374-a524-814c300d1611,2,8,0.274890,0
0d10341a-9dba-4374-a524-814c300d1611,2,9,0.222306,0
0d10341a-9dba-4374-a524-814c300d1611,2,10,0.169225,0
0d10341a-9dba-4374-a524-814c300d1611,2,11,0.064596,0
0d10341a-9dba-4374-a524-814c300d1611,2,12,0.180531,0
0d10341a-9dba-4374-a524-814c300d1611,2,13,0.054114,0
0d10341a-9dba-4374-a524-814c300d1611,2,14,0.062404,0
0d10341a-9dba-4374-a524-814c300d1611,2,15,0.257776,0
0d10341a-9dba-4374-a524-814c300d1611,2,16,0.072584,0
0d10341a-9dba-4374-a524-814c300d1611,2,17,0.035040,0
0d10341a-9dba-4374-a524-814c300d1611,2,18,0.034351,0
0d10341a-9dba-4374-a524-814c300d1611,2,19,0.034552,0
0d10341a-9dba-4374-a524-814c300d1611,2,20,0.144543,0
0d10341a-9dba-4374-a524-814c300d1611,2,21,0.196789,0
0d10341a-9dba-4374-a524-814c300d1611,2,22,0.031888,0
0d10341a-9dba-4374-a524-814c300d1611,2,23,0.046367,0
0d10341a-9dba-4374-a524-814c300d1611,2,24,0.048956,0
0d10341a-9dba-4374-a524-814c300d1611,2,25,0.149645,0
0d10341a-9dba-4374-a524-814c300d1611,2,26,0.317343,0
0d10341a-9dba-4374-a524-814c300d1611,2,27,0.087109,0
0d10341a-9dba-4374-a524-814c300d1611,2,28,0.036369,0
0d10341a-9dba-4374-a524-814c300d1611,2,29,0.088276,0
0d10341a-9dba-4374-a524-814c300d1611,2,30,0.043229,0
0d10341a-9dba-4374-a524-814c300d1611,2,31,0.199860,0
0d10341a-9dba-4374-a524-814c300d1611,2,32,0.034245,0
0d10341a-9dba-4374-a524-814c300d1611,2,33,0.054585,0
0d10341a-9dba-4374-a524-814c300d1611,2,34,0.040462,0
0d10341a-9dba-4374-a524-814c300d1611,2,35,0.112486,0
0d10341a-9dba-4374-a524-814c300d1611,2,36,0.249107,0
0d10341a-9dba-4374-a524-814c300d1611,2,37,0.042311,0
0d10341a-9dba-4374-a524-814c300d1611,2,38,0.052426,0
0d10341a-9dba-4374-a524-814c300d1611,2,39,0.039036,0
0d10341a-9dba-4374-a524-814c300d1611,2,40,0.339247,0
0d10341a-9dba-4374-a524-814c300d1611,2,41,0.141598,0
0d10341a-9dba-4374-a524-814c300d1611,2,42,0.455233,0
0d10341a-9dba-4374-a524-814c300d1611,2,43,0.556260,1
0d10341a-9dba-4374-a524-814c300d1611,2,44,0.169749,0
0d10341a-9dba-4374-a524-814c300d1611,2,45,0.861760,1
0d10341a-9dba-4374-a524-814c300d1611,2,46,0.040274,0
0d10341a-9dba-4374-a524-814c300d1611,2,47,0.897847,1
0d10341a-9dba-4374-a524-814c300d1611,2,48,0.076132,0
0d10341a-9dba-4374-a524-814c300d1611,2,49,0.057242,0
0d10341a-9dba-4374-a524-814c300d1611,2,50,0.076446,0
0d10341a-9dba-4374-a524-814c300d1611,2,51,0.329399,0
0d10341a-9dba-4374-a524-814c300d1611,2,52,0.033329,0
0d10341a-9dba-4374-a524-814c300d1611,2,53,0.036217,0
0d10341a-9dba-4374-a524-814c300d1611,2,54,0.171933,0
0d10341a-9dba-4374-a524-814c300d1611,3,0,0.035791,0
0d10341a-9dba-4374-a524-814c300d1611,3,1,0.039064,0
0d10341a-9dba-4374-a524-814c300d1611,3,2,0.061433,0
0d10341a-9dba-4374-a524-814c300d1611,3,3,0.091927,0
0d10341a-9dba-4374-a524-814c300d1611,3,4,0.034940,0
0d10341a-9dba-4374-a524-814c300d1611,3,5,0.047928,0
0d10341a-9dba-4374-a524-814c300d1611,3,6,0.143577,0
0d10341a-9dba-4374-a524-814c300d1611,3,7,0.360089,0
0d10341a-9dba-4374-a524-814c300d1611,3,8,0.042556,0
0d10341a-9dba-4374-a524-814c300d1611,3,9,0.044392,0
0d10341a-9dba-4374-a524-814c300d1611,3,10,0.818203,1
0d10341a-9dba-4374-a524-814c300d1611,3,11,0.100475,0
0d10341a-9dba-4374-a524-814c300d1611,3,12,0.042150,0
0d10341a-9dba-4374-a524-814c300d1611,3,13,0.038120,0
0d10341a-9dba-4374-a524-814c300d1611,3,14,0.040983,0
0d10341a-9dba-4374-a524-814c300d1611,3,15,0.063009,0
0d10341a-9dba-4374-a524-814c300d1611,3,16,0.065410,0
0d10341a-9dba-4374-a524-814c300d1611,3,17,0.064585,0
0d10341a-9dba-4374-a524-814c300d1611,3,18,0.924232,1
0d10341a-9dba-4374-a524-814c300d1611,3,19,0.967861,1
0d10341a-9dba-4374-a524-814c300d1611,3,20,0.103624,0
0d10341a-9dba-4374-a524-814c300d1611,3,21,0.441359,0
0d10341a-9dba-4374-a524-814c300d1611,3,22,0.086534,0
0d10341a-9dba-4374-a524-814c300d1611,3,23,0.243797,0
0d10341a-9dba-4374-a524-814c300d1611,3,24,0.051982,0
0d10341a-9dba-4374-a524-814c300d1611,3,25,0.292636,0
0d10341a-9dba-4374-a524-814c300d1611,3,26,0.869430,1
0d10341a-9dba-4374-a524-814c300d1611,3,27,0.547053,1
0d10341a-9dba-4374-a524-814c300d1611,3,28,0.036640,0
0d10341a-9dba-4374-a524-814c300d1611,3,29,0.035324,0
1e41e98b-9ac1-441d-b2c2-19d8f730c74a,1,0,0.039055,0
1e41e98b-9ac1-441d-b2c2-19d8f730c74a,1,1,0.048571,0
1e41e98b-9ac1-441d-b2c2-19d8f730c74a,1,2,0.034481,0
1e41e98b-9ac1-441d-b2c2-19d8f730c74a,1,3,0.101868,0
1e41e98b-9ac1-441d-b2c2-19d8f730c74a,1,4,0.034682,0
1e41e98b-9ac1-441d-b2c2-19d8f730c74a,1,5,0.102960,0
1e41e98b-9ac1-441d-b2c2-19d8f730c74a,1,6,0.044082,0
1e41e98b-9ac1-441d-b2c2-19d8f730c74a,1,7,0.051892,0
1e41e98b-9ac1-441d-b2c2-19d8f730c74a,1,8,0.419667,0
1e41e98b-9ac1-441d-b2c2-19d8f730c74a,1,9,0.034377,0
1e41e98b-9ac1-441d-b2c2-19d8f730c74a,1,10,0.040994,0
1e41e98b-9ac1-441d-b2c2-19d8f730c74a,1,11,0.097653,0
1e41e98b-9ac1-441d-b2c2-19d8f730c74a,1,12,0.054041,0
1e41e98b-9ac1-441d-b2c2-19d8f730c74a,1,13,0.077886,0
1e41e98b-9ac1-441d-b2c2-19d8f730c74a,1,14,0.035252,0
1e41e98b-9ac1-441d-b2c2-19d8f730c74a,1,15,0.037844,0
1e41e98b-9ac1-441d-b2c2-19d8f730c74a,1,16,0.034546,0
1e41e98b-9ac1-441d-b2c2-19d8f730c74a,1,17,0.092538,0
1e41e98b-9ac1-441d-b2c2-19d8f730c74a,1,18,0.366086,0
1e41e98b-9ac1-441d-b2c2-19d8f730c74a,1,19,0.098060,0
1e41e98b-9ac1-441d-b2c2-19d8f730c74a,1,20,0.039361,0
1e41e98b-9ac1-441d-b2c2-19d8f730c74a,1,21,0.035032,0
1e41e98b-9ac1-441d-b2c2-19d8f730c74a,1,22,0.163730,0
1e41e98b-9ac1-441d-b2c2-19d8f730c74a,1,23,0.362285,0
1e41e98b-9ac1-441d-b2c2-19d8f730c74a,2,0,0.033743,0
1e41e98b-9ac1-441d-b2c2-19d8f730c74a,2,1,0.049201,0
1e41e98b-9ac1-441d-b2c2-19d8f730c74a,2,2,0.032370,0
1e41e98b-9ac1-441d-b2c2-19d8f730c74a,2,3,0.311666,0
1e41e98b-9ac1-441d-b2c2-19d8f730c74a,2,4,0.108704,0
1e41e98b-9ac1-441d-b2c2-19d8f730c74a,2,5,0.069389,0
1e41e98b-9ac1-441d-b2c2-19d8f730c74a,2,6,0.082244,0
1e41e98b-9ac1-441d-b2c2-19d8f730c74a,2,7,0.543884,1
1e41e98b-9ac1-441d-b2c2-19d8f730c74a,2,8,0.183443,0
1e41e98b-9ac1-441d-b2c2-19d8f730c74a,2,9,0.398090,0
1e41e98b-9ac1-441d-b2c2-19d8f730c74a,2,10,0.564103,1
1e41e98b-9ac1-441d-b2c2-19d8f730c74a,2,11,0.542736,1
1e41e98b-9ac1-441d-b2c2-19d8f730c74a,2,12,0.812699,1
1e41e98b-9ac1-441d-b2c2-19d8f730c74a,2,13,0.172738,0
1e41e98b-9ac1-441d-b2c2-19d8f730c74a,2,14,0.407204,0
1e41e98b-9ac1-441d-b2c2-19d8f730c74a,2,15,0.035181,0
1e41e98b-9ac1-441d-b2c2-19d8f730c74a,2,16,0.037695,0
1e41e98b-9ac1-441d-b2c2-19d8f730c74a,2,17,0.161841,0
1e41e98b-9ac1-441d-b2c2-19d8f730c74a,2,18,0.063518,0
1e41e98b-9ac1-441d-b2c2-19d8f730c74a,2,19,0.591841,1
1e41e98b-9ac1-441d-b2c2-19d8f730c74a,2,20,0.278436,0
1e41e98b-9ac1-441d-b2c2-19d8f730c74a,2,21,0.065899,0
1e41e98b-9ac1-441d-b2c2-19d8f730c74a,2,22,0.068951,0
1e41e98b-9ac1-441d-b2c2-19d8f730c74a,2,23,0.046748,0
1e41e98b-9ac1-441d-b2c2-19d8f730c74a,2,24,0.039461,0
1e41e98b-9ac1-441d-b2c2-19d8f730c74a,2,25,0.051364,0
1e41e98b-9ac1-441d-b2c2-19d8f730c74a,2,26,0.055033,0
1e41e98b-9ac1-441d-b2c2-19d8f730c74a,2,27,0.064270,0
1e41e98b-9ac1-441d-b2c2-19d8f730c74a,2,28,0.137445,0
1e41e98b-9ac1-441d-b2c2-19d8f730c74a,2,29,0.036689,0
1e41e98b-9ac1-441d-b2c2-19d8f730c74a,2,30,0.036018,0
1e41e98b-9ac1-441d-b2c2-19d8f730c74a,2,31,0.068068,0
1e41e98b-9ac1-441d-b2c2-19d8f730c74a,2,32,0.040777,0
1e41e98b-9ac1-441d-b2c2-19d8f730c74a,2,33,0.054019,0
1e41e98b-9ac1-441d-b2c2-19d8f730c74a,2,34,0.216043,0
1e41e98b-9ac1-441d-b2c2-19d8f730c74a,2,35,0.032150,0
1e41e98b-9ac1-441d-b2c2-19d8f730c74a,2,36,0.289955,0
1e41e98b-9ac1-441d-b2c2-19d8f730c74a,2,37,0.062182,0
1e41e98b-9ac1-441d-b2c2-19d8f730c74a,2,38,0.504899,1
1e41e98b-9ac1-441d-b2c2-19d8f730c74a,2,39,0.046242,0
1e41e98b-9ac1-441d-b2c2-19d8f730c74a,2,40,0.347703,0
1e41e98b-9ac1-441d-b2c2-19d8f730c74a,2,41,0.237790,0
1e41e98b-9ac1-441d-b2c2-19d8f730c74a,2,42,0.066344,0
1e41e98b-9ac1-441d-b2c2-19d8f730c74a,2,43,0.061782,0
1e41e98b-9ac1-441d-b2c2-19d8f730c74a,2,44,0.035599,0
1e41e98b-9ac1-441d-b2c2-19d8f730c74a,2,45,0.039116,0
1e41e98b-9ac1-441d-b2c2-19d8f730c74a,2,46,0.035855,0
1e41e98b-9ac1-441d-b2c2-19d8f730c74a,2,47,0.043831,0
1e41e98b-9ac1-441d-b2c2-19d8f730c74a,2,48,0.069360,0
1e41e98b-9ac1-441d-b2c2-19d8f730c74a,2,49,0.111406,0
1e41e98b-9ac1-441d-b2c2-19d8f730c74a,2,50,0.068112,0
1e41e98b-9ac1-441d-b2c2-19d8f730c74a,2,51,0.039174,0
1e41e98b-9ac1-441d-b2c2-19d8f730c74a,2,52,0.046169,0
1e41e98b-9ac1-441d-b2c2-19d8f730c74a,2,53,0.203819,0
1e41e98b-9ac1-441d-b2c2-19d8f730c74a,2,54,0.084598,0
1e41e98b-9ac1-441d-b2c2-19d8f730c74a,2,55,0.509371,1
1e41e98b-9ac1-441d-b2c2-19d8f730c74a,2,56,0.193560,0
1e41e98b-9ac1-441d-b2c2-19d8f730c74a,2,57,0.159550,0
1e41e98b-9ac1-441d-b2c2-19d8f730c74a,2,58,0.318004,0
1e41e98b-9ac1-441d-b2c2-19d8f730c74a,2,59,0.051475,0
1e41e98b-9ac1-441d-b2c2-19d8f730c74a,2,60,0.076516,0
1e41e98b-9ac1-441d-b2c2-19d8f730c74a,3,0,0.582834,1
1e41e98b-9ac1-441d-b2c2-19d8f730c74a,3,1,0.033564,0
1e41e98b-9ac1-441d-b2c2-19d8f730c74a,3,2,0.037614,0
1e41e98b-9ac1-441d-b2c2-19d8f730c74a,3,3,0.034428,0
1e41e98b-9ac1-441d-b2c2-19d8f730c74a,3,4,0.080019,0
1e41e98b-9ac1-441d-b2c2-19d8f730c74a,3,5,0.057260,0
1e41e98b-9ac1-441d-b2c2-19d8f730c74a,3,6,0.463214,0
1e41e98b-9ac1-441d-b2c2-19d8f730c74a,3,7,0.079744,0
1e41e98b-9ac1-441d-b2c2-19d8f730c74a,3,8,0.088721,0
1e41e98b-9ac1-441d-b2c2-19d8f730c74a,3,9,0.067848,0
1e41e98b-9ac1-441d-b2c2-19d8f730c74a,3,10,0.118762,0
1e41e98b-9ac1-441d-b2c2-19d8f730c74a,3,11,0.093086,0
1e41e98b-9ac1-441d-b2c2-19d8f730c74a,3,12,0.067471,0
1e41e98b-9ac1-441d-b2c2-19d8f730c74a,3,13,0.085254,0
1e41e98b-9ac1-441d-b2c2-19d8f730c74a,3,14,0.799975,1
1e41e98b-9ac1-441d-b2c2-19d8f730c74a,3,15,0.081648,0
2f3e86b6-8443-47bd-9cd3-491c90a59fe9,1,0,0.034696,0
2f3e86b6-8443-47bd-9cd3-491c90a59fe9,1,1,0.038585,0
2f3e86b6-8443-47bd-9cd3-491c90a59fe9,1,2,0.249524,0
2f3e86b6-8443-47bd-9cd3-491c90a59fe9,1,3,0.049037,0
2f3e86b6-8443-47bd-9cd3-491c90a59fe9,1,4,0.091385,0
2f3e86b6-8443-47bd-9cd3-491c90a59fe9,1,5,0.168362,0
2f3e86b6-8443-47bd-9cd3-491c90a59fe9,1,6,0.069601,0
2f3e86b6-8443-47bd-9cd3-491c90a59fe9,1,7,0.270872,0
2f3e86b6-8443-47bd-9cd3-491c90a59fe9,1,8,0.049250,0
2f3e86b6-8443-47bd-9cd3-491c90a59fe9,1,9,0.046858,0
2f3e86b6-8443-47bd-9cd3-491c90a59fe9,1,10,0.237550,0
2f3e86b6-8443-47bd-9cd3-491c90a59fe9,1,11,0.145199,0
2f3e86b6-8443-47bd-9cd3-491c90a59fe9,1,12,0.109177,0
2f3e86b6-8443-47bd-9cd3-491c90a59fe9,1,13,0.037582,0
2f3e86b6-8443-47bd-9cd3-491c90a59fe9,1,14,0.327114,0
2f3e86b6-8443-47bd-9cd3-491c90a59fe9,1,15,0.528741,1
2f3e86b6-8443-47bd-9cd3-491c90a59fe9,1,16,0.424817,0
2f3e86b6-8443-47bd-9cd3-491c90a59fe9,1,17,0.274299,0
2f3e86b6-8443-47bd-9cd3-491c90a59fe9,1,18,0.043006,0
2f3e86b6-8443-47bd-9cd3-491c90a59fe9,1,19,0.071991,0
2f3e86b6-8443-47bd-9cd3-491c90a59fe9,1,20,0.046791,0
2f3e86b6-8443-47bd-9cd3-491c90a59fe9,1,21,0.038898,0
2f3e86b6-8443-47bd-9cd3-491c90a59fe9,1,22,0.062156,0
2f3e86b6-8443-47bd-9cd3-491c90a59fe9,1,23,0.112185,0
2f3e86b6-8443-47bd-9cd3-491c90a59fe9,1,24,0.038799,0
2f3e86b6-8443-47bd-9cd3-491c90a59fe9,1,25,0.036616,0
2f3e86b6-8443-47bd-9cd3-491c90a59fe9,1,26,0.055904,0
2f3e86b6-8443-47bd-9cd3-491c90a59fe9,1,27,0.069374,0
2f3e86b6-8443-47bd-9cd3-491c90a59fe9,2,0,0.050472,0
2f3e86b6-8443-47bd-9cd3-491c90a59fe9,2,1,0.130048,0
2f3e86b6-8443-47bd-9cd3-491c90a59fe9,2,2,0.031955,0
2f3e86b6-8443-47bd-9cd3-491c90a59fe9,2,3,0.040629,0
2f3e86b6-8443-47bd-9cd3-491c90a59fe9,2,4,0.047749,0
2f3e86b6-8443-47bd-9cd3-491c90a59fe9,2,5,0.074256,0
2f3e86b6-8443-47bd-9cd3-491c90a59fe9,2,6,0.139695,0
2f3e86b6-8443-47bd-9cd3-491c90a59fe9,2,7,0.084053,0
2f3e86b6-8443-47bd-9cd3-491c90a59fe9,2,8,0.056764,0
2f3e86b6-8443-47bd-9cd3-491c90a59fe9,2,9,0.140855,0
2f3e86b6-8443-47bd-9cd3-491c90a59fe9,2,10,0.380905,0
2f3e86b6-8443-47bd-9cd3-491c90a59fe9,2,11,0.171691,0
2f3e86b6-8443-47bd-9cd3-491c90a59fe9,2,12,0.135467,0
2f3e86b6-8443-47bd-9cd3-491c90a59fe9,2,13,0.082928,0
2f3e86b6-8443-47bd-9cd3-491c90a59fe9,2,14,0.779986,1
2f3e86b6-8443-47bd-9cd3-491c90a59fe9,2,15,0.131332,0
2f3e86b6-8443-47bd-9cd3-491c90a59fe9,2,16,0.220416,0
2f3e86b6-8443-47bd-9cd3-491c90a59fe9,2,17,0.384126,0
2f3e86b6-8443-47bd-9cd3-491c90a59fe9,2,18,0.071285,0
2f3e86b6-8443-47bd-9cd3-491c90a59fe9,3,0,0.053032,0
2f3e86b6-8443-47bd-9cd3-491c90a59fe9,3,1,0.041448,0
2f3e86b6-8443-47bd-9cd3-491c90a59fe9,3,2,0.042352,0
2f3e86b6-8443-47bd-9cd3-491c90a59fe9,3,3,0.120560,0
2f3e86b6-8443-47bd-9cd3-491c90a59fe9,3,4,0.145163,0
2f3e86b6-8443-47bd-9cd3-491c90a59fe9,3,5,0.053225,0
2f3e86b6-8443-47bd-9cd3-491c90a59fe9,3,6,0.036963,0
2f3e86b6-8443-47bd-9cd3-491c90a59fe9,3,7,0.306083,0
2f3e86b6-8443-47bd-9cd3-491c90a59fe9,3,8,0.392471,0
2f3e86b6-8443-47bd-9cd3-491c90a59fe9,3,9,0.052859,0
2f3e86b6-8443-47bd-9cd3-491c90a59fe9,3,10,0.277718,0
2f3e86b6-8443-47bd-9cd3-491c90a59fe9,3,11,0.224926,0
2f3e86b6-8443-47bd-9cd3-491c90a59fe9,3,12,0.033438,0
2f3e86b6-8443-47bd-9cd3-491c90a59fe9,3,13,0.041926,0
2f3e86b6-8443-47bd-9cd3-491c90a59fe9,3,14,0.108435,0
2f3e86b6-8443-47bd-9cd3-491c90a59fe9,3,15,0.119750,0
2f3e86b6-8443-47bd-9cd3-491c90a59fe9,3,16,0.035998,0
2f3e86b6-8443-47bd-9cd3-491c90a59fe9,3,17,0.852288,1
2f3e86b6-8443-47bd-9cd3-491c90a59fe9,3,18,0.033299,0
2f3e86b6-8443-47bd-9cd3-491c90a59fe9,3,19,0.037584,0
2f3e86b6-8443-47bd-9cd3-491c90a59fe9,3,20,0.033395,0
2f3e86b6-8443-47bd-9cd3-491c90a59fe9,3,21,0.050315,0
2f3e86b6-8443-47bd-9cd3-491c90a59fe9,3,22,0.053985,0
2f3e86b6-8443-47bd-9cd3-491c90a59fe9,3,23,0.070425,0
2f3e86b6-8443-47bd-9cd3-491c90a59fe9,3,24,0.500260,1
2f3e86b6-8443-47bd-9cd3-491c90a59fe9,3,25,0.946925,1
2f3e86b6-8443-47bd-9cd3-491c90a59fe9,3,26,0.204007,0
3ae35b16-7f7f-4a5e-9f24-5ce724106a73,1,0,0.046786,0
3ae35b16-7f7f-4a5e-9f24-5ce724106a73,1,1,0.121751,0
3ae35b16-7f7f-4a5e-9f24-5ce724106a73,1,2,0.083635,0
3ae35b16-7f7f-4a5e-9f24-5ce724106a73,1,3,0.162080,0
3ae35b16-7f7f-4a5e-9f24-5ce724106a73,1,4,0.134225,0
3ae35b16-7f7f-4a5e-9f24-5ce724106a73,1,5,0.038147,0
3ae35b16-7f7f-4a5e-9f24-5ce724106a73,1,6,0.065042,0
3ae35b16-7f7f-4a5e-9f24-5ce724106a73,1,7,0.832066,1
3ae35b16-7f7f-4a5e-9f24-5ce724106a73,1,8,0.053787,0
3ae35b16-7f7f-4a5e-9f24-5ce724106a73,1,9,0.057396,0
3ae35b16-7f7f-4a5e-9f24-5ce724106a73,1,10,0.033744,0
3ae35b16-7f7f-4a5e-9f24-5ce724106a73,1,11,0.040456,0
3ae35b16-7f7f-4a5e-9f24-5ce724106a73,1,12,0.037914,0
3ae35b16-7f7f-4a5e-9f24-5ce724106a73,1,13,0.033386,0
3ae35b16-7f7f-4a5e-9f24-5ce724106a73,1,14,0.032700,0
3ae35b16-7f7f-4a5e-9f24-5ce724106a73,1,15,0.033277,0
3ae35b16-7f7f-4a5e-9f24-5ce724106a73,1,16,0.034245,0
3ae35b16-7f7f-4a5e-9f24-5ce724106a73,1,17,0.040377,0
3ae35b16-7f7f-4a5e-9f24-5ce724106a73,1,18,0.033164,0
3ae35b16-7f7f-4a5e-9f24-5ce724106a73,1,19,0.034447,0
3ae35b16-7f7f-4a5e-9f24-5ce724106a73,1,20,0.035855,0
3ae35b16-7f7f-4a5e-9f24-5ce724106a73,1,21,0.082405,0
3ae35b16-7f7f-4a5e-9f24-5ce724106a73,1,22,0.039353,0
3ae35b16-7f7f-4a5e-9f24-5ce724106a73,1,23,0.322562,0
3ae35b16-7f7f-4a5e-9f24-5ce724106a73,1,24,0.177672,0
3ae35b16-7f7f-4a5e-9f24-5ce724106a73,1,25,0.529141,1
3ae35b16-7f7f-4a5e-9f24-5ce724106a73,1,26,0.105446,0
3ae35b16-7f7f-4a5e-9f24-5ce724106a73,1,27,0.617404,1
3ae35b16-7f7f-4a5e-9f24-5ce724106a73,1,28,0.038520,0
3ae35b16-7f7f-4a5e-9f24-5ce724106a73,1,29,0.647075,1
3ae35b16-7f7f-4a5e-9f24-5ce724106a73,1,30,0.222018,0
3ae35b16-7f7f-4a5e-9f24-5ce724106a73,1,31,0.425846,0
3ae35b16-7f7f-4a5e-9f24-5ce724106a73,1,32,0.033812,0
3ae35b16-7f7f-4a5e-9f24-5ce724106a73,1,33,0.032979,0
3ae35b16-7f7f-4a5e-9f24-5ce724106a73,1,34,0.358344,0
3ae35b16-7f7f-4a5e-9f24-5ce724106a73,1,35,0.512898,1
3ae35b16-7f7f-4a5e-9f24-5ce724106a73,2,0,0.037028,0
3ae35b16-7f7f-4a5e-9f24-5ce724106a73,2,1,0.062915,0
3ae35b16-7f7f-4a5e-9f24-5ce724106a73,2,2,0.104288,0
3ae35b16-7f7f-4a5e-9f24-5ce724106a73,2,3,0.071444,0
3ae35b16-7f7f-4a5e-9f24-5ce724106a73,2,4,0.037370,0
3ae35b16-7f7f-4a5e-9f24-5ce724106a73,2,5,0.269553,0
3ae35b16-7f7f-4a5e-9f24-5ce724106a73,2,6,0.291220,0
3ae35b16-7f7f-4a5e-9f24-5ce724106a73,2,7,0.801538,1
3ae35b16-7f7f-4a5e-9f24-5ce724106a73,2,8,0.118030,0
3ae35b16-7f7f-4a5e-9f24-5ce724106a73,2,9,0.138842,0
3ae35b16-7f7f-4a5e-9f24-5ce724106a73,2,10,0.034466,0
3ae35b16-7f7f-4a5e-9f24-5ce724106a73,2,11,0.034675,0
3ae35b16-7f7f-4a5e-9f24-5ce724106a73,2,12,0.033882,0
3ae35b16-7f7f-4a5e-9f24-5ce724106a73,2,13,0.136979,0
3ae35b16-7f7f-4a5e-9f24-5ce724106a73,2,14,0.036863,0
3ae35b16-7f7f-4a5e-9f24-5ce724106a73,2,15,0.044447,0
3ae35b16-7f7f-4a5e-9f24-5ce724106a73,2,16,0.325430,0
3ae35b16-7f7f-4a5e-9f24-5ce724106a73,2,17,0.405557,0
3ae35b16-7f7f-4a5e-9f24-5ce724106a73,2,18,0.239997,0
3ae35b16-7f7f-4a5e-9f24-5ce724106a73,2,19,0.177034,0
3ae35b16-7f7f-4a5e-9f24-5ce724106a73,2,20,0.478120,0
3ae35b16-7f7f-4a5e-9f24-5ce724106a73,2,21,0.057486,0
3ae35b16-7f7f-4a5e-9f24-5ce724106a73,2,22,0.165904,0
3ae35b16-7f7f-4a5e-9f24-5ce724106a73,2,23,0.055296,0
3ae35b16-7f7f-4a5e-9f24-5ce724106a73,2,24,0.302331,0
3ae35b16-7f7f-4a5e-9f24-5ce724106a73,2,25,0.039886,0
3ae35b16-7f7f-4a5e-9f24-5ce724106a73,2,26,0.038793,0
3ae35b16-7f7f-4a5e-9f24-5ce724106a73,2,27,0.032629,0
3ae35b16-7f7f-4a5e-9f24-5ce724106a73,2,28,0.036989,0
3ae35b16-7f7f-4a5e-9f24-5ce724106a73,2,29,0.046564,0
3ae35b16-7f7f-4a5e-9f24-5ce724106a73,2,30,0.046098,0
3ae35b16-7f7f-4a5e-9f24-5ce724106a73,2,31,0.188567,0
3ae35b16-7f7f-4a5e-9f24-5ce724106a73,2,32,0.036839,0
3ae35b16-7f7f-4a5e-9f24-5ce724106a73,2,33,0.039292,0
3ae35b16-7f7f-4a5e-9f24-5ce724106a73,2,34,0.074121,0
3ae35b16-7f7f-4a5e-9f24-5ce724106a73,2,35,0.034439,0
3ae35b16-7f7f-4a5e-9f24-5ce724106a73,2,36,0.035370,0
3ae35b16-7f7f-4a5e-9f24-5ce724106a73,2,37,0.071413,0
3ae35b16-7f7f-4a5e-9f24-5ce724106a73,2,38,0.142355,0
3ae35b16-7f7f-4a5e-9f24-5ce724106a73,3,0,0.067754,0
3ae35b16-7f7f-4a5e-9f24-5ce724106a73,3,1,0.677860,1
3ae35b16-7f7f-4a5e-9f24-5ce724106a73,3,2,0.042452,0
3ae35b16-7f7f-4a5e-9f24-5ce724106a73,3,3,0.581168,1
3ae35b16-7f7f-4a5e-9f24-5ce724106a73,3,4,0.407838,0
3ae35b16-7f7f-4a5e-9f24-5ce724106a73,3,5,0.058736,0
3ae35b16-7f7f-4a5e-9f24-5ce724106a73,3,6,0.158549,0
3ae35b16-7f7f-4a5e-9f24-5ce724106a73,3,7,0.168553,0
3ae35b16-7f7f-4a5e-9f24-5ce724106a73,3,8,0.251327,0
3ae35b16-7f7f-4a5e-9f24-5ce724106a73,3,9,0.850038,1
3ae35b16-7f7f-4a5e-9f24-5ce724106a73,3,10,0.255473,0
3ae35b16-7f7f-4a5e-9f24-5ce724106a73,3,11,0.691231,1
3ae35b16-7f7f-4a5e-9f24-5ce724106a73,3,12,0.171315,0
3ae35b16-7f7f-4a5e-9f24-5ce724106a73,3,13,0.793900,1
3ae35b16-7f7f-4a5e-9f24-5ce724106a73,3,14,0.176746,0
3ae35b16-7f7f-4a5e-9f24-5ce724106a73,3,15,0.704221,1
3ae35b16-7f7f-4a5e-9f24-5ce724106a73,3,16,0.413282,0
3ae35b16-7f7f-4a5e-9f24-5ce724106a73,3,17,0.247666,0
3ae35b16-7f7f-4a5e-9f24-5ce724106a73,3,18,0.227819,0
3ae35b16-7f7f-4a5e-9f24-5ce724106a73,3,19,0.193937,0
3ae35b16-7f7f-4a5e-9f24-5ce724106a73,3,20,0.957139,1
3ae35b16-7f7f-4a5e-9f24-5ce724106a73,3,21,0.145469,0
3ae35b16-7f7f-4a5e-9f24-5ce724106a73,3,22,0.042342,0
3ae35b16-7f7f-4a5e-9f24-5ce724106a73,3,23,0.151244,0
3ae35b16-7f7f-4a5e-9f24-5ce724106a73,3,24,0.110144,0
3ae35b16-7f7f-4a5e-9f24-5ce724106a73,3,25,0.156195,0
3ae35b16-7f7f-4a5e-9f24-5ce724106a73,3,26,0.059059,0
3ae35b16-7f7f-4a5e-9f24-5ce724106a73,3,27,0.211415,0
3ae35b16-7f7f-4a5e-9f24-5ce724106a73,3,28,0.048453,0
3ae35b16-7f7f-4a5e-9f24-5ce724106a73,3,29,0.034615,0
3ae35b16-7f7f-4a5e-9f24-5ce724106a73,3,30,0.034731,0
3ae35b16-7f7f-4a5e-9f24-5ce724106a73,3,31,0.049365,0
3ae35b16-7f7f-4a5e-9f24-5ce724106a73,3,32,0.036270,0
3ae35b16-7f7f-4a5e-9f24-5ce724106a73,3,33,0.135126,0
3ae35b16-7f7f-4a5e-9f24-5ce724106a73,3,34,0.038440,0
3ae35b16-7f7f-4a5e-9f24-5ce724106a73,3,35,0.079090,0
3ae35b16-7f7f-4a5e-9f24-5ce724106a73,3,36,0.032328,0
3ae35b16-7f7f-4a5e-9f24-5ce724106a73,3,37,0.032967,0
3ae35b16-7f7f-4a5e-9f24-5ce724106a73,3,38,0.037756,0
3ae35b16-7f7f-4a5e-9f24-5ce724106a73,3,39,0.041030,0
3ae35b16-7f7f-4a5e-9f24-5ce724106a73,3,40,0.040637,0
3ae35b16-7f7f-4a5e-9f24-5ce724106a73,3,41,0.056162,0
3ae35b16-7f7f-4a5e-9f24-5ce724106a73,3,42,0.683640,1
3ae35b16-7f7f-4a5e-9f24-5ce724106a73,3,43,0.953809,1
3ae35b16-7f7f-4a5e-9f24-5ce724106a73,3,44,0.234389,0
3ae35b16-7f7f-4a5e-9f24-5ce724106a73,3,45,0.146335,0
3ae35b16-7f7f-4a5e-9f24-5ce724106a73,3,46,0.107157,0
3ae35b16-7f7f-4a5e-9f24-5ce724106a73,3,47,0.161606,0
3ae35b16-7f7f-4a5e-9f24-5ce724106a73,3,48,0.156629,0
3ae35b16-7f7f-4a5e-9f24-5ce724106a73,3,49,0.092622,0
3ae35b16-7f7f-4a5e-9f24-5ce724106a73,3,50,0.676407,1
3ae35b16-7f7f-4a5e-9f24-5ce724106a73,3,51,0.158101,0
3ae35b16-7f7f-4a5e-9f24-5ce724106a73,3,52,0.120304,0
3ae35b16-7f7f-4a5e-9f24-5ce724106a73,3,53,0.053106,0
3ae35b16-7f7f-4a5e-9f24-5ce724106a73,3,54,0.088039,0
3ae35b16-7f7f-4a5e-9f24-5ce724106a73,3,55,0.905480,1
3ae35b16-7f7f-4a5e-9f24-5ce724106a73,3,56,0.033987,0
3ae35b16-7f7f-4a5e-9f24-5ce724106a73,3,57,0.055034,0
3ae35b16-7f7f-4a5e-9f24-5ce724106a73,3,58,0.055246,0
3ae35b16-7f7f-4a5e-9f24-5ce724106a73,3,59,0.356631,0
3ae35b16-7f7f-4a5e-9f24-5ce724106a73,3,60,0.067729,0
3ae35b16-7f7f-4a5e-9f24-5ce724106a73,3,61,0.267099,0
3ae35b16-7f7f-4a5e-9f24-5ce724106a73,3,62,0.214185,0
3ae35b16-7f7f-4a5e-9f24-5ce724106a73,3,63,0.037146,0
3ae35b16-7f7f-4a5e-9f24-5ce724106a73,3,64,0.034977,0
3ae35b16-7f7f-4a5e-9f24-5ce724106a73,3,65,0.032689,0
3ae35b16-7f7f-4a5e-9f24-5ce724106a73,3,66,0.206213,0
3ae35b16-7f7f-4a5e-9f24-5ce724106a73,3,67,0.061720,0
3ae35b16-7f7f-4a5e-9f24-5ce724106a73,3,68,0.141040,0
3ae35b16-7f7f-4a5e-9f24-5ce724106a73,3,69,0.249482,0
3ae35b16-7f7f-4a5e-9f24-5ce724106a73,3,70,0.180560,0
3ae35b16-7f7f-4a5e-9f24-5ce724106a73,3,71,0.056124,0
3ae35b16-7f7f-4a5e-9f24-5ce724106a73,3,72,0.038790,0
3ae35b16-7f7f-4a5e-9f24-5ce724106a73,3,73,0.035698,0
3ae35b16-7f7f-4a5e-9f24-5ce724106a73,3,74,0.095429,0
3ae35b16-7f7f-4a5e-9f24-5ce724106a73,3,75,0.151849,0
70c75d68-bf65-46a6-a822-15c23d77a275,1,0,0.055283,0
70c75d68-bf65-46a6-a822-15c23d77a275,1,1,0.033541,0
70c75d68-bf65-46a6-a822-15c23d77a275,1,2,0.186202,0
70c75d68-bf65-46a6-a822-15c23d77a275,1,3,0.421730,0
70c75d68-bf65-46a6-a822-15c23d77a275,1,4,0.385332,0
70c75d68-bf65-46a6-a822-15c23d77a275,1,5,0.201296,0
70c75d68-bf65-46a6-a822-15c23d77a275,1,6,0.192356,0
70c75d68-bf65-46a6-a822-15c23d77a275,1,7,0.101568,0
70c75d68-bf65-46a6-a822-15c23d77a275,1,8,0.164207,0
70c75d68-bf65-46a6-a822-15c23d77a275,1,9,0.341413,0
70c75d68-bf65-46a6-a822-15c23d77a275,1,10,0.923433,1
70c75d68-bf65-46a6-a822-15c23d77a275,1,11,0.147351,0
70c75d68-bf65-46a6-a822-15c23d77a275,1,12,0.500956,1
70c75d68-bf65-46a6-a822-15c23d77a275,1,13,0.113958,0
70c75d68-bf65-46a6-a822-15c23d77a275,1,14,0.116452,0
70c75d68-bf65-46a6-a822-15c23d77a275,1,15,0.076380,0
70c75d68-bf65-46a6-a822-15c23d77a275,1,16,0.034790,0
70c75d68-bf65-46a6-a822-15c23d77a275,1,17,0.052394,0
70c75d68-bf65-46a6-a822-15c23d77a275,1,18,0.052571,0
70c75d68-bf65-46a6-a822-15c23d77a275,1,19,0.072347,0
70c75d68-bf65-46a6-a822-15c23d77a275,1,20,0.515619,1
70c75d68-bf65-46a6-a822-15c23d77a275,1,21,0.975732,1
70c75d68-bf65-46a6-a822-15c23d77a275,1,22,0.450405,0
70c75d68-bf65-46a6-a822-15c23d77a275,1,23,0.718539,1
70c75d68-bf65-46a6-a822-15c23d77a275,1,24,0.928386,1
70c75d68-bf65-46a6-a822-15c23d77a275,1,25,0.213066,0
70c75d68-bf65-46a6-a822-15c23d77a275,1,26,0.108518,0
70c75d68-bf65-46a6-a822-15c23d77a275,1,27,0.621928,1
70c75d68-bf65-46a6-a822-15c23d77a275,1,28,0.037542,0
70c75d68-bf65-46a6-a822-15c23d77a275,1,29,0.767594,1
70c75d68-bf65-46a6-a822-15c23d77a275,1,30,0.679536,1
70c75d68-bf65-46a6-a822-15c23d77a275,1,31,0.236821,0
70c75d68-bf65-46a6-a822-15c23d77a275,1,32,0.054772,0
70c75d68-bf65-46a6-a822-15c23d77a275,1,33,0.161429,0
70c75d68-bf65-46a6-a822-15c23d77a275,1,34,0.163777,0
70c75d68-bf65-46a6-a822-15c23d77a275,1,35,0.076770,0
70c75d68-bf65-46a6-a822-15c23d77a275,1,36,0.123605,0
70c75d68-bf65-46a6-a822-15c23d77a275,1,37,0.063032,0
70c75d68-bf65-46a6-a822-15c23d77a275,1,38,0.144077,0
70c75d68-bf65-46a6-a822-15c23d77a275,1,39,0.061880,0
70c75d68-bf65-46a6-a822-15c23d77a275,1,40,0.052778,0
70c75d68-bf65-46a6-a822-15c23d77a275,1,41,0.259254,0
70c75d68-bf65-46a6-a822-15c23d77a275,1,42,0.070800,0
70c75d68-bf65-46a6-a822-15c23d77a275,1,43,0.061285,0
70c75d68-bf65-46a6-a822-15c23d77a275,1,44,0.268374,0
70c75d68-bf65-46a6-a822-15c23d77a275,1,45,0.580513,1
70c75d68-bf65-46a6-a822-15c23d77a275,1,46,0.069591,0
70c75d68-bf65-46a6-a822-15c23d77a275,1,47,0.040856,0
70c75d68-bf65-46a6-a822-15c23d77a275,1,48,0.242398,0
70c75d68-bf65-46a6-a822-15c23d77a275,1,49,0.089546,0
70c75d68-bf65-46a6-a822-15c23d77a275,1,50,0.081057,0
70c75d68-bf65-46a6-a822-15c23d77a275,1,51,0.050571,0
70c75d68-bf65-46a6-a822-15c23d77a275,1,52,0.055976,0
70c75d68-bf65-46a6-a822-15c23d77a275,1,53,0.257727,0
70c75d68-bf65-46a6-a822-15c23d77a275,1,54,0.147212,0
70c75d68-bf65-46a6-a822-15c23d77a275,1,55,0.070078,0
70c75d68-bf65-46a6-a822-15c23d77a275,1,56,0.092288,0
70c75d68-bf65-46a6-a822-15c23d77a275,1,57,0.160585,0
70c75d68-bf65-46a6-a822-15c23d77a275,1,58,0.215729,0
70c75d68-bf65-46a6-a822-15c23d77a275,1,59,0.134070,0
70c75d68-bf65-46a6-a822-15c23d77a275,1,60,0.195416,0
70c75d68-bf65-46a6-a822-15c23d77a275,1,61,0.614400,1
70c75d68-bf65-46a6-a822-15c23d77a275,1,62,0.362285,0
70c75d68-bf65-46a6-a822-15c23d77a275,2,0,0.040164,0
70c75d68-bf65-46a6-a822-15c23d77a275,2,1,0.202613,0
70c75d68-bf65-46a6-a822-15c23d77a275,2,2,0.297207,0
70c75d68-bf65-46a6-a822-15c23d77a275,2,3,0.116412,0
70c75d68-bf65-46a6-a822-15c23d77a275,2,4,0.035971,0
70c75d68-bf65-46a6-a822-15c23d77a275,2,5,0.042394,0
70c75d68-bf65-46a6-a822-15c23d77a275,2,6,0.891788,1
70c75d68-bf65-46a6-a822-15c23d77a275,2,7,0.199318,0
70c75d68-bf65-46a6-a822-15c23d77a275,2,8,0.327982,0
70c75d68-bf65-46a6-a822-15c23d77a275,2,9,0.395211,0
70c75d68-bf65-46a6-a822-15c23d77a275,2,10,0.036750,0
70c75d68-bf65-46a6-a822-15c23d77a275,2,11,0.460015,0
70c75d68-bf65-46a6-a822-15c23d77a275,2,12,0.034214,0
70c75d68-bf65-46a6-a822-15c23d77a275,2,13,0.082662,0
70c75d68-bf65-46a6-a822-15c23d77a275,2,14,0.147111,0
70c75d68-bf65-46a6-a822-15c23d77a275,2,15,0.262009,0
70c75d68-bf65-46a6-a822-15c23d77a275,2,16,0.064682,0
70c75d68-bf65-46a6-a822-15c23d77a275,2,17,0.070036,0
70c75d68-bf65-46a6-a822-15c23d77a275,2,18,0.448392,0
70c75d68-bf65-46a6-a822-15c23d77a275,2,19,0.049796,0
70c75d68-bf65-46a6-a822-15c23d77a275,2,20,0.770164,1
70c75d68-bf65-46a6-a822-15c23d77a275,2,21,0.114391,0
70c75d68-bf65-46a6-a822-15c23d77a275,2,22,0.054020,0
70c75d68-bf65-46a6-a822-15c23d77a275,2,23,0.041437,0
70c75d68-bf65-46a6-a822-15c23d77a275,2,24,0.090484,0
70c75d68-bf65-46a6-a822-15c23d77a275,2,25,0.033630,0
70c75d68-bf65-46a6-a822-15c23d77a275,2,26,0.044374,0
70c75d68-bf65-46a6-a822-15c23d77a275,2,27,0.035823,0
70c75d68-bf65-46a6-a822-15c23d77a275,2,28,0.184181,0
70c75d68-bf65-46a6-a822-15c23d77a275,2,29,0.416531,0
70c75d68-bf65-46a6-a822-15c23d77a275,2,30,0.131827,0
70c75d68-bf65-46a6-a822-15c23d77a275,2,31,0.188566,0
70c75d68-bf65-46a6-a822-15c23d77a275,2,32,0.383997,0
70c75d68-bf65-46a6-a822-15c23d77a275,2,33,0.229387,0
70c75d68-bf65-46a6-a822-15c23d77a275,2,34,0.044966,0
70c75d68-bf65-46a6-a822-15c23d77a275,2,35,0.372145,0
70c75d68-bf65-46a6-a822-15c23d77a275,2,36,0.056557,0
70c75d68-bf65-46a6-a822-15c23d77a275,2,37,0.383969,0
70c75d68-bf65-46a6-a822-15c23d77a275,2,38,0.055051,0
70c75d68-bf65-46a6-a822-15c23d77a275,2,39,0.179517,0
70c75d68-bf65-46a6-a822-15c23d77a275,2,40,0.288642,0
70c75d68-bf65-46a6-a822-15c23d77a275,2,41,0.036188,0
70c75d68-bf65-46a6-a822-15c23d77a275,2,42,0.077611,0
70c75d68-bf65-46a6-a822-15c23d77a275,2,43,0.104688,0
70c75d68-bf65-46a6-a822-15c23d77a275,2,44,0.040550,0
70c75d68-bf65-46a6-a822-15c23d77a275,2,45,0.038713,0
70c75d68-bf65-46a6-a822-15c23d77a275,2,46,0.039761,0
70c75d68-bf65-46a6-a822-15c23d77a275,2,47,0.080837,0
70c75d68-bf65-46a6-a822-15c23d77a275,2,48,0.163207,0
70c75d68-bf65-46a6-a822-15c23d77a275,2,49,0.060811,0
70c75d68-bf65-46a6-a822-15c23d77a275,2,50,0.072902,0
70c75d68-bf65-46a6-a822-15c23d77a275,2,51,0.068197,0
70c75d68-bf65-46a6-a822-15c23d77a275,2,52,0.040941,0
70c75d68-bf65-46a6-a822-15c23d77a275,2,53,0.146637,0
70c75d68-bf65-46a6-a822-15c23d77a275,2,54,0.134715,0
70c75d68-bf65-46a6-a822-15c23d77a275,2,55,0.289098,0
70c75d68-bf65-46a6-a822-15c23d77a275,2,56,0.041288,0
70c75d68-bf65-46a6-a822-15c23d77a275,2,57,0.294947,0
70c75d68-bf65-46a6-a822-15c23d77a275,2,58,0.134375,0
70c75d68-bf65-46a6-a822-15c23d77a275,2,59,0.312105,0
70c75d68-bf65-46a6-a822-15c23d77a275,3,0,0.125727,0
70c75d68-bf65-46a6-a822-15c23d77a275,3,1,0.219020,0
70c75d68-bf65-46a6-a822-15c23d77a275,3,2,0.036579,0
70c75d68-bf65-46a6-a822-15c23d77a275,3,3,0.034386,0
70c75d68-bf65-46a6-a822-15c23d77a275,3,4,0.127535,0
70c75d68-bf65-46a6-a822-15c23d77a275,3,5,0.264326,0
70c75d68-bf65-46a6-a822-15c23d77a275,3,6,0.967679,1
70c75d68-bf65-46a6-a822-15c23d77a275,3,7,0.346887,0
70c75d68-bf65-46a6-a822-15c23d77a275,3,8,0.039024,0
70c75d68-bf65-46a6-a822-15c23d77a275,3,9,0.034531,0
70c75d68-bf65-46a6-a822-15c23d77a275,3,10,0.036090,0
70c75d68-bf65-46a6-a822-15c23d77a275,3,11,0.241041,0
70c75d68-bf65-46a6-a822-15c23d77a275,3,12,0.179797,0
70c75d68-bf65-46a6-a822-15c23d77a275,3,13,0.172738,0
70c75d68-bf65-46a6-a822-15c23d77a275,3,14,0.158013,0
70c75d68-bf65-46a6-a822-15c23d77a275,3,15,0.072042,0
70c75d68-bf65-46a6-a822-15c23d77a275,3,16,0.290240,0
86e6e27d-1440-4879-8b13-0dd2d89f7281,1,0,0.204722,0
86e6e27d-1440-4879-8b13-0dd2d89f7281,1,1,0.975791,1
86e6e27d-1440-4879-8b13-0dd2d89f7281,1,2,0.813083,1
86e6e27d-1440-4879-8b13-0dd2d89f7281,1,3,0.243614,0
86e6e27d-1440-4879-8b13-0dd2d89f7281,1,4,0.652133,1
86e6e27d-1440-4879-8b13-0dd2d89f7281,1,5,0.046441,0
86e6e27d-1440-4879-8b13-0dd2d89f7281,1,6,0.948613,1
86e6e27d-1440-4879-8b13-0dd2d89f7281,1,7,0.146640,0
86e6e27d-1440-4879-8b13-0dd2d89f7281,1,8,0.782262,1
86e6e27d-1440-4879-8b13-0dd2d89f7281,1,9,0.042006,0
86e6e27d-1440-4879-8b13-0dd2d89f7281,1,10,0.243112,0
86e6e27d-1440-4879-8b13-0dd2d89f7281,1,11,0.208439,0
86e6e27d-1440-4879-8b13-0dd2d89f7281,1,12,0.043983,0
86e6e27d-1440-4879-8b13-0dd2d89f7281,1,13,0.143910,0
86e6e27d-1440-4879-8b13-0dd2d89f7281,1,14,0.048105,0
86e6e27d-1440-4879-8b13-0dd2d89f7281,1,15,0.137476,0
86e6e27d-1440-4879-8b13-0dd2d89f7281,1,16,0.912765,1
86e6e27d-1440-4879-8b13-0dd2d89f7281,1,17,0.169655,0
86e6e27d-1440-4879-8b13-0dd2d89f7281,1,18,0.698862,1
86e6e27d-1440-4879-8b13-0dd2d89f7281,1,19,0.209567,0
86e6e27d-1440-4879-8b13-0dd2d89f7281,1,20,0.103118,0
86e6e27d-1440-4879-8b13-0dd2d89f7281,1,21,0.105512,0
86e6e27d-1440-4879-8b13-0dd2d89f7281,1,22,0.619549,1
86e6e27d-1440-4879-8b13-0dd2d89f7281,1,23,0.824634,1
86e6e27d-1440-4879-8b13-0dd2d89f7281,1,24,0.328000,0
86e6e27d-1440-4879-8b13-0dd2d89f7281,1,25,0.082241,0
86e6e27d-1440-4879-8b13-0dd2d89f7281,1,26,0.795542,1
86e6e27d-1440-4879-8b13-0dd2d89f7281,1,27,0.263479,0
86e6e27d-1440-4879-8b13-0dd2d89f7281,1,28,0.333028,0
86e6e27d-1440-4879-8b13-0dd2d89f7281,1,29,0.050802,0
86e6e27d-1440-4879-8b13-0dd2d89f7281,1,30,0.241386,0
86e6e27d-1440-4879-8b13-0dd2d89f7281,1,31,0.186068,0
86e6e27d-1440-4879-8b13-0dd2d89f7281,1,32,0.174881,0
86e6e27d-1440-4879-8b13-0dd2d89f7281,1,33,0.040621,0
86e6e27d-1440-4879-8b13-0dd2d89f7281,1,34,0.243819,0
86e6e27d-1440-4879-8b13-0dd2d89f7281,1,35,0.097521,0
86e6e27d-1440-4879-8b13-0dd2d89f7281,1,36,0.038361,0
86e6e27d-1440-4879-8b13-0dd2d89f7281,1,37,0.151825,0
86e6e27d-1440-4879-8b13-0dd2d89f7281,1,38,0.289763,0
86e6e27d-1440-4879-8b13-0dd2d89f7281,1,39,0.192116,0
86e6e27d-1440-4879-8b13-0dd2d89f7281,1,40,0.107839,0
86e6e27d-1440-4879-8b13-0dd2d89f7281,1,41,0.193847,0
86e6e27d-1440-4879-8b13-0dd2d89f7281,1,42,0.186482,0
86e6e27d-1440-4879-8b13-0dd2d89f7281,1,43,0.255657,0
86e6e27d-1440-4879-8b13-0dd2d89f7281,1,44,0.118044,0
86e6e27d-1440-4879-8b13-0dd2d89f7281,1,45,0.155804,0
86e6e27d-1440-4879-8b13-0dd2d89f7281,1,46,0.207311,0
86e6e27d-1440-4879-8b13-0dd2d89f7281,1,47,0.145996,0
86e6e27d-1440-4879-8b13-0dd2d89f7281,1,48,0.573681,1
86e6e27d-1440-4879-8b13-0dd2d89f7281,1,49,0.167414,0
86e6e27d-1440-4879-8b13-0dd2d89f7281,1,50,0.087876,0
86e6e27d-1440-4879-8b13-0dd2d89f7281,1,51,0.052642,0
86e6e27d-1440-4879-8b13-0dd2d89f7281,1,52,0.049292,0
86e6e27d-1440-4879-8b13-0dd2d89f7281,1,53,0.131350,0
86e6e27d-1440-4879-8b13-0dd2d89f7281,1,54,0.048477,0
86e6e27d-1440-4879-8b13-0dd2d89f7281,1,55,0.165090,0
86e6e27d-1440-4879-8b13-0dd2d89f7281,1,56,0.074454,0
86e6e27d-1440-4879-8b13-0dd2d89f7281,1,57,0.143615,0
86e6e27d-1440-4879-8b13-0dd2d89f7281,1,58,0.525871,1
86e6e27d-1440-4879-8b13-0dd2d89f7281,2,0,0.251131,0
86e6e27d-1440-4879-8b13-0dd2d89f7281,2,1,0.226570,0
86e6e27d-1440-4879-8b13-0dd2d89f7281,2,2,0.965207,1
86e6e27d-1440-4879-8b13-0dd2d89f7281,2,3,0.468136,0
86e6e27d-1440-4879-8b13-0dd2d89f7281,2,4,0.399246,0
86e6e27d-1440-4879-8b13-0dd2d89f7281,2,5,0.323738,0
86e6e27d-1440-4879-8b13-0dd2d89f7281,2,6,0.190069,0
86e6e27d-1440-4879-8b13-0dd2d89f7281,2,7,0.131473,0
86e6e27d-1440-4879-8b13-0dd2d89f7281,2,8,0.123911,0
86e6e27d-1440-4879-8b13-0dd2d89f7281,2,9,0.114721,0
86e6e27d-1440-4879-8b13-0dd2d89f7281,2,10,0.055668,0
86e6e27d-1440-4879-8b13-0dd2d89f7281,2,11,0.064789,0
86e6e27d-1440-4879-8b13-0dd2d89f7281,2,12,0.604954,1
86e6e27d-1440-4879-8b13-0dd2d89f7281,2,13,0.777168,1
86e6e27d-1440-4879-8b13-0dd2d89f7281,2,14,0.927084,1
86e6e27d-1440-4879-8b13-0dd2d89f7281,2,15,0.302489,0
86e6e27d-1440-4879-8b13-0dd2d89f7281,2,16,0.068341,0
86e6e27d-1440-4879-8b13-0dd2d89f7281,2,17,0.285619,0
86e6e27d-1440-4879-8b13-0dd2d89f7281,2,18,0.311994,0
86e6e27d-1440-4879-8b13-0dd2d89f7281,2,19,0.238847,0
86e6e27d-1440-4879-8b13-0dd2d89f7281,2,20,0.110993,0
86e6e27d-1440-4879-8b13-0dd2d89f7281,2,21,0.124129,0
86e6e27d-1440-4879-8b13-0dd2d89f7281,2,22,0.199991,0
86e6e27d-1440-4879-8b13-0dd2d89f7281,3,0,0.175794,0
86e6e27d-1440-4879-8b13-0dd2d89f7281,3,1,0.278704,0
86e6e27d-1440-4879-8b13-0dd2d89f7281,3,2,0.118670,0
86e6e27d-1440-4879-8b13-0dd2d89f7281,3,3,0.244064,0
86e6e27d-1440-4879-8b13-0dd2d89f7281,3,4,0.131311,0
86e6e27d-1440-4879-8b13-0dd2d89f7281,3,5,0.190884,0
86e6e27d-1440-4879-8b13-0dd2d89f7281,3,6,0.975111,1
86e6e27d-1440-4879-8b13-0dd2d89f7281,3,7,0.291889,0
86e6e27d-1440-4879-8b13-0dd2d89f7281,3,8,0.073567,0
86e6e27d-1440-4879-8b13-0dd2d89f7281,3,9,0.153151,0
86e6e27d-1440-4879-8b13-0dd2d89f7281,3,10,0.583881,1
86e6e27d-1440-4879-8b13-0dd2d89f7281,3,11,0.476096,0
86e6e27d-1440-4879-8b13-0dd2d89f7281,3,12,0.954120,1
86e6e27d-1440-4879-8b13-0dd2d89f7281,3,13,0.117009,0
86e6e27d-1440-4879-8b13-0dd2d89f7281,3,14,0.363663,0
86e6e27d-1440-4879-8b13-0dd2d89f7281,3,15,0.102738,0
86e6e27d-1440-4879-8b13-0dd2d89f7281,3,16,0.520099,1
aab91277-8d56-4844-a581-45630f873f49,1,0,0.108028,0
aab91277-8d56-4844-a581-45630f873f49,1,1,0.038196,0
aab91277-8d56-4844-a581-45630f873f49,1,2,0.175583,0
aab91277-8d56-4844-a581-45630f873f49,1,3,0.174712,0
aab91277-8d56-4844-a581-45630f873f49,1,4,0.668617,1
aab91277-8d56-4844-a581-45630f873f49,1,5,0.377021,0
aab91277-8d56-4844-a581-45630f873f49,1,6,0.035907,0
aab91277-8d56-4844-a581-45630f873f49,1,7,0.053836,0
aab91277-8d56-4844-a581-45630f873f49,1,8,0.067514,0
aab91277-8d56-4844-a581-45630f873f49,1,9,0.040858,0
aab91277-8d56-4844-a581-45630f873f49,1,10,0.036520,0
aab91277-8d56-4844-a581-45630f873f49,1,11,0.747977,1
aab91277-8d56-4844-a581-45630f873f49,1,12,0.199060,0
aab91277-8d56-4844-a581-45630f873f49,1,13,0.290890,0
aab91277-8d56-4844-a581-45630f873f49,1,14,0.131497,0
aab91277-8d56-4844-a581-45630f873f49,1,15,0.039605,0
aab91277-8d56-4844-a581-45630f873f49,1,16,0.036803,0
aab91277-8d56-4844-a581-45630f873f49,1,17,0.080141,0
aab91277-8d56-4844-a581-45630f873f49,1,18,0.109878,0
aab91277-8d56-4844-a581-45630f873f49,1,19,0.034900,0
aab91277-8d56-4844-a581-45630f873f49,1,20,0.070590,0
aab91277-8d56-4844-a581-45630f873f49,1,21,0.122718,0
aab91277-8d56-4844-a581-45630f873f49,1,22,0.114557,0
aab91277-8d56-4844-a581-45630f873f49,1,23,0.076990,0
aab91277-8d56-4844-a581-45630f873f49,1,24,0.963287,1
aab91277-8d56-4844-a581-45630f873f49,1,25,0.960856,1
aab91277-8d56-4844-a581-45630f873f49,1,26,0.897033,1
aab91277-8d56-4844-a581-45630f873f49,1,27,0.940767,1
aab91277-8d56-4844-a581-45630f873f49,1,28,0.431136,0
aab91277-8d56-4844-a581-45630f873f49,1,29,0.189547,0
aab91277-8d56-4844-a581-45630f873f49,1,30,0.189391,0
aab91277-8d56-4844-a581-45630f873f49,1,31,0.311144,0
aab91277-8d56-4844-a581-45630f873f49,1,32,0.082389,0
aab91277-8d56-4844-a581-45630f873f49,1,33,0.194531,0
aab91277-8d56-4844-a581-45630f873f49,1,34,0.083212,0
aab91277-8d56-4844-a581-45630f873f49,1,35,0.086035,0
aab91277-8d56-4844-a581-45630f873f49,1,36,0.126739,0
aab91277-8d56-4844-a581-45630f873f49,1,37,0.256517,0
aab91277-8d56-4844-a581-45630f873f49,1,38,0.034236,0
aab91277-8d56-4844-a581-45630f873f49,1,39,0.312477,0
aab91277-8d56-4844-a581-45630f873f49,1,40,0.048330,0
aab91277-8d56-4844-a581-45630f873f49,1,41,0.049652,0
aab91277-8d56-4844-a581-45630f873f49,1,42,0.620234,1
aab91277-8d56-4844-a581-45630f873f49,1,43,0.670190,1
aab91277-8d56-4844-a581-45630f873f49,1,44,0.504134,1
aab91277-8d56-4844-a581-45630f873f49,1,45,0.219766,0
aab91277-8d56-4844-a581-45630f873f49,1,46,0.036747,0
aab91277-8d56-4844-a581-45630f873f49,1,47,0.115841,0
aab91277-8d56-4844-a581-45630f873f49,1,48,0.075106,0
aab91277-8d56-4844-a581-45630f873f49,1,49,0.737018,1
aab91277-8d56-4844-a581-45630f873f49,1,50,0.811730,1
aab91277-8d56-4844-a581-45630f873f49,2,0,0.087918,0
aab91277-8d56-4844-a581-45630f873f49,2,1,0.033594,0
aab91277-8d56-4844-a581-45630f873f49,2,2,0.870455,1
aab91277-8d56-4844-a581-45630f873f49,2,3,0.048023,0
aab91277-8d56-4844-a581-45630f873f49,2,4,0.328195,0
aab91277-8d56-4844-a581-45630f873f49,2,5,0.098735,0
aab91277-8d56-4844-a581-45630f873f49,2,6,0.082871,0
aab91277-8d56-4844-a581-45630f873f49,2,7,0.650241,1
aab91277-8d56-4844-a581-45630f873f49,2,8,0.145128,0
aab91277-8d56-4844-a581-45630f873f49,2,9,0.219335,0
aab91277-8d56-4844-a581-45630f873f49,2,10,0.295868,0
aab91277-8d56-4844-a581-45630f873f49,2,11,0.039166,0
aab91277-8d56-4844-a581-45630f873f49,2,12,0.044866,0
aab91277-8d56-4844-a581-45630f873f49,2,13,0.116148,0
aab91277-8d56-4844-a581-45630f873f49,2,14,0.234181,0
aab91277-8d56-4844-a581-45630f873f49,2,15,0.714618,1
aab91277-8d56-4844-a581-45630f873f49,2,16,0.332734,0
aab91277-8d56-4844-a581-45630f873f49,2,17,0.109736,0
aab91277-8d56-4844-a581-45630f873f49,2,18,0.062554,0
aab91277-8d56-4844-a581-45630f873f49,2,19,0.317720,0
aab91277-8d56-4844-a581-45630f873f49,2,20,0.613588,1
aab91277-8d56-4844-a581-45630f873f49,2,21,0.297630,0
aab91277-8d56-4844-a581-45630f873f49,2,22,0.932294,1
aab91277-8d56-4844-a581-45630f873f49,2,23,0.892520,1
aab91277-8d56-4844-a581-45630f873f49,2,24,0.495109,0
aab91277-8d56-4844-a581-45630f873f49,2,25,0.068668,0
aab91277-8d56-4844-a581-45630f873f49,2,26,0.585130,1
aab91277-8d56-4844-a581-45630f873f49,2,27,0.056873,0
aab91277-8d56-4844-a581-45630f873f49,2,28,0.039412,0
aab91277-8d56-4844-a581-45630f873f49,2,29,0.126091,0
aab91277-8d56-4844-a581-45630f873f49,2,30,0.408840,0
aab91277-8d56-4844-a581-45630f873f49,2,31,0.048271,0
aab91277-8d56-4844-a581-45630f873f49,2,32,0.088714,0
aab91277-8d56-4844-a581-45630f873f49,2,33,0.034032,0
aab91277-8d56-4844-a581-45630f873f49,2,34,0.093826,0
aab91277-8d56-4844-a581-45630f873f49,2,35,0.034099,0
aab91277-8d56-4844-a581-45630f873f49,2,36,0.284422,0
aab91277-8d56-4844-a581-45630f873f49,2,37,0.045226,0
aab91277-8d56-4844-a581-45630f873f49,2,38,0.034680,0
aab91277-8d56-4844-a581-45630f873f49,2,39,0.044371,0
aab91277-8d56-4844-a581-45630f873f49,2,40,0.040880,0
aab91277-8d56-4844-a581-45630f873f49,3,0,0.637274,1
aab91277-8d56-4844-a581-45630f873f49,3,1,0.033724,0
aab91277-8d56-4844-a581-45630f873f49,3,2,0.034161,0
aab91277-8d56-4844-a581-45630f873f49,3,3,0.042305,0
aab91277-8d56-4844-a581-45630f873f49,3,4,0.091987,0
aab91277-8d56-4844-a581-45630f873f49,3,5,0.039475,0
aab91277-8d56-4844-a581-45630f873f49,3,6,0.193439,0
aab91277-8d56-4844-a581-45630f873f49,3,7,0.507067,1
aab91277-8d56-4844-a581-45630f873f49,3,8,0.083176,0
aab91277-8d56-4844-a581-45630f873f49,3,9,0.074375,0
aab91277-8d56-4844-a581-45630f873f49,3,10,0.086617,0
aab91277-8d56-4844-a581-45630f873f49,3,11,0.069543,0
aab91277-8d56-4844-a581-45630f873f49,3,12,0.124436,0
aab91277-8d56-4844-a581-45630f873f49,3,13,0.155069,0
aab91277-8d56-4844-a581-45630f873f49,3,14,0.045644,0
aab91277-8d56-4844-a581-45630f873f49,3,15,0.347463,0
aab91277-8d56-4844-a581-45630f873f49,3,16,0.193364,0
aab91277-8d56-4844-a581-45630f873f49,3,17,0.039477,0
aab91277-8d56-4844-a581-45630f873f49,3,18,0.042145,0
aab91277-8d56-4844-a581-45630f873f49,3,19,0.101056,0
aab91277-8d56-4844-a581-45630f873f49,3,20,0.191855,0
aab91277-8d56-4844-a581-45630f873f49,3,21,0.194629,0
b7021938-ff8d-42ea-adec-5704c0b65237,1,0,0.451782,0
b7021938-ff8d-42ea-adec-5704c0b65237,1,1,0.585368,1
b7021938-ff8d-42ea-adec-5704c0b65237,1,2,0.458073,0
b7021938-ff8d-42ea-adec-5704c0b65237,1,3,0.200311,0
b7021938-ff8d-42ea-adec-5704c0b65237,1,4,0.158994,0
b7021938-ff8d-42ea-adec-5704c0b65237,1,5,0.057089,0
b7021938-ff8d-42ea-adec-5704c0b65237,1,6,0.582616,1
b7021938-ff8d-42ea-adec-5704c0b65237,1,7,0.850734,1
b7021938-ff8d-42ea-adec-5704c0b65237,1,8,0.688571,1
b7021938-ff8d-42ea-adec-5704c0b65237,1,9,0.568425,1
b7021938-ff8d-42ea-adec-5704c0b65237,1,10,0.972488,1
b7021938-ff8d-42ea-adec-5704c0b65237,1,11,0.278387,0
b7021938-ff8d-42ea-adec-5704c0b65237,1,12,0.403082,0
b7021938-ff8d-42ea-adec-5704c0b65237,1,13,0.059466,0
b7021938-ff8d-42ea-adec-5704c0b65237,1,14,0.136204,0
b7021938-ff8d-42ea-adec-5704c0b65237,1,15,0.170607,0
b7021938-ff8d-42ea-adec-5704c0b65237,1,16,0.743554,1
b7021938-ff8d-42ea-adec-5704c0b65237,1,17,0.398508,0
b7021938-ff8d-42ea-adec-5704c0b65237,1,18,0.194971,0
b7021938-ff8d-42ea-adec-5704c0b65237,1,19,0.142879,0
b7021938-ff8d-42ea-adec-5704c0b65237,1,20,0.110121,0
b7021938-ff8d-42ea-adec-5704c0b65237,1,21,0.033605,0
b7021938-ff8d-42ea-adec-5704c0b65237,1,22,0.145682,0
b7021938-ff8d-42ea-adec-5704c0b65237,1,23,0.033652,0
b7021938-ff8d-42ea-adec-5704c0b65237,1,24,0.245095,0
b7021938-ff8d-42ea-adec-5704c0b65237,1,25,0.146408,0
b7021938-ff8d-42ea-adec-5704c0b65237,1,26,0.186350,0
b7021938-ff8d-42ea-adec-5704c0b65237,2,0,0.069027,0
b7021938-ff8d-42ea-adec-5704c0b65237,2,1,0.070854,0
b7021938-ff8d-42ea-adec-5704c0b65237,2,2,0.928080,1
b7021938-ff8d-42ea-adec-5704c0b65237,2,3,0.616330,1
b7021938-ff8d-42ea-adec-5704c0b65237,2,4,0.154858,0
b7021938-ff8d-42ea-adec-5704c0b65237,2,5,0.259382,0
b7021938-ff8d-42ea-adec-5704c0b65237,2,6,0.263386,0
b7021938-ff8d-42ea-adec-5704c0b65237,2,7,0.953715,1
b7021938-ff8d-42ea-adec-5704c0b65237,2,8,0.894627,1
b7021938-ff8d-42ea-adec-5704c0b65237,2,9,0.034317,0
b7021938-ff8d-42ea-adec-5704c0b65237,2,10,0.174976,0
b7021938-ff8d-42ea-adec-5704c0b65237,2,11,0.302856,0
b7021938-ff8d-42ea-adec-5704c0b65237,2,12,0.176707,0
b7021938-ff8d-42ea-adec-5704c0b65237,2,13,0.537995,1
b7021938-ff8d-42ea-adec-5704c0b65237,2,14,0.825652,1
b7021938-ff8d-42ea-adec-5704c0b65237,2,15,0.189318,0
b7021938-ff8d-42ea-adec-5704c0b65237,2,16,0.438727,0
b7021938-ff8d-42ea-adec-5704c0b65237,2,17,0.910465,1
b7021938-ff8d-42ea-adec-5704c0b65237,2,18,0.972746,1
b7021938-ff8d-42ea-adec-5704c0b65237,2,19,0.964135,1
b7021938-ff8d-42ea-adec-5704c0b65237,2,20,0.977000,1
b7021938-ff8d-42ea-adec-5704c0b65237,2,21,0.201711,0
b7021938-ff8d-42ea-adec-5704c0b65237,2,22,0.078995,0
b7021938-ff8d-42ea-adec-5704c0b65237,2,23,0.709232,1
b7021938-ff8d-42ea-adec-5704c0b65237,2,24,0.091139,0
b7021938-ff8d-42ea-adec-5704c0b65237,2,25,0.360589,0
b7021938-ff8d-42ea-adec-5704c0b65237,2,26,0.066867,0
b7021938-ff8d-42ea-adec-5704c0b65237,2,27,0.056654,0
b7021938-ff8d-42ea-adec-5704c0b65237,2,28,0.045861,0
b7021938-ff8d-42ea-adec-5704c0b65237,2,29,0.239912,0
b7021938-ff8d-42ea-adec-5704c0b65237,2,30,0.233178,0
b7021938-ff8d-42ea-adec-5704c0b65237,2,31,0.862890,1
b7021938-ff8d-42ea-adec-5704c0b65237,2,32,0.239394,0
b7021938-ff8d-42ea-adec-5704c0b65237,2,33,0.040634,0
b7021938-ff8d-42ea-adec-5704c0b65237,2,34,0.037689,0
b7021938-ff8d-42ea-adec-5704c0b65237,2,35,0.198044,0
b7021938-ff8d-42ea-adec-5704c0b65237,2,36,0.140679,0
b7021938-ff8d-42ea-adec-5704c0b65237,2,37,0.207504,0
b7021938-ff8d-42ea-adec-5704c0b65237,2,38,0.454808,0
b7021938-ff8d-42ea-adec-5704c0b65237,2,39,0.233413,0
b7021938-ff8d-42ea-adec-5704c0b65237,2,40,0.905184,1
b7021938-ff8d-42ea-adec-5704c0b65237,2,41,0.266786,0
b7021938-ff8d-42ea-adec-5704c0b65237,2,42,0.298348,0
b7021938-ff8d-42ea-adec-5704c0b65237,2,43,0.148368,0
b7021938-ff8d-42ea-adec-5704c0b65237,2,44,0.879389,1
b7021938-ff8d-42ea-adec-5704c0b65237,2,45,0.031670,0
b7021938-ff8d-42ea-adec-5704c0b65237,2,46,0.252065,0
b7021938-ff8d-42ea-adec-5704c0b65237,3,0,0.049872,0
b7021938-ff8d-42ea-adec-5704c0b65237,3,1,0.080269,0
b7021938-ff8d-42ea-adec-5704c0b65237,3,2,0.068707,0
b7021938-ff8d-42ea-adec-5704c0b65237,3,3,0.056854,0
b7021938-ff8d-42ea-adec-5704c0b65237,3,4,0.624489,1
b7021938-ff8d-42ea-adec-5704c0b65237,3,5,0.089001,0
b7021938-ff8d-42ea-adec-5704c0b65237,3,6,0.227118,0
b7021938-ff8d-42ea-adec-5704c0b65237,3,7,0.198033,0
b7021938-ff8d-42ea-adec-5704c0b65237,3,8,0.417196,0
b7021938-ff8d-42ea-adec-5704c0b65237,3,9,0.204395,0
b7021938-ff8d-42ea-adec-5704c0b65237,3,10,0.045670,0
b7021938-ff8d-42ea-adec-5704c0b65237,3,11,0.890960,1
b7021938-ff8d-42ea-adec-5704c0b65237,3,12,0.091400,0
b7021938-ff8d-42ea-adec-5704c0b65237,3,13,0.122846,0
b7021938-ff8d-42ea-adec-5704c0b65237,3,14,0.099316,0
b7021938-ff8d-42ea-adec-5704c0b65237,3,15,0.071175,0
b7021938-ff8d-42ea-adec-5704c0b65237,3,16,0.063526,0
b7021938-ff8d-42ea-adec-5704c0b65237,3,17,0.482288,0
c9e4d35f-aeae-462b-a8bf-e08d09a93b6e,1,0,0.105804,0
c9e4d35f-aeae-462b-a8bf-e08d09a93b6e,1,1,0.737802,1
c9e4d35f-aeae-462b-a8bf-e08d09a93b6e,1,2,0.792588,1
c9e4d35f-aeae-462b-a8bf-e08d09a93b6e,1,3,0.361338,0
c9e4d35f-aeae-462b-a8bf-e08d09a93b6e,1,4,0.139878,0
c9e4d35f-aeae-462b-a8bf-e08d09a93b6e,1,5,0.278362,0
c9e4d35f-aeae-462b-a8bf-e08d09a93b6e,1,6,0.046864,0
c9e4d35f-aeae-462b-a8bf-e08d09a93b6e,1,7,0.088600,0
c9e4d35f-aeae-462b-a8bf-e08d09a93b6e,1,8,0.168579,0
c9e4d35f-aeae-462b-a8bf-e08d09a93b6e,1,9,0.057511,0
c9e4d35f-aeae-462b-a8bf-e08d09a93b6e,1,10,0.041109,0
c9e4d35f-aeae-462b-a8bf-e08d09a93b6e,1,11,0.089474,0
c9e4d35f-aeae-462b-a8bf-e08d09a93b6e,1,12,0.374201,0
c9e4d35f-aeae-462b-a8bf-e08d09a93b6e,1,13,0.209372,0
c9e4d35f-aeae-462b-a8bf-e08d09a93b6e,1,14,0.877616,1
c9e4d35f-aeae-462b-a8bf-e08d09a93b6e,1,15,0.154015,0
c9e4d35f-aeae-462b-a8bf-e08d09a93b6e,1,16,0.181274,0
c9e4d35f-aeae-462b-a8bf-e08d09a93b6e,1,17,0.047344,0
c9e4d35f-aeae-462b-a8bf-e08d09a93b6e,1,18,0.362285,0
c9e4d35f-aeae-462b-a8bf-e08d09a93b6e,2,0,0.055770,0
c9e4d35f-aeae-462b-a8bf-e08d09a93b6e,2,1,0.056747,0
c9e4d35f-aeae-462b-a8bf-e08d09a93b6e,2,2,0.071273,0
c9e4d35f-aeae-462b-a8bf-e08d09a93b6e,2,3,0.230864,0
c9e4d35f-aeae-462b-a8bf-e08d09a93b6e,2,4,0.160738,0
c9e4d35f-aeae-462b-a8bf-e08d09a93b6e,2,5,0.425230,0
c9e4d35f-aeae-462b-a8bf-e08d09a93b6e,2,6,0.485182,0
c9e4d35f-aeae-462b-a8bf-e08d09a93b6e,2,7,0.138128,0
c9e4d35f-aeae-462b-a8bf-e08d09a93b6e,2,8,0.039309,0
c9e4d35f-aeae-462b-a8bf-e08d09a93b6e,2,9,0.061916,0
c9e4d35f-aeae-462b-a8bf-e08d09a93b6e,2,10,0.106691,0
c9e4d35f-aeae-462b-a8bf-e08d09a93b6e,2,11,0.042058,0
c9e4d35f-aeae-462b-a8bf-e08d09a93b6e,2,12,0.055404,0
c9e4d35f-aeae-462b-a8bf-e08d09a93b6e,2,13,0.035913,0
c9e4d35f-aeae-462b-a8bf-e08d09a93b6e,2,14,0.206031,0
c9e4d35f-aeae-462b-a8bf-e08d09a93b6e,2,15,0.102673,0
c9e4d35f-aeae-462b-a8bf-e08d09a93b6e,2,16,0.032638,0
c9e4d35f-aeae-462b-a8bf-e08d09a93b6e,2,17,0.299190,0
c9e4d35f-aeae-462b-a8bf-e08d09a93b6e,2,18,0.214657,0
c9e4d35f-aeae-462b-a8bf-e08d09a93b6e,2,19,0.047406,0
c9e4d35f-aeae-462b-a8bf-e08d09a93b6e,2,20,0.220901,0
c9e4d35f-aeae-462b-a8bf-e08d09a93b6e,2,21,0.043492,0
c9e4d35f-aeae-462b-a8bf-e08d09a93b6e,2,22,0.209358,0
c9e4d35f-aeae-462b-a8bf-e08d09a93b6e,2,23,0.158163,0
c9e4d35f-aeae-462b-a8bf-e08d09a93b6e,2,24,0.134308,0
c9e4d35f-aeae-462b-a8bf-e08d09a93b6e,2,25,0.033377,0
c9e4d35f-aeae-462b-a8bf-e08d09a93b6e,2,26,0.038131,0
c9e4d35f-aeae-462b-a8bf-e08d09a93b6e,2,27,0.036166,0
c9e4d35f-aeae-462b-a8bf-e08d09a93b6e,2,28,0.276583,0
c9e4d35f-aeae-462b-a8bf-e08d09a93b6e,2,29,0.035675,0
c9e4d35f-aeae-462b-a8bf-e08d09a93b6e,2,30,0.091412,0
c9e4d35f-aeae-462b-a8bf-e08d09a93b6e,2,31,0.056972,0
c9e4d35f-aeae-462b-a8bf-e08d09a93b6e,2,32,0.112462,0
c9e4d35f-aeae-462b-a8bf-e08d09a93b6e,2,33,0.497041,0
c9e4d35f-aeae-462b-a8bf-e08d09a93b6e,2,34,0.051707,0
c9e4d35f-aeae-462b-a8bf-e08d09a93b6e,2,35,0.150709,0
c9e4d35f-aeae-462b-a8bf-e08d09a93b6e,2,36,0.097062,0
c9e4d35f-aeae-462b-a8bf-e08d09a93b6e,2,37,0.098343,0
c9e4d35f-aeae-462b-a8bf-e08d09a93b6e,3,0,0.080777,0
c9e4d35f-aeae-462b-a8bf-e08d09a93b6e,3,1,0.059038,0
c9e4d35f-aeae-462b-a8bf-e08d09a93b6e,3,2,0.108092,0
c9e4d35f-aeae-462b-a8bf-e08d09a93b6e,3,3,0.161419,0
c9e4d35f-aeae-462b-a8bf-e08d09a93b6e,3,4,0.386349,0
c9e4d35f-aeae-462b-a8bf-e08d09a93b6e,3,5,0.062579,0
c9e4d35f-aeae-462b-a8bf-e08d09a93b6e,3,6,0.087493,0
c9e4d35f-aeae-462b-a8bf-e08d09a93b6e,3,7,0.038290,0
c9e4d35f-aeae-462b-a8bf-e08d09a93b6e,3,8,0.110631,0
c9e4d35f-aeae-462b-a8bf-e08d09a93b6e,3,9,0.053222,0
c9e4d35f-aeae-462b-a8bf-e08d09a93b6e,3,10,0.115487,0
c9e4d35f-aeae-462b-a8bf-e08d09a93b6e,3,11,0.770956,1
c9e4d35f-aeae-462b-a8bf-e08d09a93b6e,3,12,0.184831,0
c9e4d35f-aeae-462b-a8bf-e08d09a93b6e,3,13,0.154231,0
c9e4d35f-aeae-462b-a8bf-e08d09a93b6e,3,14,0.038607,0
c9e4d35f-aeae-462b-a8bf-e08d09a93b6e,3,15,0.246763,0
c9e4d35f-aeae-462b-a8bf-e08d09a93b6e,3,16,0.297753,0
c9e4d35f-aeae-462b-a8bf-e08d09a93b6e,3,17,0.118247,0
c9e4d35f-aeae-462b-a8bf-e08d09a93b6e,3,18,0.071165,0
c9e4d35f-aeae-462b-a8bf-e08d09a93b6e,3,19,0.058897,0
c9e4d35f-aeae-462b-a8bf-e08d09a93b6e,3,20,0.197363,0
c9e4d35f-aeae-462b-a8bf-e08d09a93b6e,3,21,0.201386,0
e71d149d-0426-43f0-87e8-8c611dad7205,1,0,0.164036,0
e71d149d-0426-43f0-87e8-8c611dad7205,1,1,0.059703,0
e71d149d-0426-43f0-87e8-8c611dad7205,1,2,0.791110,1
e71d149d-0426-43f0-87e8-8c611dad7205,1,3,0.288962,0
e71d149d-0426-43f0-87e8-8c611dad7205,1,4,0.133666,0
e71d149d-0426-43f0-87e8-8c611dad7205,1,5,0.058541,0
e71d149d-0426-43f0-87e8-8c611dad7205,1,6,0.093234,0
e71d149d-0426-43f0-87e8-8c611dad7205,1,7,0.051128,0
e71d149d-0426-43f0-87e8-8c611dad7205,1,8,0.223956,0
e71d149d-0426-43f0-87e8-8c611dad7205,1,9,0.045172,0
e71d149d-0426-43f0-87e8-8c611dad7205,1,10,0.095359,0
e71d149d-0426-43f0-87e8-8c611dad7205,1,11,0.130487,0
e71d149d-0426-43f0-87e8-8c611dad7205,1,12,0.125068,0
e71d149d-0426-43f0-87e8-8c611dad7205,1,13,0.124019,0
e71d149d-0426-43f0-87e8-8c611dad7205,1,14,0.036525,0
e71d149d-0426-43f0-87e8-8c611dad7205,1,15,0.113331,0
e71d149d-0426-43f0-87e8-8c611dad7205,1,16,0.036171,0
e71d149d-0426-43f0-87e8-8c611dad7205,1,17,0.066936,0
e71d149d-0426-43f0-87e8-8c611dad7205,1,18,0.130035,0
e71d149d-0426-43f0-87e8-8c611dad7205,1,19,0.167223,0
e71d149d-0426-43f0-87e8-8c611dad7205,1,20,0.146700,0
e71d149d-0426-43f0-87e8-8c611dad7205,1,21,0.150242,0
e71d149d-0426-43f0-87e8-8c611dad7205,1,22,0.861805,1
e71d149d-0426-43f0-87e8-8c611dad7205,1,23,0.188253,0
e71d149d-0426-43f0-87e8-8c611dad7205,1,24,0.053472,0
e71d149d-0426-43f0-87e8-8c611dad7205,1,25,0.154867,0
e71d149d-0426-43f0-87e8-8c611dad7205,1,26,0.045032,0
e71d149d-0426-43f0-87e8-8c611dad7205,1,27,0.097464,0
e71d149d-0426-43f0-87e8-8c611dad7205,2,0,0.043301,0
e71d149d-0426-43f0-87e8-8c611dad7205,2,1,0.032760,0
e71d149d-0426-43f0-87e8-8c611dad7205,2,2,0.407646,0
e71d149d-0426-43f0-87e8-8c611dad7205,2,3,0.061958,0
e71d149d-0426-43f0-87e8-8c611dad7205,2,4,0.060342,0
e71d149d-0426-43f0-87e8-8c611dad7205,2,5,0.048683,0
e71d149d-0426-43f0-87e8-8c611dad7205,2,6,0.047850,0
e71d149d-0426-43f0-87e8-8c611dad7205,2,7,0.196073,0
e71d149d-0426-43f0-87e8-8c611dad7205,2,8,0.041582,0
e71d149d-0426-43f0-87e8-8c611dad7205,2,9,0.675206,1
e71d149d-0426-43f0-87e8-8c611dad7205,2,10,0.040302,0
e71d149d-0426-43f0-87e8-8c611dad7205,2,11,0.183914,0
e71d149d-0426-43f0-87e8-8c611dad7205,2,12,0.036317,0
e71d149d-0426-43f0-87e8-8c611dad7205,2,13,0.217182,0
e71d149d-0426-43f0-87e8-8c611dad7205,2,14,0.133497,0
e71d149d-0426-43f0-87e8-8c611dad7205,2,15,0.053788,0
e71d149d-0426-43f0-87e8-8c611dad7205,2,16,0.053191,0
e71d149d-0426-43f0-87e8-8c611dad7205,2,17,0.503534,1
e71d149d-0426-43f0-87e8-8c611dad7205,2,18,0.051604,0
e71d149d-0426-43f0-87e8-8c611dad7205,2,19,0.037299,0
e71d149d-0426-43f0-87e8-8c611dad7205,3,0,0.056572,0
e71d149d-0426-43f0-87e8-8c611dad7205,3,1,0.042798,0
e71d149d-0426-43f0-87e8-8c611dad7205,3,2,0.103351,0
e71d149d-0426-43f0-87e8-8c611dad7205,3,3,0.098949,0
e71d149d-0426-43f0-87e8-8c611dad7205,3,4,0.051494,0
e71d149d-0426-43f0-87e8-8c611dad7205,3,5,0.156579,0
e71d149d-0426-43f0-87e8-8c611dad7205,3,6,0.204011,0
e71d149d-0426-43f0-87e8-8c611dad7205,3,7,0.052590,0
e71d149d-0426-43f0-87e8-8c611dad7205,3,8,0.100494,0
e71d149d-0426-43f0-87e8-8c611dad7205,3,9,0.063023,0
e71d149d-0426-43f0-87e8-8c611dad7205,3,10,0.036639,0
e71d149d-0426-43f0-87e8-8c611dad7205,3,11,0.038031,0
e71d149d-0426-43f0-87e8-8c611dad7205,3,12,0.105752,0
e71d149d-0426-43f0-87e8-8c611dad7205,3,13,0.122556,0
e71d149d-0426-43f0-87e8-8c611dad7205,3,14,0.051639,0
e71d149d-0426-43f0-87e8-8c611dad7205,3,15,0.047230,0
e71d149d-0426-43f0-87e8-8c611dad7205,3,16,0.039916,0
e71d149d-0426-43f0-87e8-8c611dad7205,3,17,0.037125,0
e71d149d-0426-43f0-87e8-8c611dad7205,3,18,0.059417,0
e71d149d-0426-43f0-87e8-8c611dad7205,3,19,0.058241,0
e71d149d-0426-43f0-87e8-8c611dad7205,3,20,0.118050,0
