triplet_uuid,outlet_idx,sentence_idx,prob_biased,pred
2b95d2cf-e979-4f9c-ae27-9a5370934f23,1,0,0.069383,0
2b95d2cf-e979-4f9c-ae27-9a5370934f23,1,1,0.016841,0
2b95d2cf-e979-4f9c-ae27-9a5370934f23,1,2,0.310169,0
2b95d2cf-e979-4f9c-ae27-9a5370934f23,1,3,0.381300,0
2b95d2cf-e979-4f9c-ae27-9a5370934f23,1,4,0.012374,0
2b95d2cf-e979-4f9c-ae27-9a5370934f23,1,5,0.065072,0
2b95d2cf-e979-4f9c-ae27-9a5370934f23,1,6,0.027653,0
2b95d2cf-e979-4f9c-ae27-9a5370934f23,1,7,0.018848,0
2b95d2cf-e979-4f9c-ae27-9a5370934f23,1,8,0.018003,0
2b95d2cf-e979-4f9c-ae27-9a5370934f23,1,9,0.091305,0
2b95d2cf-e979-4f9c-ae27-9a5370934f23,1,10,0.097261,0
2b95d2cf-e979-4f9c-ae27-9a5370934f23,1,11,0.022868,0
2b95d2cf-e979-4f9c-ae27-9a5370934f23,1,12,0.034971,0
2b95d2cf-e979-4f9c-ae27-9a5370934f23,1,13,0.350854,0
2b95d2cf-e979-4f9c-ae27-9a5370934f23,1,14,0.144434,0
2b95d2cf-e979-4f9c-ae27-9a5370934f23,1,15,0.015028,0
2b95d2cf-e979-4f9c-ae27-9a5370934f23,1,16,0.013610,0
2b95d2cf-e979-4f9c-ae27-9a5370934f23,1,17,0.014736,0
2b95d2cf-e979-4f9c-ae27-9a5370934f23,1,18,0.049519,0
2b95d2cf-e979-4f9c-ae27-9a5370934f23,1,19,0.013218,0
2b95d2cf-e979-4f9c-ae27-9a5370934f23,1,20,0.012563,0
2b95d2cf-e979-4f9c-ae27-9a5370934f23,1,21,0.080100,0
2b95d2cf-e979-4f9c-ae27-9a5370934f23,1,22,0.014139,0
2b95d2cf-e979-4f9c-ae27-9a5370934f23,1,23,0.028857,0
2b95d2cf-e979-4f9c-ae27-9a5370934f23,1,24,0.193349,0
2b95d2cf-e979-4f9c-ae27-9a5370934f23,1,25,0.020006,0
2b95d2cf-e979-4f9c-ae27-9a5370934f23,1,26,0.098385,0
2b95d2cf-e979-4f9c-ae27-9a5370934f23,2,0,0.553058,1
2b95d2cf-e979-4f9c-ae27-9a5370934f23,2,1,0.056191,0
2b95d2cf-e979-4f9c-ae27-9a5370934f23,2,2,0.022610,0
2b95d2cf-e979-4f9c-ae27-9a5370934f23,2,3,0.019921,0
2b95d2cf-e979-4f9c-ae27-9a5370934f23,2,4,0.140446,0
2b95d2cf-e979-4f9c-ae27-9a5370934f23,2,5,0.357003,0
2b95d2cf-e979-4f9c-ae27-9a5370934f23,2,6,0.974101,1
2b95d2cf-e979-4f9c-ae27-9a5370934f23,2,7,0.019309,0
2b95d2cf-e979-4f9c-ae27-9a5370934f23,2,8,0.041058,0
2b95d2cf-e979-4f9c-ae27-9a5370934f23,2,9,0.019120,0
2b95d2cf-e979-4f9c-ae27-9a5370934f23,2,10,0.031551,0
2b95d2cf-e979-4f9c-ae27-9a5370934f23,2,11,0.015303,0
2b95d2cf-e979-4f9c-ae27-9a5370934f23,2,12,0.038501,0
2b95d2cf-e979-4f9c-ae27-9a5370934f23,2,13,0.264369,0
2b95d2cf-e979-4f9c-ae27-9a5370934f23,2,14,0.015543,0
2b95d2cf-e979-4f9c-ae27-9a5370934f23,2,15,0.392014,0
2b95d2cf-e979-4f9c-ae27-9a5370934f23,2,16,0.028510,0
2b95d2cf-e979-4f9c-ae27-9a5370934f23,2,17,0.016417,0
2b95d2cf-e979-4f9c-ae27-9a5370934f23,3,0,0.915113,1
2b95d2cf-e979-4f9c-ae27-9a5370934f23,3,1,0.081582,0
2b95d2cf-e979-4f9c-ae27-9a5370934f23,3,2,0.602534,1
2b95d2cf-e979-4f9c-ae27-9a5370934f23,3,3,0.026673,0
2b95d2cf-e979-4f9c-ae27-9a5370934f23,3,4,0.025871,0
2b95d2cf-e979-4f9c-ae27-9a5370934f23,3,5,0.779242,1
2b95d2cf-e979-4f9c-ae27-9a5370934f23,3,6,0.841908,1
2b95d2cf-e979-4f9c-ae27-9a5370934f23,3,7,0.991067,1
2b95d2cf-e979-4f9c-ae27-9a5370934f23,3,8,0.977803,1
2b95d2cf-e979-4f9c-ae27-9a5370934f23,3,9,0.963340,1
2b95d2cf-e979-4f9c-ae27-9a5370934f23,3,10,0.348795,0
2b95d2cf-e979-4f9c-ae27-9a5370934f23,3,11,0.880745,1
2b95d2cf-e979-4f9c-ae27-9a5370934f23,3,12,0.105497,0
2b95d2cf-e979-4f9c-ae27-9a5370934f23,3,13,0.777995,1
2b95d2cf-e979-4f9c-ae27-9a5370934f23,3,14,0.056288,0
2b95d2cf-e979-4f9c-ae27-9a5370934f23,3,15,0.899660,1
2b95d2cf-e979-4f9c-ae27-9a5370934f23,3,16,0.043683,0
2b95d2cf-e979-4f9c-ae27-9a5370934f23,3,17,0.989923,1
2b95d2cf-e979-4f9c-ae27-9a5370934f23,3,18,0.116013,0
2b95d2cf-e979-4f9c-ae27-9a5370934f23,3,19,0.970329,1
2b95d2cf-e979-4f9c-ae27-9a5370934f23,3,20,0.966933,1
2b95d2cf-e979-4f9c-ae27-9a5370934f23,3,21,0.915176,1
38f7cbb7-5d6a-4c89-bcbd-8e164144172a,1,0,0.015223,0
38f7cbb7-5d6a-4c89-bcbd-8e164144172a,1,1,0.010861,0
38f7cbb7-5d6a-4c89-bcbd-8e164144172a,1,2,0.017250,0
38f7cbb7-5d6a-4c89-bcbd-8e164144172a,1,3,0.030852,0
38f7cbb7-5d6a-4c89-bcbd-8e164144172a,1,4,0.012511,0
38f7cbb7-5d6a-4c89-bcbd-8e164144172a,1,5,0.242707,0
38f7cbb7-5d6a-4c89-bcbd-8e164144172a,1,6,0.019769,0
38f7cbb7-5d6a-4c89-bcbd-8e164144172a,1,7,0.018806,0
38f7cbb7-5d6a-4c89-bcbd-8e164144172a,1,8,0.019872,0
38f7cbb7-5d6a-4c89-bcbd-8e164144172a,1,9,0.043891,0
38f7cbb7-5d6a-4c89-bcbd-8e164144172a,1,10,0.971526,1
38f7cbb7-5d6a-4c89-bcbd-8e164144172a,1,11,0.106388,0
38f7cbb7-5d6a-4c89-bcbd-8e164144172a,1,12,0.150713,0
38f7cbb7-5d6a-4c89-bcbd-8e164144172a,1,13,0.015344,0
38f7cbb7-5d6a-4c89-bcbd-8e164144172a,1,14,0.012919,0
38f7cbb7-5d6a-4c89-bcbd-8e164144172a,1,15,0.012873,0
38f7cbb7-5d6a-4c89-bcbd-8e164144172a,1,16,0.014315,0
38f7cbb7-5d6a-4c89-bcbd-8e164144172a,1,17,0.011276,0
38f7cbb7-5d6a-4c89-bcbd-8e164144172a,1,18,0.012722,0
38f7cbb7-5d6a-4c89-bcbd-8e164144172a,1,19,0.016842,0
38f7cbb7-5d6a-4c89-bcbd-8e164144172a,1,20,0.042354,0
38f7cbb7-5d6a-4c89-bcbd-8e164144172a,1,21,0.050239,0
38f7cbb7-5d6a-4c89-bcbd-8e164144172a,1,22,0.018309,0
38f7cbb7-5d6a-4c89-bcbd-8e164144172a,1,23,0.021904,0
38f7cbb7-5d6a-4c89-bcbd-8e164144172a,1,24,0.013032,0
38f7cbb7-5d6a-4c89-bcbd-8e164144172a,1,25,0.014822,0
38f7cbb7-5d6a-4c89-bcbd-8e164144172a,1,26,0.046225,0
38f7cbb7-5d6a-4c89-bcbd-8e164144172a,1,27,0.065116,0
38f7cbb7-5d6a-4c89-bcbd-8e164144172a,1,28,0.015238,0
38f7cbb7-5d6a-4c89-bcbd-8e164144172a,1,29,0.569854,1
38f7cbb7-5d6a-4c89-bcbd-8e164144172a,1,30,0.019608,0
38f7cbb7-5d6a-4c89-bcbd-8e164144172a,1,31,0.018899,0
38f7cbb7-5d6a-4c89-bcbd-8e164144172a,1,32,0.019542,0
38f7cbb7-5d6a-4c89-bcbd-8e164144172a,1,33,0.015176,0
38f7cbb7-5d6a-4c89-bcbd-8e164144172a,1,34,0.013155,0
38f7cbb7-5d6a-4c89-bcbd-8e164144172a,1,35,0.013416,0
38f7cbb7-5d6a-4c89-bcbd-8e164144172a,2,0,0.016248,0
38f7cbb7-5d6a-4c89-bcbd-8e164144172a,2,1,0.023773,0
38f7cbb7-5d6a-4c89-bcbd-8e164144172a,2,2,0.032844,0
38f7cbb7-5d6a-4c89-bcbd-8e164144172a,2,3,0.023462,0
38f7cbb7-5d6a-4c89-bcbd-8e164144172a,2,4,0.014092,0
38f7cbb7-5d6a-4c89-bcbd-8e164144172a,2,5,0.016874,0
38f7cbb7-5d6a-4c89-bcbd-8e164144172a,2,6,0.014934,0
38f7cbb7-5d6a-4c89-bcbd-8e164144172a,2,7,0.018801,0
38f7cbb7-5d6a-4c89-bcbd-8e164144172a,2,8,0.338017,0
38f7cbb7-5d6a-4c89-bcbd-8e164144172a,2,9,0.013961,0
38f7cbb7-5d6a-4c89-bcbd-8e164144172a,2,10,0.016716,0
38f7cbb7-5d6a-4c89-bcbd-8e164144172a,2,11,0.032697,0
38f7cbb7-5d6a-4c89-bcbd-8e164144172a,2,12,0.017203,0
38f7cbb7-5d6a-4c89-bcbd-8e164144172a,2,13,0.021165,0
38f7cbb7-5d6a-4c89-bcbd-8e164144172a,2,14,0.029908,0
38f7cbb7-5d6a-4c89-bcbd-8e164144172a,2,15,0.088853,0
38f7cbb7-5d6a-4c89-bcbd-8e164144172a,2,16,0.023133,0
38f7cbb7-5d6a-4c89-bcbd-8e164144172a,2,17,0.028849,0
38f7cbb7-5d6a-4c89-bcbd-8e164144172a,2,18,0.030244,0
38f7cbb7-5d6a-4c89-bcbd-8e164144172a,2,19,0.043745,0
38f7cbb7-5d6a-4c89-bcbd-8e164144172a,2,20,0.038047,0
38f7cbb7-5d6a-4c89-bcbd-8e164144172a,2,21,0.015340,0
38f7cbb7-5d6a-4c89-bcbd-8e164144172a,2,22,0.045645,0
38f7cbb7-5d6a-4c89-bcbd-8e164144172a,2,23,0.017580,0
38f7cbb7-5d6a-4c89-bcbd-8e164144172a,2,24,0.028291,0
38f7cbb7-5d6a-4c89-bcbd-8e164144172a,2,25,0.063637,0
38f7cbb7-5d6a-4c89-bcbd-8e164144172a,2,26,0.034589,0
38f7cbb7-5d6a-4c89-bcbd-8e164144172a,3,0,0.016386,0
38f7cbb7-5d6a-4c89-bcbd-8e164144172a,3,1,0.015101,0
38f7cbb7-5d6a-4c89-bcbd-8e164144172a,3,2,0.020096,0
38f7cbb7-5d6a-4c89-bcbd-8e164144172a,3,3,0.018713,0
38f7cbb7-5d6a-4c89-bcbd-8e164144172a,3,4,0.016535,0
38f7cbb7-5d6a-4c89-bcbd-8e164144172a,3,5,0.025205,0
38f7cbb7-5d6a-4c89-bcbd-8e164144172a,3,6,0.025428,0
38f7cbb7-5d6a-4c89-bcbd-8e164144172a,3,7,0.033615,0
38f7cbb7-5d6a-4c89-bcbd-8e164144172a,3,8,0.023030,0
38f7cbb7-5d6a-4c89-bcbd-8e164144172a,3,9,0.081806,0
38f7cbb7-5d6a-4c89-bcbd-8e164144172a,3,10,0.015007,0
38f7cbb7-5d6a-4c89-bcbd-8e164144172a,3,11,0.066385,0
38f7cbb7-5d6a-4c89-bcbd-8e164144172a,3,12,0.033726,0
38f7cbb7-5d6a-4c89-bcbd-8e164144172a,3,13,0.033244,0
38f7cbb7-5d6a-4c89-bcbd-8e164144172a,3,14,0.202655,0
38f7cbb7-5d6a-4c89-bcbd-8e164144172a,3,15,0.216709,0
38f7cbb7-5d6a-4c89-bcbd-8e164144172a,3,16,0.048537,0
38f7cbb7-5d6a-4c89-bcbd-8e164144172a,3,17,0.032527,0
38f7cbb7-5d6a-4c89-bcbd-8e164144172a,3,18,0.036538,0
38f7cbb7-5d6a-4c89-bcbd-8e164144172a,3,19,0.018718,0
38f7cbb7-5d6a-4c89-bcbd-8e164144172a,3,20,0.024366,0
38f7cbb7-5d6a-4c89-bcbd-8e164144172a,3,21,0.012622,0
38f7cbb7-5d6a-4c89-bcbd-8e164144172a,3,22,0.015534,0
38f7cbb7-5d6a-4c89-bcbd-8e164144172a,3,23,0.015442,0
38f7cbb7-5d6a-4c89-bcbd-8e164144172a,3,24,0.882917,1
38f7cbb7-5d6a-4c89-bcbd-8e164144172a,3,25,0.346521,0
38f7cbb7-5d6a-4c89-bcbd-8e164144172a,3,26,0.738872,1
45bd61bc-c356-4450-9e3a-cbfc862b09fd,1,0,0.074658,0
45bd61bc-c356-4450-9e3a-cbfc862b09fd,1,1,0.014565,0
45bd61bc-c356-4450-9e3a-cbfc862b09fd,1,2,0.019291,0
45bd61bc-c356-4450-9e3a-cbfc862b09fd,1,3,0.011888,0
45bd61bc-c356-4450-9e3a-cbfc862b09fd,1,4,0.024258,0
45bd61bc-c356-4450-9e3a-cbfc862b09fd,1,5,0.013160,0
45bd61bc-c356-4450-9e3a-cbfc862b09fd,1,6,0.014328,0
45bd61bc-c356-4450-9e3a-cbfc862b09fd,1,7,0.035066,0
45bd61bc-c356-4450-9e3a-cbfc862b09fd,1,8,0.219657,0
45bd61bc-c356-4450-9e3a-cbfc862b09fd,1,9,0.178126,0
45bd61bc-c356-4450-9e3a-cbfc862b09fd,1,10,0.100503,0
45bd61bc-c356-4450-9e3a-cbfc862b09fd,1,11,0.251349,0
45bd61bc-c356-4450-9e3a-cbfc862b09fd,1,12,0.016543,0
45bd61bc-c356-4450-9e3a-cbfc862b09fd,1,13,0.023949,0
45bd61bc-c356-4450-9e3a-cbfc862b09fd,1,14,0.791546,1
45bd61bc-c356-4450-9e3a-cbfc862b09fd,1,15,0.038806,0
45bd61bc-c356-4450-9e3a-cbfc862b09fd,1,16,0.131075,0
45bd61bc-c356-4450-9e3a-cbfc862b09fd,1,17,0.012169,0
45bd61bc-c356-4450-9e3a-cbfc862b09fd,1,18,0.015553,0
45bd61bc-c356-4450-9e3a-cbfc862b09fd,1,19,0.016806,0
45bd61bc-c356-4450-9e3a-cbfc862b09fd,1,20,0.016739,0
45bd61bc-c356-4450-9e3a-cbfc862b09fd,1,21,0.032296,0
45bd61bc-c356-4450-9e3a-cbfc862b09fd,1,22,0.012750,0
45bd61bc-c356-4450-9e3a-cbfc862b09fd,1,23,0.020376,0
45bd61bc-c356-4450-9e3a-cbfc862b09fd,1,24,0.222224,0
45bd61bc-c356-4450-9e3a-cbfc862b09fd,1,25,0.027669,0
45bd61bc-c356-4450-9e3a-cbfc862b09fd,1,26,0.060459,0
45bd61bc-c356-4450-9e3a-cbfc862b09fd,1,27,0.037898,0
45bd61bc-c356-4450-9e3a-cbfc862b09fd,1,28,0.075661,0
45bd61bc-c356-4450-9e3a-cbfc862b09fd,1,29,0.046646,0
45bd61bc-c356-4450-9e3a-cbfc862b09fd,1,30,0.031295,0
45bd61bc-c356-4450-9e3a-cbfc862b09fd,1,31,0.773834,1
45bd61bc-c356-4450-9e3a-cbfc862b09fd,2,0,0.048521,0
45bd61bc-c356-4450-9e3a-cbfc862b09fd,2,1,0.047241,0
45bd61bc-c356-4450-9e3a-cbfc862b09fd,2,2,0.825961,1
45bd61bc-c356-4450-9e3a-cbfc862b09fd,2,3,0.011105,0
45bd61bc-c356-4450-9e3a-cbfc862b09fd,2,4,0.030629,0
45bd61bc-c356-4450-9e3a-cbfc862b09fd,2,5,0.055379,0
45bd61bc-c356-4450-9e3a-cbfc862b09fd,2,6,0.098728,0
45bd61bc-c356-4450-9e3a-cbfc862b09fd,2,7,0.114104,0
45bd61bc-c356-4450-9e3a-cbfc862b09fd,2,8,0.015113,0
45bd61bc-c356-4450-9e3a-cbfc862b09fd,2,9,0.954739,1
45bd61bc-c356-4450-9e3a-cbfc862b09fd,2,10,0.812007,1
45bd61bc-c356-4450-9e3a-cbfc862b09fd,2,11,0.516011,1
45bd61bc-c356-4450-9e3a-cbfc862b09fd,2,12,0.076419,0
45bd61bc-c356-4450-9e3a-cbfc862b09fd,2,13,0.087946,0
45bd61bc-c356-4450-9e3a-cbfc862b09fd,2,14,0.013937,0
45bd61bc-c356-4450-9e3a-cbfc862b09fd,2,15,0.981650,1
45bd61bc-c356-4450-9e3a-cbfc862b09fd,2,16,0.058163,0
45bd61bc-c356-4450-9e3a-cbfc862b09fd,2,17,0.024403,0
45bd61bc-c356-4450-9e3a-cbfc862b09fd,2,18,0.800863,1
45bd61bc-c356-4450-9e3a-cbfc862b09fd,2,19,0.233980,0
45bd61bc-c356-4450-9e3a-cbfc862b09fd,2,20,0.370068,0
45bd61bc-c356-4450-9e3a-cbfc862b09fd,2,21,0.082021,0
45bd61bc-c356-4450-9e3a-cbfc862b09fd,2,22,0.015847,0
45bd61bc-c356-4450-9e3a-cbfc862b09fd,2,23,0.158090,0
45bd61bc-c356-4450-9e3a-cbfc862b09fd,2,24,0.022588,0
45bd61bc-c356-4450-9e3a-cbfc862b09fd,2,25,0.014334,0
45bd61bc-c356-4450-9e3a-cbfc862b09fd,2,26,0.388596,0
45bd61bc-c356-4450-9e3a-cbfc862b09fd,2,27,0.011707,0
45bd61bc-c356-4450-9e3a-cbfc862b09fd,2,28,0.023624,0
45bd61bc-c356-4450-9e3a-cbfc862b09fd,2,29,0.018850,0
45bd61bc-c356-4450-9e3a-cbfc862b09fd,2,30,0.190588,0
45bd61bc-c356-4450-9e3a-cbfc862b09fd,2,31,0.012154,0
45bd61bc-c356-4450-9e3a-cbfc862b09fd,2,32,0.048593,0
45bd61bc-c356-4450-9e3a-cbfc862b09fd,2,33,0.018259,0
45bd61bc-c356-4450-9e3a-cbfc862b09fd,2,34,0.020867,0
45bd61bc-c356-4450-9e3a-cbfc862b09fd,2,35,0.013969,0
45bd61bc-c356-4450-9e3a-cbfc862b09fd,3,0,0.043721,0
45bd61bc-c356-4450-9e3a-cbfc862b09fd,3,1,0.102864,0
45bd61bc-c356-4450-9e3a-cbfc862b09fd,3,2,0.029288,0
45bd61bc-c356-4450-9e3a-cbfc862b09fd,3,3,0.809227,1
45bd61bc-c356-4450-9e3a-cbfc862b09fd,3,4,0.016093,0
45bd61bc-c356-4450-9e3a-cbfc862b09fd,3,5,0.033179,0
45bd61bc-c356-4450-9e3a-cbfc862b09fd,3,6,0.923093,1
45bd61bc-c356-4450-9e3a-cbfc862b09fd,3,7,0.989866,1
45bd61bc-c356-4450-9e3a-cbfc862b09fd,3,8,0.974675,1
45bd61bc-c356-4450-9e3a-cbfc862b09fd,3,9,0.985407,1
6b541575-99b1-40d2-8730-9bb868ee38ed,1,0,0.017483,0
6b541575-99b1-40d2-8730-9bb868ee38ed,1,1,0.061378,0
6b541575-99b1-40d2-8730-9bb868ee38ed,1,2,0.015172,0
6b541575-99b1-40d2-8730-9bb868ee38ed,1,3,0.018209,0
6b541575-99b1-40d2-8730-9bb868ee38ed,1,4,0.064639,0
6b541575-99b1-40d2-8730-9bb868ee38ed,1,5,0.144745,0
6b541575-99b1-40d2-8730-9bb868ee38ed,1,6,0.041795,0
6b541575-99b1-40d2-8730-9bb868ee38ed,1,7,0.025644,0
6b541575-99b1-40d2-8730-9bb868ee38ed,1,8,0.035887,0
6b541575-99b1-40d2-8730-9bb868ee38ed,1,9,0.013531,0
6b541575-99b1-40d2-8730-9bb868ee38ed,1,10,0.014843,0
6b541575-99b1-40d2-8730-9bb868ee38ed,1,11,0.025188,0
6b541575-99b1-40d2-8730-9bb868ee38ed,1,12,0.250530,0
6b541575-99b1-40d2-8730-9bb868ee38ed,1,13,0.990992,1
6b541575-99b1-40d2-8730-9bb868ee38ed,1,14,0.047361,0
6b541575-99b1-40d2-8730-9bb868ee38ed,1,15,0.031376,0
6b541575-99b1-40d2-8730-9bb868ee38ed,1,16,0.015894,0
6b541575-99b1-40d2-8730-9bb868ee38ed,1,17,0.020496,0
6b541575-99b1-40d2-8730-9bb868ee38ed,1,18,0.015641,0
6b541575-99b1-40d2-8730-9bb868ee38ed,1,19,0.131016,0
6b541575-99b1-40d2-8730-9bb868ee38ed,2,0,0.016560,0
6b541575-99b1-40d2-8730-9bb868ee38ed,2,1,0.012287,0
6b541575-99b1-40d2-8730-9bb868ee38ed,2,2,0.038507,0
6b541575-99b1-40d2-8730-9bb868ee38ed,2,3,0.811150,1
6b541575-99b1-40d2-8730-9bb868ee38ed,2,4,0.016741,0
6b541575-99b1-40d2-8730-9bb868ee38ed,2,5,0.024491,0
6b541575-99b1-40d2-8730-9bb868ee38ed,2,6,0.019569,0
6b541575-99b1-40d2-8730-9bb868ee38ed,2,7,0.031249,0
6b541575-99b1-40d2-8730-9bb868ee38ed,2,8,0.020919,0
6b541575-99b1-40d2-8730-9bb868ee38ed,2,9,0.015275,0
6b541575-99b1-40d2-8730-9bb868ee38ed,2,10,0.020797,0
6b541575-99b1-40d2-8730-9bb868ee38ed,2,11,0.046350,0
6b541575-99b1-40d2-8730-9bb868ee38ed,2,12,0.018757,0
6b541575-99b1-40d2-8730-9bb868ee38ed,2,13,0.022351,0
6b541575-99b1-40d2-8730-9bb868ee38ed,2,14,0.048747,0
6b541575-99b1-40d2-8730-9bb868ee38ed,2,15,0.016385,0
6b541575-99b1-40d2-8730-9bb868ee38ed,2,16,0.025129,0
6b541575-99b1-40d2-8730-9bb868ee38ed,2,17,0.017576,0
6b541575-99b1-40d2-8730-9bb868ee38ed,3,0,0.984791,1
6b541575-99b1-40d2-8730-9bb868ee38ed,3,1,0.019672,0
6b541575-99b1-40d2-8730-9bb868ee38ed,3,2,0.047661,0
6b541575-99b1-40d2-8730-9bb868ee38ed,3,3,0.338263,0
6b541575-99b1-40d2-8730-9bb868ee38ed,3,4,0.159906,0
6b541575-99b1-40d2-8730-9bb868ee38ed,3,5,0.023912,0
6b541575-99b1-40d2-8730-9bb868ee38ed,3,6,0.221964,0
6b541575-99b1-40d2-8730-9bb868ee38ed,3,7,0.145004,0
6b541575-99b1-40d2-8730-9bb868ee38ed,3,8,0.994528,1
6b541575-99b1-40d2-8730-9bb868ee38ed,3,9,0.975734,1
6b541575-99b1-40d2-8730-9bb868ee38ed,3,10,0.968842,1
6b541575-99b1-40d2-8730-9bb868ee38ed,3,11,0.117749,0
6b541575-99b1-40d2-8730-9bb868ee38ed,3,12,0.213161,0
6b541575-99b1-40d2-8730-9bb868ee38ed,3,13,0.660075,1
6b541575-99b1-40d2-8730-9bb868ee38ed,3,14,0.368496,0
6b541575-99b1-40d2-8730-9bb868ee38ed,3,15,0.987082,1
6b541575-99b1-40d2-8730-9bb868ee38ed,3,16,0.263293,0
6b541575-99b1-40d2-8730-9bb868ee38ed,3,17,0.107943,0
6b541575-99b1-40d2-8730-9bb868ee38ed,3,18,0.080991,0
6b541575-99b1-40d2-8730-9bb868ee38ed,3,19,0.938603,1
6b541575-99b1-40d2-8730-9bb868ee38ed,3,20,0.490941,0
6b541575-99b1-40d2-8730-9bb868ee38ed,3,21,0.994074,1
6b541575-99b1-40d2-8730-9bb868ee38ed,3,22,0.425056,0
6b541575-99b1-40d2-8730-9bb868ee38ed,3,23,0.945256,1
6b541575-99b1-40d2-8730-9bb868ee38ed,3,24,0.809217,1
6b541575-99b1-40d2-8730-9bb868ee38ed,3,25,0.428916,0
6b541575-99b1-40d2-8730-9bb868ee38ed,3,26,0.979536,1
6b541575-99b1-40d2-8730-9bb868ee38ed,3,27,0.102663,0
6b541575-99b1-40d2-8730-9bb868ee38ed,3,28,0.961604,1
6b541575-99b1-40d2-8730-9bb868ee38ed,3,29,0.034917,0
6b541575-99b1-40d2-8730-9bb868ee38ed,3,30,0.017151,0
6b541575-99b1-40d2-8730-9bb868ee38ed,3,31,0.014575,0
6b541575-99b1-40d2-8730-9bb868ee38ed,3,32,0.028974,0
6b541575-99b1-40d2-8730-9bb868ee38ed,3,33,0.390328,0
6b541575-99b1-40d2-8730-9bb868ee38ed,3,34,0.991988,1
6b541575-99b1-40d2-8730-9bb868ee38ed,3,35,0.991000,1
6b541575-99b1-40d2-8730-9bb868ee38ed,3,36,0.846683,1
6b541575-99b1-40d2-8730-9bb868ee38ed,3,37,0.987796,1
6b541575-99b1-40d2-8730-9bb868ee38ed,3,38,0.034917,0
6b541575-99b1-40d2-8730-9bb868ee38ed,3,39,0.045706,0
6b541575-99b1-40d2-8730-9bb868ee38ed,3,40,0.013107,0
6b541575-99b1-40d2-8730-9bb868ee38ed,3,41,0.044495,0
6b541575-99b1-40d2-8730-9bb868ee38ed,3,42,0.967436,1
6b541575-99b1-40d2-8730-9bb868ee38ed,3,43,0.058240,0
6f95dcb9-e960-45ac-8c0e-91b85724c909,1,0,0.986597,1
6f95dcb9-e960-45ac-8c0e-91b85724c909,1,1,0.966867,1
6f95dcb9-e960-45ac-8c0e-91b85724c909,1,2,0.163100,0
6f95dcb9-e960-45ac-8c0e-91b85724c909,1,3,0.697048,1
6f95dcb9-e960-45ac-8c0e-91b85724c909,1,4,0.125697,0
6f95dcb9-e960-45ac-8c0e-91b85724c909,1,5,0.023986,0
6f95dcb9-e960-45ac-8c0e-91b85724c909,1,6,0.043308,0
6f95dcb9-e960-45ac-8c0e-91b85724c909,1,7,0.658943,1
6f95dcb9-e960-45ac-8c0e-91b85724c909,1,8,0.113368,0
6f95dcb9-e960-45ac-8c0e-91b85724c909,1,9,0.026071,0
6f95dcb9-e960-45ac-8c0e-91b85724c909,1,10,0.213662,0
6f95dcb9-e960-45ac-8c0e-91b85724c909,1,11,0.017255,0
6f95dcb9-e960-45ac-8c0e-91b85724c909,1,12,0.078971,0
6f95dcb9-e960-45ac-8c0e-91b85724c909,1,13,0.965630,1
6f95dcb9-e960-45ac-8c0e-91b85724c909,1,14,0.032854,0
6f95dcb9-e960-45ac-8c0e-91b85724c909,1,15,0.016561,0
6f95dcb9-e960-45ac-8c0e-91b85724c909,1,16,0.016219,0
6f95dcb9-e960-45ac-8c0e-91b85724c909,1,17,0.023753,0
6f95dcb9-e960-45ac-8c0e-91b85724c909,1,18,0.055057,0
6f95dcb9-e960-45ac-8c0e-91b85724c909,1,19,0.015393,0
6f95dcb9-e960-45ac-8c0e-91b85724c909,2,0,0.952700,1
6f95dcb9-e960-45ac-8c0e-91b85724c909,2,1,0.987264,1
6f95dcb9-e960-45ac-8c0e-91b85724c909,2,2,0.542490,1
6f95dcb9-e960-45ac-8c0e-91b85724c909,2,3,0.808214,1
6f95dcb9-e960-45ac-8c0e-91b85724c909,2,4,0.019366,0
6f95dcb9-e960-45ac-8c0e-91b85724c909,2,5,0.017899,0
6f95dcb9-e960-45ac-8c0e-91b85724c909,2,6,0.078816,0
6f95dcb9-e960-45ac-8c0e-91b85724c909,2,7,0.163244,0
6f95dcb9-e960-45ac-8c0e-91b85724c909,2,8,0.012410,0
6f95dcb9-e960-45ac-8c0e-91b85724c909,2,9,0.973635,1
6f95dcb9-e960-45ac-8c0e-91b85724c909,2,10,0.018069,0
6f95dcb9-e960-45ac-8c0e-91b85724c909,2,11,0.164810,0
6f95dcb9-e960-45ac-8c0e-91b85724c909,2,12,0.037338,0
6f95dcb9-e960-45ac-8c0e-91b85724c909,2,13,0.137390,0
6f95dcb9-e960-45ac-8c0e-91b85724c909,2,14,0.328693,0
6f95dcb9-e960-45ac-8c0e-91b85724c909,2,15,0.019321,0
6f95dcb9-e960-45ac-8c0e-91b85724c909,2,16,0.257360,0
6f95dcb9-e960-45ac-8c0e-91b85724c909,2,17,0.826322,1
6f95dcb9-e960-45ac-8c0e-91b85724c909,2,18,0.022006,0
6f95dcb9-e960-45ac-8c0e-91b85724c909,2,19,0.051107,0
6f95dcb9-e960-45ac-8c0e-91b85724c909,2,20,0.032472,0
6f95dcb9-e960-45ac-8c0e-91b85724c909,3,0,0.920828,1
6f95dcb9-e960-45ac-8c0e-91b85724c909,3,1,0.993310,1
6f95dcb9-e960-45ac-8c0e-91b85724c909,3,2,0.392261,0
6f95dcb9-e960-45ac-8c0e-91b85724c909,3,3,0.982873,1
6f95dcb9-e960-45ac-8c0e-91b85724c909,3,4,0.979134,1
6f95dcb9-e960-45ac-8c0e-91b85724c909,3,5,0.986329,1
6f95dcb9-e960-45ac-8c0e-91b85724c909,3,6,0.979351,1
6f95dcb9-e960-45ac-8c0e-91b85724c909,3,7,0.706776,1
6f95dcb9-e960-45ac-8c0e-91b85724c909,3,8,0.076063,0
6f95dcb9-e960-45ac-8c0e-91b85724c909,3,9,0.028354,0
6f95dcb9-e960-45ac-8c0e-91b85724c909,3,10,0.470500,0
6f95dcb9-e960-45ac-8c0e-91b85724c909,3,11,0.976595,1
6f95dcb9-e960-45ac-8c0e-91b85724c909,3,12,0.831335,1
6f95dcb9-e960-45ac-8c0e-91b85724c909,3,13,0.931753,1
6f95dcb9-e960-45ac-8c0e-91b85724c909,3,14,0.016558,0
6f95dcb9-e960-45ac-8c0e-91b85724c909,3,15,0.143422,0
6f95dcb9-e960-45ac-8c0e-91b85724c909,3,16,0.014347,0
6f95dcb9-e960-45ac-8c0e-91b85724c909,3,17,0.153234,0
6f95dcb9-e960-45ac-8c0e-91b85724c909,3,18,0.119482,0
6f95dcb9-e960-45ac-8c0e-91b85724c909,3,19,0.600508,1
6f95dcb9-e960-45ac-8c0e-91b85724c909,3,20,0.169747,0
6f95dcb9-e960-45ac-8c0e-91b85724c909,3,21,0.061782,0
6f95dcb9-e960-45ac-8c0e-91b85724c909,3,22,0.428024,0
6f95dcb9-e960-45ac-8c0e-91b85724c909,3,23,0.958410,1
6f95dcb9-e960-45ac-8c0e-91b85724c909,3,24,0.980202,1
6f95dcb9-e960-45ac-8c0e-91b85724c909,3,25,0.277486,0
6f95dcb9-e960-45ac-8c0e-91b85724c909,3,26,0.949748,1
6f95dcb9-e960-45ac-8c0e-91b85724c909,3,27,0.318911,0
6f95dcb9-e960-45ac-8c0e-91b85724c909,3,28,0.987452,1
6f95dcb9-e960-45ac-8c0e-91b85724c909,3,29,0.974339,1
6f95dcb9-e960-45ac-8c0e-91b85724c909,3,30,0.977371,1
6f95dcb9-e960-45ac-8c0e-91b85724c909,3,31,0.138584,0
74708dbf-5dfc-4c66-8419-d7dbc00e4a06,1,0,0.232986,0
74708dbf-5dfc-4c66-8419-d7dbc00e4a06,1,1,0.013513,0
74708dbf-5dfc-4c66-8419-d7dbc00e4a06,1,2,0.018578,0
74708dbf-5dfc-4c66-8419-d7dbc00e4a06,1,3,0.100381,0
74708dbf-5dfc-4c66-8419-d7dbc00e4a06,1,4,0.016062,0
74708dbf-5dfc-4c66-8419-d7dbc00e4a06,1,5,0.016533,0
74708dbf-5dfc-4c66-8419-d7dbc00e4a06,1,6,0.013037,0
74708dbf-5dfc-4c66-8419-d7dbc00e4a06,1,7,0.011505,0
74708dbf-5dfc-4c66-8419-d7dbc00e4a06,1,8,0.020587,0
74708dbf-5dfc-4c66-8419-d7dbc00e4a06,1,9,0.037310,0
74708dbf-5dfc-4c66-8419-d7dbc00e4a06,1,10,0.011370,0
74708dbf-5dfc-4c66-8419-d7dbc00e4a06,1,11,0.097027,0
74708dbf-5dfc-4c66-8419-d7dbc00e4a06,1,12,0.041010,0
74708dbf-5dfc-4c66-8419-d7dbc00e4a06,1,13,0.020016,0
74708dbf-5dfc-4c66-8419-d7dbc00e4a06,1,14,0.015507,0
74708dbf-5dfc-4c66-8419-d7dbc00e4a06,1,15,0.013537,0
74708dbf-5dfc-4c66-8419-d7dbc00e4a06,2,0,0.014766,0
74708dbf-5dfc-4c66-8419-d7dbc00e4a06,2,1,0.458128,0
74708dbf-5dfc-4c66-8419-d7dbc00e4a06,2,2,0.028360,0
74708dbf-5dfc-4c66-8419-d7dbc00e4a06,2,3,0.022814,0
74708dbf-5dfc-4c66-8419-d7dbc00e4a06,2,4,0.012546,0
74708dbf-5dfc-4c66-8419-d7dbc00e4a06,2,5,0.030858,0
74708dbf-5dfc-4c66-8419-d7dbc00e4a06,2,6,0.042118,0
74708dbf-5dfc-4c66-8419-d7dbc00e4a06,2,7,0.019309,0
74708dbf-5dfc-4c66-8419-d7dbc00e4a06,2,8,0.017710,0
74708dbf-5dfc-4c66-8419-d7dbc00e4a06,3,0,0.013689,0
74708dbf-5dfc-4c66-8419-d7dbc00e4a06,3,1,0.057455,0
74708dbf-5dfc-4c66-8419-d7dbc00e4a06,3,2,0.035669,0
74708dbf-5dfc-4c66-8419-d7dbc00e4a06,3,3,0.407729,0
74708dbf-5dfc-4c66-8419-d7dbc00e4a06,3,4,0.048766,0
74708dbf-5dfc-4c66-8419-d7dbc00e4a06,3,5,0.021573,0
74708dbf-5dfc-4c66-8419-d7dbc00e4a06,3,6,0.992198,1
74708dbf-5dfc-4c66-8419-d7dbc00e4a06,3,7,0.158353,0
74708dbf-5dfc-4c66-8419-d7dbc00e4a06,3,8,0.073227,0
74708dbf-5dfc-4c66-8419-d7dbc00e4a06,3,9,0.028322,0
74708dbf-5dfc-4c66-8419-d7dbc00e4a06,3,10,0.029126,0
85475456-f38e-4c30-895d-ca2c819c6af1,1,0,0.014545,0
85475456-f38e-4c30-895d-ca2c819c6af1,1,1,0.011457,0
85475456-f38e-4c30-895d-ca2c819c6af1,1,2,0.098151,0
85475456-f38e-4c30-895d-ca2c819c6af1,1,3,0.164151,0
85475456-f38e-4c30-895d-ca2c819c6af1,1,4,0.022292,0
85475456-f38e-4c30-895d-ca2c819c6af1,1,5,0.014276,0
85475456-f38e-4c30-895d-ca2c819c6af1,1,6,0.025104,0
85475456-f38e-4c30-895d-ca2c819c6af1,1,7,0.509668,1
85475456-f38e-4c30-895d-ca2c819c6af1,1,8,0.014393,0
85475456-f38e-4c30-895d-ca2c819c6af1,1,9,0.015887,0
85475456-f38e-4c30-895d-ca2c819c6af1,1,10,0.799549,1
85475456-f38e-4c30-895d-ca2c819c6af1,1,11,0.294992,0
85475456-f38e-4c30-895d-ca2c819c6af1,1,12,0.046541,0
85475456-f38e-4c30-895d-ca2c819c6af1,1,13,0.010812,0
85475456-f38e-4c30-895d-ca2c819c6af1,1,14,0.017381,0
85475456-f38e-4c30-895d-ca2c819c6af1,1,15,0.014626,0
85475456-f38e-4c30-895d-ca2c819c6af1,1,16,0.034669,0
85475456-f38e-4c30-895d-ca2c819c6af1,1,17,0.012495,0
85475456-f38e-4c30-895d-ca2c819c6af1,1,18,0.013890,0
85475456-f38e-4c30-895d-ca2c819c6af1,1,19,0.094252,0
85475456-f38e-4c30-895d-ca2c819c6af1,1,20,0.015548,0
85475456-f38e-4c30-895d-ca2c819c6af1,1,21,0.014765,0
85475456-f38e-4c30-895d-ca2c819c6af1,1,22,0.022320,0
85475456-f38e-4c30-895d-ca2c819c6af1,1,23,0.082421,0
85475456-f38e-4c30-895d-ca2c819c6af1,1,24,0.586447,1
85475456-f38e-4c30-895d-ca2c819c6af1,1,25,0.098309,0
85475456-f38e-4c30-895d-ca2c819c6af1,1,26,0.017460,0
85475456-f38e-4c30-895d-ca2c819c6af1,1,27,0.013035,0
85475456-f38e-4c30-895d-ca2c819c6af1,1,28,0.012226,0
85475456-f38e-4c30-895d-ca2c819c6af1,1,29,0.012531,0
85475456-f38e-4c30-895d-ca2c819c6af1,1,30,0.018350,0
85475456-f38e-4c30-895d-ca2c819c6af1,1,31,0.058244,0
85475456-f38e-4c30-895d-ca2c819c6af1,1,32,0.011730,0
85475456-f38e-4c30-895d-ca2c819c6af1,1,33,0.012742,0
85475456-f38e-4c30-895d-ca2c819c6af1,1,34,0.019517,0
85475456-f38e-4c30-895d-ca2c819c6af1,1,35,0.011233,0
85475456-f38e-4c30-895d-ca2c819c6af1,1,36,0.012931,0
85475456-f38e-4c30-895d-ca2c819c6af1,2,0,0.958134,1
85475456-f38e-4c30-895d-ca2c819c6af1,2,1,0.043565,0
85475456-f38e-4c30-895d-ca2c819c6af1,2,2,0.021633,0
85475456-f38e-4c30-895d-ca2c819c6af1,2,3,0.011012,0
85475456-f38e-4c30-895d-ca2c819c6af1,2,4,0.206925,0
85475456-f38e-4c30-895d-ca2c819c6af1,2,5,0.355908,0
85475456-f38e-4c30-895d-ca2c819c6af1,2,6,0.032033,0
85475456-f38e-4c30-895d-ca2c819c6af1,2,7,0.022993,0
85475456-f38e-4c30-895d-ca2c819c6af1,2,8,0.032290,0
85475456-f38e-4c30-895d-ca2c819c6af1,2,9,0.660260,1
85475456-f38e-4c30-895d-ca2c819c6af1,2,10,0.025005,0
85475456-f38e-4c30-895d-ca2c819c6af1,2,11,0.012322,0
85475456-f38e-4c30-895d-ca2c819c6af1,3,0,0.018175,0
85475456-f38e-4c30-895d-ca2c819c6af1,3,1,0.040125,0
85475456-f38e-4c30-895d-ca2c819c6af1,3,2,0.021606,0
85475456-f38e-4c30-895d-ca2c819c6af1,3,3,0.011728,0
85475456-f38e-4c30-895d-ca2c819c6af1,3,4,0.109685,0
85475456-f38e-4c30-895d-ca2c819c6af1,3,5,0.207155,0
85475456-f38e-4c30-895d-ca2c819c6af1,3,6,0.022292,0
85475456-f38e-4c30-895d-ca2c819c6af1,3,7,0.015369,0
85475456-f38e-4c30-895d-ca2c819c6af1,3,8,0.016105,0
85475456-f38e-4c30-895d-ca2c819c6af1,3,9,0.013052,0
85475456-f38e-4c30-895d-ca2c819c6af1,3,10,0.066344,0
85475456-f38e-4c30-895d-ca2c819c6af1,3,11,0.011856,0
85475456-f38e-4c30-895d-ca2c819c6af1,3,12,0.019404,0
85475456-f38e-4c30-895d-ca2c819c6af1,3,13,0.012740,0
85475456-f38e-4c30-895d-ca2c819c6af1,3,14,0.081094,0
85475456-f38e-4c30-895d-ca2c819c6af1,3,15,0.019341,0
85475456-f38e-4c30-895d-ca2c819c6af1,3,16,0.025350,0
85475456-f38e-4c30-895d-ca2c819c6af1,3,17,0.908597,1
85475456-f38e-4c30-895d-ca2c819c6af1,3,18,0.275025,0
85475456-f38e-4c30-895d-ca2c819c6af1,3,19,0.991960,1
85475456-f38e-4c30-895d-ca2c819c6af1,3,20,0.018657,0
85475456-f38e-4c30-895d-ca2c819c6af1,3,21,0.019215,0
85475456-f38e-4c30-895d-ca2c819c6af1,3,22,0.037674,0
85475456-f38e-4c30-895d-ca2c819c6af1,3,23,0.052629,0
85475456-f38e-4c30-895d-ca2c819c6af1,3,24,0.986441,1
85475456-f38e-4c30-895d-ca2c819c6af1,3,25,0.149394,0
85475456-f38e-4c30-895d-ca2c819c6af1,3,26,0.405061,0
85475456-f38e-4c30-895d-ca2c819c6af1,3,27,0.179477,0
85475456-f38e-4c30-895d-ca2c819c6af1,3,28,0.155312,0
85475456-f38e-4c30-895d-ca2c819c6af1,3,29,0.082631,0
85475456-f38e-4c30-895d-ca2c819c6af1,3,30,0.184514,0
85475456-f38e-4c30-895d-ca2c819c6af1,3,31,0.172290,0
85475456-f38e-4c30-895d-ca2c819c6af1,3,32,0.911941,1
85475456-f38e-4c30-895d-ca2c819c6af1,3,33,0.993812,1
85475456-f38e-4c30-895d-ca2c819c6af1,3,34,0.025317,0
97b1305c-13ca-4b74-a56a-f459bd79dfaf,1,0,0.120153,0
97b1305c-13ca-4b74-a56a-f459bd79dfaf,1,1,0.015247,0
97b1305c-13ca-4b74-a56a-f459bd79dfaf,1,2,0.030888,0
97b1305c-13ca-4b74-a56a-f459bd79dfaf,1,3,0.072493,0
97b1305c-13ca-4b74-a56a-f459bd79dfaf,1,4,0.014871,0
97b1305c-13ca-4b74-a56a-f459bd79dfaf,1,5,0.027879,0
97b1305c-13ca-4b74-a56a-f459bd79dfaf,1,6,0.061120,0
97b1305c-13ca-4b74-a56a-f459bd79dfaf,1,7,0.987188,1
97b1305c-13ca-4b74-a56a-f459bd79dfaf,1,8,0.524264,1
97b1305c-13ca-4b74-a56a-f459bd79dfaf,1,9,0.069657,0
97b1305c-13ca-4b74-a56a-f459bd79dfaf,1,10,0.190877,0
97b1305c-13ca-4b74-a56a-f459bd79dfaf,1,11,0.228219,0
97b1305c-13ca-4b74-a56a-f459bd79dfaf,1,12,0.148309,0
97b1305c-13ca-4b74-a56a-f459bd79dfaf,1,13,0.029690,0
97b1305c-13ca-4b74-a56a-f459bd79dfaf,2,0,0.719249,1
97b1305c-13ca-4b74-a56a-f459bd79dfaf,2,1,0.011899,0
97b1305c-13ca-4b74-a56a-f459bd79dfaf,2,2,0.446143,0
97b1305c-13ca-4b74-a56a-f459bd79dfaf,2,3,0.030022,0
97b1305c-13ca-4b74-a56a-f459bd79dfaf,2,4,0.013917,0
97b1305c-13ca-4b74-a56a-f459bd79dfaf,2,5,0.970746,1
97b1305c-13ca-4b74-a56a-f459bd79dfaf,2,6,0.401009,0
97b1305c-13ca-4b74-a56a-f459bd79dfaf,2,7,0.034342,0
97b1305c-13ca-4b74-a56a-f459bd79dfaf,2,8,0.032565,0
97b1305c-13ca-4b74-a56a-f459bd79dfaf,2,9,0.032172,0
97b1305c-13ca-4b74-a56a-f459bd79dfaf,2,10,0.017072,0
97b1305c-13ca-4b74-a56a-f459bd79dfaf,2,11,0.448998,0
97b1305c-13ca-4b74-a56a-f459bd79dfaf,2,12,0.116648,0
97b1305c-13ca-4b74-a56a-f459bd79dfaf,2,13,0.877773,1
97b1305c-13ca-4b74-a56a-f459bd79dfaf,2,14,0.029411,0
97b1305c-13ca-4b74-a56a-f459bd79dfaf,2,15,0.011029,0
97b1305c-13ca-4b74-a56a-f459bd79dfaf,2,16,0.026647,0
97b1305c-13ca-4b74-a56a-f459bd79dfaf,2,17,0.121738,0
97b1305c-13ca-4b74-a56a-f459bd79dfaf,2,18,0.516626,1
97b1305c-13ca-4b74-a56a-f459bd79dfaf,2,19,0.058496,0
97b1305c-13ca-4b74-a56a-f459bd79dfaf,2,20,0.898602,1
97b1305c-13ca-4b74-a56a-f459bd79dfaf,2,21,0.012221,0
97b1305c-13ca-4b74-a56a-f459bd79dfaf,2,22,0.033624,0
97b1305c-13ca-4b74-a56a-f459bd79dfaf,2,23,0.068798,0
97b1305c-13ca-4b74-a56a-f459bd79dfaf,2,24,0.813193,1
97b1305c-13ca-4b74-a56a-f459bd79dfaf,2,25,0.052178,0
97b1305c-13ca-4b74-a56a-f459bd79dfaf,2,26,0.968747,1
97b1305c-13ca-4b74-a56a-f459bd79dfaf,2,27,0.546699,1
97b1305c-13ca-4b74-a56a-f459bd79dfaf,2,28,0.013751,0
97b1305c-13ca-4b74-a56a-f459bd79dfaf,3,0,0.025612,0
97b1305c-13ca-4b74-a56a-f459bd79dfaf,3,1,0.011991,0
97b1305c-13ca-4b74-a56a-f459bd79dfaf,3,2,0.028755,0
97b1305c-13ca-4b74-a56a-f459bd79dfaf,3,3,0.029411,0
97b1305c-13ca-4b74-a56a-f459bd79dfaf,3,4,0.047046,0
97b1305c-13ca-4b74-a56a-f459bd79dfaf,3,5,0.429879,0
97b1305c-13ca-4b74-a56a-f459bd79dfaf,3,6,0.294987,0
97b1305c-13ca-4b74-a56a-f459bd79dfaf,3,7,0.011029,0
97b1305c-13ca-4b74-a56a-f459bd79dfaf,3,8,0.026647,0
97b1305c-13ca-4b74-a56a-f459bd79dfaf,3,9,0.121738,0
97b1305c-13ca-4b74-a56a-f459bd79dfaf,3,10,0.046570,0
97b1305c-13ca-4b74-a56a-f459bd79dfaf,3,11,0.099678,0
97b1305c-13ca-4b74-a56a-f459bd79dfaf,3,12,0.057504,0
97b1305c-13ca-4b74-a56a-f459bd79dfaf,3,13,0.019366,0
97b1305c-13ca-4b74-a56a-f459bd79dfaf,3,14,0.027960,0
97b1305c-13ca-4b74-a56a-f459bd79dfaf,3,15,0.012339,0
97b1305c-13ca-4b74-a56a-f459bd79dfaf,3,16,0.204881,0
97b1305c-13ca-4b74-a56a-f459bd79dfaf,3,17,0.019341,0
97b1305c-13ca-4b74-a56a-f459bd79dfaf,3,18,0.166515,0
97b1305c-13ca-4b74-a56a-f459bd79dfaf,3,19,0.025184,0
97b1305c-13ca-4b74-a56a-f459bd79dfaf,3,20,0.016674,0
97b1305c-13ca-4b74-a56a-f459bd79dfaf,3,21,0.017425,0
97b1305c-13ca-4b74-a56a-f459bd79dfaf,3,22,0.039371,0
97b1305c-13ca-4b74-a56a-f459bd79dfaf,3,23,0.026659,0
97b1305c-13ca-4b74-a56a-f459bd79dfaf,3,24,0.835025,1
ae243a95-b2c2-410c-9e2b-b083b4b8eb48,1,0,0.082873,0
ae243a95-b2c2-410c-9e2b-b083b4b8eb48,1,1,0.910988,1
ae243a95-b2c2-410c-9e2b-b083b4b8eb48,1,2,0.963011,1
ae243a95-b2c2-410c-9e2b-b083b4b8eb48,1,3,0.020434,0
ae243a95-b2c2-410c-9e2b-b083b4b8eb48,1,4,0.067362,0
ae243a95-b2c2-410c-9e2b-b083b4b8eb48,1,5,0.161895,0
ae243a95-b2c2-410c-9e2b-b083b4b8eb48,1,6,0.020748,0
ae243a95-b2c2-410c-9e2b-b083b4b8eb48,1,7,0.126340,0
ae243a95-b2c2-410c-9e2b-b083b4b8eb48,1,8,0.040658,0
ae243a95-b2c2-410c-9e2b-b083b4b8eb48,1,9,0.015739,0
ae243a95-b2c2-410c-9e2b-b083b4b8eb48,1,10,0.013610,0
ae243a95-b2c2-410c-9e2b-b083b4b8eb48,1,11,0.549627,1
ae243a95-b2c2-410c-9e2b-b083b4b8eb48,1,12,0.052162,0
ae243a95-b2c2-410c-9e2b-b083b4b8eb48,1,13,0.024752,0
ae243a95-b2c2-410c-9e2b-b083b4b8eb48,1,14,0.018150,0
ae243a95-b2c2-410c-9e2b-b083b4b8eb48,1,15,0.019345,0
ae243a95-b2c2-410c-9e2b-b083b4b8eb48,1,16,0.017623,0
ae243a95-b2c2-410c-9e2b-b083b4b8eb48,1,17,0.992380,1
ae243a95-b2c2-410c-9e2b-b083b4b8eb48,1,18,0.991486,1
ae243a95-b2c2-410c-9e2b-b083b4b8eb48,1,19,0.023521,0
ae243a95-b2c2-410c-9e2b-b083b4b8eb48,1,20,0.904902,1
ae243a95-b2c2-410c-9e2b-b083b4b8eb48,1,21,0.032828,0
ae243a95-b2c2-410c-9e2b-b083b4b8eb48,1,22,0.731589,1
ae243a95-b2c2-410c-9e2b-b083b4b8eb48,1,23,0.197212,0
ae243a95-b2c2-410c-9e2b-b083b4b8eb48,2,0,0.983802,1
ae243a95-b2c2-410c-9e2b-b083b4b8eb48,2,1,0.023809,0
ae243a95-b2c2-410c-9e2b-b083b4b8eb48,2,2,0.039748,0
ae243a95-b2c2-410c-9e2b-b083b4b8eb48,2,3,0.185736,0
ae243a95-b2c2-410c-9e2b-b083b4b8eb48,2,4,0.072898,0
ae243a95-b2c2-410c-9e2b-b083b4b8eb48,2,5,0.020711,0
ae243a95-b2c2-410c-9e2b-b083b4b8eb48,2,6,0.052519,0
ae243a95-b2c2-410c-9e2b-b083b4b8eb48,2,7,0.122799,0
ae243a95-b2c2-410c-9e2b-b083b4b8eb48,2,8,0.142871,0
ae243a95-b2c2-410c-9e2b-b083b4b8eb48,2,9,0.039806,0
ae243a95-b2c2-410c-9e2b-b083b4b8eb48,2,10,0.074588,0
ae243a95-b2c2-410c-9e2b-b083b4b8eb48,2,11,0.987474,1
ae243a95-b2c2-410c-9e2b-b083b4b8eb48,2,12,0.980715,1
ae243a95-b2c2-410c-9e2b-b083b4b8eb48,2,13,0.033056,0
ae243a95-b2c2-410c-9e2b-b083b4b8eb48,2,14,0.048610,0
ae243a95-b2c2-410c-9e2b-b083b4b8eb48,2,15,0.032663,0
ae243a95-b2c2-410c-9e2b-b083b4b8eb48,2,16,0.074235,0
ae243a95-b2c2-410c-9e2b-b083b4b8eb48,2,17,0.013852,0
ae243a95-b2c2-410c-9e2b-b083b4b8eb48,3,0,0.656035,1
ae243a95-b2c2-410c-9e2b-b083b4b8eb48,3,1,0.037007,0
ae243a95-b2c2-410c-9e2b-b083b4b8eb48,3,2,0.015643,0
ae243a95-b2c2-410c-9e2b-b083b4b8eb48,3,3,0.021305,0
ae243a95-b2c2-410c-9e2b-b083b4b8eb48,3,4,0.025082,0
ae243a95-b2c2-410c-9e2b-b083b4b8eb48,3,5,0.013699,0
ae243a95-b2c2-410c-9e2b-b083b4b8eb48,3,6,0.020293,0
ae243a95-b2c2-410c-9e2b-b083b4b8eb48,3,7,0.038985,0
ae243a95-b2c2-410c-9e2b-b083b4b8eb48,3,8,0.021607,0
ae243a95-b2c2-410c-9e2b-b083b4b8eb48,3,9,0.031693,0
ae243a95-b2c2-410c-9e2b-b083b4b8eb48,3,10,0.031104,0
ae243a95-b2c2-410c-9e2b-b083b4b8eb48,3,11,0.788493,1
ae243a95-b2c2-410c-9e2b-b083b4b8eb48,3,12,0.088803,0
ae243a95-b2c2-410c-9e2b-b083b4b8eb48,3,13,0.027463,0
ae243a95-b2c2-410c-9e2b-b083b4b8eb48,3,14,0.192392,0
ae243a95-b2c2-410c-9e2b-b083b4b8eb48,3,15,0.016707,0
df5fe55a-dfcb-4817-8631-830f47c21a72,1,0,0.072449,0
df5fe55a-dfcb-4817-8631-830f47c21a72,1,1,0.014126,0
df5fe55a-dfcb-4817-8631-830f47c21a72,1,2,0.181325,0
df5fe55a-dfcb-4817-8631-830f47c21a72,1,3,0.107764,0
df5fe55a-dfcb-4817-8631-830f47c21a72,1,4,0.065686,0
df5fe55a-dfcb-4817-8631-830f47c21a72,1,5,0.019172,0
df5fe55a-dfcb-4817-8631-830f47c21a72,1,6,0.018265,0
df5fe55a-dfcb-4817-8631-830f47c21a72,1,7,0.012036,0
df5fe55a-dfcb-4817-8631-830f47c21a72,1,8,0.030581,0
df5fe55a-dfcb-4817-8631-830f47c21a72,1,9,0.014893,0
df5fe55a-dfcb-4817-8631-830f47c21a72,1,10,0.015664,0
df5fe55a-dfcb-4817-8631-830f47c21a72,1,11,0.840811,1
df5fe55a-dfcb-4817-8631-830f47c21a72,1,12,0.032389,0
df5fe55a-dfcb-4817-8631-830f47c21a72,1,13,0.015008,0
df5fe55a-dfcb-4817-8631-830f47c21a72,1,14,0.013835,0
df5fe55a-dfcb-4817-8631-830f47c21a72,1,15,0.020969,0
df5fe55a-dfcb-4817-8631-830f47c21a72,1,16,0.027302,0
df5fe55a-dfcb-4817-8631-830f47c21a72,1,17,0.025535,0
df5fe55a-dfcb-4817-8631-830f47c21a72,1,18,0.015729,0
df5fe55a-dfcb-4817-8631-830f47c21a72,1,19,0.016508,0
df5fe55a-dfcb-4817-8631-830f47c21a72,1,20,0.016269,0
df5fe55a-dfcb-4817-8631-830f47c21a72,1,21,0.920166,1
df5fe55a-dfcb-4817-8631-830f47c21a72,1,22,0.021392,0
df5fe55a-dfcb-4817-8631-830f47c21a72,1,23,0.019420,0
df5fe55a-dfcb-4817-8631-830f47c21a72,1,24,0.023704,0
df5fe55a-dfcb-4817-8631-830f47c21a72,1,25,0.014361,0
df5fe55a-dfcb-4817-8631-830f47c21a72,1,26,0.014975,0
df5fe55a-dfcb-4817-8631-830f47c21a72,1,27,0.021848,0
df5fe55a-dfcb-4817-8631-830f47c21a72,1,28,0.023109,0
df5fe55a-dfcb-4817-8631-830f47c21a72,1,29,0.026354,0
df5fe55a-dfcb-4817-8631-830f47c21a72,2,0,0.018887,0
df5fe55a-dfcb-4817-8631-830f47c21a72,2,1,0.029823,0
df5fe55a-dfcb-4817-8631-830f47c21a72,2,2,0.179774,0
df5fe55a-dfcb-4817-8631-830f47c21a72,2,3,0.022610,0
df5fe55a-dfcb-4817-8631-830f47c21a72,2,4,0.014451,0
df5fe55a-dfcb-4817-8631-830f47c21a72,2,5,0.014008,0
df5fe55a-dfcb-4817-8631-830f47c21a72,2,6,0.015328,0
df5fe55a-dfcb-4817-8631-830f47c21a72,2,7,0.016286,0
df5fe55a-dfcb-4817-8631-830f47c21a72,2,8,0.010875,0
df5fe55a-dfcb-4817-8631-830f47c21a72,2,9,0.023191,0
df5fe55a-dfcb-4817-8631-830f47c21a72,2,10,0.093053,0
df5fe55a-dfcb-4817-8631-830f47c21a72,2,11,0.889743,1
df5fe55a-dfcb-4817-8631-830f47c21a72,2,12,0.100524,0
df5fe55a-dfcb-4817-8631-830f47c21a72,2,13,0.014564,0
df5fe55a-dfcb-4817-8631-830f47c21a72,2,14,0.983797,1
df5fe55a-dfcb-4817-8631-830f47c21a72,2,15,0.062556,0
df5fe55a-dfcb-4817-8631-830f47c21a72,2,16,0.033927,0
df5fe55a-dfcb-4817-8631-830f47c21a72,2,17,0.013955,0
df5fe55a-dfcb-4817-8631-830f47c21a72,2,18,0.059800,0
df5fe55a-dfcb-4817-8631-830f47c21a72,2,19,0.254075,0
df5fe55a-dfcb-4817-8631-830f47c21a72,2,20,0.038264,0
df5fe55a-dfcb-4817-8631-830f47c21a72,2,21,0.128780,0
df5fe55a-dfcb-4817-8631-830f47c21a72,2,22,0.377618,0
df5fe55a-dfcb-4817-8631-830f47c21a72,2,23,0.039468,0
df5fe55a-dfcb-4817-8631-830f47c21a72,2,24,0.099699,0
df5fe55a-dfcb-4817-8631-830f47c21a72,2,25,0.013218,0
df5fe55a-dfcb-4817-8631-830f47c21a72,2,26,0.932840,1
df5fe55a-dfcb-4817-8631-830f47c21a72,2,27,0.017193,0
df5fe55a-dfcb-4817-8631-830f47c21a72,2,28,0.024429,0
df5fe55a-dfcb-4817-8631-830f47c21a72,3,0,0.150498,0
df5fe55a-dfcb-4817-8631-830f47c21a72,3,1,0.970743,1
df5fe55a-dfcb-4817-8631-830f47c21a72,3,2,0.032303,0
df5fe55a-dfcb-4817-8631-830f47c21a72,3,3,0.597684,1
df5fe55a-dfcb-4817-8631-830f47c21a72,3,4,0.013092,0
df5fe55a-dfcb-4817-8631-830f47c21a72,3,5,0.569245,1
df5fe55a-dfcb-4817-8631-830f47c21a72,3,6,0.314778,0
df5fe55a-dfcb-4817-8631-830f47c21a72,3,7,0.431804,0
df5fe55a-dfcb-4817-8631-830f47c21a72,3,8,0.014525,0
df5fe55a-dfcb-4817-8631-830f47c21a72,3,9,0.844116,1
df5fe55a-dfcb-4817-8631-830f47c21a72,3,10,0.069129,0
df5fe55a-dfcb-4817-8631-830f47c21a72,3,11,0.220879,0
df5fe55a-dfcb-4817-8631-830f47c21a72,3,12,0.421914,0
df5fe55a-dfcb-4817-8631-830f47c21a72,3,13,0.922208,1
df5fe55a-dfcb-4817-8631-830f47c21a72,3,14,0.212139,0
df5fe55a-dfcb-4817-8631-830f47c21a72,3,15,0.025076,0
df5fe55a-dfcb-4817-8631-830f47c21a72,3,16,0.726659,1
df5fe55a-dfcb-4817-8631-830f47c21a72,3,17,0.038975,0
df5fe55a-dfcb-4817-8631-830f47c21a72,3,18,0.017601,0
df5fe55a-dfcb-4817-8631-830f47c21a72,3,19,0.035353,0
df5fe55a-dfcb-4817-8631-830f47c21a72,3,20,0.911484,1
df5fe55a-dfcb-4817-8631-830f47c21a72,3,21,0.024197,0
df5fe55a-dfcb-4817-8631-830f47c21a72,3,22,0.026715,0
df5fe55a-dfcb-4817-8631-830f47c21a72,3,23,0.877526,1
df5fe55a-dfcb-4817-8631-830f47c21a72,3,24,0.025315,0
df5fe55a-dfcb-4817-8631-830f47c21a72,3,25,0.048900,0
df5fe55a-dfcb-4817-8631-830f47c21a72,3,26,0.518867,1
df5fe55a-dfcb-4817-8631-830f47c21a72,3,27,0.057606,0
df5fe55a-dfcb-4817-8631-830f47c21a72,3,28,0.399903,0
df5fe55a-dfcb-4817-8631-830f47c21a72,3,29,0.029653,0
005a2961-0c2e-4575-8eec-770ba52a08e0,1,0,0.988689,1
005a2961-0c2e-4575-8eec-770ba52a08e0,1,1,0.967295,1
005a2961-0c2e-4575-8eec-770ba52a08e0,1,2,0.015792,0
005a2961-0c2e-4575-8eec-770ba52a08e0,1,3,0.016625,0
005a2961-0c2e-4575-8eec-770ba52a08e0,1,4,0.035133,0
005a2961-0c2e-4575-8eec-770ba52a08e0,1,5,0.014115,0
005a2961-0c2e-4575-8eec-770ba52a08e0,1,6,0.020279,0
005a2961-0c2e-4575-8eec-770ba52a08e0,1,7,0.011561,0
005a2961-0c2e-4575-8eec-770ba52a08e0,1,8,0.029228,0
005a2961-0c2e-4575-8eec-770ba52a08e0,1,9,0.045878,0
005a2961-0c2e-4575-8eec-770ba52a08e0,1,10,0.018774,0
005a2961-0c2e-4575-8eec-770ba52a08e0,1,11,0.023586,0
005a2961-0c2e-4575-8eec-770ba52a08e0,1,12,0.020210,0
005a2961-0c2e-4575-8eec-770ba52a08e0,1,13,0.038009,0
005a2961-0c2e-4575-8eec-770ba52a08e0,1,14,0.017326,0
005a2961-0c2e-4575-8eec-770ba52a08e0,1,15,0.012076,0
005a2961-0c2e-4575-8eec-770ba52a08e0,1,16,0.012343,0
005a2961-0c2e-4575-8eec-770ba52a08e0,1,17,0.147320,0
005a2961-0c2e-4575-8eec-770ba52a08e0,2,0,0.018244,0
005a2961-0c2e-4575-8eec-770ba52a08e0,2,1,0.047507,0
005a2961-0c2e-4575-8eec-770ba52a08e0,2,2,0.042825,0
005a2961-0c2e-4575-8eec-770ba52a08e0,2,3,0.924860,1
005a2961-0c2e-4575-8eec-770ba52a08e0,2,4,0.018862,0
005a2961-0c2e-4575-8eec-770ba52a08e0,2,5,0.013713,0
005a2961-0c2e-4575-8eec-770ba52a08e0,2,6,0.022791,0
005a2961-0c2e-4575-8eec-770ba52a08e0,2,7,0.019608,0
005a2961-0c2e-4575-8eec-770ba52a08e0,2,8,0.422238,0
005a2961-0c2e-4575-8eec-770ba52a08e0,2,9,0.447141,0
005a2961-0c2e-4575-8eec-770ba52a08e0,2,10,0.016541,0
005a2961-0c2e-4575-8eec-770ba52a08e0,2,11,0.022657,0
005a2961-0c2e-4575-8eec-770ba52a08e0,2,12,0.028921,0
005a2961-0c2e-4575-8eec-770ba52a08e0,2,13,0.015050,0
005a2961-0c2e-4575-8eec-770ba52a08e0,2,14,0.029124,0
005a2961-0c2e-4575-8eec-770ba52a08e0,2,15,0.016557,0
005a2961-0c2e-4575-8eec-770ba52a08e0,2,16,0.075993,0
005a2961-0c2e-4575-8eec-770ba52a08e0,2,17,0.071740,0
005a2961-0c2e-4575-8eec-770ba52a08e0,2,18,0.018346,0
005a2961-0c2e-4575-8eec-770ba52a08e0,2,19,0.019438,0
005a2961-0c2e-4575-8eec-770ba52a08e0,2,20,0.016074,0
005a2961-0c2e-4575-8eec-770ba52a08e0,2,21,0.052641,0
005a2961-0c2e-4575-8eec-770ba52a08e0,2,22,0.092516,0
005a2961-0c2e-4575-8eec-770ba52a08e0,2,23,0.288565,0
005a2961-0c2e-4575-8eec-770ba52a08e0,2,24,0.117115,0
005a2961-0c2e-4575-8eec-770ba52a08e0,2,25,0.837738,1
005a2961-0c2e-4575-8eec-770ba52a08e0,2,26,0.023609,0
005a2961-0c2e-4575-8eec-770ba52a08e0,2,27,0.035242,0
005a2961-0c2e-4575-8eec-770ba52a08e0,2,28,0.137923,0
005a2961-0c2e-4575-8eec-770ba52a08e0,3,0,0.021795,0
005a2961-0c2e-4575-8eec-770ba52a08e0,3,1,0.014739,0
005a2961-0c2e-4575-8eec-770ba52a08e0,3,2,0.024849,0
005a2961-0c2e-4575-8eec-770ba52a08e0,3,3,0.025166,0
005a2961-0c2e-4575-8eec-770ba52a08e0,3,4,0.056360,0
005a2961-0c2e-4575-8eec-770ba52a08e0,3,5,0.018487,0
005a2961-0c2e-4575-8eec-770ba52a08e0,3,6,0.019216,0
005a2961-0c2e-4575-8eec-770ba52a08e0,3,7,0.017560,0
005a2961-0c2e-4575-8eec-770ba52a08e0,3,8,0.676772,1
005a2961-0c2e-4575-8eec-770ba52a08e0,3,9,0.965184,1
005a2961-0c2e-4575-8eec-770ba52a08e0,3,10,0.377646,0
005a2961-0c2e-4575-8eec-770ba52a08e0,3,11,0.054368,0
005a2961-0c2e-4575-8eec-770ba52a08e0,3,12,0.012038,0
005a2961-0c2e-4575-8eec-770ba52a08e0,3,13,0.988421,1
005a2961-0c2e-4575-8eec-770ba52a08e0,3,14,0.021262,0
005a2961-0c2e-4575-8eec-770ba52a08e0,3,15,0.041382,0
005a2961-0c2e-4575-8eec-770ba52a08e0,3,16,0.150054,0
005a2961-0c2e-4575-8eec-770ba52a08e0,3,17,0.018075,0
005a2961-0c2e-4575-8eec-770ba52a08e0,3,18,0.027639,0
005a2961-0c2e-4575-8eec-770ba52a08e0,3,19,0.079870,0
005a2961-0c2e-4575-8eec-770ba52a08e0,3,20,0.017910,0
005a2961-0c2e-4575-8eec-770ba52a08e0,3,21,0.140558,0
005a2961-0c2e-4575-8eec-770ba52a08e0,3,22,0.138263,0
005a2961-0c2e-4575-8eec-770ba52a08e0,3,23,0.833708,1
005a2961-0c2e-4575-8eec-770ba52a08e0,3,24,0.023609,0
005a2961-0c2e-4575-8eec-770ba52a08e0,3,25,0.035242,0
005a2961-0c2e-4575-8eec-770ba52a08e0,3,26,0.199458,0
005a2961-0c2e-4575-8eec-770ba52a08e0,3,27,0.018794,0
005a2961-0c2e-4575-8eec-770ba52a08e0,3,28,0.967406,1
005a2961-0c2e-4575-8eec-770ba52a08e0,3,29,0.684416,1
0ffb34cd-c367-4d90-aca7-7fcac3ed8f3d,1,0,0.154526,0
0ffb34cd-c367-4d90-aca7-7fcac3ed8f3d,1,1,0.985195,1
0ffb34cd-c367-4d90-aca7-7fcac3ed8f3d,1,2,0.093509,0
0ffb34cd-c367-4d90-aca7-7fcac3ed8f3d,1,3,0.154848,0
0ffb34cd-c367-4d90-aca7-7fcac3ed8f3d,1,4,0.538489,1
0ffb34cd-c367-4d90-aca7-7fcac3ed8f3d,1,5,0.156132,0
0ffb34cd-c367-4d90-aca7-7fcac3ed8f3d,1,6,0.087312,0
0ffb34cd-c367-4d90-aca7-7fcac3ed8f3d,1,7,0.238804,0
0ffb34cd-c367-4d90-aca7-7fcac3ed8f3d,1,8,0.136792,0
0ffb34cd-c367-4d90-aca7-7fcac3ed8f3d,1,9,0.213980,0
0ffb34cd-c367-4d90-aca7-7fcac3ed8f3d,1,10,0.017420,0
0ffb34cd-c367-4d90-aca7-7fcac3ed8f3d,1,11,0.055057,0
0ffb34cd-c367-4d90-aca7-7fcac3ed8f3d,1,12,0.025995,0
0ffb34cd-c367-4d90-aca7-7fcac3ed8f3d,1,13,0.046342,0
0ffb34cd-c367-4d90-aca7-7fcac3ed8f3d,2,0,0.319844,0
0ffb34cd-c367-4d90-aca7-7fcac3ed8f3d,2,1,0.151919,0
0ffb34cd-c367-4d90-aca7-7fcac3ed8f3d,2,2,0.085099,0
0ffb34cd-c367-4d90-aca7-7fcac3ed8f3d,2,3,0.175301,0
0ffb34cd-c367-4d90-aca7-7fcac3ed8f3d,2,4,0.035338,0
0ffb34cd-c367-4d90-aca7-7fcac3ed8f3d,2,5,0.135345,0
0ffb34cd-c367-4d90-aca7-7fcac3ed8f3d,2,6,0.186953,0
0ffb34cd-c367-4d90-aca7-7fcac3ed8f3d,2,7,0.648183,1
0ffb34cd-c367-4d90-aca7-7fcac3ed8f3d,2,8,0.213115,0
0ffb34cd-c367-4d90-aca7-7fcac3ed8f3d,2,9,0.022903,0
0ffb34cd-c367-4d90-aca7-7fcac3ed8f3d,2,10,0.016572,0
0ffb34cd-c367-4d90-aca7-7fcac3ed8f3d,2,11,0.245411,0
0ffb34cd-c367-4d90-aca7-7fcac3ed8f3d,2,12,0.156132,0
0ffb34cd-c367-4d90-aca7-7fcac3ed8f3d,2,13,0.249385,0
0ffb34cd-c367-4d90-aca7-7fcac3ed8f3d,2,14,0.131157,0
0ffb34cd-c367-4d90-aca7-7fcac3ed8f3d,2,15,0.034083,0
0ffb34cd-c367-4d90-aca7-7fcac3ed8f3d,2,16,0.018779,0
0ffb34cd-c367-4d90-aca7-7fcac3ed8f3d,3,0,0.022638,0
0ffb34cd-c367-4d90-aca7-7fcac3ed8f3d,3,1,0.405517,0
0ffb34cd-c367-4d90-aca7-7fcac3ed8f3d,3,2,0.297523,0
0ffb34cd-c367-4d90-aca7-7fcac3ed8f3d,3,3,0.043613,0
0ffb34cd-c367-4d90-aca7-7fcac3ed8f3d,3,4,0.162081,0
0ffb34cd-c367-4d90-aca7-7fcac3ed8f3d,3,5,0.944751,1
0ffb34cd-c367-4d90-aca7-7fcac3ed8f3d,3,6,0.516379,1
0ffb34cd-c367-4d90-aca7-7fcac3ed8f3d,3,7,0.022588,0
0ffb34cd-c367-4d90-aca7-7fcac3ed8f3d,3,8,0.780745,1
0ffb34cd-c367-4d90-aca7-7fcac3ed8f3d,3,9,0.520287,1
0ffb34cd-c367-4d90-aca7-7fcac3ed8f3d,3,10,0.076632,0
0ffb34cd-c367-4d90-aca7-7fcac3ed8f3d,3,11,0.061544,0
0ffb34cd-c367-4d90-aca7-7fcac3ed8f3d,3,12,0.017114,0
0ffb34cd-c367-4d90-aca7-7fcac3ed8f3d,3,13,0.295206,0
0ffb34cd-c367-4d90-aca7-7fcac3ed8f3d,3,14,0.027256,0
0ffb34cd-c367-4d90-aca7-7fcac3ed8f3d,3,15,0.012550,0
0ffb34cd-c367-4d90-aca7-7fcac3ed8f3d,3,16,0.024967,0
0ffb34cd-c367-4d90-aca7-7fcac3ed8f3d,3,17,0.051237,0
0ffb34cd-c367-4d90-aca7-7fcac3ed8f3d,3,18,0.393158,0
0ffb34cd-c367-4d90-aca7-7fcac3ed8f3d,3,19,0.136114,0
0ffb34cd-c367-4d90-aca7-7fcac3ed8f3d,3,20,0.024564,0
0ffb34cd-c367-4d90-aca7-7fcac3ed8f3d,3,21,0.014688,0
2058ec60-5372-4f5f-83a3-da780be3a350,1,0,0.063415,0
2058ec60-5372-4f5f-83a3-da780be3a350,1,1,0.024124,0
2058ec60-5372-4f5f-83a3-da780be3a350,1,2,0.017968,0
2058ec60-5372-4f5f-83a3-da780be3a350,1,3,0.094780,0
2058ec60-5372-4f5f-83a3-da780be3a350,1,4,0.040972,0
2058ec60-5372-4f5f-83a3-da780be3a350,1,5,0.023879,0
2058ec60-5372-4f5f-83a3-da780be3a350,1,6,0.014952,0
2058ec60-5372-4f5f-83a3-da780be3a350,1,7,0.013673,0
2058ec60-5372-4f5f-83a3-da780be3a350,1,8,0.013520,0
2058ec60-5372-4f5f-83a3-da780be3a350,1,9,0.032689,0
2058ec60-5372-4f5f-83a3-da780be3a350,1,10,0.031273,0
2058ec60-5372-4f5f-83a3-da780be3a350,1,11,0.015836,0
2058ec60-5372-4f5f-83a3-da780be3a350,1,12,0.018062,0
2058ec60-5372-4f5f-83a3-da780be3a350,1,13,0.015168,0
2058ec60-5372-4f5f-83a3-da780be3a350,1,14,0.017790,0
2058ec60-5372-4f5f-83a3-da780be3a350,1,15,0.012501,0
2058ec60-5372-4f5f-83a3-da780be3a350,1,16,0.015119,0
2058ec60-5372-4f5f-83a3-da780be3a350,1,17,0.014928,0
2058ec60-5372-4f5f-83a3-da780be3a350,1,18,0.016811,0
2058ec60-5372-4f5f-83a3-da780be3a350,1,19,0.025098,0
2058ec60-5372-4f5f-83a3-da780be3a350,1,20,0.059569,0
2058ec60-5372-4f5f-83a3-da780be3a350,1,21,0.022615,0
2058ec60-5372-4f5f-83a3-da780be3a350,1,22,0.188120,0
2058ec60-5372-4f5f-83a3-da780be3a350,1,23,0.016396,0
2058ec60-5372-4f5f-83a3-da780be3a350,1,24,0.067118,0
2058ec60-5372-4f5f-83a3-da780be3a350,1,25,0.018759,0
2058ec60-5372-4f5f-83a3-da780be3a350,1,26,0.010967,0
2058ec60-5372-4f5f-83a3-da780be3a350,1,27,0.012540,0
2058ec60-5372-4f5f-83a3-da780be3a350,1,28,0.019415,0
2058ec60-5372-4f5f-83a3-da780be3a350,1,29,0.025586,0
2058ec60-5372-4f5f-83a3-da780be3a350,1,30,0.019332,0
2058ec60-5372-4f5f-83a3-da780be3a350,1,31,0.012562,0
2058ec60-5372-4f5f-83a3-da780be3a350,1,32,0.010471,0
2058ec60-5372-4f5f-83a3-da780be3a350,1,33,0.013566,0
2058ec60-5372-4f5f-83a3-da780be3a350,1,34,0.013973,0
2058ec60-5372-4f5f-83a3-da780be3a350,1,35,0.021214,0
2058ec60-5372-4f5f-83a3-da780be3a350,1,36,0.022553,0
2058ec60-5372-4f5f-83a3-da780be3a350,1,37,0.013329,0
2058ec60-5372-4f5f-83a3-da780be3a350,1,38,0.011686,0
2058ec60-5372-4f5f-83a3-da780be3a350,1,39,0.023504,0
2058ec60-5372-4f5f-83a3-da780be3a350,1,40,0.030206,0
2058ec60-5372-4f5f-83a3-da780be3a350,1,41,0.520433,1
2058ec60-5372-4f5f-83a3-da780be3a350,1,42,0.013960,0
2058ec60-5372-4f5f-83a3-da780be3a350,1,43,0.012779,0
2058ec60-5372-4f5f-83a3-da780be3a350,1,44,0.012847,0
2058ec60-5372-4f5f-83a3-da780be3a350,1,45,0.012773,0
2058ec60-5372-4f5f-83a3-da780be3a350,1,46,0.151512,0
2058ec60-5372-4f5f-83a3-da780be3a350,1,47,0.072918,0
2058ec60-5372-4f5f-83a3-da780be3a350,1,48,0.013801,0
2058ec60-5372-4f5f-83a3-da780be3a350,1,49,0.012618,0
2058ec60-5372-4f5f-83a3-da780be3a350,1,50,0.022404,0
2058ec60-5372-4f5f-83a3-da780be3a350,1,51,0.297208,0
2058ec60-5372-4f5f-83a3-da780be3a350,1,52,0.017050,0
2058ec60-5372-4f5f-83a3-da780be3a350,2,0,0.021950,0
2058ec60-5372-4f5f-83a3-da780be3a350,2,1,0.029841,0
2058ec60-5372-4f5f-83a3-da780be3a350,2,2,0.014102,0
2058ec60-5372-4f5f-83a3-da780be3a350,2,3,0.014300,0
2058ec60-5372-4f5f-83a3-da780be3a350,2,4,0.389264,0
2058ec60-5372-4f5f-83a3-da780be3a350,2,5,0.044848,0
2058ec60-5372-4f5f-83a3-da780be3a350,2,6,0.675800,1
2058ec60-5372-4f5f-83a3-da780be3a350,2,7,0.965012,1
2058ec60-5372-4f5f-83a3-da780be3a350,2,8,0.017798,0
2058ec60-5372-4f5f-83a3-da780be3a350,2,9,0.191438,0
2058ec60-5372-4f5f-83a3-da780be3a350,2,10,0.013326,0
2058ec60-5372-4f5f-83a3-da780be3a350,2,11,0.013209,0
2058ec60-5372-4f5f-83a3-da780be3a350,2,12,0.021976,0
2058ec60-5372-4f5f-83a3-da780be3a350,2,13,0.019296,0
2058ec60-5372-4f5f-83a3-da780be3a350,2,14,0.021105,0
2058ec60-5372-4f5f-83a3-da780be3a350,2,15,0.013806,0
2058ec60-5372-4f5f-83a3-da780be3a350,2,16,0.018607,0
2058ec60-5372-4f5f-83a3-da780be3a350,2,17,0.031315,0
2058ec60-5372-4f5f-83a3-da780be3a350,2,18,0.035626,0
2058ec60-5372-4f5f-83a3-da780be3a350,2,19,0.043658,0
2058ec60-5372-4f5f-83a3-da780be3a350,2,20,0.150968,0
2058ec60-5372-4f5f-83a3-da780be3a350,2,21,0.187025,0
2058ec60-5372-4f5f-83a3-da780be3a350,2,22,0.039808,0
2058ec60-5372-4f5f-83a3-da780be3a350,2,23,0.012881,0
2058ec60-5372-4f5f-83a3-da780be3a350,2,24,0.971515,1
2058ec60-5372-4f5f-83a3-da780be3a350,2,25,0.039083,0
2058ec60-5372-4f5f-83a3-da780be3a350,2,26,0.011220,0
2058ec60-5372-4f5f-83a3-da780be3a350,2,27,0.799217,1
2058ec60-5372-4f5f-83a3-da780be3a350,2,28,0.157319,0
2058ec60-5372-4f5f-83a3-da780be3a350,2,29,0.061382,0
2058ec60-5372-4f5f-83a3-da780be3a350,2,30,0.016091,0
2058ec60-5372-4f5f-83a3-da780be3a350,2,31,0.116672,0
2058ec60-5372-4f5f-83a3-da780be3a350,2,32,0.019500,0
2058ec60-5372-4f5f-83a3-da780be3a350,3,0,0.904683,1
2058ec60-5372-4f5f-83a3-da780be3a350,3,1,0.016681,0
2058ec60-5372-4f5f-83a3-da780be3a350,3,2,0.035340,0
2058ec60-5372-4f5f-83a3-da780be3a350,3,3,0.024674,0
2058ec60-5372-4f5f-83a3-da780be3a350,3,4,0.013012,0
2058ec60-5372-4f5f-83a3-da780be3a350,3,5,0.011018,0
2058ec60-5372-4f5f-83a3-da780be3a350,3,6,0.015331,0
2058ec60-5372-4f5f-83a3-da780be3a350,3,7,0.013408,0
2058ec60-5372-4f5f-83a3-da780be3a350,3,8,0.262743,0
2058ec60-5372-4f5f-83a3-da780be3a350,3,9,0.281362,0
2058ec60-5372-4f5f-83a3-da780be3a350,3,10,0.013056,0
2058ec60-5372-4f5f-83a3-da780be3a350,3,11,0.014287,0
2058ec60-5372-4f5f-83a3-da780be3a350,3,12,0.013463,0
2058ec60-5372-4f5f-83a3-da780be3a350,3,13,0.033036,0
2058ec60-5372-4f5f-83a3-da780be3a350,3,14,0.031194,0
2058ec60-5372-4f5f-83a3-da780be3a350,3,15,0.230099,0
2058ec60-5372-4f5f-83a3-da780be3a350,3,16,0.014790,0
2058ec60-5372-4f5f-83a3-da780be3a350,3,17,0.020645,0
2058ec60-5372-4f5f-83a3-da780be3a350,3,18,0.011046,0
2058ec60-5372-4f5f-83a3-da780be3a350,3,19,0.017471,0
2058ec60-5372-4f5f-83a3-da780be3a350,3,20,0.032757,0
2058ec60-5372-4f5f-83a3-da780be3a350,3,21,0.055215,0
2058ec60-5372-4f5f-83a3-da780be3a350,3,22,0.060916,0
2058ec60-5372-4f5f-83a3-da780be3a350,3,23,0.017163,0
2058ec60-5372-4f5f-83a3-da780be3a350,3,24,0.068279,0
2058ec60-5372-4f5f-83a3-da780be3a350,3,25,0.013474,0
2058ec60-5372-4f5f-83a3-da780be3a350,3,26,0.017868,0
2058ec60-5372-4f5f-83a3-da780be3a350,3,27,0.035247,0
2058ec60-5372-4f5f-83a3-da780be3a350,3,28,0.029755,0
2058ec60-5372-4f5f-83a3-da780be3a350,3,29,0.164769,0
2058ec60-5372-4f5f-83a3-da780be3a350,3,30,0.185573,0
2058ec60-5372-4f5f-83a3-da780be3a350,3,31,0.034816,0
2058ec60-5372-4f5f-83a3-da780be3a350,3,32,0.012365,0
2058ec60-5372-4f5f-83a3-da780be3a350,3,33,0.013495,0
2058ec60-5372-4f5f-83a3-da780be3a350,3,34,0.014746,0
2153fb3e-6b09-410c-bfea-d095c49a54ba,1,0,0.034385,0
2153fb3e-6b09-410c-bfea-d095c49a54ba,1,1,0.292773,0
2153fb3e-6b09-410c-bfea-d095c49a54ba,1,2,0.972645,1
2153fb3e-6b09-410c-bfea-d095c49a54ba,1,3,0.046417,0
2153fb3e-6b09-410c-bfea-d095c49a54ba,1,4,0.203506,0
2153fb3e-6b09-410c-bfea-d095c49a54ba,1,5,0.062946,0
2153fb3e-6b09-410c-bfea-d095c49a54ba,1,6,0.032662,0
2153fb3e-6b09-410c-bfea-d095c49a54ba,1,7,0.022152,0
2153fb3e-6b09-410c-bfea-d095c49a54ba,1,8,0.023825,0
2153fb3e-6b09-410c-bfea-d095c49a54ba,1,9,0.013302,0
2153fb3e-6b09-410c-bfea-d095c49a54ba,1,10,0.022078,0
2153fb3e-6b09-410c-bfea-d095c49a54ba,1,11,0.010472,0
2153fb3e-6b09-410c-bfea-d095c49a54ba,1,12,0.037117,0
2153fb3e-6b09-410c-bfea-d095c49a54ba,1,13,0.024355,0
2153fb3e-6b09-410c-bfea-d095c49a54ba,1,14,0.016393,0
2153fb3e-6b09-410c-bfea-d095c49a54ba,1,15,0.976038,1
2153fb3e-6b09-410c-bfea-d095c49a54ba,1,16,0.051945,0
2153fb3e-6b09-410c-bfea-d095c49a54ba,1,17,0.020284,0
2153fb3e-6b09-410c-bfea-d095c49a54ba,1,18,0.012852,0
2153fb3e-6b09-410c-bfea-d095c49a54ba,1,19,0.013111,0
2153fb3e-6b09-410c-bfea-d095c49a54ba,1,20,0.483566,0
2153fb3e-6b09-410c-bfea-d095c49a54ba,2,0,0.026751,0
2153fb3e-6b09-410c-bfea-d095c49a54ba,2,1,0.017824,0
2153fb3e-6b09-410c-bfea-d095c49a54ba,2,2,0.021878,0
2153fb3e-6b09-410c-bfea-d095c49a54ba,2,3,0.069928,0
2153fb3e-6b09-410c-bfea-d095c49a54ba,2,4,0.185798,0
2153fb3e-6b09-410c-bfea-d095c49a54ba,2,5,0.014429,0
2153fb3e-6b09-410c-bfea-d095c49a54ba,2,6,0.017910,0
2153fb3e-6b09-410c-bfea-d095c49a54ba,2,7,0.020006,0
2153fb3e-6b09-410c-bfea-d095c49a54ba,2,8,0.050519,0
2153fb3e-6b09-410c-bfea-d095c49a54ba,2,9,0.811229,1
2153fb3e-6b09-410c-bfea-d095c49a54ba,2,10,0.987171,1
2153fb3e-6b09-410c-bfea-d095c49a54ba,2,11,0.022767,0
2153fb3e-6b09-410c-bfea-d095c49a54ba,2,12,0.024727,0
2153fb3e-6b09-410c-bfea-d095c49a54ba,2,13,0.024605,0
2153fb3e-6b09-410c-bfea-d095c49a54ba,2,14,0.013332,0
2153fb3e-6b09-410c-bfea-d095c49a54ba,2,15,0.196459,0
2153fb3e-6b09-410c-bfea-d095c49a54ba,2,16,0.035455,0
2153fb3e-6b09-410c-bfea-d095c49a54ba,2,17,0.038544,0
2153fb3e-6b09-410c-bfea-d095c49a54ba,2,18,0.014542,0
2153fb3e-6b09-410c-bfea-d095c49a54ba,2,19,0.178653,0
2153fb3e-6b09-410c-bfea-d095c49a54ba,2,20,0.975636,1
2153fb3e-6b09-410c-bfea-d095c49a54ba,2,21,0.025487,0
2153fb3e-6b09-410c-bfea-d095c49a54ba,2,22,0.049211,0
2153fb3e-6b09-410c-bfea-d095c49a54ba,3,0,0.992052,1
2153fb3e-6b09-410c-bfea-d095c49a54ba,3,1,0.334490,0
2153fb3e-6b09-410c-bfea-d095c49a54ba,3,2,0.039714,0
2153fb3e-6b09-410c-bfea-d095c49a54ba,3,3,0.048004,0
2153fb3e-6b09-410c-bfea-d095c49a54ba,3,4,0.026964,0
2153fb3e-6b09-410c-bfea-d095c49a54ba,3,5,0.066847,0
2153fb3e-6b09-410c-bfea-d095c49a54ba,3,6,0.130625,0
2153fb3e-6b09-410c-bfea-d095c49a54ba,3,7,0.155848,0
2153fb3e-6b09-410c-bfea-d095c49a54ba,3,8,0.023118,0
2153fb3e-6b09-410c-bfea-d095c49a54ba,3,9,0.017847,0
2153fb3e-6b09-410c-bfea-d095c49a54ba,3,10,0.015354,0
2153fb3e-6b09-410c-bfea-d095c49a54ba,3,11,0.016809,0
2153fb3e-6b09-410c-bfea-d095c49a54ba,3,12,0.118669,0
2153fb3e-6b09-410c-bfea-d095c49a54ba,3,13,0.051236,0
2153fb3e-6b09-410c-bfea-d095c49a54ba,3,14,0.125927,0
2153fb3e-6b09-410c-bfea-d095c49a54ba,3,15,0.970948,1
3db93526-a344-4ea4-8772-3734d0cfdfb1,1,0,0.975894,1
3db93526-a344-4ea4-8772-3734d0cfdfb1,1,1,0.585248,1
3db93526-a344-4ea4-8772-3734d0cfdfb1,1,2,0.888872,1
3db93526-a344-4ea4-8772-3734d0cfdfb1,1,3,0.069774,0
3db93526-a344-4ea4-8772-3734d0cfdfb1,1,4,0.017841,0
3db93526-a344-4ea4-8772-3734d0cfdfb1,1,5,0.443894,0
3db93526-a344-4ea4-8772-3734d0cfdfb1,1,6,0.918067,1
3db93526-a344-4ea4-8772-3734d0cfdfb1,1,7,0.517578,1
3db93526-a344-4ea4-8772-3734d0cfdfb1,1,8,0.984588,1
3db93526-a344-4ea4-8772-3734d0cfdfb1,1,9,0.990577,1
3db93526-a344-4ea4-8772-3734d0cfdfb1,1,10,0.967352,1
3db93526-a344-4ea4-8772-3734d0cfdfb1,1,11,0.019785,0
3db93526-a344-4ea4-8772-3734d0cfdfb1,1,12,0.029134,0
3db93526-a344-4ea4-8772-3734d0cfdfb1,1,13,0.035551,0
3db93526-a344-4ea4-8772-3734d0cfdfb1,1,14,0.936901,1
3db93526-a344-4ea4-8772-3734d0cfdfb1,1,15,0.097029,0
3db93526-a344-4ea4-8772-3734d0cfdfb1,2,0,0.448614,0
3db93526-a344-4ea4-8772-3734d0cfdfb1,2,1,0.018155,0
3db93526-a344-4ea4-8772-3734d0cfdfb1,2,2,0.747111,1
3db93526-a344-4ea4-8772-3734d0cfdfb1,2,3,0.254461,0
3db93526-a344-4ea4-8772-3734d0cfdfb1,2,4,0.118173,0
3db93526-a344-4ea4-8772-3734d0cfdfb1,2,5,0.791373,1
3db93526-a344-4ea4-8772-3734d0cfdfb1,2,6,0.055909,0
3db93526-a344-4ea4-8772-3734d0cfdfb1,2,7,0.601050,1
3db93526-a344-4ea4-8772-3734d0cfdfb1,2,8,0.736585,1
3db93526-a344-4ea4-8772-3734d0cfdfb1,2,9,0.979291,1
3db93526-a344-4ea4-8772-3734d0cfdfb1,2,10,0.019335,0
3db93526-a344-4ea4-8772-3734d0cfdfb1,2,11,0.016111,0
3db93526-a344-4ea4-8772-3734d0cfdfb1,2,12,0.015795,0
3db93526-a344-4ea4-8772-3734d0cfdfb1,3,0,0.947964,1
3db93526-a344-4ea4-8772-3734d0cfdfb1,3,1,0.065192,0
3db93526-a344-4ea4-8772-3734d0cfdfb1,3,2,0.016899,0
3db93526-a344-4ea4-8772-3734d0cfdfb1,3,3,0.069473,0
3db93526-a344-4ea4-8772-3734d0cfdfb1,3,4,0.035249,0
3db93526-a344-4ea4-8772-3734d0cfdfb1,3,5,0.396576,0
3db93526-a344-4ea4-8772-3734d0cfdfb1,3,6,0.185350,0
3db93526-a344-4ea4-8772-3734d0cfdfb1,3,7,0.071110,0
3db93526-a344-4ea4-8772-3734d0cfdfb1,3,8,0.017073,0
3db93526-a344-4ea4-8772-3734d0cfdfb1,3,9,0.021730,0
550b80db-bdd5-442b-8f70-c8e9f3203a13,1,0,0.132808,0
550b80db-bdd5-442b-8f70-c8e9f3203a13,1,1,0.168972,0
550b80db-bdd5-442b-8f70-c8e9f3203a13,1,2,0.187339,0
550b80db-bdd5-442b-8f70-c8e9f3203a13,1,3,0.972100,1
550b80db-bdd5-442b-8f70-c8e9f3203a13,1,4,0.459820,0
550b80db-bdd5-442b-8f70-c8e9f3203a13,1,5,0.864915,1
550b80db-bdd5-442b-8f70-c8e9f3203a13,1,6,0.973809,1
550b80db-bdd5-442b-8f70-c8e9f3203a13,1,7,0.060922,0
550b80db-bdd5-442b-8f70-c8e9f3203a13,1,8,0.016055,0
550b80db-bdd5-442b-8f70-c8e9f3203a13,1,9,0.080796,0
550b80db-bdd5-442b-8f70-c8e9f3203a13,1,10,0.515130,1
550b80db-bdd5-442b-8f70-c8e9f3203a13,1,11,0.013622,0
550b80db-bdd5-442b-8f70-c8e9f3203a13,1,12,0.033573,0
550b80db-bdd5-442b-8f70-c8e9f3203a13,1,13,0.020349,0
550b80db-bdd5-442b-8f70-c8e9f3203a13,1,14,0.670897,1
550b80db-bdd5-442b-8f70-c8e9f3203a13,1,15,0.299050,0
550b80db-bdd5-442b-8f70-c8e9f3203a13,1,16,0.049874,0
550b80db-bdd5-442b-8f70-c8e9f3203a13,1,17,0.012279,0
550b80db-bdd5-442b-8f70-c8e9f3203a13,1,18,0.822896,1
550b80db-bdd5-442b-8f70-c8e9f3203a13,2,0,0.686842,1
550b80db-bdd5-442b-8f70-c8e9f3203a13,2,1,0.022903,0
550b80db-bdd5-442b-8f70-c8e9f3203a13,2,2,0.955612,1
550b80db-bdd5-442b-8f70-c8e9f3203a13,2,3,0.980648,1
550b80db-bdd5-442b-8f70-c8e9f3203a13,2,4,0.327164,0
550b80db-bdd5-442b-8f70-c8e9f3203a13,2,5,0.920369,1
550b80db-bdd5-442b-8f70-c8e9f3203a13,2,6,0.046944,0
550b80db-bdd5-442b-8f70-c8e9f3203a13,2,7,0.052445,0
550b80db-bdd5-442b-8f70-c8e9f3203a13,2,8,0.014580,0
550b80db-bdd5-442b-8f70-c8e9f3203a13,2,9,0.013623,0
550b80db-bdd5-442b-8f70-c8e9f3203a13,2,10,0.011498,0
550b80db-bdd5-442b-8f70-c8e9f3203a13,2,11,0.017283,0
550b80db-bdd5-442b-8f70-c8e9f3203a13,2,12,0.084985,0
550b80db-bdd5-442b-8f70-c8e9f3203a13,2,13,0.047451,0
550b80db-bdd5-442b-8f70-c8e9f3203a13,2,14,0.049427,0
550b80db-bdd5-442b-8f70-c8e9f3203a13,2,15,0.387768,0
550b80db-bdd5-442b-8f70-c8e9f3203a13,2,16,0.013213,0
550b80db-bdd5-442b-8f70-c8e9f3203a13,2,17,0.308716,0
550b80db-bdd5-442b-8f70-c8e9f3203a13,2,18,0.130388,0
550b80db-bdd5-442b-8f70-c8e9f3203a13,2,19,0.985379,1
550b80db-bdd5-442b-8f70-c8e9f3203a13,3,0,0.836408,1
550b80db-bdd5-442b-8f70-c8e9f3203a13,3,1,0.031297,0
550b80db-bdd5-442b-8f70-c8e9f3203a13,3,2,0.083535,0
550b80db-bdd5-442b-8f70-c8e9f3203a13,3,3,0.170977,0
550b80db-bdd5-442b-8f70-c8e9f3203a13,3,4,0.980109,1
550b80db-bdd5-442b-8f70-c8e9f3203a13,3,5,0.085615,0
550b80db-bdd5-442b-8f70-c8e9f3203a13,3,6,0.024698,0
550b80db-bdd5-442b-8f70-c8e9f3203a13,3,7,0.965451,1
550b80db-bdd5-442b-8f70-c8e9f3203a13,3,8,0.028562,0
576116e5-2b18-4d35-be73-36f5863c9468,1,0,0.011587,0
576116e5-2b18-4d35-be73-36f5863c9468,1,1,0.013978,0
576116e5-2b18-4d35-be73-36f5863c9468,1,2,0.014330,0
576116e5-2b18-4d35-be73-36f5863c9468,1,3,0.014144,0
576116e5-2b18-4d35-be73-36f5863c9468,1,4,0.016437,0
576116e5-2b18-4d35-be73-36f5863c9468,1,5,0.015385,0
576116e5-2b18-4d35-be73-36f5863c9468,1,6,0.012488,0
576116e5-2b18-4d35-be73-36f5863c9468,1,7,0.022125,0
576116e5-2b18-4d35-be73-36f5863c9468,1,8,0.050406,0
576116e5-2b18-4d35-be73-36f5863c9468,1,9,0.042878,0
576116e5-2b18-4d35-be73-36f5863c9468,1,10,0.024786,0
576116e5-2b18-4d35-be73-36f5863c9468,1,11,0.084584,0
576116e5-2b18-4d35-be73-36f5863c9468,1,12,0.082660,0
576116e5-2b18-4d35-be73-36f5863c9468,1,13,0.015112,0
576116e5-2b18-4d35-be73-36f5863c9468,1,14,0.027209,0
576116e5-2b18-4d35-be73-36f5863c9468,1,15,0.411002,0
576116e5-2b18-4d35-be73-36f5863c9468,1,16,0.013023,0
576116e5-2b18-4d35-be73-36f5863c9468,1,17,0.692167,1
576116e5-2b18-4d35-be73-36f5863c9468,1,18,0.027381,0
576116e5-2b18-4d35-be73-36f5863c9468,1,19,0.131827,0
576116e5-2b18-4d35-be73-36f5863c9468,1,20,0.010895,0
576116e5-2b18-4d35-be73-36f5863c9468,1,21,0.276446,0
576116e5-2b18-4d35-be73-36f5863c9468,1,22,0.012394,0
576116e5-2b18-4d35-be73-36f5863c9468,1,23,0.013426,0
576116e5-2b18-4d35-be73-36f5863c9468,1,24,0.012686,0
576116e5-2b18-4d35-be73-36f5863c9468,1,25,0.011699,0
576116e5-2b18-4d35-be73-36f5863c9468,1,26,0.018699,0
576116e5-2b18-4d35-be73-36f5863c9468,1,27,0.215598,0
576116e5-2b18-4d35-be73-36f5863c9468,1,28,0.013069,0
576116e5-2b18-4d35-be73-36f5863c9468,1,29,0.014175,0
576116e5-2b18-4d35-be73-36f5863c9468,1,30,0.014321,0
576116e5-2b18-4d35-be73-36f5863c9468,1,31,0.030316,0
576116e5-2b18-4d35-be73-36f5863c9468,1,32,0.011435,0
576116e5-2b18-4d35-be73-36f5863c9468,1,33,0.011999,0
576116e5-2b18-4d35-be73-36f5863c9468,1,34,0.027630,0
576116e5-2b18-4d35-be73-36f5863c9468,1,35,0.983400,1
576116e5-2b18-4d35-be73-36f5863c9468,1,36,0.030063,0
576116e5-2b18-4d35-be73-36f5863c9468,1,37,0.122807,0
576116e5-2b18-4d35-be73-36f5863c9468,1,38,0.013410,0
576116e5-2b18-4d35-be73-36f5863c9468,1,39,0.015664,0
576116e5-2b18-4d35-be73-36f5863c9468,2,0,0.013619,0
576116e5-2b18-4d35-be73-36f5863c9468,2,1,0.501990,1
576116e5-2b18-4d35-be73-36f5863c9468,2,2,0.011860,0
576116e5-2b18-4d35-be73-36f5863c9468,2,3,0.014305,0
576116e5-2b18-4d35-be73-36f5863c9468,2,4,0.014699,0
576116e5-2b18-4d35-be73-36f5863c9468,2,5,0.023409,0
576116e5-2b18-4d35-be73-36f5863c9468,2,6,0.019253,0
576116e5-2b18-4d35-be73-36f5863c9468,2,7,0.015047,0
576116e5-2b18-4d35-be73-36f5863c9468,2,8,0.022390,0
576116e5-2b18-4d35-be73-36f5863c9468,2,9,0.086785,0
576116e5-2b18-4d35-be73-36f5863c9468,2,10,0.017838,0
576116e5-2b18-4d35-be73-36f5863c9468,2,11,0.136929,0
576116e5-2b18-4d35-be73-36f5863c9468,2,12,0.026929,0
576116e5-2b18-4d35-be73-36f5863c9468,2,13,0.653795,1
576116e5-2b18-4d35-be73-36f5863c9468,2,14,0.087296,0
576116e5-2b18-4d35-be73-36f5863c9468,2,15,0.012182,0
576116e5-2b18-4d35-be73-36f5863c9468,2,16,0.017188,0
576116e5-2b18-4d35-be73-36f5863c9468,2,17,0.015695,0
576116e5-2b18-4d35-be73-36f5863c9468,2,18,0.011940,0
576116e5-2b18-4d35-be73-36f5863c9468,2,19,0.010876,0
576116e5-2b18-4d35-be73-36f5863c9468,2,20,0.011903,0
576116e5-2b18-4d35-be73-36f5863c9468,2,21,0.025912,0
576116e5-2b18-4d35-be73-36f5863c9468,2,22,0.010950,0
576116e5-2b18-4d35-be73-36f5863c9468,2,23,0.011392,0
576116e5-2b18-4d35-be73-36f5863c9468,2,24,0.017561,0
576116e5-2b18-4d35-be73-36f5863c9468,2,25,0.009888,0
576116e5-2b18-4d35-be73-36f5863c9468,3,0,0.063543,0
576116e5-2b18-4d35-be73-36f5863c9468,3,1,0.037122,0
576116e5-2b18-4d35-be73-36f5863c9468,3,2,0.024875,0
576116e5-2b18-4d35-be73-36f5863c9468,3,3,0.042898,0
576116e5-2b18-4d35-be73-36f5863c9468,3,4,0.017657,0
576116e5-2b18-4d35-be73-36f5863c9468,3,5,0.015941,0
576116e5-2b18-4d35-be73-36f5863c9468,3,6,0.015026,0
576116e5-2b18-4d35-be73-36f5863c9468,3,7,0.020411,0
576116e5-2b18-4d35-be73-36f5863c9468,3,8,0.016045,0
576116e5-2b18-4d35-be73-36f5863c9468,3,9,0.024418,0
576116e5-2b18-4d35-be73-36f5863c9468,3,10,0.062351,0
576116e5-2b18-4d35-be73-36f5863c9468,3,11,0.017498,0
576116e5-2b18-4d35-be73-36f5863c9468,3,12,0.037838,0
576116e5-2b18-4d35-be73-36f5863c9468,3,13,0.016172,0
576116e5-2b18-4d35-be73-36f5863c9468,3,14,0.017286,0
576116e5-2b18-4d35-be73-36f5863c9468,3,15,0.013080,0
576116e5-2b18-4d35-be73-36f5863c9468,3,16,0.014822,0
576116e5-2b18-4d35-be73-36f5863c9468,3,17,0.015178,0
576116e5-2b18-4d35-be73-36f5863c9468,3,18,0.461186,0
576116e5-2b18-4d35-be73-36f5863c9468,3,19,0.009684,0
576116e5-2b18-4d35-be73-36f5863c9468,3,20,0.012309,0
576116e5-2b18-4d35-be73-36f5863c9468,3,21,0.016225,0
576116e5-2b18-4d35-be73-36f5863c9468,3,22,0.061179,0
576116e5-2b18-4d35-be73-36f5863c9468,3,23,0.229384,0
576116e5-2b18-4d35-be73-36f5863c9468,3,24,0.731413,1
97566c74-e000-49fb-b091-e6ec6e179de0,1,0,0.069150,0
97566c74-e000-49fb-b091-e6ec6e179de0,1,1,0.981201,1
97566c74-e000-49fb-b091-e6ec6e179de0,1,2,0.947707,1
97566c74-e000-49fb-b091-e6ec6e179de0,1,3,0.102963,0
97566c74-e000-49fb-b091-e6ec6e179de0,1,4,0.022125,0
97566c74-e000-49fb-b091-e6ec6e179de0,1,5,0.206616,0
97566c74-e000-49fb-b091-e6ec6e179de0,1,6,0.045565,0
97566c74-e000-49fb-b091-e6ec6e179de0,1,7,0.058829,0
97566c74-e000-49fb-b091-e6ec6e179de0,1,8,0.165846,0
97566c74-e000-49fb-b091-e6ec6e179de0,1,9,0.020861,0
97566c74-e000-49fb-b091-e6ec6e179de0,1,10,0.976376,1
97566c74-e000-49fb-b091-e6ec6e179de0,1,11,0.810054,1
97566c74-e000-49fb-b091-e6ec6e179de0,2,0,0.015449,0
97566c74-e000-49fb-b091-e6ec6e179de0,2,1,0.018729,0
97566c74-e000-49fb-b091-e6ec6e179de0,2,2,0.026280,0
97566c74-e000-49fb-b091-e6ec6e179de0,2,3,0.012603,0
97566c74-e000-49fb-b091-e6ec6e179de0,2,4,0.056788,0
97566c74-e000-49fb-b091-e6ec6e179de0,2,5,0.031244,0
97566c74-e000-49fb-b091-e6ec6e179de0,2,6,0.097305,0
97566c74-e000-49fb-b091-e6ec6e179de0,2,7,0.038875,0
97566c74-e000-49fb-b091-e6ec6e179de0,2,8,0.028183,0
97566c74-e000-49fb-b091-e6ec6e179de0,2,9,0.048403,0
97566c74-e000-49fb-b091-e6ec6e179de0,2,10,0.019323,0
97566c74-e000-49fb-b091-e6ec6e179de0,2,11,0.024703,0
97566c74-e000-49fb-b091-e6ec6e179de0,2,12,0.702096,1
97566c74-e000-49fb-b091-e6ec6e179de0,2,13,0.017574,0
97566c74-e000-49fb-b091-e6ec6e179de0,2,14,0.125599,0
97566c74-e000-49fb-b091-e6ec6e179de0,2,15,0.037308,0
97566c74-e000-49fb-b091-e6ec6e179de0,2,16,0.532753,1
97566c74-e000-49fb-b091-e6ec6e179de0,2,17,0.187826,0
97566c74-e000-49fb-b091-e6ec6e179de0,3,0,0.020802,0
97566c74-e000-49fb-b091-e6ec6e179de0,3,1,0.021866,0
97566c74-e000-49fb-b091-e6ec6e179de0,3,2,0.070113,0
97566c74-e000-49fb-b091-e6ec6e179de0,3,3,0.033989,0
97566c74-e000-49fb-b091-e6ec6e179de0,3,4,0.893215,1
97566c74-e000-49fb-b091-e6ec6e179de0,3,5,0.025839,0
97566c74-e000-49fb-b091-e6ec6e179de0,3,6,0.031616,0
97566c74-e000-49fb-b091-e6ec6e179de0,3,7,0.446064,0
97566c74-e000-49fb-b091-e6ec6e179de0,3,8,0.222653,0
a28a0329-0887-42dc-bd3d-3bb4f8926757,1,0,0.034299,0
a28a0329-0887-42dc-bd3d-3bb4f8926757,1,1,0.534887,1
a28a0329-0887-42dc-bd3d-3bb4f8926757,1,2,0.022308,0
a28a0329-0887-42dc-bd3d-3bb4f8926757,1,3,0.127606,0
a28a0329-0887-42dc-bd3d-3bb4f8926757,1,4,0.841285,1
a28a0329-0887-42dc-bd3d-3bb4f8926757,1,5,0.692350,1
a28a0329-0887-42dc-bd3d-3bb4f8926757,1,6,0.021261,0
a28a0329-0887-42dc-bd3d-3bb4f8926757,1,7,0.844227,1
a28a0329-0887-42dc-bd3d-3bb4f8926757,1,8,0.025483,0
a28a0329-0887-42dc-bd3d-3bb4f8926757,1,9,0.014549,0
a28a0329-0887-42dc-bd3d-3bb4f8926757,1,10,0.730776,1
a28a0329-0887-42dc-bd3d-3bb4f8926757,1,11,0.014490,0
a28a0329-0887-42dc-bd3d-3bb4f8926757,1,12,0.016081,0
a28a0329-0887-42dc-bd3d-3bb4f8926757,1,13,0.788037,1
a28a0329-0887-42dc-bd3d-3bb4f8926757,1,14,0.175681,0
a28a0329-0887-42dc-bd3d-3bb4f8926757,1,15,0.016953,0
a28a0329-0887-42dc-bd3d-3bb4f8926757,1,16,0.012553,0
a28a0329-0887-42dc-bd3d-3bb4f8926757,1,17,0.045767,0
a28a0329-0887-42dc-bd3d-3bb4f8926757,1,18,0.033477,0
a28a0329-0887-42dc-bd3d-3bb4f8926757,2,0,0.058609,0
a28a0329-0887-42dc-bd3d-3bb4f8926757,2,1,0.078756,0
a28a0329-0887-42dc-bd3d-3bb4f8926757,2,2,0.068795,0
a28a0329-0887-42dc-bd3d-3bb4f8926757,2,3,0.493114,0
a28a0329-0887-42dc-bd3d-3bb4f8926757,2,4,0.013692,0
a28a0329-0887-42dc-bd3d-3bb4f8926757,2,5,0.983854,1
a28a0329-0887-42dc-bd3d-3bb4f8926757,2,6,0.063413,0
a28a0329-0887-42dc-bd3d-3bb4f8926757,2,7,0.986465,1
a28a0329-0887-42dc-bd3d-3bb4f8926757,2,8,0.223035,0
a28a0329-0887-42dc-bd3d-3bb4f8926757,2,9,0.198519,0
a28a0329-0887-42dc-bd3d-3bb4f8926757,2,10,0.020901,0
a28a0329-0887-42dc-bd3d-3bb4f8926757,2,11,0.564503,1
a28a0329-0887-42dc-bd3d-3bb4f8926757,2,12,0.146060,0
a28a0329-0887-42dc-bd3d-3bb4f8926757,2,13,0.315755,0
a28a0329-0887-42dc-bd3d-3bb4f8926757,2,14,0.023419,0
a28a0329-0887-42dc-bd3d-3bb4f8926757,2,15,0.015232,0
a28a0329-0887-42dc-bd3d-3bb4f8926757,2,16,0.904758,1
a28a0329-0887-42dc-bd3d-3bb4f8926757,2,17,0.053639,0
a28a0329-0887-42dc-bd3d-3bb4f8926757,2,18,0.144298,0
a28a0329-0887-42dc-bd3d-3bb4f8926757,2,19,0.025266,0
a28a0329-0887-42dc-bd3d-3bb4f8926757,2,20,0.115317,0
a28a0329-0887-42dc-bd3d-3bb4f8926757,2,21,0.013605,0
a28a0329-0887-42dc-bd3d-3bb4f8926757,2,22,0.012872,0
a28a0329-0887-42dc-bd3d-3bb4f8926757,3,0,0.844980,1
a28a0329-0887-42dc-bd3d-3bb4f8926757,3,1,0.194654,0
a28a0329-0887-42dc-bd3d-3bb4f8926757,3,2,0.089723,0
a28a0329-0887-42dc-bd3d-3bb4f8926757,3,3,0.023117,0
a28a0329-0887-42dc-bd3d-3bb4f8926757,3,4,0.023113,0
a28a0329-0887-42dc-bd3d-3bb4f8926757,3,5,0.129358,0
a28a0329-0887-42dc-bd3d-3bb4f8926757,3,6,0.044218,0
a28a0329-0887-42dc-bd3d-3bb4f8926757,3,7,0.021357,0
a28a0329-0887-42dc-bd3d-3bb4f8926757,3,8,0.094051,0
a28a0329-0887-42dc-bd3d-3bb4f8926757,3,9,0.013480,0
a28a0329-0887-42dc-bd3d-3bb4f8926757,3,10,0.176509,0
a28a0329-0887-42dc-bd3d-3bb4f8926757,3,11,0.026935,0
a28a0329-0887-42dc-bd3d-3bb4f8926757,3,12,0.027902,0
a28a0329-0887-42dc-bd3d-3bb4f8926757,3,13,0.090915,0
a28a0329-0887-42dc-bd3d-3bb4f8926757,3,14,0.059711,0
a28a0329-0887-42dc-bd3d-3bb4f8926757,3,15,0.286914,0
a28a0329-0887-42dc-bd3d-3bb4f8926757,3,16,0.666637,1
a28a0329-0887-42dc-bd3d-3bb4f8926757,3,17,0.482380,0
a28a0329-0887-42dc-bd3d-3bb4f8926757,3,18,0.027481,0
a28a0329-0887-42dc-bd3d-3bb4f8926757,3,19,0.903449,1
a28a0329-0887-42dc-bd3d-3bb4f8926757,3,20,0.286773,0
a28a0329-0887-42dc-bd3d-3bb4f8926757,3,21,0.018363,0
a28a0329-0887-42dc-bd3d-3bb4f8926757,3,22,0.105765,0
a28a0329-0887-42dc-bd3d-3bb4f8926757,3,23,0.694554,1
a28a0329-0887-42dc-bd3d-3bb4f8926757,3,24,0.032309,0
a28a0329-0887-42dc-bd3d-3bb4f8926757,3,25,0.022526,0
a28a0329-0887-42dc-bd3d-3bb4f8926757,3,26,0.100736,0
a28a0329-0887-42dc-bd3d-3bb4f8926757,3,27,0.021398,0
a28a0329-0887-42dc-bd3d-3bb4f8926757,3,28,0.106775,0
a28a0329-0887-42dc-bd3d-3bb4f8926757,3,29,0.422515,0
a28a0329-0887-42dc-bd3d-3bb4f8926757,3,30,0.382835,0
a28a0329-0887-42dc-bd3d-3bb4f8926757,3,31,0.071640,0
a28a0329-0887-42dc-bd3d-3bb4f8926757,3,32,0.100294,0
a28a0329-0887-42dc-bd3d-3bb4f8926757,3,33,0.023768,0
a28a0329-0887-42dc-bd3d-3bb4f8926757,3,34,0.991809,1
a28a0329-0887-42dc-bd3d-3bb4f8926757,3,35,0.011655,0
a28a0329-0887-42dc-bd3d-3bb4f8926757,3,36,0.022260,0
a28a0329-0887-42dc-bd3d-3bb4f8926757,3,37,0.990617,1
a28a0329-0887-42dc-bd3d-3bb4f8926757,3,38,0.016299,0
c21cb217-3e2c-49bd-884d-5c74a165ef10,1,0,0.989342,1
c21cb217-3e2c-49bd-884d-5c74a165ef10,1,1,0.020447,0
c21cb217-3e2c-49bd-884d-5c74a165ef10,1,2,0.014246,0
c21cb217-3e2c-49bd-884d-5c74a165ef10,1,3,0.228455,0
c21cb217-3e2c-49bd-884d-5c74a165ef10,1,4,0.973044,1
c21cb217-3e2c-49bd-884d-5c74a165ef10,1,5,0.029821,0
c21cb217-3e2c-49bd-884d-5c74a165ef10,1,6,0.011146,0
c21cb217-3e2c-49bd-884d-5c74a165ef10,1,7,0.012171,0
c21cb217-3e2c-49bd-884d-5c74a165ef10,1,8,0.011948,0
c21cb217-3e2c-49bd-884d-5c74a165ef10,1,9,0.015309,0
c21cb217-3e2c-49bd-884d-5c74a165ef10,1,10,0.012510,0
c21cb217-3e2c-49bd-884d-5c74a165ef10,1,11,0.014063,0
c21cb217-3e2c-49bd-884d-5c74a165ef10,1,12,0.014548,0
c21cb217-3e2c-49bd-884d-5c74a165ef10,1,13,0.018273,0
c21cb217-3e2c-49bd-884d-5c74a165ef10,1,14,0.066148,0
c21cb217-3e2c-49bd-884d-5c74a165ef10,1,15,0.016732,0
c21cb217-3e2c-49bd-884d-5c74a165ef10,1,16,0.016222,0
c21cb217-3e2c-49bd-884d-5c74a165ef10,1,17,0.011905,0
c21cb217-3e2c-49bd-884d-5c74a165ef10,1,18,0.014470,0
c21cb217-3e2c-49bd-884d-5c74a165ef10,1,19,0.013360,0
c21cb217-3e2c-49bd-884d-5c74a165ef10,1,20,0.012577,0
c21cb217-3e2c-49bd-884d-5c74a165ef10,1,21,0.573994,1
c21cb217-3e2c-49bd-884d-5c74a165ef10,1,22,0.026247,0
c21cb217-3e2c-49bd-884d-5c74a165ef10,1,23,0.011964,0
c21cb217-3e2c-49bd-884d-5c74a165ef10,1,24,0.101474,0
c21cb217-3e2c-49bd-884d-5c74a165ef10,1,25,0.011696,0
c21cb217-3e2c-49bd-884d-5c74a165ef10,1,26,0.028849,0
c21cb217-3e2c-49bd-884d-5c74a165ef10,2,0,0.030095,0
c21cb217-3e2c-49bd-884d-5c74a165ef10,2,1,0.015407,0
c21cb217-3e2c-49bd-884d-5c74a165ef10,2,2,0.439003,0
c21cb217-3e2c-49bd-884d-5c74a165ef10,2,3,0.013458,0
c21cb217-3e2c-49bd-884d-5c74a165ef10,2,4,0.049716,0
c21cb217-3e2c-49bd-884d-5c74a165ef10,2,5,0.016008,0
c21cb217-3e2c-49bd-884d-5c74a165ef10,2,6,0.024460,0
c21cb217-3e2c-49bd-884d-5c74a165ef10,2,7,0.015841,0
c21cb217-3e2c-49bd-884d-5c74a165ef10,2,8,0.049945,0
c21cb217-3e2c-49bd-884d-5c74a165ef10,2,9,0.025322,0
c21cb217-3e2c-49bd-884d-5c74a165ef10,2,10,0.035215,0
c21cb217-3e2c-49bd-884d-5c74a165ef10,2,11,0.135340,0
c21cb217-3e2c-49bd-884d-5c74a165ef10,2,12,0.037488,0
c21cb217-3e2c-49bd-884d-5c74a165ef10,2,13,0.112161,0
c21cb217-3e2c-49bd-884d-5c74a165ef10,2,14,0.054773,0
c21cb217-3e2c-49bd-884d-5c74a165ef10,2,15,0.178695,0
c21cb217-3e2c-49bd-884d-5c74a165ef10,2,16,0.015264,0
c21cb217-3e2c-49bd-884d-5c74a165ef10,2,17,0.057297,0
c21cb217-3e2c-49bd-884d-5c74a165ef10,2,18,0.026248,0
c21cb217-3e2c-49bd-884d-5c74a165ef10,2,19,0.013871,0
c21cb217-3e2c-49bd-884d-5c74a165ef10,2,20,0.012596,0
c21cb217-3e2c-49bd-884d-5c74a165ef10,2,21,0.020054,0
c21cb217-3e2c-49bd-884d-5c74a165ef10,2,22,0.025685,0
c21cb217-3e2c-49bd-884d-5c74a165ef10,2,23,0.013868,0
c21cb217-3e2c-49bd-884d-5c74a165ef10,2,24,0.015602,0
c21cb217-3e2c-49bd-884d-5c74a165ef10,2,25,0.024774,0
c21cb217-3e2c-49bd-884d-5c74a165ef10,2,26,0.024530,0
c21cb217-3e2c-49bd-884d-5c74a165ef10,2,27,0.028698,0
c21cb217-3e2c-49bd-884d-5c74a165ef10,2,28,0.192947,0
c21cb217-3e2c-49bd-884d-5c74a165ef10,2,29,0.020077,0
c21cb217-3e2c-49bd-884d-5c74a165ef10,2,30,0.031220,0
c21cb217-3e2c-49bd-884d-5c74a165ef10,2,31,0.966765,1
c21cb217-3e2c-49bd-884d-5c74a165ef10,2,32,0.016292,0
c21cb217-3e2c-49bd-884d-5c74a165ef10,3,0,0.025951,0
c21cb217-3e2c-49bd-884d-5c74a165ef10,3,1,0.033225,0
c21cb217-3e2c-49bd-884d-5c74a165ef10,3,2,0.013879,0
c21cb217-3e2c-49bd-884d-5c74a165ef10,3,3,0.013961,0
c21cb217-3e2c-49bd-884d-5c74a165ef10,3,4,0.035710,0
c21cb217-3e2c-49bd-884d-5c74a165ef10,3,5,0.020584,0
c21cb217-3e2c-49bd-884d-5c74a165ef10,3,6,0.075245,0
c21cb217-3e2c-49bd-884d-5c74a165ef10,3,7,0.017286,0
c21cb217-3e2c-49bd-884d-5c74a165ef10,3,8,0.011576,0
c21cb217-3e2c-49bd-884d-5c74a165ef10,3,9,0.118293,0
c21cb217-3e2c-49bd-884d-5c74a165ef10,3,10,0.211592,0
c21cb217-3e2c-49bd-884d-5c74a165ef10,3,11,0.041505,0
c21cb217-3e2c-49bd-884d-5c74a165ef10,3,12,0.981145,1
c21cb217-3e2c-49bd-884d-5c74a165ef10,3,13,0.036738,0
c21cb217-3e2c-49bd-884d-5c74a165ef10,3,14,0.029786,0
c21cb217-3e2c-49bd-884d-5c74a165ef10,3,15,0.017014,0
c21cb217-3e2c-49bd-884d-5c74a165ef10,3,16,0.014783,0
c21cb217-3e2c-49bd-884d-5c74a165ef10,3,17,0.103264,0
c21cb217-3e2c-49bd-884d-5c74a165ef10,3,18,0.051340,0
c21cb217-3e2c-49bd-884d-5c74a165ef10,3,19,0.011386,0
c21cb217-3e2c-49bd-884d-5c74a165ef10,3,20,0.015825,0
c21cb217-3e2c-49bd-884d-5c74a165ef10,3,21,0.315307,0
c21cb217-3e2c-49bd-884d-5c74a165ef10,3,22,0.013542,0
c21cb217-3e2c-49bd-884d-5c74a165ef10,3,23,0.017294,0
c21cb217-3e2c-49bd-884d-5c74a165ef10,3,24,0.016292,0
c21cb217-3e2c-49bd-884d-5c74a165ef10,3,25,0.082538,0
c21cb217-3e2c-49bd-884d-5c74a165ef10,3,26,0.629282,1
08bb9bee-c167-4c17-9c6d-4a1259231eb7,1,0,0.030730,0
08bb9bee-c167-4c17-9c6d-4a1259231eb7,1,1,0.036840,0
08bb9bee-c167-4c17-9c6d-4a1259231eb7,1,2,0.018395,0
08bb9bee-c167-4c17-9c6d-4a1259231eb7,1,3,0.012543,0
08bb9bee-c167-4c17-9c6d-4a1259231eb7,1,4,0.024692,0
08bb9bee-c167-4c17-9c6d-4a1259231eb7,1,5,0.014076,0
08bb9bee-c167-4c17-9c6d-4a1259231eb7,1,6,0.017191,0
08bb9bee-c167-4c17-9c6d-4a1259231eb7,1,7,0.297862,0
08bb9bee-c167-4c17-9c6d-4a1259231eb7,1,8,0.762222,1
08bb9bee-c167-4c17-9c6d-4a1259231eb7,1,9,0.016720,0
08bb9bee-c167-4c17-9c6d-4a1259231eb7,1,10,0.982745,1
08bb9bee-c167-4c17-9c6d-4a1259231eb7,1,11,0.957685,1
08bb9bee-c167-4c17-9c6d-4a1259231eb7,1,12,0.077887,0
08bb9bee-c167-4c17-9c6d-4a1259231eb7,1,13,0.074159,0
08bb9bee-c167-4c17-9c6d-4a1259231eb7,1,14,0.035709,0
08bb9bee-c167-4c17-9c6d-4a1259231eb7,1,15,0.365715,0
08bb9bee-c167-4c17-9c6d-4a1259231eb7,1,16,0.897925,1
08bb9bee-c167-4c17-9c6d-4a1259231eb7,1,17,0.047704,0
08bb9bee-c167-4c17-9c6d-4a1259231eb7,1,18,0.016473,0
08bb9bee-c167-4c17-9c6d-4a1259231eb7,1,19,0.015042,0
08bb9bee-c167-4c17-9c6d-4a1259231eb7,1,20,0.042221,0
08bb9bee-c167-4c17-9c6d-4a1259231eb7,1,21,0.119181,0
08bb9bee-c167-4c17-9c6d-4a1259231eb7,1,22,0.498284,0
08bb9bee-c167-4c17-9c6d-4a1259231eb7,1,23,0.854906,1
08bb9bee-c167-4c17-9c6d-4a1259231eb7,1,24,0.046837,0
08bb9bee-c167-4c17-9c6d-4a1259231eb7,1,25,0.362176,0
08bb9bee-c167-4c17-9c6d-4a1259231eb7,2,0,0.046158,0
08bb9bee-c167-4c17-9c6d-4a1259231eb7,2,1,0.020694,0
08bb9bee-c167-4c17-9c6d-4a1259231eb7,2,2,0.017404,0
08bb9bee-c167-4c17-9c6d-4a1259231eb7,2,3,0.060108,0
08bb9bee-c167-4c17-9c6d-4a1259231eb7,2,4,0.011575,0
08bb9bee-c167-4c17-9c6d-4a1259231eb7,2,5,0.017112,0
08bb9bee-c167-4c17-9c6d-4a1259231eb7,2,6,0.040426,0
08bb9bee-c167-4c17-9c6d-4a1259231eb7,2,7,0.062238,0
08bb9bee-c167-4c17-9c6d-4a1259231eb7,2,8,0.017125,0
08bb9bee-c167-4c17-9c6d-4a1259231eb7,2,9,0.173363,0
08bb9bee-c167-4c17-9c6d-4a1259231eb7,2,10,0.021129,0
08bb9bee-c167-4c17-9c6d-4a1259231eb7,2,11,0.027294,0
08bb9bee-c167-4c17-9c6d-4a1259231eb7,2,12,0.021939,0
08bb9bee-c167-4c17-9c6d-4a1259231eb7,2,13,0.741037,1
08bb9bee-c167-4c17-9c6d-4a1259231eb7,2,14,0.013978,0
08bb9bee-c167-4c17-9c6d-4a1259231eb7,2,15,0.101786,0
08bb9bee-c167-4c17-9c6d-4a1259231eb7,2,16,0.123657,0
08bb9bee-c167-4c17-9c6d-4a1259231eb7,2,17,0.255470,0
08bb9bee-c167-4c17-9c6d-4a1259231eb7,2,18,0.402498,0
08bb9bee-c167-4c17-9c6d-4a1259231eb7,2,19,0.106952,0
08bb9bee-c167-4c17-9c6d-4a1259231eb7,2,20,0.012493,0
08bb9bee-c167-4c17-9c6d-4a1259231eb7,2,21,0.016066,0
08bb9bee-c167-4c17-9c6d-4a1259231eb7,2,22,0.329814,0
08bb9bee-c167-4c17-9c6d-4a1259231eb7,2,23,0.022195,0
08bb9bee-c167-4c17-9c6d-4a1259231eb7,2,24,0.017033,0
08bb9bee-c167-4c17-9c6d-4a1259231eb7,2,25,0.016191,0
08bb9bee-c167-4c17-9c6d-4a1259231eb7,2,26,0.012888,0
08bb9bee-c167-4c17-9c6d-4a1259231eb7,2,27,0.644686,1
08bb9bee-c167-4c17-9c6d-4a1259231eb7,2,28,0.014439,0
08bb9bee-c167-4c17-9c6d-4a1259231eb7,2,29,0.280247,0
08bb9bee-c167-4c17-9c6d-4a1259231eb7,2,30,0.016037,0
08bb9bee-c167-4c17-9c6d-4a1259231eb7,2,31,0.139449,0
08bb9bee-c167-4c17-9c6d-4a1259231eb7,2,32,0.043586,0
08bb9bee-c167-4c17-9c6d-4a1259231eb7,2,33,0.016417,0
08bb9bee-c167-4c17-9c6d-4a1259231eb7,2,34,0.013365,0
08bb9bee-c167-4c17-9c6d-4a1259231eb7,2,35,0.026405,0
08bb9bee-c167-4c17-9c6d-4a1259231eb7,3,0,0.143220,0
08bb9bee-c167-4c17-9c6d-4a1259231eb7,3,1,0.039609,0
08bb9bee-c167-4c17-9c6d-4a1259231eb7,3,2,0.042509,0
08bb9bee-c167-4c17-9c6d-4a1259231eb7,3,3,0.023719,0
08bb9bee-c167-4c17-9c6d-4a1259231eb7,3,4,0.060313,0
08bb9bee-c167-4c17-9c6d-4a1259231eb7,3,5,0.039265,0
08bb9bee-c167-4c17-9c6d-4a1259231eb7,3,6,0.019216,0
08bb9bee-c167-4c17-9c6d-4a1259231eb7,3,7,0.066448,0
08bb9bee-c167-4c17-9c6d-4a1259231eb7,3,8,0.069851,0
08bb9bee-c167-4c17-9c6d-4a1259231eb7,3,9,0.015278,0
08bb9bee-c167-4c17-9c6d-4a1259231eb7,3,10,0.177674,0
08bb9bee-c167-4c17-9c6d-4a1259231eb7,3,11,0.478509,0
08bb9bee-c167-4c17-9c6d-4a1259231eb7,3,12,0.391390,0
08bb9bee-c167-4c17-9c6d-4a1259231eb7,3,13,0.017970,0
08bb9bee-c167-4c17-9c6d-4a1259231eb7,3,14,0.465070,0
08bb9bee-c167-4c17-9c6d-4a1259231eb7,3,15,0.016645,0
08bb9bee-c167-4c17-9c6d-4a1259231eb7,3,16,0.014613,0
29ffd053-7684-469b-a600-97000579bd01,1,0,0.373701,0
29ffd053-7684-469b-a600-97000579bd01,1,1,0.013953,0
29ffd053-7684-469b-a600-97000579bd01,1,2,0.047428,0
29ffd053-7684-469b-a600-97000579bd01,1,3,0.036592,0
29ffd053-7684-469b-a600-97000579bd01,1,4,0.732376,1
29ffd053-7684-469b-a600-97000579bd01,1,5,0.147175,0
29ffd053-7684-469b-a600-97000579bd01,1,6,0.014915,0
29ffd053-7684-469b-a600-97000579bd01,1,7,0.016728,0
29ffd053-7684-469b-a600-97000579bd01,1,8,0.035145,0
29ffd053-7684-469b-a600-97000579bd01,1,9,0.591015,1
29ffd053-7684-469b-a600-97000579bd01,1,10,0.224922,0
29ffd053-7684-469b-a600-97000579bd01,1,11,0.810859,1
29ffd053-7684-469b-a600-97000579bd01,1,12,0.166623,0
29ffd053-7684-469b-a600-97000579bd01,1,13,0.024703,0
29ffd053-7684-469b-a600-97000579bd01,1,14,0.025821,0
29ffd053-7684-469b-a600-97000579bd01,1,15,0.023033,0
29ffd053-7684-469b-a600-97000579bd01,1,16,0.040764,0
29ffd053-7684-469b-a600-97000579bd01,1,17,0.021791,0
29ffd053-7684-469b-a600-97000579bd01,1,18,0.025366,0
29ffd053-7684-469b-a600-97000579bd01,2,0,0.989981,1
29ffd053-7684-469b-a600-97000579bd01,2,1,0.048893,0
29ffd053-7684-469b-a600-97000579bd01,2,2,0.024499,0
29ffd053-7684-469b-a600-97000579bd01,2,3,0.968476,1
29ffd053-7684-469b-a600-97000579bd01,2,4,0.016218,0
29ffd053-7684-469b-a600-97000579bd01,2,5,0.030333,0
29ffd053-7684-469b-a600-97000579bd01,2,6,0.018985,0
29ffd053-7684-469b-a600-97000579bd01,2,7,0.238126,0
29ffd053-7684-469b-a600-97000579bd01,2,8,0.089375,0
29ffd053-7684-469b-a600-97000579bd01,2,9,0.012709,0
29ffd053-7684-469b-a600-97000579bd01,2,10,0.011847,0
29ffd053-7684-469b-a600-97000579bd01,2,11,0.013534,0
29ffd053-7684-469b-a600-97000579bd01,2,12,0.031883,0
29ffd053-7684-469b-a600-97000579bd01,2,13,0.052431,0
29ffd053-7684-469b-a600-97000579bd01,2,14,0.045417,0
29ffd053-7684-469b-a600-97000579bd01,3,0,0.986286,1
29ffd053-7684-469b-a600-97000579bd01,3,1,0.012756,0
29ffd053-7684-469b-a600-97000579bd01,3,2,0.014492,0
29ffd053-7684-469b-a600-97000579bd01,3,3,0.861561,1
29ffd053-7684-469b-a600-97000579bd01,3,4,0.023207,0
29ffd053-7684-469b-a600-97000579bd01,3,5,0.027563,0
29ffd053-7684-469b-a600-97000579bd01,3,6,0.035601,0
29ffd053-7684-469b-a600-97000579bd01,3,7,0.560152,1
29ffd053-7684-469b-a600-97000579bd01,3,8,0.015110,0
29ffd053-7684-469b-a600-97000579bd01,3,9,0.020162,0
29ffd053-7684-469b-a600-97000579bd01,3,10,0.050376,0
29ffd053-7684-469b-a600-97000579bd01,3,11,0.090271,0
29ffd053-7684-469b-a600-97000579bd01,3,12,0.079689,0
29ffd053-7684-469b-a600-97000579bd01,3,13,0.050563,0
29ffd053-7684-469b-a600-97000579bd01,3,14,0.024563,0
29ffd053-7684-469b-a600-97000579bd01,3,15,0.016470,0
2ec04201-2016-4227-baf7-ba8289058203,1,0,0.154034,0
2ec04201-2016-4227-baf7-ba8289058203,1,1,0.239000,0
2ec04201-2016-4227-baf7-ba8289058203,1,2,0.161187,0
2ec04201-2016-4227-baf7-ba8289058203,1,3,0.012658,0
2ec04201-2016-4227-baf7-ba8289058203,1,4,0.035843,0
2ec04201-2016-4227-baf7-ba8289058203,1,5,0.634698,1
2ec04201-2016-4227-baf7-ba8289058203,1,6,0.977867,1
2ec04201-2016-4227-baf7-ba8289058203,1,7,0.080465,0
2ec04201-2016-4227-baf7-ba8289058203,1,8,0.011655,0
2ec04201-2016-4227-baf7-ba8289058203,1,9,0.014222,0
2ec04201-2016-4227-baf7-ba8289058203,1,10,0.012189,0
2ec04201-2016-4227-baf7-ba8289058203,1,11,0.045933,0
2ec04201-2016-4227-baf7-ba8289058203,1,12,0.016690,0
2ec04201-2016-4227-baf7-ba8289058203,1,13,0.016555,0
2ec04201-2016-4227-baf7-ba8289058203,1,14,0.011724,0
2ec04201-2016-4227-baf7-ba8289058203,1,15,0.014154,0
2ec04201-2016-4227-baf7-ba8289058203,1,16,0.051787,0
2ec04201-2016-4227-baf7-ba8289058203,1,17,0.588280,1
2ec04201-2016-4227-baf7-ba8289058203,1,18,0.029220,0
2ec04201-2016-4227-baf7-ba8289058203,1,19,0.016763,0
2ec04201-2016-4227-baf7-ba8289058203,1,20,0.015587,0
2ec04201-2016-4227-baf7-ba8289058203,1,21,0.016089,0
2ec04201-2016-4227-baf7-ba8289058203,1,22,0.014125,0
2ec04201-2016-4227-baf7-ba8289058203,1,23,0.272368,0
2ec04201-2016-4227-baf7-ba8289058203,1,24,0.012237,0
2ec04201-2016-4227-baf7-ba8289058203,1,25,0.012079,0
2ec04201-2016-4227-baf7-ba8289058203,1,26,0.017370,0
2ec04201-2016-4227-baf7-ba8289058203,1,27,0.014185,0
2ec04201-2016-4227-baf7-ba8289058203,1,28,0.015223,0
2ec04201-2016-4227-baf7-ba8289058203,1,29,0.016742,0
2ec04201-2016-4227-baf7-ba8289058203,1,30,0.031907,0
2ec04201-2016-4227-baf7-ba8289058203,1,31,0.037251,0
2ec04201-2016-4227-baf7-ba8289058203,1,32,0.020413,0
2ec04201-2016-4227-baf7-ba8289058203,1,33,0.023976,0
2ec04201-2016-4227-baf7-ba8289058203,1,34,0.027671,0
2ec04201-2016-4227-baf7-ba8289058203,1,35,0.078157,0
2ec04201-2016-4227-baf7-ba8289058203,1,36,0.017543,0
2ec04201-2016-4227-baf7-ba8289058203,1,37,0.011629,0
2ec04201-2016-4227-baf7-ba8289058203,1,38,0.012042,0
2ec04201-2016-4227-baf7-ba8289058203,1,39,0.014001,0
2ec04201-2016-4227-baf7-ba8289058203,1,40,0.020733,0
2ec04201-2016-4227-baf7-ba8289058203,1,41,0.088371,0
2ec04201-2016-4227-baf7-ba8289058203,2,0,0.526842,1
2ec04201-2016-4227-baf7-ba8289058203,2,1,0.599050,1
2ec04201-2016-4227-baf7-ba8289058203,2,2,0.125941,0
2ec04201-2016-4227-baf7-ba8289058203,2,3,0.109748,0
2ec04201-2016-4227-baf7-ba8289058203,2,4,0.277571,0
2ec04201-2016-4227-baf7-ba8289058203,2,5,0.340557,0
2ec04201-2016-4227-baf7-ba8289058203,2,6,0.022112,0
2ec04201-2016-4227-baf7-ba8289058203,2,7,0.058210,0
2ec04201-2016-4227-baf7-ba8289058203,2,8,0.077721,0
2ec04201-2016-4227-baf7-ba8289058203,2,9,0.991016,1
2ec04201-2016-4227-baf7-ba8289058203,2,10,0.215577,0
2ec04201-2016-4227-baf7-ba8289058203,2,11,0.971156,1
2ec04201-2016-4227-baf7-ba8289058203,2,12,0.221421,0
2ec04201-2016-4227-baf7-ba8289058203,2,13,0.022100,0
2ec04201-2016-4227-baf7-ba8289058203,2,14,0.304000,0
2ec04201-2016-4227-baf7-ba8289058203,2,15,0.354210,0
2ec04201-2016-4227-baf7-ba8289058203,2,16,0.238414,0
2ec04201-2016-4227-baf7-ba8289058203,2,17,0.952291,1
2ec04201-2016-4227-baf7-ba8289058203,2,18,0.014569,0
2ec04201-2016-4227-baf7-ba8289058203,2,19,0.012984,0
2ec04201-2016-4227-baf7-ba8289058203,2,20,0.147065,0
2ec04201-2016-4227-baf7-ba8289058203,2,21,0.076638,0
2ec04201-2016-4227-baf7-ba8289058203,2,22,0.016359,0
2ec04201-2016-4227-baf7-ba8289058203,2,23,0.987175,1
2ec04201-2016-4227-baf7-ba8289058203,2,24,0.084626,0
2ec04201-2016-4227-baf7-ba8289058203,2,25,0.037129,0
2ec04201-2016-4227-baf7-ba8289058203,2,26,0.119499,0
2ec04201-2016-4227-baf7-ba8289058203,2,27,0.982678,1
2ec04201-2016-4227-baf7-ba8289058203,2,28,0.971489,1
2ec04201-2016-4227-baf7-ba8289058203,2,29,0.282709,0
2ec04201-2016-4227-baf7-ba8289058203,2,30,0.837947,1
2ec04201-2016-4227-baf7-ba8289058203,3,0,0.975290,1
2ec04201-2016-4227-baf7-ba8289058203,3,1,0.014230,0
2ec04201-2016-4227-baf7-ba8289058203,3,2,0.024674,0
2ec04201-2016-4227-baf7-ba8289058203,3,3,0.163182,0
2ec04201-2016-4227-baf7-ba8289058203,3,4,0.039463,0
2ec04201-2016-4227-baf7-ba8289058203,3,5,0.248508,0
2ec04201-2016-4227-baf7-ba8289058203,3,6,0.131064,0
2ec04201-2016-4227-baf7-ba8289058203,3,7,0.945571,1
2ec04201-2016-4227-baf7-ba8289058203,3,8,0.017605,0
2ec04201-2016-4227-baf7-ba8289058203,3,9,0.094331,0
2ec04201-2016-4227-baf7-ba8289058203,3,10,0.047670,0
2ec04201-2016-4227-baf7-ba8289058203,3,11,0.045688,0
2ec04201-2016-4227-baf7-ba8289058203,3,12,0.084600,0
2ec04201-2016-4227-baf7-ba8289058203,3,13,0.024156,0
2ec04201-2016-4227-baf7-ba8289058203,3,14,0.040894,0
2ec04201-2016-4227-baf7-ba8289058203,3,15,0.051342,0
2ec04201-2016-4227-baf7-ba8289058203,3,16,0.021577,0
2ec04201-2016-4227-baf7-ba8289058203,3,17,0.080154,0
2ec04201-2016-4227-baf7-ba8289058203,3,18,0.050569,0
2ec04201-2016-4227-baf7-ba8289058203,3,19,0.033723,0
2ec04201-2016-4227-baf7-ba8289058203,3,20,0.060252,0
2ec04201-2016-4227-baf7-ba8289058203,3,21,0.379763,0
2ec04201-2016-4227-baf7-ba8289058203,3,22,0.172102,0
2ec04201-2016-4227-baf7-ba8289058203,3,23,0.104039,0
2ec04201-2016-4227-baf7-ba8289058203,3,24,0.886024,1
2ec04201-2016-4227-baf7-ba8289058203,3,25,0.543598,1
2ec04201-2016-4227-baf7-ba8289058203,3,26,0.017170,0
2ec04201-2016-4227-baf7-ba8289058203,3,27,0.439146,0
2ec04201-2016-4227-baf7-ba8289058203,3,28,0.885172,1
2ec04201-2016-4227-baf7-ba8289058203,3,29,0.015029,0
2ec04201-2016-4227-baf7-ba8289058203,3,30,0.119376,0
2ec04201-2016-4227-baf7-ba8289058203,3,31,0.015044,0
2ec04201-2016-4227-baf7-ba8289058203,3,32,0.985618,1
2ec04201-2016-4227-baf7-ba8289058203,3,33,0.753527,1
2ec04201-2016-4227-baf7-ba8289058203,3,34,0.080292,0
2ec04201-2016-4227-baf7-ba8289058203,3,35,0.013267,0
2ec04201-2016-4227-baf7-ba8289058203,3,36,0.013341,0
2ec04201-2016-4227-baf7-ba8289058203,3,37,0.033615,0
2ec04201-2016-4227-baf7-ba8289058203,3,38,0.102454,0
2ec04201-2016-4227-baf7-ba8289058203,3,39,0.056858,0
2ec04201-2016-4227-baf7-ba8289058203,3,40,0.025010,0
2ec04201-2016-4227-baf7-ba8289058203,3,41,0.028771,0
2ec04201-2016-4227-baf7-ba8289058203,3,42,0.024954,0
2ec04201-2016-4227-baf7-ba8289058203,3,43,0.017227,0
2ec04201-2016-4227-baf7-ba8289058203,3,44,0.024810,0
2ec04201-2016-4227-baf7-ba8289058203,3,45,0.033550,0
2ec04201-2016-4227-baf7-ba8289058203,3,46,0.124374,0
2ec04201-2016-4227-baf7-ba8289058203,3,47,0.019132,0
2ec04201-2016-4227-baf7-ba8289058203,3,48,0.050280,0
2ec04201-2016-4227-baf7-ba8289058203,3,49,0.076702,0
450755dd-30d3-478b-933e-917be5c384ba,1,0,0.066220,0
450755dd-30d3-478b-933e-917be5c384ba,1,1,0.030475,0
450755dd-30d3-478b-933e-917be5c384ba,1,2,0.042365,0
450755dd-30d3-478b-933e-917be5c384ba,1,3,0.017787,0
450755dd-30d3-478b-933e-917be5c384ba,1,4,0.050119,0
450755dd-30d3-478b-933e-917be5c384ba,1,5,0.197089,0
450755dd-30d3-478b-933e-917be5c384ba,1,6,0.056856,0
450755dd-30d3-478b-933e-917be5c384ba,2,0,0.016347,0
450755dd-30d3-478b-933e-917be5c384ba,2,1,0.016901,0
450755dd-30d3-478b-933e-917be5c384ba,2,2,0.016055,0
450755dd-30d3-478b-933e-917be5c384ba,2,3,0.013243,0
450755dd-30d3-478b-933e-917be5c384ba,2,4,0.018632,0
450755dd-30d3-478b-933e-917be5c384ba,2,5,0.016887,0
450755dd-30d3-478b-933e-917be5c384ba,2,6,0.015311,0
450755dd-30d3-478b-933e-917be5c384ba,2,7,0.018345,0
450755dd-30d3-478b-933e-917be5c384ba,2,8,0.016889,0
450755dd-30d3-478b-933e-917be5c384ba,2,9,0.028255,0
450755dd-30d3-478b-933e-917be5c384ba,2,10,0.014733,0
450755dd-30d3-478b-933e-917be5c384ba,2,11,0.019942,0
450755dd-30d3-478b-933e-917be5c384ba,2,12,0.054283,0
450755dd-30d3-478b-933e-917be5c384ba,2,13,0.019833,0
450755dd-30d3-478b-933e-917be5c384ba,2,14,0.989578,1
450755dd-30d3-478b-933e-917be5c384ba,2,15,0.310375,0
450755dd-30d3-478b-933e-917be5c384ba,2,16,0.013092,0
450755dd-30d3-478b-933e-917be5c384ba,2,17,0.018457,0
450755dd-30d3-478b-933e-917be5c384ba,2,18,0.018223,0
450755dd-30d3-478b-933e-917be5c384ba,2,19,0.016758,0
450755dd-30d3-478b-933e-917be5c384ba,3,0,0.483181,0
450755dd-30d3-478b-933e-917be5c384ba,3,1,0.133502,0
450755dd-30d3-478b-933e-917be5c384ba,3,2,0.019739,0
450755dd-30d3-478b-933e-917be5c384ba,3,3,0.023883,0
450755dd-30d3-478b-933e-917be5c384ba,3,4,0.029953,0
450755dd-30d3-478b-933e-917be5c384ba,3,5,0.306365,0
450755dd-30d3-478b-933e-917be5c384ba,3,6,0.017751,0
450755dd-30d3-478b-933e-917be5c384ba,3,7,0.907652,1
450755dd-30d3-478b-933e-917be5c384ba,3,8,0.988134,1
450755dd-30d3-478b-933e-917be5c384ba,3,9,0.088902,0
450755dd-30d3-478b-933e-917be5c384ba,3,10,0.081033,0
450755dd-30d3-478b-933e-917be5c384ba,3,11,0.974826,1
450755dd-30d3-478b-933e-917be5c384ba,3,12,0.018612,0
450755dd-30d3-478b-933e-917be5c384ba,3,13,0.143887,0
450755dd-30d3-478b-933e-917be5c384ba,3,14,0.816954,1
450755dd-30d3-478b-933e-917be5c384ba,3,15,0.040578,0
450755dd-30d3-478b-933e-917be5c384ba,3,16,0.068535,0
450755dd-30d3-478b-933e-917be5c384ba,3,17,0.027053,0
450755dd-30d3-478b-933e-917be5c384ba,3,18,0.016472,0
450755dd-30d3-478b-933e-917be5c384ba,3,19,0.982304,1
450755dd-30d3-478b-933e-917be5c384ba,3,20,0.017993,0
450755dd-30d3-478b-933e-917be5c384ba,3,21,0.187474,0
450755dd-30d3-478b-933e-917be5c384ba,3,22,0.623726,1
450755dd-30d3-478b-933e-917be5c384ba,3,23,0.347679,0
450755dd-30d3-478b-933e-917be5c384ba,3,24,0.026556,0
450755dd-30d3-478b-933e-917be5c384ba,3,25,0.016444,0
450755dd-30d3-478b-933e-917be5c384ba,3,26,0.028517,0
450755dd-30d3-478b-933e-917be5c384ba,3,27,0.675855,1
450755dd-30d3-478b-933e-917be5c384ba,3,28,0.049009,0
450755dd-30d3-478b-933e-917be5c384ba,3,29,0.958847,1
450755dd-30d3-478b-933e-917be5c384ba,3,30,0.183784,0
450755dd-30d3-478b-933e-917be5c384ba,3,31,0.014960,0
450755dd-30d3-478b-933e-917be5c384ba,3,32,0.177020,0
65cb14cb-2d27-41e5-a2be-6fd6314f4363,1,0,0.100729,0
65cb14cb-2d27-41e5-a2be-6fd6314f4363,1,1,0.219062,0
65cb14cb-2d27-41e5-a2be-6fd6314f4363,1,2,0.976728,1
65cb14cb-2d27-41e5-a2be-6fd6314f4363,1,3,0.019233,0
65cb14cb-2d27-41e5-a2be-6fd6314f4363,1,4,0.127139,0
65cb14cb-2d27-41e5-a2be-6fd6314f4363,1,5,0.016365,0
65cb14cb-2d27-41e5-a2be-6fd6314f4363,1,6,0.113268,0
65cb14cb-2d27-41e5-a2be-6fd6314f4363,1,7,0.506387,1
65cb14cb-2d27-41e5-a2be-6fd6314f4363,1,8,0.032165,0
65cb14cb-2d27-41e5-a2be-6fd6314f4363,1,9,0.020086,0
65cb14cb-2d27-41e5-a2be-6fd6314f4363,1,10,0.158631,0
65cb14cb-2d27-41e5-a2be-6fd6314f4363,1,11,0.020353,0
65cb14cb-2d27-41e5-a2be-6fd6314f4363,1,12,0.020629,0
65cb14cb-2d27-41e5-a2be-6fd6314f4363,1,13,0.829980,1
65cb14cb-2d27-41e5-a2be-6fd6314f4363,1,14,0.176767,0
65cb14cb-2d27-41e5-a2be-6fd6314f4363,1,15,0.056930,0
65cb14cb-2d27-41e5-a2be-6fd6314f4363,1,16,0.022845,0
65cb14cb-2d27-41e5-a2be-6fd6314f4363,1,17,0.019005,0
65cb14cb-2d27-41e5-a2be-6fd6314f4363,1,18,0.018322,0
65cb14cb-2d27-41e5-a2be-6fd6314f4363,1,19,0.016855,0
65cb14cb-2d27-41e5-a2be-6fd6314f4363,1,20,0.017881,0
65cb14cb-2d27-41e5-a2be-6fd6314f4363,1,21,0.012670,0
65cb14cb-2d27-41e5-a2be-6fd6314f4363,1,22,0.030346,0
65cb14cb-2d27-41e5-a2be-6fd6314f4363,1,23,0.891446,1
65cb14cb-2d27-41e5-a2be-6fd6314f4363,1,24,0.014749,0
65cb14cb-2d27-41e5-a2be-6fd6314f4363,1,25,0.019248,0
65cb14cb-2d27-41e5-a2be-6fd6314f4363,1,26,0.374204,0
65cb14cb-2d27-41e5-a2be-6fd6314f4363,1,27,0.337633,0
65cb14cb-2d27-41e5-a2be-6fd6314f4363,2,0,0.285917,0
65cb14cb-2d27-41e5-a2be-6fd6314f4363,2,1,0.035831,0
65cb14cb-2d27-41e5-a2be-6fd6314f4363,2,2,0.022778,0
65cb14cb-2d27-41e5-a2be-6fd6314f4363,2,3,0.089295,0
65cb14cb-2d27-41e5-a2be-6fd6314f4363,2,4,0.047495,0
65cb14cb-2d27-41e5-a2be-6fd6314f4363,2,5,0.985838,1
65cb14cb-2d27-41e5-a2be-6fd6314f4363,2,6,0.028860,0
65cb14cb-2d27-41e5-a2be-6fd6314f4363,2,7,0.586107,1
65cb14cb-2d27-41e5-a2be-6fd6314f4363,2,8,0.348700,0
65cb14cb-2d27-41e5-a2be-6fd6314f4363,2,9,0.479245,0
65cb14cb-2d27-41e5-a2be-6fd6314f4363,2,10,0.238912,0
65cb14cb-2d27-41e5-a2be-6fd6314f4363,2,11,0.123746,0
65cb14cb-2d27-41e5-a2be-6fd6314f4363,2,12,0.022357,0
65cb14cb-2d27-41e5-a2be-6fd6314f4363,2,13,0.176334,0
65cb14cb-2d27-41e5-a2be-6fd6314f4363,2,14,0.020956,0
65cb14cb-2d27-41e5-a2be-6fd6314f4363,2,15,0.034789,0
65cb14cb-2d27-41e5-a2be-6fd6314f4363,2,16,0.990708,1
65cb14cb-2d27-41e5-a2be-6fd6314f4363,2,17,0.959457,1
65cb14cb-2d27-41e5-a2be-6fd6314f4363,2,18,0.992215,1
65cb14cb-2d27-41e5-a2be-6fd6314f4363,2,19,0.034704,0
65cb14cb-2d27-41e5-a2be-6fd6314f4363,2,20,0.017961,0
65cb14cb-2d27-41e5-a2be-6fd6314f4363,2,21,0.855556,1
65cb14cb-2d27-41e5-a2be-6fd6314f4363,2,22,0.129198,0
65cb14cb-2d27-41e5-a2be-6fd6314f4363,2,23,0.016396,0
65cb14cb-2d27-41e5-a2be-6fd6314f4363,2,24,0.016185,0
65cb14cb-2d27-41e5-a2be-6fd6314f4363,2,25,0.066938,0
65cb14cb-2d27-41e5-a2be-6fd6314f4363,2,26,0.013114,0
65cb14cb-2d27-41e5-a2be-6fd6314f4363,2,27,0.465140,0
65cb14cb-2d27-41e5-a2be-6fd6314f4363,2,28,0.985160,1
65cb14cb-2d27-41e5-a2be-6fd6314f4363,2,29,0.022368,0
65cb14cb-2d27-41e5-a2be-6fd6314f4363,2,30,0.021250,0
65cb14cb-2d27-41e5-a2be-6fd6314f4363,3,0,0.992385,1
65cb14cb-2d27-41e5-a2be-6fd6314f4363,3,1,0.036018,0
65cb14cb-2d27-41e5-a2be-6fd6314f4363,3,2,0.040878,0
65cb14cb-2d27-41e5-a2be-6fd6314f4363,3,3,0.038873,0
65cb14cb-2d27-41e5-a2be-6fd6314f4363,3,4,0.232848,0
65cb14cb-2d27-41e5-a2be-6fd6314f4363,3,5,0.026944,0
65cb14cb-2d27-41e5-a2be-6fd6314f4363,3,6,0.972918,1
65cb14cb-2d27-41e5-a2be-6fd6314f4363,3,7,0.970103,1
65cb14cb-2d27-41e5-a2be-6fd6314f4363,3,8,0.484531,0
65cb14cb-2d27-41e5-a2be-6fd6314f4363,3,9,0.940527,1
65cb14cb-2d27-41e5-a2be-6fd6314f4363,3,10,0.205550,0
65cb14cb-2d27-41e5-a2be-6fd6314f4363,3,11,0.189352,0
65cb14cb-2d27-41e5-a2be-6fd6314f4363,3,12,0.066073,0
65cb14cb-2d27-41e5-a2be-6fd6314f4363,3,13,0.239328,0
65cb14cb-2d27-41e5-a2be-6fd6314f4363,3,14,0.036108,0
65cb14cb-2d27-41e5-a2be-6fd6314f4363,3,15,0.024294,0
65cb14cb-2d27-41e5-a2be-6fd6314f4363,3,16,0.017438,0
65cb14cb-2d27-41e5-a2be-6fd6314f4363,3,17,0.011057,0
65cb14cb-2d27-41e5-a2be-6fd6314f4363,3,18,0.022726,0
65cb14cb-2d27-41e5-a2be-6fd6314f4363,3,19,0.037674,0
65cb14cb-2d27-41e5-a2be-6fd6314f4363,3,20,0.013526,0
65cb14cb-2d27-41e5-a2be-6fd6314f4363,3,21,0.056765,0
65cb14cb-2d27-41e5-a2be-6fd6314f4363,3,22,0.036188,0
65cb14cb-2d27-41e5-a2be-6fd6314f4363,3,23,0.094888,0
65cb14cb-2d27-41e5-a2be-6fd6314f4363,3,24,0.032211,0
65cb14cb-2d27-41e5-a2be-6fd6314f4363,3,25,0.155014,0
8dc7ccfe-5cf0-482f-9101-a7c69881da4d,1,0,0.047004,0
8dc7ccfe-5cf0-482f-9101-a7c69881da4d,1,1,0.296417,0
8dc7ccfe-5cf0-482f-9101-a7c69881da4d,1,2,0.975665,1
8dc7ccfe-5cf0-482f-9101-a7c69881da4d,1,3,0.021523,0
8dc7ccfe-5cf0-482f-9101-a7c69881da4d,1,4,0.260228,0
8dc7ccfe-5cf0-482f-9101-a7c69881da4d,1,5,0.013866,0
8dc7ccfe-5cf0-482f-9101-a7c69881da4d,1,6,0.018439,0
8dc7ccfe-5cf0-482f-9101-a7c69881da4d,1,7,0.012792,0
8dc7ccfe-5cf0-482f-9101-a7c69881da4d,1,8,0.016194,0
8dc7ccfe-5cf0-482f-9101-a7c69881da4d,1,9,0.061139,0
8dc7ccfe-5cf0-482f-9101-a7c69881da4d,1,10,0.014009,0
8dc7ccfe-5cf0-482f-9101-a7c69881da4d,1,11,0.014875,0
8dc7ccfe-5cf0-482f-9101-a7c69881da4d,1,12,0.013617,0
8dc7ccfe-5cf0-482f-9101-a7c69881da4d,1,13,0.019413,0
8dc7ccfe-5cf0-482f-9101-a7c69881da4d,1,14,0.015188,0
8dc7ccfe-5cf0-482f-9101-a7c69881da4d,1,15,0.258386,0
8dc7ccfe-5cf0-482f-9101-a7c69881da4d,1,16,0.730798,1
8dc7ccfe-5cf0-482f-9101-a7c69881da4d,1,17,0.209989,0
8dc7ccfe-5cf0-482f-9101-a7c69881da4d,1,18,0.069386,0
8dc7ccfe-5cf0-482f-9101-a7c69881da4d,1,19,0.896214,1
8dc7ccfe-5cf0-482f-9101-a7c69881da4d,1,20,0.023365,0
8dc7ccfe-5cf0-482f-9101-a7c69881da4d,1,21,0.013300,0
8dc7ccfe-5cf0-482f-9101-a7c69881da4d,1,22,0.014370,0
8dc7ccfe-5cf0-482f-9101-a7c69881da4d,2,0,0.018360,0
8dc7ccfe-5cf0-482f-9101-a7c69881da4d,2,1,0.021187,0
8dc7ccfe-5cf0-482f-9101-a7c69881da4d,2,2,0.013782,0
8dc7ccfe-5cf0-482f-9101-a7c69881da4d,2,3,0.106566,0
8dc7ccfe-5cf0-482f-9101-a7c69881da4d,2,4,0.022455,0
8dc7ccfe-5cf0-482f-9101-a7c69881da4d,2,5,0.013963,0
8dc7ccfe-5cf0-482f-9101-a7c69881da4d,2,6,0.041732,0
8dc7ccfe-5cf0-482f-9101-a7c69881da4d,2,7,0.018366,0
8dc7ccfe-5cf0-482f-9101-a7c69881da4d,2,8,0.023299,0
8dc7ccfe-5cf0-482f-9101-a7c69881da4d,2,9,0.032366,0
8dc7ccfe-5cf0-482f-9101-a7c69881da4d,2,10,0.015730,0
8dc7ccfe-5cf0-482f-9101-a7c69881da4d,2,11,0.012407,0
8dc7ccfe-5cf0-482f-9101-a7c69881da4d,2,12,0.014395,0
8dc7ccfe-5cf0-482f-9101-a7c69881da4d,2,13,0.889383,1
8dc7ccfe-5cf0-482f-9101-a7c69881da4d,2,14,0.521160,1
8dc7ccfe-5cf0-482f-9101-a7c69881da4d,3,0,0.017388,0
8dc7ccfe-5cf0-482f-9101-a7c69881da4d,3,1,0.014886,0
8dc7ccfe-5cf0-482f-9101-a7c69881da4d,3,2,0.020621,0
8dc7ccfe-5cf0-482f-9101-a7c69881da4d,3,3,0.024727,0
8dc7ccfe-5cf0-482f-9101-a7c69881da4d,3,4,0.011699,0
8dc7ccfe-5cf0-482f-9101-a7c69881da4d,3,5,0.070635,0
8dc7ccfe-5cf0-482f-9101-a7c69881da4d,3,6,0.013931,0
8dc7ccfe-5cf0-482f-9101-a7c69881da4d,3,7,0.012989,0
8dc7ccfe-5cf0-482f-9101-a7c69881da4d,3,8,0.628208,1
8dc7ccfe-5cf0-482f-9101-a7c69881da4d,3,9,0.585995,1
8dc7ccfe-5cf0-482f-9101-a7c69881da4d,3,10,0.045269,0
8dc7ccfe-5cf0-482f-9101-a7c69881da4d,3,11,0.018224,0
8dc7ccfe-5cf0-482f-9101-a7c69881da4d,3,12,0.017606,0
8dc7ccfe-5cf0-482f-9101-a7c69881da4d,3,13,0.036507,0
8dc7ccfe-5cf0-482f-9101-a7c69881da4d,3,14,0.013858,0
8dc7ccfe-5cf0-482f-9101-a7c69881da4d,3,15,0.014243,0
b4dbeda7-a1f3-4711-ae77-db23809d1ed2,1,0,0.961013,1
b4dbeda7-a1f3-4711-ae77-db23809d1ed2,1,1,0.142236,0
b4dbeda7-a1f3-4711-ae77-db23809d1ed2,1,2,0.014533,0
b4dbeda7-a1f3-4711-ae77-db23809d1ed2,1,3,0.014525,0
b4dbeda7-a1f3-4711-ae77-db23809d1ed2,1,4,0.015324,0
b4dbeda7-a1f3-4711-ae77-db23809d1ed2,1,5,0.013854,0
b4dbeda7-a1f3-4711-ae77-db23809d1ed2,1,6,0.535495,1
b4dbeda7-a1f3-4711-ae77-db23809d1ed2,1,7,0.797457,1
b4dbeda7-a1f3-4711-ae77-db23809d1ed2,1,8,0.811416,1
b4dbeda7-a1f3-4711-ae77-db23809d1ed2,1,9,0.028803,0
b4dbeda7-a1f3-4711-ae77-db23809d1ed2,1,10,0.037391,0
b4dbeda7-a1f3-4711-ae77-db23809d1ed2,1,11,0.027310,0
b4dbeda7-a1f3-4711-ae77-db23809d1ed2,1,12,0.023054,0
b4dbeda7-a1f3-4711-ae77-db23809d1ed2,1,13,0.047437,0
b4dbeda7-a1f3-4711-ae77-db23809d1ed2,1,14,0.070483,0
b4dbeda7-a1f3-4711-ae77-db23809d1ed2,1,15,0.769585,1
b4dbeda7-a1f3-4711-ae77-db23809d1ed2,1,16,0.951947,1
b4dbeda7-a1f3-4711-ae77-db23809d1ed2,2,0,0.018654,0
b4dbeda7-a1f3-4711-ae77-db23809d1ed2,2,1,0.294591,0
b4dbeda7-a1f3-4711-ae77-db23809d1ed2,2,2,0.976670,1
b4dbeda7-a1f3-4711-ae77-db23809d1ed2,2,3,0.074714,0
b4dbeda7-a1f3-4711-ae77-db23809d1ed2,2,4,0.114730,0
b4dbeda7-a1f3-4711-ae77-db23809d1ed2,2,5,0.932554,1
b4dbeda7-a1f3-4711-ae77-db23809d1ed2,2,6,0.147296,0
b4dbeda7-a1f3-4711-ae77-db23809d1ed2,2,7,0.048850,0
b4dbeda7-a1f3-4711-ae77-db23809d1ed2,2,8,0.098352,0
b4dbeda7-a1f3-4711-ae77-db23809d1ed2,2,9,0.040967,0
b4dbeda7-a1f3-4711-ae77-db23809d1ed2,2,10,0.032275,0
b4dbeda7-a1f3-4711-ae77-db23809d1ed2,2,11,0.014734,0
b4dbeda7-a1f3-4711-ae77-db23809d1ed2,2,12,0.289891,0
b4dbeda7-a1f3-4711-ae77-db23809d1ed2,2,13,0.013565,0
b4dbeda7-a1f3-4711-ae77-db23809d1ed2,2,14,0.019212,0
b4dbeda7-a1f3-4711-ae77-db23809d1ed2,2,15,0.027772,0
b4dbeda7-a1f3-4711-ae77-db23809d1ed2,2,16,0.012549,0
b4dbeda7-a1f3-4711-ae77-db23809d1ed2,2,17,0.027582,0
b4dbeda7-a1f3-4711-ae77-db23809d1ed2,2,18,0.059789,0
b4dbeda7-a1f3-4711-ae77-db23809d1ed2,2,19,0.041396,0
b4dbeda7-a1f3-4711-ae77-db23809d1ed2,2,20,0.024489,0
b4dbeda7-a1f3-4711-ae77-db23809d1ed2,2,21,0.016728,0
b4dbeda7-a1f3-4711-ae77-db23809d1ed2,2,22,0.239007,0
b4dbeda7-a1f3-4711-ae77-db23809d1ed2,3,0,0.977344,1
b4dbeda7-a1f3-4711-ae77-db23809d1ed2,3,1,0.750908,1
b4dbeda7-a1f3-4711-ae77-db23809d1ed2,3,2,0.037562,0
b4dbeda7-a1f3-4711-ae77-db23809d1ed2,3,3,0.061087,0
b4dbeda7-a1f3-4711-ae77-db23809d1ed2,3,4,0.048477,0
b4dbeda7-a1f3-4711-ae77-db23809d1ed2,3,5,0.932554,1
b4dbeda7-a1f3-4711-ae77-db23809d1ed2,3,6,0.168830,0
b4dbeda7-a1f3-4711-ae77-db23809d1ed2,3,7,0.057790,0
b4dbeda7-a1f3-4711-ae77-db23809d1ed2,3,8,0.982653,1
b4dbeda7-a1f3-4711-ae77-db23809d1ed2,3,9,0.084587,0
b4dbeda7-a1f3-4711-ae77-db23809d1ed2,3,10,0.023510,0
b4dbeda7-a1f3-4711-ae77-db23809d1ed2,3,11,0.012870,0
b4dbeda7-a1f3-4711-ae77-db23809d1ed2,3,12,0.011010,0
b5eefefb-2a33-45de-abe1-f855c94165f4,1,0,0.990947,1
b5eefefb-2a33-45de-abe1-f855c94165f4,1,1,0.966488,1
b5eefefb-2a33-45de-abe1-f855c94165f4,1,2,0.992220,1
b5eefefb-2a33-45de-abe1-f855c94165f4,1,3,0.053515,0
b5eefefb-2a33-45de-abe1-f855c94165f4,1,4,0.477506,0
b5eefefb-2a33-45de-abe1-f855c94165f4,1,5,0.227207,0
b5eefefb-2a33-45de-abe1-f855c94165f4,1,6,0.944250,1
b5eefefb-2a33-45de-abe1-f855c94165f4,1,7,0.984816,1
b5eefefb-2a33-45de-abe1-f855c94165f4,1,8,0.020515,0
b5eefefb-2a33-45de-abe1-f855c94165f4,1,9,0.118747,0
b5eefefb-2a33-45de-abe1-f855c94165f4,1,10,0.014869,0
b5eefefb-2a33-45de-abe1-f855c94165f4,1,11,0.734351,1
b5eefefb-2a33-45de-abe1-f855c94165f4,1,12,0.577506,1
b5eefefb-2a33-45de-abe1-f855c94165f4,1,13,0.020039,0
b5eefefb-2a33-45de-abe1-f855c94165f4,1,14,0.027826,0
b5eefefb-2a33-45de-abe1-f855c94165f4,1,15,0.048824,0
b5eefefb-2a33-45de-abe1-f855c94165f4,1,16,0.424362,0
b5eefefb-2a33-45de-abe1-f855c94165f4,1,17,0.015044,0
b5eefefb-2a33-45de-abe1-f855c94165f4,1,18,0.167849,0
b5eefefb-2a33-45de-abe1-f855c94165f4,1,19,0.476364,0
b5eefefb-2a33-45de-abe1-f855c94165f4,1,20,0.344836,0
b5eefefb-2a33-45de-abe1-f855c94165f4,1,21,0.041200,0
b5eefefb-2a33-45de-abe1-f855c94165f4,1,22,0.031951,0
b5eefefb-2a33-45de-abe1-f855c94165f4,1,23,0.396513,0
b5eefefb-2a33-45de-abe1-f855c94165f4,1,24,0.166760,0
b5eefefb-2a33-45de-abe1-f855c94165f4,1,25,0.020238,0
b5eefefb-2a33-45de-abe1-f855c94165f4,1,26,0.809130,1
b5eefefb-2a33-45de-abe1-f855c94165f4,1,27,0.047440,0
b5eefefb-2a33-45de-abe1-f855c94165f4,1,28,0.064145,0
b5eefefb-2a33-45de-abe1-f855c94165f4,1,29,0.023465,0
b5eefefb-2a33-45de-abe1-f855c94165f4,1,30,0.024850,0
b5eefefb-2a33-45de-abe1-f855c94165f4,1,31,0.074335,0
b5eefefb-2a33-45de-abe1-f855c94165f4,1,32,0.443447,0
b5eefefb-2a33-45de-abe1-f855c94165f4,1,33,0.026570,0
b5eefefb-2a33-45de-abe1-f855c94165f4,1,34,0.045613,0
b5eefefb-2a33-45de-abe1-f855c94165f4,1,35,0.078626,0
b5eefefb-2a33-45de-abe1-f855c94165f4,1,36,0.175498,0
b5eefefb-2a33-45de-abe1-f855c94165f4,1,37,0.689142,1
b5eefefb-2a33-45de-abe1-f855c94165f4,1,38,0.028325,0
b5eefefb-2a33-45de-abe1-f855c94165f4,1,39,0.892241,1
b5eefefb-2a33-45de-abe1-f855c94165f4,1,40,0.026182,0
b5eefefb-2a33-45de-abe1-f855c94165f4,1,41,0.690363,1
b5eefefb-2a33-45de-abe1-f855c94165f4,1,42,0.129049,0
b5eefefb-2a33-45de-abe1-f855c94165f4,1,43,0.017543,0
b5eefefb-2a33-45de-abe1-f855c94165f4,1,44,0.047659,0
b5eefefb-2a33-45de-abe1-f855c94165f4,1,45,0.025572,0
b5eefefb-2a33-45de-abe1-f855c94165f4,1,46,0.017125,0
b5eefefb-2a33-45de-abe1-f855c94165f4,1,47,0.869471,1
b5eefefb-2a33-45de-abe1-f855c94165f4,1,48,0.019930,0
b5eefefb-2a33-45de-abe1-f855c94165f4,1,49,0.024737,0
b5eefefb-2a33-45de-abe1-f855c94165f4,2,0,0.249424,0
b5eefefb-2a33-45de-abe1-f855c94165f4,2,1,0.962560,1
b5eefefb-2a33-45de-abe1-f855c94165f4,2,2,0.024560,0
b5eefefb-2a33-45de-abe1-f855c94165f4,2,3,0.014233,0
b5eefefb-2a33-45de-abe1-f855c94165f4,2,4,0.982093,1
b5eefefb-2a33-45de-abe1-f855c94165f4,2,5,0.927957,1
b5eefefb-2a33-45de-abe1-f855c94165f4,2,6,0.022421,0
b5eefefb-2a33-45de-abe1-f855c94165f4,2,7,0.314135,0
b5eefefb-2a33-45de-abe1-f855c94165f4,2,8,0.019052,0
b5eefefb-2a33-45de-abe1-f855c94165f4,2,9,0.986606,1
b5eefefb-2a33-45de-abe1-f855c94165f4,2,10,0.846870,1
b5eefefb-2a33-45de-abe1-f855c94165f4,2,11,0.016599,0
b5eefefb-2a33-45de-abe1-f855c94165f4,2,12,0.024018,0
b5eefefb-2a33-45de-abe1-f855c94165f4,2,13,0.038034,0
b5eefefb-2a33-45de-abe1-f855c94165f4,2,14,0.048056,0
b5eefefb-2a33-45de-abe1-f855c94165f4,2,15,0.972148,1
b5eefefb-2a33-45de-abe1-f855c94165f4,2,16,0.984453,1
b5eefefb-2a33-45de-abe1-f855c94165f4,2,17,0.508163,1
b5eefefb-2a33-45de-abe1-f855c94165f4,2,18,0.090060,0
b5eefefb-2a33-45de-abe1-f855c94165f4,2,19,0.033962,0
b5eefefb-2a33-45de-abe1-f855c94165f4,2,20,0.769989,1
b5eefefb-2a33-45de-abe1-f855c94165f4,2,21,0.048221,0
b5eefefb-2a33-45de-abe1-f855c94165f4,2,22,0.576603,1
b5eefefb-2a33-45de-abe1-f855c94165f4,2,23,0.064352,0
b5eefefb-2a33-45de-abe1-f855c94165f4,2,24,0.020030,0
b5eefefb-2a33-45de-abe1-f855c94165f4,2,25,0.576512,1
b5eefefb-2a33-45de-abe1-f855c94165f4,2,26,0.091349,0
b5eefefb-2a33-45de-abe1-f855c94165f4,2,27,0.190033,0
b5eefefb-2a33-45de-abe1-f855c94165f4,2,28,0.015721,0
b5eefefb-2a33-45de-abe1-f855c94165f4,2,29,0.952757,1
b5eefefb-2a33-45de-abe1-f855c94165f4,2,30,0.993682,1
b5eefefb-2a33-45de-abe1-f855c94165f4,2,31,0.965981,1
b5eefefb-2a33-45de-abe1-f855c94165f4,2,32,0.087939,0
b5eefefb-2a33-45de-abe1-f855c94165f4,2,33,0.163552,0
b5eefefb-2a33-45de-abe1-f855c94165f4,2,34,0.032670,0
b5eefefb-2a33-45de-abe1-f855c94165f4,2,35,0.960114,1
b5eefefb-2a33-45de-abe1-f855c94165f4,2,36,0.826144,1
b5eefefb-2a33-45de-abe1-f855c94165f4,2,37,0.043128,0
b5eefefb-2a33-45de-abe1-f855c94165f4,2,38,0.963876,1
b5eefefb-2a33-45de-abe1-f855c94165f4,2,39,0.017154,0
b5eefefb-2a33-45de-abe1-f855c94165f4,2,40,0.018326,0
b5eefefb-2a33-45de-abe1-f855c94165f4,2,41,0.980180,1
b5eefefb-2a33-45de-abe1-f855c94165f4,2,42,0.044872,0
b5eefefb-2a33-45de-abe1-f855c94165f4,2,43,0.076955,0
b5eefefb-2a33-45de-abe1-f855c94165f4,2,44,0.113642,0
b5eefefb-2a33-45de-abe1-f855c94165f4,2,45,0.985081,1
b5eefefb-2a33-45de-abe1-f855c94165f4,2,46,0.912915,1
b5eefefb-2a33-45de-abe1-f855c94165f4,2,47,0.159647,0
b5eefefb-2a33-45de-abe1-f855c94165f4,2,48,0.977245,1
b5eefefb-2a33-45de-abe1-f855c94165f4,2,49,0.978507,1
b5eefefb-2a33-45de-abe1-f855c94165f4,2,50,0.022067,0
b5eefefb-2a33-45de-abe1-f855c94165f4,2,51,0.053541,0
b5eefefb-2a33-45de-abe1-f855c94165f4,2,52,0.879035,1
b5eefefb-2a33-45de-abe1-f855c94165f4,2,53,0.991222,1
b5eefefb-2a33-45de-abe1-f855c94165f4,2,54,0.190111,0
b5eefefb-2a33-45de-abe1-f855c94165f4,2,55,0.017352,0
b5eefefb-2a33-45de-abe1-f855c94165f4,2,56,0.886895,1
b5eefefb-2a33-45de-abe1-f855c94165f4,2,57,0.070400,0
b5eefefb-2a33-45de-abe1-f855c94165f4,2,58,0.981939,1
b5eefefb-2a33-45de-abe1-f855c94165f4,2,59,0.023381,0
b5eefefb-2a33-45de-abe1-f855c94165f4,2,60,0.011909,0
b5eefefb-2a33-45de-abe1-f855c94165f4,2,61,0.809161,1
b5eefefb-2a33-45de-abe1-f855c94165f4,3,0,0.047873,0
b5eefefb-2a33-45de-abe1-f855c94165f4,3,1,0.020682,0
b5eefefb-2a33-45de-abe1-f855c94165f4,3,2,0.991985,1
b5eefefb-2a33-45de-abe1-f855c94165f4,3,3,0.970590,1
b5eefefb-2a33-45de-abe1-f855c94165f4,3,4,0.536196,1
b5eefefb-2a33-45de-abe1-f855c94165f4,3,5,0.765709,1
b5eefefb-2a33-45de-abe1-f855c94165f4,3,6,0.955935,1
b5eefefb-2a33-45de-abe1-f855c94165f4,3,7,0.842507,1
b5eefefb-2a33-45de-abe1-f855c94165f4,3,8,0.978921,1
b5eefefb-2a33-45de-abe1-f855c94165f4,3,9,0.986852,1
b5eefefb-2a33-45de-abe1-f855c94165f4,3,10,0.058826,0
b5eefefb-2a33-45de-abe1-f855c94165f4,3,11,0.983437,1
b5eefefb-2a33-45de-abe1-f855c94165f4,3,12,0.965835,1
b5eefefb-2a33-45de-abe1-f855c94165f4,3,13,0.476739,0
b5eefefb-2a33-45de-abe1-f855c94165f4,3,14,0.993971,1
b5eefefb-2a33-45de-abe1-f855c94165f4,3,15,0.991869,1
b5eefefb-2a33-45de-abe1-f855c94165f4,3,16,0.988681,1
b5eefefb-2a33-45de-abe1-f855c94165f4,3,17,0.027820,0
b5eefefb-2a33-45de-abe1-f855c94165f4,3,18,0.017831,0
b5eefefb-2a33-45de-abe1-f855c94165f4,3,19,0.114962,0
b5eefefb-2a33-45de-abe1-f855c94165f4,3,20,0.977911,1
b5eefefb-2a33-45de-abe1-f855c94165f4,3,21,0.350009,0
b5eefefb-2a33-45de-abe1-f855c94165f4,3,22,0.146368,0
b5eefefb-2a33-45de-abe1-f855c94165f4,3,23,0.172351,0
b5eefefb-2a33-45de-abe1-f855c94165f4,3,24,0.178768,0
b5eefefb-2a33-45de-abe1-f855c94165f4,3,25,0.971611,1
b5eefefb-2a33-45de-abe1-f855c94165f4,3,26,0.417927,0
b5eefefb-2a33-45de-abe1-f855c94165f4,3,27,0.043382,0
b5eefefb-2a33-45de-abe1-f855c94165f4,3,28,0.749158,1
cad4bba5-cf97-45cb-8059-ebeb47dcec7a,1,0,0.030840,0
cad4bba5-cf97-45cb-8059-ebeb47dcec7a,1,1,0.398031,0
cad4bba5-cf97-45cb-8059-ebeb47dcec7a,1,2,0.981169,1
cad4bba5-cf97-45cb-8059-ebeb47dcec7a,1,3,0.017976,0
cad4bba5-cf97-45cb-8059-ebeb47dcec7a,1,4,0.019210,0
cad4bba5-cf97-45cb-8059-ebeb47dcec7a,1,5,0.027316,0
cad4bba5-cf97-45cb-8059-ebeb47dcec7a,1,6,0.025777,0
cad4bba5-cf97-45cb-8059-ebeb47dcec7a,1,7,0.014817,0
cad4bba5-cf97-45cb-8059-ebeb47dcec7a,1,8,0.017523,0
cad4bba5-cf97-45cb-8059-ebeb47dcec7a,1,9,0.014796,0
cad4bba5-cf97-45cb-8059-ebeb47dcec7a,1,10,0.012956,0
cad4bba5-cf97-45cb-8059-ebeb47dcec7a,1,11,0.014846,0
cad4bba5-cf97-45cb-8059-ebeb47dcec7a,1,12,0.015792,0
cad4bba5-cf97-45cb-8059-ebeb47dcec7a,1,13,0.226422,0
cad4bba5-cf97-45cb-8059-ebeb47dcec7a,1,14,0.250880,0
cad4bba5-cf97-45cb-8059-ebeb47dcec7a,1,15,0.455534,0
cad4bba5-cf97-45cb-8059-ebeb47dcec7a,1,16,0.650890,1
cad4bba5-cf97-45cb-8059-ebeb47dcec7a,1,17,0.024460,0
cad4bba5-cf97-45cb-8059-ebeb47dcec7a,1,18,0.021169,0
cad4bba5-cf97-45cb-8059-ebeb47dcec7a,1,19,0.173945,0
cad4bba5-cf97-45cb-8059-ebeb47dcec7a,1,20,0.015111,0
cad4bba5-cf97-45cb-8059-ebeb47dcec7a,1,21,0.090411,0
cad4bba5-cf97-45cb-8059-ebeb47dcec7a,1,22,0.025480,0
cad4bba5-cf97-45cb-8059-ebeb47dcec7a,2,0,0.099677,0
cad4bba5-cf97-45cb-8059-ebeb47dcec7a,2,1,0.016342,0
cad4bba5-cf97-45cb-8059-ebeb47dcec7a,2,2,0.676173,1
cad4bba5-cf97-45cb-8059-ebeb47dcec7a,2,3,0.015501,0
cad4bba5-cf97-45cb-8059-ebeb47dcec7a,2,4,0.016806,0
cad4bba5-cf97-45cb-8059-ebeb47dcec7a,2,5,0.042437,0
cad4bba5-cf97-45cb-8059-ebeb47dcec7a,2,6,0.035103,0
cad4bba5-cf97-45cb-8059-ebeb47dcec7a,2,7,0.015504,0
cad4bba5-cf97-45cb-8059-ebeb47dcec7a,2,8,0.026148,0
cad4bba5-cf97-45cb-8059-ebeb47dcec7a,2,9,0.057636,0
cad4bba5-cf97-45cb-8059-ebeb47dcec7a,2,10,0.024649,0
cad4bba5-cf97-45cb-8059-ebeb47dcec7a,2,11,0.096084,0
cad4bba5-cf97-45cb-8059-ebeb47dcec7a,2,12,0.022035,0
cad4bba5-cf97-45cb-8059-ebeb47dcec7a,2,13,0.015498,0
cad4bba5-cf97-45cb-8059-ebeb47dcec7a,2,14,0.031771,0
cad4bba5-cf97-45cb-8059-ebeb47dcec7a,2,15,0.556257,1
cad4bba5-cf97-45cb-8059-ebeb47dcec7a,2,16,0.048038,0
cad4bba5-cf97-45cb-8059-ebeb47dcec7a,2,17,0.152408,0
cad4bba5-cf97-45cb-8059-ebeb47dcec7a,2,18,0.892855,1
cad4bba5-cf97-45cb-8059-ebeb47dcec7a,2,19,0.048278,0
cad4bba5-cf97-45cb-8059-ebeb47dcec7a,2,20,0.014157,0
cad4bba5-cf97-45cb-8059-ebeb47dcec7a,2,21,0.011953,0
cad4bba5-cf97-45cb-8059-ebeb47dcec7a,2,22,0.014629,0
cad4bba5-cf97-45cb-8059-ebeb47dcec7a,2,23,0.018511,0
cad4bba5-cf97-45cb-8059-ebeb47dcec7a,2,24,0.034179,0
cad4bba5-cf97-45cb-8059-ebeb47dcec7a,3,0,0.034401,0
cad4bba5-cf97-45cb-8059-ebeb47dcec7a,3,1,0.017573,0
cad4bba5-cf97-45cb-8059-ebeb47dcec7a,3,2,0.960239,1
cad4bba5-cf97-45cb-8059-ebeb47dcec7a,3,3,0.027545,0
cad4bba5-cf97-45cb-8059-ebeb47dcec7a,3,4,0.020191,0
cad4bba5-cf97-45cb-8059-ebeb47dcec7a,3,5,0.023207,0
cad4bba5-cf97-45cb-8059-ebeb47dcec7a,3,6,0.012575,0
cad4bba5-cf97-45cb-8059-ebeb47dcec7a,3,7,0.709068,1
cad4bba5-cf97-45cb-8059-ebeb47dcec7a,3,8,0.014504,0
cad4bba5-cf97-45cb-8059-ebeb47dcec7a,3,9,0.051797,0
cad4bba5-cf97-45cb-8059-ebeb47dcec7a,3,10,0.067089,0
cad4bba5-cf97-45cb-8059-ebeb47dcec7a,3,11,0.831071,1
cad4bba5-cf97-45cb-8059-ebeb47dcec7a,3,12,0.158242,0
cad4bba5-cf97-45cb-8059-ebeb47dcec7a,3,13,0.510551,1
cad4bba5-cf97-45cb-8059-ebeb47dcec7a,3,14,0.042479,0
cad4bba5-cf97-45cb-8059-ebeb47dcec7a,3,15,0.061192,0
cad4bba5-cf97-45cb-8059-ebeb47dcec7a,3,16,0.026458,0
cad4bba5-cf97-45cb-8059-ebeb47dcec7a,3,17,0.077963,0
cad4bba5-cf97-45cb-8059-ebeb47dcec7a,3,18,0.057167,0
cad4bba5-cf97-45cb-8059-ebeb47dcec7a,3,19,0.052377,0
cad4bba5-cf97-45cb-8059-ebeb47dcec7a,3,20,0.020427,0
cad4bba5-cf97-45cb-8059-ebeb47dcec7a,3,21,0.965295,1
cad4bba5-cf97-45cb-8059-ebeb47dcec7a,3,22,0.253025,0
cad4bba5-cf97-45cb-8059-ebeb47dcec7a,3,23,0.024192,0
cad4bba5-cf97-45cb-8059-ebeb47dcec7a,3,24,0.065247,0
cad4bba5-cf97-45cb-8059-ebeb47dcec7a,3,25,0.095381,0
cad4bba5-cf97-45cb-8059-ebeb47dcec7a,3,26,0.876792,1
cad4bba5-cf97-45cb-8059-ebeb47dcec7a,3,27,0.027549,0
cad4bba5-cf97-45cb-8059-ebeb47dcec7a,3,28,0.014419,0
cad4bba5-cf97-45cb-8059-ebeb47dcec7a,3,29,0.018557,0
cad4bba5-cf97-45cb-8059-ebeb47dcec7a,3,30,0.205788,0
f11c2566-848a-4e29-b8c5-4de0a81114e4,1,0,0.311208,0
f11c2566-848a-4e29-b8c5-4de0a81114e4,1,1,0.042147,0
f11c2566-848a-4e29-b8c5-4de0a81114e4,1,2,0.021242,0
f11c2566-848a-4e29-b8c5-4de0a81114e4,1,3,0.027588,0
f11c2566-848a-4e29-b8c5-4de0a81114e4,1,4,0.020230,0
f11c2566-848a-4e29-b8c5-4de0a81114e4,1,5,0.034385,0
f11c2566-848a-4e29-b8c5-4de0a81114e4,1,6,0.013691,0
f11c2566-848a-4e29-b8c5-4de0a81114e4,1,7,0.044811,0
f11c2566-848a-4e29-b8c5-4de0a81114e4,1,8,0.015928,0
f11c2566-848a-4e29-b8c5-4de0a81114e4,1,9,0.037365,0
f11c2566-848a-4e29-b8c5-4de0a81114e4,1,10,0.098759,0
f11c2566-848a-4e29-b8c5-4de0a81114e4,1,11,0.015402,0
f11c2566-848a-4e29-b8c5-4de0a81114e4,1,12,0.022690,0
f11c2566-848a-4e29-b8c5-4de0a81114e4,2,0,0.053298,0
f11c2566-848a-4e29-b8c5-4de0a81114e4,2,1,0.032270,0
f11c2566-848a-4e29-b8c5-4de0a81114e4,2,2,0.046792,0
f11c2566-848a-4e29-b8c5-4de0a81114e4,2,3,0.019975,0
f11c2566-848a-4e29-b8c5-4de0a81114e4,2,4,0.018023,0
f11c2566-848a-4e29-b8c5-4de0a81114e4,2,5,0.034555,0
f11c2566-848a-4e29-b8c5-4de0a81114e4,2,6,0.032267,0
f11c2566-848a-4e29-b8c5-4de0a81114e4,2,7,0.782566,1
f11c2566-848a-4e29-b8c5-4de0a81114e4,2,8,0.128834,0
f11c2566-848a-4e29-b8c5-4de0a81114e4,2,9,0.955473,1
f11c2566-848a-4e29-b8c5-4de0a81114e4,2,10,0.051619,0
f11c2566-848a-4e29-b8c5-4de0a81114e4,2,11,0.119629,0
f11c2566-848a-4e29-b8c5-4de0a81114e4,3,0,0.377618,0
f11c2566-848a-4e29-b8c5-4de0a81114e4,3,1,0.013327,0
f11c2566-848a-4e29-b8c5-4de0a81114e4,3,2,0.022276,0
f11c2566-848a-4e29-b8c5-4de0a81114e4,3,3,0.024948,0
f11c2566-848a-4e29-b8c5-4de0a81114e4,3,4,0.065389,0
f11c2566-848a-4e29-b8c5-4de0a81114e4,3,5,0.078882,0
f11c2566-848a-4e29-b8c5-4de0a81114e4,3,6,0.094974,0
f11c2566-848a-4e29-b8c5-4de0a81114e4,3,7,0.981232,1
f11c2566-848a-4e29-b8c5-4de0a81114e4,3,8,0.674298,1
f11c2566-848a-4e29-b8c5-4de0a81114e4,3,9,0.143438,0
f11c2566-848a-4e29-b8c5-4de0a81114e4,3,10,0.059506,0
f11c2566-848a-4e29-b8c5-4de0a81114e4,3,11,0.014644,0
f11c2566-848a-4e29-b8c5-4de0a81114e4,3,12,0.019210,0
f11c2566-848a-4e29-b8c5-4de0a81114e4,3,13,0.062320,0
f11c2566-848a-4e29-b8c5-4de0a81114e4,3,14,0.060998,0
f11c2566-848a-4e29-b8c5-4de0a81114e4,3,15,0.016453,0
11c9f251-35c8-4452-b052-df9be61464c6,1,0,0.046662,0
11c9f251-35c8-4452-b052-df9be61464c6,1,1,0.029874,0
11c9f251-35c8-4452-b052-df9be61464c6,1,2,0.019128,0
11c9f251-35c8-4452-b052-df9be61464c6,1,3,0.013988,0
11c9f251-35c8-4452-b052-df9be61464c6,1,4,0.019647,0
11c9f251-35c8-4452-b052-df9be61464c6,1,5,0.024015,0
11c9f251-35c8-4452-b052-df9be61464c6,1,6,0.042906,0
11c9f251-35c8-4452-b052-df9be61464c6,1,7,0.105320,0
11c9f251-35c8-4452-b052-df9be61464c6,1,8,0.179520,0
11c9f251-35c8-4452-b052-df9be61464c6,1,9,0.016247,0
11c9f251-35c8-4452-b052-df9be61464c6,1,10,0.031175,0
11c9f251-35c8-4452-b052-df9be61464c6,1,11,0.015561,0
11c9f251-35c8-4452-b052-df9be61464c6,1,12,0.022599,0
11c9f251-35c8-4452-b052-df9be61464c6,1,13,0.039401,0
11c9f251-35c8-4452-b052-df9be61464c6,1,14,0.047689,0
11c9f251-35c8-4452-b052-df9be61464c6,1,15,0.933160,1
11c9f251-35c8-4452-b052-df9be61464c6,1,16,0.029958,0
11c9f251-35c8-4452-b052-df9be61464c6,2,0,0.903808,1
11c9f251-35c8-4452-b052-df9be61464c6,2,1,0.469364,0
11c9f251-35c8-4452-b052-df9be61464c6,2,2,0.115627,0
11c9f251-35c8-4452-b052-df9be61464c6,2,3,0.078925,0
11c9f251-35c8-4452-b052-df9be61464c6,2,4,0.059391,0
11c9f251-35c8-4452-b052-df9be61464c6,2,5,0.036117,0
11c9f251-35c8-4452-b052-df9be61464c6,2,6,0.172802,0
11c9f251-35c8-4452-b052-df9be61464c6,2,7,0.042906,0
11c9f251-35c8-4452-b052-df9be61464c6,2,8,0.102087,0
11c9f251-35c8-4452-b052-df9be61464c6,2,9,0.060249,0
11c9f251-35c8-4452-b052-df9be61464c6,2,10,0.017236,0
11c9f251-35c8-4452-b052-df9be61464c6,2,11,0.024904,0
11c9f251-35c8-4452-b052-df9be61464c6,2,12,0.064326,0
11c9f251-35c8-4452-b052-df9be61464c6,3,0,0.013088,0
11c9f251-35c8-4452-b052-df9be61464c6,3,1,0.033964,0
11c9f251-35c8-4452-b052-df9be61464c6,3,2,0.067060,0
11c9f251-35c8-4452-b052-df9be61464c6,3,3,0.018051,0
11c9f251-35c8-4452-b052-df9be61464c6,3,4,0.045463,0
11c9f251-35c8-4452-b052-df9be61464c6,3,5,0.025934,0
11c9f251-35c8-4452-b052-df9be61464c6,3,6,0.012722,0
11c9f251-35c8-4452-b052-df9be61464c6,3,7,0.081410,0
11c9f251-35c8-4452-b052-df9be61464c6,3,8,0.035519,0
11c9f251-35c8-4452-b052-df9be61464c6,3,9,0.024263,0
11c9f251-35c8-4452-b052-df9be61464c6,3,10,0.105154,0
11c9f251-35c8-4452-b052-df9be61464c6,3,11,0.017148,0
11c9f251-35c8-4452-b052-df9be61464c6,3,12,0.014590,0
11c9f251-35c8-4452-b052-df9be61464c6,3,13,0.018858,0
11c9f251-35c8-4452-b052-df9be61464c6,3,14,0.188839,0
1bb79cc1-5d69-4136-a23d-6dbd300cbf25,1,0,0.304349,0
1bb79cc1-5d69-4136-a23d-6dbd300cbf25,1,1,0.016557,0
1bb79cc1-5d69-4136-a23d-6dbd300cbf25,1,2,0.016087,0
1bb79cc1-5d69-4136-a23d-6dbd300cbf25,1,3,0.014470,0
1bb79cc1-5d69-4136-a23d-6dbd300cbf25,1,4,0.068588,0
1bb79cc1-5d69-4136-a23d-6dbd300cbf25,1,5,0.015742,0
1bb79cc1-5d69-4136-a23d-6dbd300cbf25,1,6,0.130100,0
1bb79cc1-5d69-4136-a23d-6dbd300cbf25,1,7,0.810782,1
1bb79cc1-5d69-4136-a23d-6dbd300cbf25,1,8,0.015321,0
1bb79cc1-5d69-4136-a23d-6dbd300cbf25,1,9,0.047561,0
1bb79cc1-5d69-4136-a23d-6dbd300cbf25,1,10,0.019158,0
1bb79cc1-5d69-4136-a23d-6dbd300cbf25,1,11,0.028957,0
1bb79cc1-5d69-4136-a23d-6dbd300cbf25,1,12,0.036350,0
1bb79cc1-5d69-4136-a23d-6dbd300cbf25,1,13,0.034909,0
1bb79cc1-5d69-4136-a23d-6dbd300cbf25,1,14,0.029539,0
1bb79cc1-5d69-4136-a23d-6dbd300cbf25,1,15,0.042777,0
1bb79cc1-5d69-4136-a23d-6dbd300cbf25,1,16,0.023695,0
1bb79cc1-5d69-4136-a23d-6dbd300cbf25,1,17,0.024507,0
1bb79cc1-5d69-4136-a23d-6dbd300cbf25,1,18,0.016590,0
1bb79cc1-5d69-4136-a23d-6dbd300cbf25,1,19,0.033125,0
1bb79cc1-5d69-4136-a23d-6dbd300cbf25,1,20,0.011195,0
1bb79cc1-5d69-4136-a23d-6dbd300cbf25,1,21,0.013666,0
1bb79cc1-5d69-4136-a23d-6dbd300cbf25,1,22,0.023325,0
1bb79cc1-5d69-4136-a23d-6dbd300cbf25,1,23,0.030329,0
1bb79cc1-5d69-4136-a23d-6dbd300cbf25,1,24,0.017787,0
1bb79cc1-5d69-4136-a23d-6dbd300cbf25,1,25,0.614693,1
1bb79cc1-5d69-4136-a23d-6dbd300cbf25,1,26,0.014897,0
1bb79cc1-5d69-4136-a23d-6dbd300cbf25,1,27,0.014028,0
1bb79cc1-5d69-4136-a23d-6dbd300cbf25,1,28,0.014913,0
1bb79cc1-5d69-4136-a23d-6dbd300cbf25,1,29,0.742689,1
1bb79cc1-5d69-4136-a23d-6dbd300cbf25,1,30,0.014531,0
1bb79cc1-5d69-4136-a23d-6dbd300cbf25,1,31,0.011811,0
1bb79cc1-5d69-4136-a23d-6dbd300cbf25,1,32,0.015653,0
1bb79cc1-5d69-4136-a23d-6dbd300cbf25,1,33,0.013241,0
1bb79cc1-5d69-4136-a23d-6dbd300cbf25,1,34,0.040611,0
1bb79cc1-5d69-4136-a23d-6dbd300cbf25,1,35,0.014521,0
1bb79cc1-5d69-4136-a23d-6dbd300cbf25,2,0,0.266749,0
1bb79cc1-5d69-4136-a23d-6dbd300cbf25,2,1,0.146624,0
1bb79cc1-5d69-4136-a23d-6dbd300cbf25,2,2,0.012216,0
1bb79cc1-5d69-4136-a23d-6dbd300cbf25,2,3,0.022596,0
1bb79cc1-5d69-4136-a23d-6dbd300cbf25,2,4,0.159283,0
1bb79cc1-5d69-4136-a23d-6dbd300cbf25,2,5,0.027634,0
1bb79cc1-5d69-4136-a23d-6dbd300cbf25,2,6,0.020024,0
1bb79cc1-5d69-4136-a23d-6dbd300cbf25,2,7,0.054428,0
1bb79cc1-5d69-4136-a23d-6dbd300cbf25,2,8,0.015566,0
1bb79cc1-5d69-4136-a23d-6dbd300cbf25,2,9,0.103497,0
1bb79cc1-5d69-4136-a23d-6dbd300cbf25,2,10,0.012483,0
1bb79cc1-5d69-4136-a23d-6dbd300cbf25,2,11,0.277784,0
1bb79cc1-5d69-4136-a23d-6dbd300cbf25,2,12,0.018142,0
1bb79cc1-5d69-4136-a23d-6dbd300cbf25,2,13,0.014840,0
1bb79cc1-5d69-4136-a23d-6dbd300cbf25,2,14,0.012715,0
1bb79cc1-5d69-4136-a23d-6dbd300cbf25,2,15,0.027867,0
1bb79cc1-5d69-4136-a23d-6dbd300cbf25,2,16,0.130106,0
1bb79cc1-5d69-4136-a23d-6dbd300cbf25,2,17,0.945133,1
1bb79cc1-5d69-4136-a23d-6dbd300cbf25,2,18,0.020084,0
1bb79cc1-5d69-4136-a23d-6dbd300cbf25,2,19,0.050123,0
1bb79cc1-5d69-4136-a23d-6dbd300cbf25,2,20,0.019889,0
1bb79cc1-5d69-4136-a23d-6dbd300cbf25,2,21,0.049203,0
1bb79cc1-5d69-4136-a23d-6dbd300cbf25,2,22,0.099053,0
1bb79cc1-5d69-4136-a23d-6dbd300cbf25,2,23,0.769003,1
1bb79cc1-5d69-4136-a23d-6dbd300cbf25,2,24,0.019512,0
1bb79cc1-5d69-4136-a23d-6dbd300cbf25,2,25,0.012088,0
1bb79cc1-5d69-4136-a23d-6dbd300cbf25,2,26,0.027185,0
1bb79cc1-5d69-4136-a23d-6dbd300cbf25,2,27,0.305878,0
1bb79cc1-5d69-4136-a23d-6dbd300cbf25,2,28,0.014626,0
1bb79cc1-5d69-4136-a23d-6dbd300cbf25,2,29,0.774159,1
1bb79cc1-5d69-4136-a23d-6dbd300cbf25,2,30,0.017855,0
1bb79cc1-5d69-4136-a23d-6dbd300cbf25,2,31,0.068552,0
1bb79cc1-5d69-4136-a23d-6dbd300cbf25,2,32,0.062547,0
1bb79cc1-5d69-4136-a23d-6dbd300cbf25,3,0,0.708725,1
1bb79cc1-5d69-4136-a23d-6dbd300cbf25,3,1,0.019296,0
1bb79cc1-5d69-4136-a23d-6dbd300cbf25,3,2,0.126444,0
1bb79cc1-5d69-4136-a23d-6dbd300cbf25,3,3,0.094109,0
1bb79cc1-5d69-4136-a23d-6dbd300cbf25,3,4,0.144210,0
1bb79cc1-5d69-4136-a23d-6dbd300cbf25,3,5,0.090962,0
1bb79cc1-5d69-4136-a23d-6dbd300cbf25,3,6,0.027744,0
1bb79cc1-5d69-4136-a23d-6dbd300cbf25,3,7,0.017916,0
1bb79cc1-5d69-4136-a23d-6dbd300cbf25,3,8,0.013028,0
1bb79cc1-5d69-4136-a23d-6dbd300cbf25,3,9,0.056386,0
1bb79cc1-5d69-4136-a23d-6dbd300cbf25,3,10,0.017178,0
1bb79cc1-5d69-4136-a23d-6dbd300cbf25,3,11,0.013120,0
1bb79cc1-5d69-4136-a23d-6dbd300cbf25,3,12,0.016777,0
1bb79cc1-5d69-4136-a23d-6dbd300cbf25,3,13,0.013426,0
1bb79cc1-5d69-4136-a23d-6dbd300cbf25,3,14,0.072782,0
1bb79cc1-5d69-4136-a23d-6dbd300cbf25,3,15,0.024892,0
1bb79cc1-5d69-4136-a23d-6dbd300cbf25,3,16,0.076344,0
1bb79cc1-5d69-4136-a23d-6dbd300cbf25,3,17,0.024709,0
1bb79cc1-5d69-4136-a23d-6dbd300cbf25,3,18,0.024248,0
1bb79cc1-5d69-4136-a23d-6dbd300cbf25,3,19,0.020080,0
1bb79cc1-5d69-4136-a23d-6dbd300cbf25,3,20,0.026218,0
1bb79cc1-5d69-4136-a23d-6dbd300cbf25,3,21,0.009547,0
1bb79cc1-5d69-4136-a23d-6dbd300cbf25,3,22,0.015255,0
1bb79cc1-5d69-4136-a23d-6dbd300cbf25,3,23,0.041958,0
1bb79cc1-5d69-4136-a23d-6dbd300cbf25,3,24,0.012625,0
526cabb7-02a3-4adb-8e90-ec781c40c498,1,0,0.690979,1
526cabb7-02a3-4adb-8e90-ec781c40c498,1,1,0.014971,0
526cabb7-02a3-4adb-8e90-ec781c40c498,1,2,0.016274,0
526cabb7-02a3-4adb-8e90-ec781c40c498,1,3,0.077953,0
526cabb7-02a3-4adb-8e90-ec781c40c498,1,4,0.014310,0
526cabb7-02a3-4adb-8e90-ec781c40c498,1,5,0.039379,0
526cabb7-02a3-4adb-8e90-ec781c40c498,1,6,0.015258,0
526cabb7-02a3-4adb-8e90-ec781c40c498,1,7,0.019499,0
526cabb7-02a3-4adb-8e90-ec781c40c498,1,8,0.066132,0
526cabb7-02a3-4adb-8e90-ec781c40c498,1,9,0.180296,0
526cabb7-02a3-4adb-8e90-ec781c40c498,1,10,0.886440,1
526cabb7-02a3-4adb-8e90-ec781c40c498,1,11,0.084341,0
526cabb7-02a3-4adb-8e90-ec781c40c498,1,12,0.011964,0
526cabb7-02a3-4adb-8e90-ec781c40c498,1,13,0.024794,0
526cabb7-02a3-4adb-8e90-ec781c40c498,1,14,0.065939,0
526cabb7-02a3-4adb-8e90-ec781c40c498,1,15,0.026731,0
526cabb7-02a3-4adb-8e90-ec781c40c498,1,16,0.020074,0
526cabb7-02a3-4adb-8e90-ec781c40c498,1,17,0.538303,1
526cabb7-02a3-4adb-8e90-ec781c40c498,1,18,0.030984,0
526cabb7-02a3-4adb-8e90-ec781c40c498,1,19,0.012413,0
526cabb7-02a3-4adb-8e90-ec781c40c498,1,20,0.014557,0
526cabb7-02a3-4adb-8e90-ec781c40c498,1,21,0.020563,0
526cabb7-02a3-4adb-8e90-ec781c40c498,1,22,0.018267,0
526cabb7-02a3-4adb-8e90-ec781c40c498,1,23,0.478040,0
526cabb7-02a3-4adb-8e90-ec781c40c498,1,24,0.010474,0
526cabb7-02a3-4adb-8e90-ec781c40c498,1,25,0.170704,0
526cabb7-02a3-4adb-8e90-ec781c40c498,1,26,0.032872,0
526cabb7-02a3-4adb-8e90-ec781c40c498,1,27,0.988007,1
526cabb7-02a3-4adb-8e90-ec781c40c498,1,28,0.015520,0
526cabb7-02a3-4adb-8e90-ec781c40c498,1,29,0.035574,0
526cabb7-02a3-4adb-8e90-ec781c40c498,1,30,0.019276,0
526cabb7-02a3-4adb-8e90-ec781c40c498,1,31,0.033402,0
526cabb7-02a3-4adb-8e90-ec781c40c498,1,32,0.017825,0
526cabb7-02a3-4adb-8e90-ec781c40c498,1,33,0.044125,0
526cabb7-02a3-4adb-8e90-ec781c40c498,2,0,0.029072,0
526cabb7-02a3-4adb-8e90-ec781c40c498,2,1,0.015433,0
526cabb7-02a3-4adb-8e90-ec781c40c498,2,2,0.087899,0
526cabb7-02a3-4adb-8e90-ec781c40c498,2,3,0.020088,0
526cabb7-02a3-4adb-8e90-ec781c40c498,2,4,0.016679,0
526cabb7-02a3-4adb-8e90-ec781c40c498,2,5,0.019323,0
526cabb7-02a3-4adb-8e90-ec781c40c498,2,6,0.074927,0
526cabb7-02a3-4adb-8e90-ec781c40c498,2,7,0.065343,0
526cabb7-02a3-4adb-8e90-ec781c40c498,2,8,0.015408,0
526cabb7-02a3-4adb-8e90-ec781c40c498,2,9,0.018993,0
526cabb7-02a3-4adb-8e90-ec781c40c498,2,10,0.283932,0
526cabb7-02a3-4adb-8e90-ec781c40c498,2,11,0.019125,0
526cabb7-02a3-4adb-8e90-ec781c40c498,2,12,0.018397,0
526cabb7-02a3-4adb-8e90-ec781c40c498,2,13,0.011099,0
526cabb7-02a3-4adb-8e90-ec781c40c498,2,14,0.249253,0
526cabb7-02a3-4adb-8e90-ec781c40c498,2,15,0.193311,0
526cabb7-02a3-4adb-8e90-ec781c40c498,2,16,0.016513,0
526cabb7-02a3-4adb-8e90-ec781c40c498,2,17,0.012419,0
526cabb7-02a3-4adb-8e90-ec781c40c498,2,18,0.858755,1
526cabb7-02a3-4adb-8e90-ec781c40c498,2,19,0.031188,0
526cabb7-02a3-4adb-8e90-ec781c40c498,2,20,0.635495,1
526cabb7-02a3-4adb-8e90-ec781c40c498,2,21,0.069818,0
526cabb7-02a3-4adb-8e90-ec781c40c498,2,22,0.363962,0
526cabb7-02a3-4adb-8e90-ec781c40c498,2,23,0.018093,0
526cabb7-02a3-4adb-8e90-ec781c40c498,2,24,0.015244,0
526cabb7-02a3-4adb-8e90-ec781c40c498,2,25,0.985545,1
526cabb7-02a3-4adb-8e90-ec781c40c498,2,26,0.081930,0
526cabb7-02a3-4adb-8e90-ec781c40c498,2,27,0.027528,0
526cabb7-02a3-4adb-8e90-ec781c40c498,2,28,0.017806,0
526cabb7-02a3-4adb-8e90-ec781c40c498,2,29,0.597591,1
526cabb7-02a3-4adb-8e90-ec781c40c498,2,30,0.029857,0
526cabb7-02a3-4adb-8e90-ec781c40c498,2,31,0.022240,0
526cabb7-02a3-4adb-8e90-ec781c40c498,2,32,0.033169,0
526cabb7-02a3-4adb-8e90-ec781c40c498,2,33,0.023984,0
526cabb7-02a3-4adb-8e90-ec781c40c498,2,34,0.017884,0
526cabb7-02a3-4adb-8e90-ec781c40c498,2,35,0.017304,0
526cabb7-02a3-4adb-8e90-ec781c40c498,3,0,0.963248,1
526cabb7-02a3-4adb-8e90-ec781c40c498,3,1,0.371828,0
526cabb7-02a3-4adb-8e90-ec781c40c498,3,2,0.050256,0
526cabb7-02a3-4adb-8e90-ec781c40c498,3,3,0.017559,0
526cabb7-02a3-4adb-8e90-ec781c40c498,3,4,0.027013,0
526cabb7-02a3-4adb-8e90-ec781c40c498,3,5,0.015008,0
526cabb7-02a3-4adb-8e90-ec781c40c498,3,6,0.043175,0
526cabb7-02a3-4adb-8e90-ec781c40c498,3,7,0.011162,0
526cabb7-02a3-4adb-8e90-ec781c40c498,3,8,0.020766,0
526cabb7-02a3-4adb-8e90-ec781c40c498,3,9,0.051287,0
526cabb7-02a3-4adb-8e90-ec781c40c498,3,10,0.014935,0
526cabb7-02a3-4adb-8e90-ec781c40c498,3,11,0.040209,0
526cabb7-02a3-4adb-8e90-ec781c40c498,3,12,0.983126,1
526cabb7-02a3-4adb-8e90-ec781c40c498,3,13,0.013607,0
526cabb7-02a3-4adb-8e90-ec781c40c498,3,14,0.018285,0
526cabb7-02a3-4adb-8e90-ec781c40c498,3,15,0.077465,0
526cabb7-02a3-4adb-8e90-ec781c40c498,3,16,0.046124,0
526cabb7-02a3-4adb-8e90-ec781c40c498,3,17,0.046450,0
526cabb7-02a3-4adb-8e90-ec781c40c498,3,18,0.096414,0
526cabb7-02a3-4adb-8e90-ec781c40c498,3,19,0.845290,1
526cabb7-02a3-4adb-8e90-ec781c40c498,3,20,0.054687,0
526cabb7-02a3-4adb-8e90-ec781c40c498,3,21,0.021974,0
526cabb7-02a3-4adb-8e90-ec781c40c498,3,22,0.013777,0
526cabb7-02a3-4adb-8e90-ec781c40c498,3,23,0.036544,0
526cabb7-02a3-4adb-8e90-ec781c40c498,3,24,0.021601,0
526cabb7-02a3-4adb-8e90-ec781c40c498,3,25,0.044758,0
526cabb7-02a3-4adb-8e90-ec781c40c498,3,26,0.013378,0
526cabb7-02a3-4adb-8e90-ec781c40c498,3,27,0.238772,0
526cabb7-02a3-4adb-8e90-ec781c40c498,3,28,0.118449,0
526cabb7-02a3-4adb-8e90-ec781c40c498,3,29,0.014090,0
526cabb7-02a3-4adb-8e90-ec781c40c498,3,30,0.240246,0
526cabb7-02a3-4adb-8e90-ec781c40c498,3,31,0.467904,0
526cabb7-02a3-4adb-8e90-ec781c40c498,3,32,0.946595,1
526cabb7-02a3-4adb-8e90-ec781c40c498,3,33,0.977303,1
526cabb7-02a3-4adb-8e90-ec781c40c498,3,34,0.059956,0
526cabb7-02a3-4adb-8e90-ec781c40c498,3,35,0.018725,0
526cabb7-02a3-4adb-8e90-ec781c40c498,3,36,0.028003,0
526cabb7-02a3-4adb-8e90-ec781c40c498,3,37,0.018058,0
526cabb7-02a3-4adb-8e90-ec781c40c498,3,38,0.688622,1
526cabb7-02a3-4adb-8e90-ec781c40c498,3,39,0.038698,0
526cabb7-02a3-4adb-8e90-ec781c40c498,3,40,0.966539,1
526cabb7-02a3-4adb-8e90-ec781c40c498,3,41,0.033923,0
526cabb7-02a3-4adb-8e90-ec781c40c498,3,42,0.015544,0
526cabb7-02a3-4adb-8e90-ec781c40c498,3,43,0.021178,0
526cabb7-02a3-4adb-8e90-ec781c40c498,3,44,0.109117,0
526cabb7-02a3-4adb-8e90-ec781c40c498,3,45,0.295443,0
526cabb7-02a3-4adb-8e90-ec781c40c498,3,46,0.197461,0
526cabb7-02a3-4adb-8e90-ec781c40c498,3,47,0.300777,0
526cabb7-02a3-4adb-8e90-ec781c40c498,3,48,0.027478,0
526cabb7-02a3-4adb-8e90-ec781c40c498,3,49,0.022234,0
526cabb7-02a3-4adb-8e90-ec781c40c498,3,50,0.029972,0
526cabb7-02a3-4adb-8e90-ec781c40c498,3,51,0.023447,0
526cabb7-02a3-4adb-8e90-ec781c40c498,3,52,0.025466,0
68748e7f-cf6e-4ac7-8504-454c0876880d,1,0,0.765853,1
68748e7f-cf6e-4ac7-8504-454c0876880d,1,1,0.017653,0
68748e7f-cf6e-4ac7-8504-454c0876880d,1,2,0.019919,0
68748e7f-cf6e-4ac7-8504-454c0876880d,1,3,0.014329,0
68748e7f-cf6e-4ac7-8504-454c0876880d,1,4,0.032138,0
68748e7f-cf6e-4ac7-8504-454c0876880d,1,5,0.018065,0
68748e7f-cf6e-4ac7-8504-454c0876880d,1,6,0.012966,0
68748e7f-cf6e-4ac7-8504-454c0876880d,1,7,0.013426,0
68748e7f-cf6e-4ac7-8504-454c0876880d,1,8,0.017646,0
68748e7f-cf6e-4ac7-8504-454c0876880d,1,9,0.013786,0
68748e7f-cf6e-4ac7-8504-454c0876880d,1,10,0.013766,0
68748e7f-cf6e-4ac7-8504-454c0876880d,1,11,0.025291,0
68748e7f-cf6e-4ac7-8504-454c0876880d,1,12,0.023096,0
68748e7f-cf6e-4ac7-8504-454c0876880d,1,13,0.396936,0
68748e7f-cf6e-4ac7-8504-454c0876880d,1,14,0.779630,1
68748e7f-cf6e-4ac7-8504-454c0876880d,1,15,0.097393,0
68748e7f-cf6e-4ac7-8504-454c0876880d,1,16,0.022432,0
68748e7f-cf6e-4ac7-8504-454c0876880d,1,17,0.026440,0
68748e7f-cf6e-4ac7-8504-454c0876880d,1,18,0.843352,1
68748e7f-cf6e-4ac7-8504-454c0876880d,1,19,0.285467,0
68748e7f-cf6e-4ac7-8504-454c0876880d,1,20,0.014445,0
68748e7f-cf6e-4ac7-8504-454c0876880d,1,21,0.095945,0
68748e7f-cf6e-4ac7-8504-454c0876880d,1,22,0.012984,0
68748e7f-cf6e-4ac7-8504-454c0876880d,1,23,0.012827,0
68748e7f-cf6e-4ac7-8504-454c0876880d,1,24,0.064242,0
68748e7f-cf6e-4ac7-8504-454c0876880d,1,25,0.020802,0
68748e7f-cf6e-4ac7-8504-454c0876880d,1,26,0.019711,0
68748e7f-cf6e-4ac7-8504-454c0876880d,1,27,0.023437,0
68748e7f-cf6e-4ac7-8504-454c0876880d,1,28,0.013939,0
68748e7f-cf6e-4ac7-8504-454c0876880d,1,29,0.125228,0
68748e7f-cf6e-4ac7-8504-454c0876880d,2,0,0.121555,0
68748e7f-cf6e-4ac7-8504-454c0876880d,2,1,0.012127,0
68748e7f-cf6e-4ac7-8504-454c0876880d,2,2,0.021770,0
68748e7f-cf6e-4ac7-8504-454c0876880d,2,3,0.015267,0
68748e7f-cf6e-4ac7-8504-454c0876880d,2,4,0.011993,0
68748e7f-cf6e-4ac7-8504-454c0876880d,2,5,0.015192,0
68748e7f-cf6e-4ac7-8504-454c0876880d,2,6,0.017256,0
68748e7f-cf6e-4ac7-8504-454c0876880d,2,7,0.025893,0
68748e7f-cf6e-4ac7-8504-454c0876880d,2,8,0.021686,0
68748e7f-cf6e-4ac7-8504-454c0876880d,2,9,0.058455,0
68748e7f-cf6e-4ac7-8504-454c0876880d,2,10,0.014164,0
68748e7f-cf6e-4ac7-8504-454c0876880d,2,11,0.012463,0
68748e7f-cf6e-4ac7-8504-454c0876880d,2,12,0.016110,0
68748e7f-cf6e-4ac7-8504-454c0876880d,2,13,0.682041,1
68748e7f-cf6e-4ac7-8504-454c0876880d,2,14,0.016852,0
68748e7f-cf6e-4ac7-8504-454c0876880d,2,15,0.018010,0
68748e7f-cf6e-4ac7-8504-454c0876880d,2,16,0.080193,0
68748e7f-cf6e-4ac7-8504-454c0876880d,2,17,0.060237,0
68748e7f-cf6e-4ac7-8504-454c0876880d,2,18,0.015238,0
68748e7f-cf6e-4ac7-8504-454c0876880d,2,19,0.013210,0
68748e7f-cf6e-4ac7-8504-454c0876880d,2,20,0.016367,0
68748e7f-cf6e-4ac7-8504-454c0876880d,2,21,0.012172,0
68748e7f-cf6e-4ac7-8504-454c0876880d,2,22,0.010703,0
68748e7f-cf6e-4ac7-8504-454c0876880d,2,23,0.011824,0
68748e7f-cf6e-4ac7-8504-454c0876880d,2,24,0.020346,0
68748e7f-cf6e-4ac7-8504-454c0876880d,2,25,0.805517,1
68748e7f-cf6e-4ac7-8504-454c0876880d,2,26,0.065037,0
68748e7f-cf6e-4ac7-8504-454c0876880d,2,27,0.017743,0
68748e7f-cf6e-4ac7-8504-454c0876880d,3,0,0.021729,0
68748e7f-cf6e-4ac7-8504-454c0876880d,3,1,0.012485,0
68748e7f-cf6e-4ac7-8504-454c0876880d,3,2,0.028722,0
68748e7f-cf6e-4ac7-8504-454c0876880d,3,3,0.015436,0
68748e7f-cf6e-4ac7-8504-454c0876880d,3,4,0.022598,0
68748e7f-cf6e-4ac7-8504-454c0876880d,3,5,0.024404,0
68748e7f-cf6e-4ac7-8504-454c0876880d,3,6,0.028612,0
68748e7f-cf6e-4ac7-8504-454c0876880d,3,7,0.011316,0
68748e7f-cf6e-4ac7-8504-454c0876880d,3,8,0.102611,0
68748e7f-cf6e-4ac7-8504-454c0876880d,3,9,0.013034,0
68748e7f-cf6e-4ac7-8504-454c0876880d,3,10,0.015728,0
68748e7f-cf6e-4ac7-8504-454c0876880d,3,11,0.012047,0
68748e7f-cf6e-4ac7-8504-454c0876880d,3,12,0.024537,0
68748e7f-cf6e-4ac7-8504-454c0876880d,3,13,0.015070,0
68748e7f-cf6e-4ac7-8504-454c0876880d,3,14,0.014860,0
68748e7f-cf6e-4ac7-8504-454c0876880d,3,15,0.029614,0
68748e7f-cf6e-4ac7-8504-454c0876880d,3,16,0.014638,0
68748e7f-cf6e-4ac7-8504-454c0876880d,3,17,0.851357,1
68748e7f-cf6e-4ac7-8504-454c0876880d,3,18,0.035011,0
70c744ad-e950-445c-8a7a-0782b0a7d20b,1,0,0.011243,0
70c744ad-e950-445c-8a7a-0782b0a7d20b,1,1,0.021098,0
70c744ad-e950-445c-8a7a-0782b0a7d20b,1,2,0.016177,0
70c744ad-e950-445c-8a7a-0782b0a7d20b,1,3,0.011830,0
70c744ad-e950-445c-8a7a-0782b0a7d20b,1,4,0.011579,0
70c744ad-e950-445c-8a7a-0782b0a7d20b,1,5,0.013512,0
70c744ad-e950-445c-8a7a-0782b0a7d20b,1,6,0.027062,0
70c744ad-e950-445c-8a7a-0782b0a7d20b,1,7,0.011006,0
70c744ad-e950-445c-8a7a-0782b0a7d20b,1,8,0.017004,0
70c744ad-e950-445c-8a7a-0782b0a7d20b,1,9,0.050924,0
70c744ad-e950-445c-8a7a-0782b0a7d20b,1,10,0.025487,0
70c744ad-e950-445c-8a7a-0782b0a7d20b,1,11,0.147321,0
70c744ad-e950-445c-8a7a-0782b0a7d20b,1,12,0.735662,1
70c744ad-e950-445c-8a7a-0782b0a7d20b,1,13,0.036262,0
70c744ad-e950-445c-8a7a-0782b0a7d20b,2,0,0.010250,0
70c744ad-e950-445c-8a7a-0782b0a7d20b,2,1,0.020575,0
70c744ad-e950-445c-8a7a-0782b0a7d20b,2,2,0.011724,0
70c744ad-e950-445c-8a7a-0782b0a7d20b,2,3,0.011391,0
70c744ad-e950-445c-8a7a-0782b0a7d20b,2,4,0.021024,0
70c744ad-e950-445c-8a7a-0782b0a7d20b,2,5,0.025978,0
70c744ad-e950-445c-8a7a-0782b0a7d20b,2,6,0.047961,0
70c744ad-e950-445c-8a7a-0782b0a7d20b,2,7,0.013346,0
70c744ad-e950-445c-8a7a-0782b0a7d20b,2,8,0.020810,0
70c744ad-e950-445c-8a7a-0782b0a7d20b,2,9,0.011741,0
70c744ad-e950-445c-8a7a-0782b0a7d20b,2,10,0.018215,0
70c744ad-e950-445c-8a7a-0782b0a7d20b,2,11,0.170304,0
70c744ad-e950-445c-8a7a-0782b0a7d20b,2,12,0.012333,0
70c744ad-e950-445c-8a7a-0782b0a7d20b,2,13,0.026163,0
70c744ad-e950-445c-8a7a-0782b0a7d20b,2,14,0.015477,0
70c744ad-e950-445c-8a7a-0782b0a7d20b,2,15,0.010303,0
70c744ad-e950-445c-8a7a-0782b0a7d20b,2,16,0.013697,0
70c744ad-e950-445c-8a7a-0782b0a7d20b,2,17,0.018021,0
70c744ad-e950-445c-8a7a-0782b0a7d20b,2,18,0.021172,0
70c744ad-e950-445c-8a7a-0782b0a7d20b,2,19,0.022731,0
70c744ad-e950-445c-8a7a-0782b0a7d20b,2,20,0.043424,0
70c744ad-e950-445c-8a7a-0782b0a7d20b,2,21,0.015413,0
70c744ad-e950-445c-8a7a-0782b0a7d20b,2,22,0.013968,0
70c744ad-e950-445c-8a7a-0782b0a7d20b,2,23,0.011660,0
70c744ad-e950-445c-8a7a-0782b0a7d20b,2,24,0.018195,0
70c744ad-e950-445c-8a7a-0782b0a7d20b,2,25,0.009605,0
70c744ad-e950-445c-8a7a-0782b0a7d20b,2,26,0.011246,0
70c744ad-e950-445c-8a7a-0782b0a7d20b,2,27,0.015431,0
70c744ad-e950-445c-8a7a-0782b0a7d20b,2,28,0.011691,0
70c744ad-e950-445c-8a7a-0782b0a7d20b,2,29,0.037410,0
70c744ad-e950-445c-8a7a-0782b0a7d20b,2,30,0.010176,0
70c744ad-e950-445c-8a7a-0782b0a7d20b,2,31,0.035775,0
70c744ad-e950-445c-8a7a-0782b0a7d20b,2,32,0.468081,0
70c744ad-e950-445c-8a7a-0782b0a7d20b,2,33,0.010195,0
70c744ad-e950-445c-8a7a-0782b0a7d20b,2,34,0.019179,0
70c744ad-e950-445c-8a7a-0782b0a7d20b,2,35,0.011972,0
70c744ad-e950-445c-8a7a-0782b0a7d20b,2,36,0.040837,0
70c744ad-e950-445c-8a7a-0782b0a7d20b,2,37,0.012156,0
70c744ad-e950-445c-8a7a-0782b0a7d20b,2,38,0.011578,0
70c744ad-e950-445c-8a7a-0782b0a7d20b,3,0,0.012188,0
70c744ad-e950-445c-8a7a-0782b0a7d20b,3,1,0.018600,0
70c744ad-e950-445c-8a7a-0782b0a7d20b,3,2,0.020163,0
70c744ad-e950-445c-8a7a-0782b0a7d20b,3,3,0.051259,0
70c744ad-e950-445c-8a7a-0782b0a7d20b,3,4,0.016089,0
70c744ad-e950-445c-8a7a-0782b0a7d20b,3,5,0.025140,0
70c744ad-e950-445c-8a7a-0782b0a7d20b,3,6,0.011245,0
70c744ad-e950-445c-8a7a-0782b0a7d20b,3,7,0.020810,0
70c744ad-e950-445c-8a7a-0782b0a7d20b,3,8,0.019010,0
70c744ad-e950-445c-8a7a-0782b0a7d20b,3,9,0.034298,0
70c744ad-e950-445c-8a7a-0782b0a7d20b,3,10,0.014331,0
70c744ad-e950-445c-8a7a-0782b0a7d20b,3,11,0.042767,0
70c744ad-e950-445c-8a7a-0782b0a7d20b,3,12,0.064456,0
70c744ad-e950-445c-8a7a-0782b0a7d20b,3,13,0.017006,0
70c744ad-e950-445c-8a7a-0782b0a7d20b,3,14,0.389555,0
70c744ad-e950-445c-8a7a-0782b0a7d20b,3,15,0.016015,0
70c744ad-e950-445c-8a7a-0782b0a7d20b,3,16,0.021688,0
70c744ad-e950-445c-8a7a-0782b0a7d20b,3,17,0.170304,0
70c744ad-e950-445c-8a7a-0782b0a7d20b,3,18,0.019242,0
70c744ad-e950-445c-8a7a-0782b0a7d20b,3,19,0.012415,0
70c744ad-e950-445c-8a7a-0782b0a7d20b,3,20,0.049554,0
84678e18-0b79-4570-9c9f-cb1cf88d968e,1,0,0.024212,0
84678e18-0b79-4570-9c9f-cb1cf88d968e,1,1,0.985953,1
84678e18-0b79-4570-9c9f-cb1cf88d968e,1,2,0.127197,0
84678e18-0b79-4570-9c9f-cb1cf88d968e,1,3,0.013948,0
84678e18-0b79-4570-9c9f-cb1cf88d968e,1,4,0.011324,0
84678e18-0b79-4570-9c9f-cb1cf88d968e,1,5,0.015351,0
84678e18-0b79-4570-9c9f-cb1cf88d968e,1,6,0.013943,0
84678e18-0b79-4570-9c9f-cb1cf88d968e,1,7,0.038684,0
84678e18-0b79-4570-9c9f-cb1cf88d968e,1,8,0.028118,0
84678e18-0b79-4570-9c9f-cb1cf88d968e,1,9,0.012492,0
84678e18-0b79-4570-9c9f-cb1cf88d968e,1,10,0.018373,0
84678e18-0b79-4570-9c9f-cb1cf88d968e,1,11,0.030469,0
84678e18-0b79-4570-9c9f-cb1cf88d968e,1,12,0.022556,0
84678e18-0b79-4570-9c9f-cb1cf88d968e,1,13,0.070654,0
84678e18-0b79-4570-9c9f-cb1cf88d968e,1,14,0.024591,0
84678e18-0b79-4570-9c9f-cb1cf88d968e,1,15,0.017214,0
84678e18-0b79-4570-9c9f-cb1cf88d968e,1,16,0.012228,0
84678e18-0b79-4570-9c9f-cb1cf88d968e,1,17,0.030662,0
84678e18-0b79-4570-9c9f-cb1cf88d968e,1,18,0.043258,0
84678e18-0b79-4570-9c9f-cb1cf88d968e,1,19,0.013010,0
84678e18-0b79-4570-9c9f-cb1cf88d968e,1,20,0.011672,0
84678e18-0b79-4570-9c9f-cb1cf88d968e,1,21,0.012719,0
84678e18-0b79-4570-9c9f-cb1cf88d968e,1,22,0.040334,0
84678e18-0b79-4570-9c9f-cb1cf88d968e,2,0,0.023695,0
84678e18-0b79-4570-9c9f-cb1cf88d968e,2,1,0.014581,0
84678e18-0b79-4570-9c9f-cb1cf88d968e,2,2,0.362148,0
84678e18-0b79-4570-9c9f-cb1cf88d968e,2,3,0.023161,0
84678e18-0b79-4570-9c9f-cb1cf88d968e,2,4,0.015005,0
84678e18-0b79-4570-9c9f-cb1cf88d968e,2,5,0.029631,0
84678e18-0b79-4570-9c9f-cb1cf88d968e,2,6,0.064564,0
84678e18-0b79-4570-9c9f-cb1cf88d968e,2,7,0.013092,0
84678e18-0b79-4570-9c9f-cb1cf88d968e,2,8,0.080941,0
84678e18-0b79-4570-9c9f-cb1cf88d968e,2,9,0.023942,0
84678e18-0b79-4570-9c9f-cb1cf88d968e,2,10,0.037112,0
84678e18-0b79-4570-9c9f-cb1cf88d968e,2,11,0.039743,0
84678e18-0b79-4570-9c9f-cb1cf88d968e,2,12,0.042069,0
84678e18-0b79-4570-9c9f-cb1cf88d968e,2,13,0.088713,0
84678e18-0b79-4570-9c9f-cb1cf88d968e,2,14,0.044561,0
84678e18-0b79-4570-9c9f-cb1cf88d968e,2,15,0.855077,1
84678e18-0b79-4570-9c9f-cb1cf88d968e,2,16,0.017466,0
84678e18-0b79-4570-9c9f-cb1cf88d968e,2,17,0.031916,0
84678e18-0b79-4570-9c9f-cb1cf88d968e,2,18,0.017625,0
84678e18-0b79-4570-9c9f-cb1cf88d968e,2,19,0.011508,0
84678e18-0b79-4570-9c9f-cb1cf88d968e,2,20,0.935106,1
84678e18-0b79-4570-9c9f-cb1cf88d968e,2,21,0.031129,0
84678e18-0b79-4570-9c9f-cb1cf88d968e,2,22,0.124385,0
84678e18-0b79-4570-9c9f-cb1cf88d968e,2,23,0.030216,0
84678e18-0b79-4570-9c9f-cb1cf88d968e,2,24,0.037835,0
84678e18-0b79-4570-9c9f-cb1cf88d968e,2,25,0.053246,0
84678e18-0b79-4570-9c9f-cb1cf88d968e,2,26,0.034968,0
84678e18-0b79-4570-9c9f-cb1cf88d968e,2,27,0.017901,0
84678e18-0b79-4570-9c9f-cb1cf88d968e,2,28,0.020082,0
84678e18-0b79-4570-9c9f-cb1cf88d968e,2,29,0.014861,0
84678e18-0b79-4570-9c9f-cb1cf88d968e,2,30,0.988840,1
84678e18-0b79-4570-9c9f-cb1cf88d968e,2,31,0.179692,0
84678e18-0b79-4570-9c9f-cb1cf88d968e,2,32,0.915621,1
84678e18-0b79-4570-9c9f-cb1cf88d968e,2,33,0.044055,0
84678e18-0b79-4570-9c9f-cb1cf88d968e,2,34,0.033971,0
84678e18-0b79-4570-9c9f-cb1cf88d968e,2,35,0.018647,0
84678e18-0b79-4570-9c9f-cb1cf88d968e,2,36,0.200368,0
84678e18-0b79-4570-9c9f-cb1cf88d968e,2,37,0.013407,0
84678e18-0b79-4570-9c9f-cb1cf88d968e,2,38,0.662833,1
84678e18-0b79-4570-9c9f-cb1cf88d968e,2,39,0.014283,0
84678e18-0b79-4570-9c9f-cb1cf88d968e,2,40,0.011018,0
84678e18-0b79-4570-9c9f-cb1cf88d968e,2,41,0.019098,0
84678e18-0b79-4570-9c9f-cb1cf88d968e,2,42,0.013770,0
84678e18-0b79-4570-9c9f-cb1cf88d968e,2,43,0.012468,0
84678e18-0b79-4570-9c9f-cb1cf88d968e,2,44,0.019686,0
84678e18-0b79-4570-9c9f-cb1cf88d968e,3,0,0.012477,0
84678e18-0b79-4570-9c9f-cb1cf88d968e,3,1,0.013119,0
84678e18-0b79-4570-9c9f-cb1cf88d968e,3,2,0.020578,0
84678e18-0b79-4570-9c9f-cb1cf88d968e,3,3,0.018020,0
84678e18-0b79-4570-9c9f-cb1cf88d968e,3,4,0.029612,0
84678e18-0b79-4570-9c9f-cb1cf88d968e,3,5,0.019900,0
84678e18-0b79-4570-9c9f-cb1cf88d968e,3,6,0.023708,0
84678e18-0b79-4570-9c9f-cb1cf88d968e,3,7,0.016901,0
84678e18-0b79-4570-9c9f-cb1cf88d968e,3,8,0.080804,0
84678e18-0b79-4570-9c9f-cb1cf88d968e,3,9,0.014342,0
84678e18-0b79-4570-9c9f-cb1cf88d968e,3,10,0.019322,0
84678e18-0b79-4570-9c9f-cb1cf88d968e,3,11,0.044536,0
84678e18-0b79-4570-9c9f-cb1cf88d968e,3,12,0.011988,0
84678e18-0b79-4570-9c9f-cb1cf88d968e,3,13,0.017992,0
84678e18-0b79-4570-9c9f-cb1cf88d968e,3,14,0.015328,0
84678e18-0b79-4570-9c9f-cb1cf88d968e,3,15,0.045191,0
84678e18-0b79-4570-9c9f-cb1cf88d968e,3,16,0.691110,1
9879bbc0-eab3-482f-bf6b-a4b519393986,1,0,0.283468,0
9879bbc0-eab3-482f-bf6b-a4b519393986,1,1,0.686045,1
9879bbc0-eab3-482f-bf6b-a4b519393986,1,2,0.014714,0
9879bbc0-eab3-482f-bf6b-a4b519393986,1,3,0.025570,0
9879bbc0-eab3-482f-bf6b-a4b519393986,1,4,0.141879,0
9879bbc0-eab3-482f-bf6b-a4b519393986,1,5,0.194344,0
9879bbc0-eab3-482f-bf6b-a4b519393986,1,6,0.425397,0
9879bbc0-eab3-482f-bf6b-a4b519393986,1,7,0.151763,0
9879bbc0-eab3-482f-bf6b-a4b519393986,1,8,0.047729,0
9879bbc0-eab3-482f-bf6b-a4b519393986,1,9,0.037082,0
9879bbc0-eab3-482f-bf6b-a4b519393986,1,10,0.965749,1
9879bbc0-eab3-482f-bf6b-a4b519393986,1,11,0.015882,0
9879bbc0-eab3-482f-bf6b-a4b519393986,1,12,0.014661,0
9879bbc0-eab3-482f-bf6b-a4b519393986,1,13,0.014724,0
9879bbc0-eab3-482f-bf6b-a4b519393986,1,14,0.014945,0
9879bbc0-eab3-482f-bf6b-a4b519393986,1,15,0.026942,0
9879bbc0-eab3-482f-bf6b-a4b519393986,1,16,0.013276,0
9879bbc0-eab3-482f-bf6b-a4b519393986,1,17,0.014945,0
9879bbc0-eab3-482f-bf6b-a4b519393986,1,18,0.013270,0
9879bbc0-eab3-482f-bf6b-a4b519393986,1,19,0.014694,0
9879bbc0-eab3-482f-bf6b-a4b519393986,1,20,0.018002,0
9879bbc0-eab3-482f-bf6b-a4b519393986,1,21,0.015350,0
9879bbc0-eab3-482f-bf6b-a4b519393986,1,22,0.011441,0
9879bbc0-eab3-482f-bf6b-a4b519393986,1,23,0.012836,0
9879bbc0-eab3-482f-bf6b-a4b519393986,1,24,0.082612,0
9879bbc0-eab3-482f-bf6b-a4b519393986,1,25,0.165760,0
9879bbc0-eab3-482f-bf6b-a4b519393986,1,26,0.027049,0
9879bbc0-eab3-482f-bf6b-a4b519393986,1,27,0.019680,0
9879bbc0-eab3-482f-bf6b-a4b519393986,1,28,0.038289,0
9879bbc0-eab3-482f-bf6b-a4b519393986,1,29,0.131008,0
9879bbc0-eab3-482f-bf6b-a4b519393986,1,30,0.031640,0
9879bbc0-eab3-482f-bf6b-a4b519393986,1,31,0.014788,0
9879bbc0-eab3-482f-bf6b-a4b519393986,1,32,0.022005,0
9879bbc0-eab3-482f-bf6b-a4b519393986,1,33,0.046575,0
9879bbc0-eab3-482f-bf6b-a4b519393986,1,34,0.017764,0
9879bbc0-eab3-482f-bf6b-a4b519393986,1,35,0.623239,1
9879bbc0-eab3-482f-bf6b-a4b519393986,1,36,0.012426,0
9879bbc0-eab3-482f-bf6b-a4b519393986,1,37,0.052310,0
9879bbc0-eab3-482f-bf6b-a4b519393986,1,38,0.245981,0
9879bbc0-eab3-482f-bf6b-a4b519393986,1,39,0.029572,0
9879bbc0-eab3-482f-bf6b-a4b519393986,1,40,0.948509,1
9879bbc0-eab3-482f-bf6b-a4b519393986,1,41,0.046499,0
9879bbc0-eab3-482f-bf6b-a4b519393986,1,42,0.078314,0
9879bbc0-eab3-482f-bf6b-a4b519393986,1,43,0.075118,0
9879bbc0-eab3-482f-bf6b-a4b519393986,1,44,0.044934,0
9879bbc0-eab3-482f-bf6b-a4b519393986,1,45,0.018183,0
9879bbc0-eab3-482f-bf6b-a4b519393986,2,0,0.013644,0
9879bbc0-eab3-482f-bf6b-a4b519393986,2,1,0.012945,0
9879bbc0-eab3-482f-bf6b-a4b519393986,2,2,0.012215,0
9879bbc0-eab3-482f-bf6b-a4b519393986,2,3,0.035393,0
9879bbc0-eab3-482f-bf6b-a4b519393986,2,4,0.468243,0
9879bbc0-eab3-482f-bf6b-a4b519393986,2,5,0.545547,1
9879bbc0-eab3-482f-bf6b-a4b519393986,2,6,0.022785,0
9879bbc0-eab3-482f-bf6b-a4b519393986,2,7,0.021875,0
9879bbc0-eab3-482f-bf6b-a4b519393986,2,8,0.018038,0
9879bbc0-eab3-482f-bf6b-a4b519393986,2,9,0.033430,0
9879bbc0-eab3-482f-bf6b-a4b519393986,2,10,0.027177,0
9879bbc0-eab3-482f-bf6b-a4b519393986,2,11,0.492033,0
9879bbc0-eab3-482f-bf6b-a4b519393986,2,12,0.439763,0
9879bbc0-eab3-482f-bf6b-a4b519393986,2,13,0.016511,0
9879bbc0-eab3-482f-bf6b-a4b519393986,2,14,0.015808,0
9879bbc0-eab3-482f-bf6b-a4b519393986,2,15,0.021701,0
9879bbc0-eab3-482f-bf6b-a4b519393986,2,16,0.019001,0
9879bbc0-eab3-482f-bf6b-a4b519393986,2,17,0.119324,0
9879bbc0-eab3-482f-bf6b-a4b519393986,3,0,0.222812,0
9879bbc0-eab3-482f-bf6b-a4b519393986,3,1,0.038741,0
9879bbc0-eab3-482f-bf6b-a4b519393986,3,2,0.011796,0
9879bbc0-eab3-482f-bf6b-a4b519393986,3,3,0.032213,0
9879bbc0-eab3-482f-bf6b-a4b519393986,3,4,0.125184,0
9879bbc0-eab3-482f-bf6b-a4b519393986,3,5,0.114508,0
9879bbc0-eab3-482f-bf6b-a4b519393986,3,6,0.017074,0
9879bbc0-eab3-482f-bf6b-a4b519393986,3,7,0.018532,0
9879bbc0-eab3-482f-bf6b-a4b519393986,3,8,0.018133,0
9879bbc0-eab3-482f-bf6b-a4b519393986,3,9,0.037386,0
9879bbc0-eab3-482f-bf6b-a4b519393986,3,10,0.018446,0
9879bbc0-eab3-482f-bf6b-a4b519393986,3,11,0.232524,0
9879bbc0-eab3-482f-bf6b-a4b519393986,3,12,0.010679,0
9879bbc0-eab3-482f-bf6b-a4b519393986,3,13,0.023346,0
9879bbc0-eab3-482f-bf6b-a4b519393986,3,14,0.028192,0
9879bbc0-eab3-482f-bf6b-a4b519393986,3,15,0.014036,0
9879bbc0-eab3-482f-bf6b-a4b519393986,3,16,0.020967,0
9879bbc0-eab3-482f-bf6b-a4b519393986,3,17,0.014820,0
9879bbc0-eab3-482f-bf6b-a4b519393986,3,18,0.011203,0
9879bbc0-eab3-482f-bf6b-a4b519393986,3,19,0.014435,0
9879bbc0-eab3-482f-bf6b-a4b519393986,3,20,0.118127,0
9879bbc0-eab3-482f-bf6b-a4b519393986,3,21,0.030359,0
9879bbc0-eab3-482f-bf6b-a4b519393986,3,22,0.141360,0
9879bbc0-eab3-482f-bf6b-a4b519393986,3,23,0.434793,0
9879bbc0-eab3-482f-bf6b-a4b519393986,3,24,0.012378,0
9879bbc0-eab3-482f-bf6b-a4b519393986,3,25,0.029945,0
9879bbc0-eab3-482f-bf6b-a4b519393986,3,26,0.126914,0
9879bbc0-eab3-482f-bf6b-a4b519393986,3,27,0.609698,1
9879bbc0-eab3-482f-bf6b-a4b519393986,3,28,0.020363,0
9879bbc0-eab3-482f-bf6b-a4b519393986,3,29,0.013295,0
9879bbc0-eab3-482f-bf6b-a4b519393986,3,30,0.082731,0
9879bbc0-eab3-482f-bf6b-a4b519393986,3,31,0.049898,0
9879bbc0-eab3-482f-bf6b-a4b519393986,3,32,0.023062,0
9879bbc0-eab3-482f-bf6b-a4b519393986,3,33,0.016392,0
9879bbc0-eab3-482f-bf6b-a4b519393986,3,34,0.015802,0
9879bbc0-eab3-482f-bf6b-a4b519393986,3,35,0.015517,0
9879bbc0-eab3-482f-bf6b-a4b519393986,3,36,0.024002,0
9879bbc0-eab3-482f-bf6b-a4b519393986,3,37,0.025995,0
9879bbc0-eab3-482f-bf6b-a4b519393986,3,38,0.016094,0
9879bbc0-eab3-482f-bf6b-a4b519393986,3,39,0.038808,0
9879bbc0-eab3-482f-bf6b-a4b519393986,3,40,0.870577,1
9879bbc0-eab3-482f-bf6b-a4b519393986,3,41,0.014600,0
9879bbc0-eab3-482f-bf6b-a4b519393986,3,42,0.028493,0
a4f1d515-d7d9-4319-b2e0-4d56e9d45554,1,0,0.063429,0
a4f1d515-d7d9-4319-b2e0-4d56e9d45554,1,1,0.268537,0
a4f1d515-d7d9-4319-b2e0-4d56e9d45554,1,2,0.015065,0
a4f1d515-d7d9-4319-b2e0-4d56e9d45554,1,3,0.013950,0
a4f1d515-d7d9-4319-b2e0-4d56e9d45554,1,4,0.030394,0
a4f1d515-d7d9-4319-b2e0-4d56e9d45554,1,5,0.127239,0
a4f1d515-d7d9-4319-b2e0-4d56e9d45554,1,6,0.037441,0
a4f1d515-d7d9-4319-b2e0-4d56e9d45554,1,7,0.013222,0
a4f1d515-d7d9-4319-b2e0-4d56e9d45554,1,8,0.326874,0
a4f1d515-d7d9-4319-b2e0-4d56e9d45554,1,9,0.080271,0
a4f1d515-d7d9-4319-b2e0-4d56e9d45554,1,10,0.010004,0
a4f1d515-d7d9-4319-b2e0-4d56e9d45554,1,11,0.011929,0
a4f1d515-d7d9-4319-b2e0-4d56e9d45554,1,12,0.039860,0
a4f1d515-d7d9-4319-b2e0-4d56e9d45554,1,13,0.140789,0
a4f1d515-d7d9-4319-b2e0-4d56e9d45554,1,14,0.021693,0
a4f1d515-d7d9-4319-b2e0-4d56e9d45554,1,15,0.014825,0
a4f1d515-d7d9-4319-b2e0-4d56e9d45554,1,16,0.014973,0
a4f1d515-d7d9-4319-b2e0-4d56e9d45554,1,17,0.013603,0
a4f1d515-d7d9-4319-b2e0-4d56e9d45554,1,18,0.015496,0
a4f1d515-d7d9-4319-b2e0-4d56e9d45554,1,19,0.028779,0
a4f1d515-d7d9-4319-b2e0-4d56e9d45554,1,20,0.015010,0
a4f1d515-d7d9-4319-b2e0-4d56e9d45554,1,21,0.016583,0
a4f1d515-d7d9-4319-b2e0-4d56e9d45554,1,22,0.019024,0
a4f1d515-d7d9-4319-b2e0-4d56e9d45554,1,23,0.013463,0
a4f1d515-d7d9-4319-b2e0-4d56e9d45554,1,24,0.013072,0
a4f1d515-d7d9-4319-b2e0-4d56e9d45554,1,25,0.019870,0
a4f1d515-d7d9-4319-b2e0-4d56e9d45554,1,26,0.013618,0
a4f1d515-d7d9-4319-b2e0-4d56e9d45554,1,27,0.017691,0
a4f1d515-d7d9-4319-b2e0-4d56e9d45554,1,28,0.019950,0
a4f1d515-d7d9-4319-b2e0-4d56e9d45554,1,29,0.017534,0
a4f1d515-d7d9-4319-b2e0-4d56e9d45554,1,30,0.025824,0
a4f1d515-d7d9-4319-b2e0-4d56e9d45554,1,31,0.025509,0
a4f1d515-d7d9-4319-b2e0-4d56e9d45554,2,0,0.281610,0
a4f1d515-d7d9-4319-b2e0-4d56e9d45554,2,1,0.022351,0
a4f1d515-d7d9-4319-b2e0-4d56e9d45554,2,2,0.013354,0
a4f1d515-d7d9-4319-b2e0-4d56e9d45554,2,3,0.025562,0
a4f1d515-d7d9-4319-b2e0-4d56e9d45554,2,4,0.015340,0
a4f1d515-d7d9-4319-b2e0-4d56e9d45554,2,5,0.477636,0
a4f1d515-d7d9-4319-b2e0-4d56e9d45554,2,6,0.011252,0
a4f1d515-d7d9-4319-b2e0-4d56e9d45554,2,7,0.026093,0
a4f1d515-d7d9-4319-b2e0-4d56e9d45554,2,8,0.015519,0
a4f1d515-d7d9-4319-b2e0-4d56e9d45554,2,9,0.014480,0
a4f1d515-d7d9-4319-b2e0-4d56e9d45554,2,10,0.026281,0
a4f1d515-d7d9-4319-b2e0-4d56e9d45554,2,11,0.017308,0
a4f1d515-d7d9-4319-b2e0-4d56e9d45554,2,12,0.084787,0
a4f1d515-d7d9-4319-b2e0-4d56e9d45554,2,13,0.034821,0
a4f1d515-d7d9-4319-b2e0-4d56e9d45554,2,14,0.036400,0
a4f1d515-d7d9-4319-b2e0-4d56e9d45554,2,15,0.012698,0
a4f1d515-d7d9-4319-b2e0-4d56e9d45554,2,16,0.259454,0
a4f1d515-d7d9-4319-b2e0-4d56e9d45554,2,17,0.012410,0
a4f1d515-d7d9-4319-b2e0-4d56e9d45554,2,18,0.022946,0
a4f1d515-d7d9-4319-b2e0-4d56e9d45554,2,19,0.971830,1
a4f1d515-d7d9-4319-b2e0-4d56e9d45554,2,20,0.045805,0
a4f1d515-d7d9-4319-b2e0-4d56e9d45554,2,21,0.921187,1
a4f1d515-d7d9-4319-b2e0-4d56e9d45554,2,22,0.981888,1
a4f1d515-d7d9-4319-b2e0-4d56e9d45554,2,23,0.015758,0
a4f1d515-d7d9-4319-b2e0-4d56e9d45554,3,0,0.980132,1
a4f1d515-d7d9-4319-b2e0-4d56e9d45554,3,1,0.018969,0
a4f1d515-d7d9-4319-b2e0-4d56e9d45554,3,2,0.014357,0
a4f1d515-d7d9-4319-b2e0-4d56e9d45554,3,3,0.388758,0
a4f1d515-d7d9-4319-b2e0-4d56e9d45554,3,4,0.014905,0
a4f1d515-d7d9-4319-b2e0-4d56e9d45554,3,5,0.024246,0
a4f1d515-d7d9-4319-b2e0-4d56e9d45554,3,6,0.012768,0
a4f1d515-d7d9-4319-b2e0-4d56e9d45554,3,7,0.014008,0
a4f1d515-d7d9-4319-b2e0-4d56e9d45554,3,8,0.013072,0
a4f1d515-d7d9-4319-b2e0-4d56e9d45554,3,9,0.021809,0
a4f1d515-d7d9-4319-b2e0-4d56e9d45554,3,10,0.013252,0
a4f1d515-d7d9-4319-b2e0-4d56e9d45554,3,11,0.013603,0
a4f1d515-d7d9-4319-b2e0-4d56e9d45554,3,12,0.011769,0
a4f1d515-d7d9-4319-b2e0-4d56e9d45554,3,13,0.024906,0
a4f1d515-d7d9-4319-b2e0-4d56e9d45554,3,14,0.015658,0
a4f1d515-d7d9-4319-b2e0-4d56e9d45554,3,15,0.012369,0
a4f1d515-d7d9-4319-b2e0-4d56e9d45554,3,16,0.026019,0
a4f1d515-d7d9-4319-b2e0-4d56e9d45554,3,17,0.013092,0
a4f1d515-d7d9-4319-b2e0-4d56e9d45554,3,18,0.014880,0
a4f1d515-d7d9-4319-b2e0-4d56e9d45554,3,19,0.079211,0
a4f1d515-d7d9-4319-b2e0-4d56e9d45554,3,20,0.014569,0
a4f1d515-d7d9-4319-b2e0-4d56e9d45554,3,21,0.016349,0
a4f1d515-d7d9-4319-b2e0-4d56e9d45554,3,22,0.010379,0
a4f1d515-d7d9-4319-b2e0-4d56e9d45554,3,23,0.027924,0
a4f1d515-d7d9-4319-b2e0-4d56e9d45554,3,24,0.045780,0
a4f1d515-d7d9-4319-b2e0-4d56e9d45554,3,25,0.042490,0
a4f1d515-d7d9-4319-b2e0-4d56e9d45554,3,26,0.028146,0
a4f1d515-d7d9-4319-b2e0-4d56e9d45554,3,27,0.063154,0
a4f1d515-d7d9-4319-b2e0-4d56e9d45554,3,28,0.025825,0
a4f1d515-d7d9-4319-b2e0-4d56e9d45554,3,29,0.015158,0
a4f1d515-d7d9-4319-b2e0-4d56e9d45554,3,30,0.015189,0
a4f1d515-d7d9-4319-b2e0-4d56e9d45554,3,31,0.014379,0
a4f1d515-d7d9-4319-b2e0-4d56e9d45554,3,32,0.099175,0
a4f1d515-d7d9-4319-b2e0-4d56e9d45554,3,33,0.012080,0
a4f1d515-d7d9-4319-b2e0-4d56e9d45554,3,34,0.018692,0
a4f1d515-d7d9-4319-b2e0-4d56e9d45554,3,35,0.026740,0
a4f1d515-d7d9-4319-b2e0-4d56e9d45554,3,36,0.013652,0
a4f1d515-d7d9-4319-b2e0-4d56e9d45554,3,37,0.014441,0
a4f1d515-d7d9-4319-b2e0-4d56e9d45554,3,38,0.028436,0
d3a1ce0a-fc48-4827-a278-8f0ce8c7a519,1,0,0.013633,0
d3a1ce0a-fc48-4827-a278-8f0ce8c7a519,1,1,0.015458,0
d3a1ce0a-fc48-4827-a278-8f0ce8c7a519,1,2,0.015916,0
d3a1ce0a-fc48-4827-a278-8f0ce8c7a519,1,3,0.015723,0
d3a1ce0a-fc48-4827-a278-8f0ce8c7a519,1,4,0.036580,0
d3a1ce0a-fc48-4827-a278-8f0ce8c7a519,1,5,0.020202,0
d3a1ce0a-fc48-4827-a278-8f0ce8c7a519,1,6,0.018984,0
d3a1ce0a-fc48-4827-a278-8f0ce8c7a519,1,7,0.037177,0
d3a1ce0a-fc48-4827-a278-8f0ce8c7a519,1,8,0.018874,0
d3a1ce0a-fc48-4827-a278-8f0ce8c7a519,1,9,0.025659,0
d3a1ce0a-fc48-4827-a278-8f0ce8c7a519,1,10,0.024568,0
d3a1ce0a-fc48-4827-a278-8f0ce8c7a519,1,11,0.017150,0
d3a1ce0a-fc48-4827-a278-8f0ce8c7a519,1,12,0.014607,0
d3a1ce0a-fc48-4827-a278-8f0ce8c7a519,1,13,0.026704,0
d3a1ce0a-fc48-4827-a278-8f0ce8c7a519,1,14,0.011327,0
d3a1ce0a-fc48-4827-a278-8f0ce8c7a519,1,15,0.019733,0
d3a1ce0a-fc48-4827-a278-8f0ce8c7a519,1,16,0.015623,0
d3a1ce0a-fc48-4827-a278-8f0ce8c7a519,1,17,0.018560,0
d3a1ce0a-fc48-4827-a278-8f0ce8c7a519,1,18,0.014825,0
d3a1ce0a-fc48-4827-a278-8f0ce8c7a519,1,19,0.015001,0
d3a1ce0a-fc48-4827-a278-8f0ce8c7a519,1,20,0.013746,0
d3a1ce0a-fc48-4827-a278-8f0ce8c7a519,2,0,0.109681,0
d3a1ce0a-fc48-4827-a278-8f0ce8c7a519,2,1,0.019179,0
d3a1ce0a-fc48-4827-a278-8f0ce8c7a519,2,2,0.026208,0
d3a1ce0a-fc48-4827-a278-8f0ce8c7a519,2,3,0.030306,0
d3a1ce0a-fc48-4827-a278-8f0ce8c7a519,2,4,0.027603,0
d3a1ce0a-fc48-4827-a278-8f0ce8c7a519,2,5,0.911764,1
d3a1ce0a-fc48-4827-a278-8f0ce8c7a519,2,6,0.146025,0
d3a1ce0a-fc48-4827-a278-8f0ce8c7a519,2,7,0.013437,0
d3a1ce0a-fc48-4827-a278-8f0ce8c7a519,2,8,0.013649,0
d3a1ce0a-fc48-4827-a278-8f0ce8c7a519,2,9,0.015507,0
d3a1ce0a-fc48-4827-a278-8f0ce8c7a519,2,10,0.018284,0
d3a1ce0a-fc48-4827-a278-8f0ce8c7a519,2,11,0.036419,0
d3a1ce0a-fc48-4827-a278-8f0ce8c7a519,2,12,0.016428,0
d3a1ce0a-fc48-4827-a278-8f0ce8c7a519,2,13,0.024060,0
d3a1ce0a-fc48-4827-a278-8f0ce8c7a519,2,14,0.023214,0
d3a1ce0a-fc48-4827-a278-8f0ce8c7a519,2,15,0.014603,0
d3a1ce0a-fc48-4827-a278-8f0ce8c7a519,2,16,0.016479,0
d3a1ce0a-fc48-4827-a278-8f0ce8c7a519,2,17,0.015621,0
d3a1ce0a-fc48-4827-a278-8f0ce8c7a519,2,18,0.021455,0
d3a1ce0a-fc48-4827-a278-8f0ce8c7a519,2,19,0.018039,0
d3a1ce0a-fc48-4827-a278-8f0ce8c7a519,2,20,0.016734,0
d3a1ce0a-fc48-4827-a278-8f0ce8c7a519,2,21,0.014583,0
d3a1ce0a-fc48-4827-a278-8f0ce8c7a519,2,22,0.015995,0
d3a1ce0a-fc48-4827-a278-8f0ce8c7a519,2,23,0.024032,0
d3a1ce0a-fc48-4827-a278-8f0ce8c7a519,2,24,0.076190,0
d3a1ce0a-fc48-4827-a278-8f0ce8c7a519,2,25,0.014790,0
d3a1ce0a-fc48-4827-a278-8f0ce8c7a519,2,26,0.023775,0
d3a1ce0a-fc48-4827-a278-8f0ce8c7a519,2,27,0.015952,0
d3a1ce0a-fc48-4827-a278-8f0ce8c7a519,2,28,0.016202,0
d3a1ce0a-fc48-4827-a278-8f0ce8c7a519,2,29,0.528899,1
d3a1ce0a-fc48-4827-a278-8f0ce8c7a519,2,30,0.013700,0
d3a1ce0a-fc48-4827-a278-8f0ce8c7a519,2,31,0.031313,0
d3a1ce0a-fc48-4827-a278-8f0ce8c7a519,2,32,0.063552,0
d3a1ce0a-fc48-4827-a278-8f0ce8c7a519,2,33,0.019322,0
d3a1ce0a-fc48-4827-a278-8f0ce8c7a519,2,34,0.026809,0
d3a1ce0a-fc48-4827-a278-8f0ce8c7a519,2,35,0.015905,0
d3a1ce0a-fc48-4827-a278-8f0ce8c7a519,2,36,0.018389,0
d3a1ce0a-fc48-4827-a278-8f0ce8c7a519,2,37,0.013049,0
d3a1ce0a-fc48-4827-a278-8f0ce8c7a519,2,38,0.250615,0
d3a1ce0a-fc48-4827-a278-8f0ce8c7a519,3,0,0.052877,0
d3a1ce0a-fc48-4827-a278-8f0ce8c7a519,3,1,0.042367,0
d3a1ce0a-fc48-4827-a278-8f0ce8c7a519,3,2,0.012187,0
d3a1ce0a-fc48-4827-a278-8f0ce8c7a519,3,3,0.038541,0
d3a1ce0a-fc48-4827-a278-8f0ce8c7a519,3,4,0.016745,0
d3a1ce0a-fc48-4827-a278-8f0ce8c7a519,3,5,0.017402,0
d3a1ce0a-fc48-4827-a278-8f0ce8c7a519,3,6,0.010624,0
d3a1ce0a-fc48-4827-a278-8f0ce8c7a519,3,7,0.030773,0
d3a1ce0a-fc48-4827-a278-8f0ce8c7a519,3,8,0.103748,0
d3a1ce0a-fc48-4827-a278-8f0ce8c7a519,3,9,0.062780,0
d3a1ce0a-fc48-4827-a278-8f0ce8c7a519,3,10,0.051744,0
d3a1ce0a-fc48-4827-a278-8f0ce8c7a519,3,11,0.127749,0
d3a1ce0a-fc48-4827-a278-8f0ce8c7a519,3,12,0.022972,0
d3a1ce0a-fc48-4827-a278-8f0ce8c7a519,3,13,0.017870,0
d3a1ce0a-fc48-4827-a278-8f0ce8c7a519,3,14,0.212312,0
d3a1ce0a-fc48-4827-a278-8f0ce8c7a519,3,15,0.014222,0
d3a1ce0a-fc48-4827-a278-8f0ce8c7a519,3,16,0.038666,0
d3a1ce0a-fc48-4827-a278-8f0ce8c7a519,3,17,0.018582,0
d3a1ce0a-fc48-4827-a278-8f0ce8c7a519,3,18,0.039113,0
d3a1ce0a-fc48-4827-a278-8f0ce8c7a519,3,19,0.021293,0
d3a1ce0a-fc48-4827-a278-8f0ce8c7a519,3,20,0.038117,0
d3a1ce0a-fc48-4827-a278-8f0ce8c7a519,3,21,0.014574,0
d3a1ce0a-fc48-4827-a278-8f0ce8c7a519,3,22,0.020011,0
d3a1ce0a-fc48-4827-a278-8f0ce8c7a519,3,23,0.020330,0
d3a1ce0a-fc48-4827-a278-8f0ce8c7a519,3,24,0.107665,0
d3a1ce0a-fc48-4827-a278-8f0ce8c7a519,3,25,0.012427,0
d3a1ce0a-fc48-4827-a278-8f0ce8c7a519,3,26,0.022446,0
d3a1ce0a-fc48-4827-a278-8f0ce8c7a519,3,27,0.017982,0
d3a1ce0a-fc48-4827-a278-8f0ce8c7a519,3,28,0.020648,0
d3a1ce0a-fc48-4827-a278-8f0ce8c7a519,3,29,0.009748,0
d3a1ce0a-fc48-4827-a278-8f0ce8c7a519,3,30,0.017784,0
d3a1ce0a-fc48-4827-a278-8f0ce8c7a519,3,31,0.017465,0
d3a1ce0a-fc48-4827-a278-8f0ce8c7a519,3,32,0.987524,1
d3a1ce0a-fc48-4827-a278-8f0ce8c7a519,3,33,0.015985,0
d3a1ce0a-fc48-4827-a278-8f0ce8c7a519,3,34,0.620407,1
d3a1ce0a-fc48-4827-a278-8f0ce8c7a519,3,35,0.010777,0
d3a1ce0a-fc48-4827-a278-8f0ce8c7a519,3,36,0.014568,0
d3a1ce0a-fc48-4827-a278-8f0ce8c7a519,3,37,0.014859,0
d3a1ce0a-fc48-4827-a278-8f0ce8c7a519,3,38,0.017328,0
f506aafc-8b43-427a-936e-bbd1ef33e076,1,0,0.015689,0
f506aafc-8b43-427a-936e-bbd1ef33e076,1,1,0.016837,0
f506aafc-8b43-427a-936e-bbd1ef33e076,1,2,0.011382,0
f506aafc-8b43-427a-936e-bbd1ef33e076,1,3,0.013640,0
f506aafc-8b43-427a-936e-bbd1ef33e076,1,4,0.049699,0
f506aafc-8b43-427a-936e-bbd1ef33e076,1,5,0.019600,0
f506aafc-8b43-427a-936e-bbd1ef33e076,1,6,0.014476,0
f506aafc-8b43-427a-936e-bbd1ef33e076,1,7,0.018525,0
f506aafc-8b43-427a-936e-bbd1ef33e076,1,8,0.016639,0
f506aafc-8b43-427a-936e-bbd1ef33e076,1,9,0.014327,0
f506aafc-8b43-427a-936e-bbd1ef33e076,1,10,0.011311,0
f506aafc-8b43-427a-936e-bbd1ef33e076,1,11,0.010351,0
f506aafc-8b43-427a-936e-bbd1ef33e076,1,12,0.012735,0
f506aafc-8b43-427a-936e-bbd1ef33e076,1,13,0.014362,0
f506aafc-8b43-427a-936e-bbd1ef33e076,2,0,0.023465,0
f506aafc-8b43-427a-936e-bbd1ef33e076,2,1,0.012812,0
f506aafc-8b43-427a-936e-bbd1ef33e076,2,2,0.009623,0
f506aafc-8b43-427a-936e-bbd1ef33e076,2,3,0.011102,0
f506aafc-8b43-427a-936e-bbd1ef33e076,2,4,0.019191,0
f506aafc-8b43-427a-936e-bbd1ef33e076,2,5,0.015357,0
f506aafc-8b43-427a-936e-bbd1ef33e076,2,6,0.011609,0
f506aafc-8b43-427a-936e-bbd1ef33e076,2,7,0.012928,0
f506aafc-8b43-427a-936e-bbd1ef33e076,2,8,0.012127,0
f506aafc-8b43-427a-936e-bbd1ef33e076,2,9,0.012941,0
f506aafc-8b43-427a-936e-bbd1ef33e076,2,10,0.955599,1
f506aafc-8b43-427a-936e-bbd1ef33e076,2,11,0.016351,0
f506aafc-8b43-427a-936e-bbd1ef33e076,2,12,0.015384,0
f506aafc-8b43-427a-936e-bbd1ef33e076,2,13,0.014338,0
f506aafc-8b43-427a-936e-bbd1ef33e076,2,14,0.011625,0
f506aafc-8b43-427a-936e-bbd1ef33e076,2,15,0.013802,0
f506aafc-8b43-427a-936e-bbd1ef33e076,2,16,0.010841,0
f506aafc-8b43-427a-936e-bbd1ef33e076,2,17,0.011489,0
f506aafc-8b43-427a-936e-bbd1ef33e076,2,18,0.013826,0
f506aafc-8b43-427a-936e-bbd1ef33e076,2,19,0.021286,0
f506aafc-8b43-427a-936e-bbd1ef33e076,2,20,0.013533,0
f506aafc-8b43-427a-936e-bbd1ef33e076,2,21,0.011959,0
f506aafc-8b43-427a-936e-bbd1ef33e076,2,22,0.015157,0
f506aafc-8b43-427a-936e-bbd1ef33e076,2,23,0.019306,0
f506aafc-8b43-427a-936e-bbd1ef33e076,2,24,0.070129,0
f506aafc-8b43-427a-936e-bbd1ef33e076,2,25,0.014411,0
f506aafc-8b43-427a-936e-bbd1ef33e076,2,26,0.013585,0
f506aafc-8b43-427a-936e-bbd1ef33e076,2,27,0.012631,0
f506aafc-8b43-427a-936e-bbd1ef33e076,2,28,0.043823,0
f506aafc-8b43-427a-936e-bbd1ef33e076,2,29,0.020679,0
f506aafc-8b43-427a-936e-bbd1ef33e076,2,30,0.017103,0
f506aafc-8b43-427a-936e-bbd1ef33e076,3,0,0.013457,0
f506aafc-8b43-427a-936e-bbd1ef33e076,3,1,0.014185,0
f506aafc-8b43-427a-936e-bbd1ef33e076,3,2,0.017857,0
f506aafc-8b43-427a-936e-bbd1ef33e076,3,3,0.013117,0
f506aafc-8b43-427a-936e-bbd1ef33e076,3,4,0.018156,0
f506aafc-8b43-427a-936e-bbd1ef33e076,3,5,0.011485,0
f506aafc-8b43-427a-936e-bbd1ef33e076,3,6,0.011596,0
f506aafc-8b43-427a-936e-bbd1ef33e076,3,7,0.016134,0
f506aafc-8b43-427a-936e-bbd1ef33e076,3,8,0.024269,0
f506aafc-8b43-427a-936e-bbd1ef33e076,3,9,0.010599,0
f506aafc-8b43-427a-936e-bbd1ef33e076,3,10,0.018613,0
f506aafc-8b43-427a-936e-bbd1ef33e076,3,11,0.017030,0
f506aafc-8b43-427a-936e-bbd1ef33e076,3,12,0.011518,0
f506aafc-8b43-427a-936e-bbd1ef33e076,3,13,0.017271,0
f506aafc-8b43-427a-936e-bbd1ef33e076,3,14,0.010081,0
f506aafc-8b43-427a-936e-bbd1ef33e076,3,15,0.020684,0
f506aafc-8b43-427a-936e-bbd1ef33e076,3,16,0.016957,0
f506aafc-8b43-427a-936e-bbd1ef33e076,3,17,0.011498,0
f506aafc-8b43-427a-936e-bbd1ef33e076,3,18,0.013802,0
f506aafc-8b43-427a-936e-bbd1ef33e076,3,19,0.010830,0
f506aafc-8b43-427a-936e-bbd1ef33e076,3,20,0.019220,0
f506aafc-8b43-427a-936e-bbd1ef33e076,3,21,0.012663,0
f506aafc-8b43-427a-936e-bbd1ef33e076,3,22,0.010040,0
f506aafc-8b43-427a-936e-bbd1ef33e076,3,23,0.012155,0
f506aafc-8b43-427a-936e-bbd1ef33e076,3,24,0.072053,0
22b6e900-4826-4b09-a9f8-5d7afe46e78b,1,0,0.022118,0
22b6e900-4826-4b09-a9f8-5d7afe46e78b,1,1,0.015770,0
22b6e900-4826-4b09-a9f8-5d7afe46e78b,1,2,0.016658,0
22b6e900-4826-4b09-a9f8-5d7afe46e78b,1,3,0.041285,0
22b6e900-4826-4b09-a9f8-5d7afe46e78b,1,4,0.013151,0
22b6e900-4826-4b09-a9f8-5d7afe46e78b,1,5,0.061979,0
22b6e900-4826-4b09-a9f8-5d7afe46e78b,1,6,0.044127,0
22b6e900-4826-4b09-a9f8-5d7afe46e78b,1,7,0.013503,0
22b6e900-4826-4b09-a9f8-5d7afe46e78b,1,8,0.011708,0
22b6e900-4826-4b09-a9f8-5d7afe46e78b,1,9,0.013484,0
22b6e900-4826-4b09-a9f8-5d7afe46e78b,1,10,0.021213,0
22b6e900-4826-4b09-a9f8-5d7afe46e78b,1,11,0.070694,0
22b6e900-4826-4b09-a9f8-5d7afe46e78b,1,12,0.011837,0
22b6e900-4826-4b09-a9f8-5d7afe46e78b,1,13,0.014496,0
22b6e900-4826-4b09-a9f8-5d7afe46e78b,1,14,0.025267,0
22b6e900-4826-4b09-a9f8-5d7afe46e78b,2,0,0.912920,1
22b6e900-4826-4b09-a9f8-5d7afe46e78b,2,1,0.047023,0
22b6e900-4826-4b09-a9f8-5d7afe46e78b,2,2,0.018224,0
22b6e900-4826-4b09-a9f8-5d7afe46e78b,2,3,0.016947,0
22b6e900-4826-4b09-a9f8-5d7afe46e78b,2,4,0.027200,0
22b6e900-4826-4b09-a9f8-5d7afe46e78b,2,5,0.012898,0
22b6e900-4826-4b09-a9f8-5d7afe46e78b,2,6,0.091060,0
22b6e900-4826-4b09-a9f8-5d7afe46e78b,2,7,0.017637,0
22b6e900-4826-4b09-a9f8-5d7afe46e78b,2,8,0.039881,0
22b6e900-4826-4b09-a9f8-5d7afe46e78b,2,9,0.011922,0
22b6e900-4826-4b09-a9f8-5d7afe46e78b,2,10,0.016367,0
22b6e900-4826-4b09-a9f8-5d7afe46e78b,2,11,0.016555,0
22b6e900-4826-4b09-a9f8-5d7afe46e78b,3,0,0.428708,0
22b6e900-4826-4b09-a9f8-5d7afe46e78b,3,1,0.014334,0
22b6e900-4826-4b09-a9f8-5d7afe46e78b,3,2,0.041626,0
22b6e900-4826-4b09-a9f8-5d7afe46e78b,3,3,0.024001,0
22b6e900-4826-4b09-a9f8-5d7afe46e78b,3,4,0.049789,0
22b6e900-4826-4b09-a9f8-5d7afe46e78b,3,5,0.011923,0
22b6e900-4826-4b09-a9f8-5d7afe46e78b,3,6,0.018179,0
22b6e900-4826-4b09-a9f8-5d7afe46e78b,3,7,0.075717,0
22b6e900-4826-4b09-a9f8-5d7afe46e78b,3,8,0.110526,0
22b6e900-4826-4b09-a9f8-5d7afe46e78b,3,9,0.094483,0
22b6e900-4826-4b09-a9f8-5d7afe46e78b,3,10,0.385761,0
22b6e900-4826-4b09-a9f8-5d7afe46e78b,3,11,0.076766,0
33521e65-12da-4521-b132-7b606243b0e4,1,0,0.014166,0
33521e65-12da-4521-b132-7b606243b0e4,1,1,0.014927,0
33521e65-12da-4521-b132-7b606243b0e4,1,2,0.014673,0
33521e65-12da-4521-b132-7b606243b0e4,1,3,0.975364,1
33521e65-12da-4521-b132-7b606243b0e4,1,4,0.017498,0
33521e65-12da-4521-b132-7b606243b0e4,1,5,0.024099,0
33521e65-12da-4521-b132-7b606243b0e4,1,6,0.013282,0
33521e65-12da-4521-b132-7b606243b0e4,1,7,0.011463,0
33521e65-12da-4521-b132-7b606243b0e4,1,8,0.012661,0
33521e65-12da-4521-b132-7b606243b0e4,1,9,0.019393,0
33521e65-12da-4521-b132-7b606243b0e4,1,10,0.048491,0
33521e65-12da-4521-b132-7b606243b0e4,1,11,0.855994,1
33521e65-12da-4521-b132-7b606243b0e4,1,12,0.019018,0
33521e65-12da-4521-b132-7b606243b0e4,1,13,0.013855,0
33521e65-12da-4521-b132-7b606243b0e4,1,14,0.036523,0
33521e65-12da-4521-b132-7b606243b0e4,1,15,0.019274,0
33521e65-12da-4521-b132-7b606243b0e4,1,16,0.019117,0
33521e65-12da-4521-b132-7b606243b0e4,1,17,0.024114,0
33521e65-12da-4521-b132-7b606243b0e4,1,18,0.021252,0
33521e65-12da-4521-b132-7b606243b0e4,1,19,0.022075,0
33521e65-12da-4521-b132-7b606243b0e4,2,0,0.020625,0
33521e65-12da-4521-b132-7b606243b0e4,2,1,0.011151,0
33521e65-12da-4521-b132-7b606243b0e4,2,2,0.017396,0
33521e65-12da-4521-b132-7b606243b0e4,2,3,0.011481,0
33521e65-12da-4521-b132-7b606243b0e4,2,4,0.017272,0
33521e65-12da-4521-b132-7b606243b0e4,2,5,0.034659,0
33521e65-12da-4521-b132-7b606243b0e4,2,6,0.022798,0
33521e65-12da-4521-b132-7b606243b0e4,2,7,0.012587,0
33521e65-12da-4521-b132-7b606243b0e4,2,8,0.018069,0
33521e65-12da-4521-b132-7b606243b0e4,2,9,0.022939,0
33521e65-12da-4521-b132-7b606243b0e4,2,10,0.129005,0
33521e65-12da-4521-b132-7b606243b0e4,2,11,0.106985,0
33521e65-12da-4521-b132-7b606243b0e4,2,12,0.066622,0
33521e65-12da-4521-b132-7b606243b0e4,2,13,0.014290,0
33521e65-12da-4521-b132-7b606243b0e4,2,14,0.031414,0
33521e65-12da-4521-b132-7b606243b0e4,2,15,0.021346,0
33521e65-12da-4521-b132-7b606243b0e4,2,16,0.019440,0
33521e65-12da-4521-b132-7b606243b0e4,2,17,0.012769,0
33521e65-12da-4521-b132-7b606243b0e4,2,18,0.020820,0
33521e65-12da-4521-b132-7b606243b0e4,2,19,0.020438,0
33521e65-12da-4521-b132-7b606243b0e4,2,20,0.019041,0
33521e65-12da-4521-b132-7b606243b0e4,2,21,0.189301,0
33521e65-12da-4521-b132-7b606243b0e4,2,22,0.986516,1
33521e65-12da-4521-b132-7b606243b0e4,2,23,0.017116,0
33521e65-12da-4521-b132-7b606243b0e4,2,24,0.142946,0
33521e65-12da-4521-b132-7b606243b0e4,2,25,0.059013,0
33521e65-12da-4521-b132-7b606243b0e4,3,0,0.014743,0
33521e65-12da-4521-b132-7b606243b0e4,3,1,0.024894,0
33521e65-12da-4521-b132-7b606243b0e4,3,2,0.011095,0
33521e65-12da-4521-b132-7b606243b0e4,3,3,0.011340,0
33521e65-12da-4521-b132-7b606243b0e4,3,4,0.981602,1
33521e65-12da-4521-b132-7b606243b0e4,3,5,0.073214,0
33521e65-12da-4521-b132-7b606243b0e4,3,6,0.011925,0
33521e65-12da-4521-b132-7b606243b0e4,3,7,0.056207,0
33521e65-12da-4521-b132-7b606243b0e4,3,8,0.011601,0
33521e65-12da-4521-b132-7b606243b0e4,3,9,0.012745,0
33521e65-12da-4521-b132-7b606243b0e4,3,10,0.063641,0
33521e65-12da-4521-b132-7b606243b0e4,3,11,0.021270,0
33521e65-12da-4521-b132-7b606243b0e4,3,12,0.016683,0
33521e65-12da-4521-b132-7b606243b0e4,3,13,0.016530,0
33521e65-12da-4521-b132-7b606243b0e4,3,14,0.015825,0
58ed2376-35a0-453a-a08e-5cd87e3bdea5,1,0,0.454103,0
58ed2376-35a0-453a-a08e-5cd87e3bdea5,1,1,0.021265,0
58ed2376-35a0-453a-a08e-5cd87e3bdea5,1,2,0.039197,0
58ed2376-35a0-453a-a08e-5cd87e3bdea5,1,3,0.066757,0
58ed2376-35a0-453a-a08e-5cd87e3bdea5,1,4,0.164785,0
58ed2376-35a0-453a-a08e-5cd87e3bdea5,1,5,0.063990,0
58ed2376-35a0-453a-a08e-5cd87e3bdea5,1,6,0.172708,0
58ed2376-35a0-453a-a08e-5cd87e3bdea5,1,7,0.037449,0
58ed2376-35a0-453a-a08e-5cd87e3bdea5,1,8,0.028246,0
58ed2376-35a0-453a-a08e-5cd87e3bdea5,1,9,0.109731,0
58ed2376-35a0-453a-a08e-5cd87e3bdea5,1,10,0.022880,0
58ed2376-35a0-453a-a08e-5cd87e3bdea5,1,11,0.018063,0
58ed2376-35a0-453a-a08e-5cd87e3bdea5,1,12,0.052906,0
58ed2376-35a0-453a-a08e-5cd87e3bdea5,1,13,0.740867,1
58ed2376-35a0-453a-a08e-5cd87e3bdea5,1,14,0.040314,0
58ed2376-35a0-453a-a08e-5cd87e3bdea5,1,15,0.901072,1
58ed2376-35a0-453a-a08e-5cd87e3bdea5,1,16,0.545024,1
58ed2376-35a0-453a-a08e-5cd87e3bdea5,1,17,0.053247,0
58ed2376-35a0-453a-a08e-5cd87e3bdea5,1,18,0.019184,0
58ed2376-35a0-453a-a08e-5cd87e3bdea5,1,19,0.023923,0
58ed2376-35a0-453a-a08e-5cd87e3bdea5,1,20,0.988180,1
58ed2376-35a0-453a-a08e-5cd87e3bdea5,1,21,0.106877,0
58ed2376-35a0-453a-a08e-5cd87e3bdea5,1,22,0.054253,0
58ed2376-35a0-453a-a08e-5cd87e3bdea5,1,23,0.046922,0
58ed2376-35a0-453a-a08e-5cd87e3bdea5,1,24,0.115587,0
58ed2376-35a0-453a-a08e-5cd87e3bdea5,1,25,0.101034,0
58ed2376-35a0-453a-a08e-5cd87e3bdea5,1,26,0.497777,0
58ed2376-35a0-453a-a08e-5cd87e3bdea5,1,27,0.492862,0
58ed2376-35a0-453a-a08e-5cd87e3bdea5,2,0,0.054479,0
58ed2376-35a0-453a-a08e-5cd87e3bdea5,2,1,0.028023,0
58ed2376-35a0-453a-a08e-5cd87e3bdea5,2,2,0.014167,0
58ed2376-35a0-453a-a08e-5cd87e3bdea5,2,3,0.033306,0
58ed2376-35a0-453a-a08e-5cd87e3bdea5,2,4,0.016639,0
58ed2376-35a0-453a-a08e-5cd87e3bdea5,2,5,0.022733,0
58ed2376-35a0-453a-a08e-5cd87e3bdea5,2,6,0.025926,0
58ed2376-35a0-453a-a08e-5cd87e3bdea5,2,7,0.025847,0
58ed2376-35a0-453a-a08e-5cd87e3bdea5,2,8,0.144701,0
58ed2376-35a0-453a-a08e-5cd87e3bdea5,2,9,0.034409,0
58ed2376-35a0-453a-a08e-5cd87e3bdea5,2,10,0.074764,0
58ed2376-35a0-453a-a08e-5cd87e3bdea5,2,11,0.021336,0
58ed2376-35a0-453a-a08e-5cd87e3bdea5,2,12,0.019730,0
58ed2376-35a0-453a-a08e-5cd87e3bdea5,3,0,0.808489,1
58ed2376-35a0-453a-a08e-5cd87e3bdea5,3,1,0.017412,0
58ed2376-35a0-453a-a08e-5cd87e3bdea5,3,2,0.016812,0
58ed2376-35a0-453a-a08e-5cd87e3bdea5,3,3,0.017173,0
58ed2376-35a0-453a-a08e-5cd87e3bdea5,3,4,0.020404,0
58ed2376-35a0-453a-a08e-5cd87e3bdea5,3,5,0.165842,0
58ed2376-35a0-453a-a08e-5cd87e3bdea5,3,6,0.209992,0
58ed2376-35a0-453a-a08e-5cd87e3bdea5,3,7,0.666061,1
58ed2376-35a0-453a-a08e-5cd87e3bdea5,3,8,0.014088,0
58ed2376-35a0-453a-a08e-5cd87e3bdea5,3,9,0.015116,0
58ed2376-35a0-453a-a08e-5cd87e3bdea5,3,10,0.153929,0
58ed2376-35a0-453a-a08e-5cd87e3bdea5,3,11,0.015171,0
58ed2376-35a0-453a-a08e-5cd87e3bdea5,3,12,0.010526,0
58ed2376-35a0-453a-a08e-5cd87e3bdea5,3,13,0.358578,0
58ed2376-35a0-453a-a08e-5cd87e3bdea5,3,14,0.013672,0
58ed2376-35a0-453a-a08e-5cd87e3bdea5,3,15,0.057521,0
58ed2376-35a0-453a-a08e-5cd87e3bdea5,3,16,0.024460,0
58ed2376-35a0-453a-a08e-5cd87e3bdea5,3,17,0.014208,0
96b7046f-f584-422f-a626-6f86a26dfd8b,1,0,0.269585,0
96b7046f-f584-422f-a626-6f86a26dfd8b,1,1,0.041591,0
96b7046f-f584-422f-a626-6f86a26dfd8b,1,2,0.774513,1
96b7046f-f584-422f-a626-6f86a26dfd8b,1,3,0.945615,1
96b7046f-f584-422f-a626-6f86a26dfd8b,1,4,0.209409,0
96b7046f-f584-422f-a626-6f86a26dfd8b,1,5,0.956130,1
96b7046f-f584-422f-a626-6f86a26dfd8b,1,6,0.531621,1
96b7046f-f584-422f-a626-6f86a26dfd8b,1,7,0.498335,0
96b7046f-f584-422f-a626-6f86a26dfd8b,1,8,0.772410,1
96b7046f-f584-422f-a626-6f86a26dfd8b,1,9,0.681376,1
96b7046f-f584-422f-a626-6f86a26dfd8b,1,10,0.990287,1
96b7046f-f584-422f-a626-6f86a26dfd8b,1,11,0.086176,0
96b7046f-f584-422f-a626-6f86a26dfd8b,1,12,0.711992,1
96b7046f-f584-422f-a626-6f86a26dfd8b,1,13,0.063775,0
96b7046f-f584-422f-a626-6f86a26dfd8b,1,14,0.020244,0
96b7046f-f584-422f-a626-6f86a26dfd8b,1,15,0.074059,0
96b7046f-f584-422f-a626-6f86a26dfd8b,1,16,0.866907,1
96b7046f-f584-422f-a626-6f86a26dfd8b,1,17,0.111909,0
96b7046f-f584-422f-a626-6f86a26dfd8b,2,0,0.015826,0
96b7046f-f584-422f-a626-6f86a26dfd8b,2,1,0.023567,0
96b7046f-f584-422f-a626-6f86a26dfd8b,2,2,0.270148,0
96b7046f-f584-422f-a626-6f86a26dfd8b,2,3,0.020510,0
96b7046f-f584-422f-a626-6f86a26dfd8b,2,4,0.900836,1
96b7046f-f584-422f-a626-6f86a26dfd8b,2,5,0.019246,0
96b7046f-f584-422f-a626-6f86a26dfd8b,2,6,0.035258,0
96b7046f-f584-422f-a626-6f86a26dfd8b,2,7,0.027174,0
96b7046f-f584-422f-a626-6f86a26dfd8b,2,8,0.181118,0
96b7046f-f584-422f-a626-6f86a26dfd8b,2,9,0.088061,0
96b7046f-f584-422f-a626-6f86a26dfd8b,2,10,0.012024,0
96b7046f-f584-422f-a626-6f86a26dfd8b,2,11,0.015023,0
96b7046f-f584-422f-a626-6f86a26dfd8b,3,0,0.475101,0
96b7046f-f584-422f-a626-6f86a26dfd8b,3,1,0.019451,0
96b7046f-f584-422f-a626-6f86a26dfd8b,3,2,0.031521,0
96b7046f-f584-422f-a626-6f86a26dfd8b,3,3,0.973269,1
96b7046f-f584-422f-a626-6f86a26dfd8b,3,4,0.689848,1
96b7046f-f584-422f-a626-6f86a26dfd8b,3,5,0.962937,1
96b7046f-f584-422f-a626-6f86a26dfd8b,3,6,0.017490,0
96b7046f-f584-422f-a626-6f86a26dfd8b,3,7,0.016237,0
96b7046f-f584-422f-a626-6f86a26dfd8b,3,8,0.890346,1
96b7046f-f584-422f-a626-6f86a26dfd8b,3,9,0.015208,0
96b7046f-f584-422f-a626-6f86a26dfd8b,3,10,0.016709,0
96b7046f-f584-422f-a626-6f86a26dfd8b,3,11,0.984169,1
96b7046f-f584-422f-a626-6f86a26dfd8b,3,12,0.789411,1
96b7046f-f584-422f-a626-6f86a26dfd8b,3,13,0.406794,0
96b7046f-f584-422f-a626-6f86a26dfd8b,3,14,0.078239,0
96b7046f-f584-422f-a626-6f86a26dfd8b,3,15,0.029360,0
96b7046f-f584-422f-a626-6f86a26dfd8b,3,16,0.019455,0
96b7046f-f584-422f-a626-6f86a26dfd8b,3,17,0.498335,0
96b7046f-f584-422f-a626-6f86a26dfd8b,3,18,0.246250,0
96b7046f-f584-422f-a626-6f86a26dfd8b,3,19,0.021163,0
96b7046f-f584-422f-a626-6f86a26dfd8b,3,20,0.710907,1
96b7046f-f584-422f-a626-6f86a26dfd8b,3,21,0.020096,0
96b7046f-f584-422f-a626-6f86a26dfd8b,3,22,0.113016,0
96b7046f-f584-422f-a626-6f86a26dfd8b,3,23,0.031603,0
96b7046f-f584-422f-a626-6f86a26dfd8b,3,24,0.012471,0
96b7046f-f584-422f-a626-6f86a26dfd8b,3,25,0.015325,0
96b7046f-f584-422f-a626-6f86a26dfd8b,3,26,0.051406,0
b764f81f-6d08-4d7c-b1a8-8961bed0a455,1,0,0.084773,0
b764f81f-6d08-4d7c-b1a8-8961bed0a455,1,1,0.105409,0
b764f81f-6d08-4d7c-b1a8-8961bed0a455,1,2,0.015570,0
b764f81f-6d08-4d7c-b1a8-8961bed0a455,1,3,0.021006,0
b764f81f-6d08-4d7c-b1a8-8961bed0a455,1,4,0.016078,0
b764f81f-6d08-4d7c-b1a8-8961bed0a455,1,5,0.012404,0
b764f81f-6d08-4d7c-b1a8-8961bed0a455,1,6,0.098262,0
b764f81f-6d08-4d7c-b1a8-8961bed0a455,1,7,0.029408,0
b764f81f-6d08-4d7c-b1a8-8961bed0a455,1,8,0.029765,0
b764f81f-6d08-4d7c-b1a8-8961bed0a455,1,9,0.050300,0
b764f81f-6d08-4d7c-b1a8-8961bed0a455,1,10,0.012903,0
b764f81f-6d08-4d7c-b1a8-8961bed0a455,1,11,0.012551,0
b764f81f-6d08-4d7c-b1a8-8961bed0a455,1,12,0.023887,0
b764f81f-6d08-4d7c-b1a8-8961bed0a455,1,13,0.018125,0
b764f81f-6d08-4d7c-b1a8-8961bed0a455,1,14,0.010202,0
b764f81f-6d08-4d7c-b1a8-8961bed0a455,1,15,0.025515,0
b764f81f-6d08-4d7c-b1a8-8961bed0a455,1,16,0.030806,0
b764f81f-6d08-4d7c-b1a8-8961bed0a455,1,17,0.039544,0
b764f81f-6d08-4d7c-b1a8-8961bed0a455,1,18,0.026003,0
b764f81f-6d08-4d7c-b1a8-8961bed0a455,1,19,0.018841,0
b764f81f-6d08-4d7c-b1a8-8961bed0a455,1,20,0.015883,0
b764f81f-6d08-4d7c-b1a8-8961bed0a455,1,21,0.197429,0
b764f81f-6d08-4d7c-b1a8-8961bed0a455,1,22,0.012986,0
b764f81f-6d08-4d7c-b1a8-8961bed0a455,1,23,0.016338,0
b764f81f-6d08-4d7c-b1a8-8961bed0a455,1,24,0.024543,0
b764f81f-6d08-4d7c-b1a8-8961bed0a455,1,25,0.033852,0
b764f81f-6d08-4d7c-b1a8-8961bed0a455,1,26,0.064793,0
b764f81f-6d08-4d7c-b1a8-8961bed0a455,1,27,0.013451,0
b764f81f-6d08-4d7c-b1a8-8961bed0a455,1,28,0.013726,0
b764f81f-6d08-4d7c-b1a8-8961bed0a455,1,29,0.013130,0
b764f81f-6d08-4d7c-b1a8-8961bed0a455,1,30,0.039644,0
b764f81f-6d08-4d7c-b1a8-8961bed0a455,1,31,0.052550,0
b764f81f-6d08-4d7c-b1a8-8961bed0a455,1,32,0.087157,0
b764f81f-6d08-4d7c-b1a8-8961bed0a455,1,33,0.012002,0
b764f81f-6d08-4d7c-b1a8-8961bed0a455,1,34,0.012059,0
b764f81f-6d08-4d7c-b1a8-8961bed0a455,1,35,0.060164,0
b764f81f-6d08-4d7c-b1a8-8961bed0a455,1,36,0.011478,0
b764f81f-6d08-4d7c-b1a8-8961bed0a455,1,37,0.123795,0
b764f81f-6d08-4d7c-b1a8-8961bed0a455,1,38,0.032706,0
b764f81f-6d08-4d7c-b1a8-8961bed0a455,1,39,0.237299,0
b764f81f-6d08-4d7c-b1a8-8961bed0a455,1,40,0.058684,0
b764f81f-6d08-4d7c-b1a8-8961bed0a455,2,0,0.019520,0
b764f81f-6d08-4d7c-b1a8-8961bed0a455,2,1,0.011454,0
b764f81f-6d08-4d7c-b1a8-8961bed0a455,2,2,0.014634,0
b764f81f-6d08-4d7c-b1a8-8961bed0a455,2,3,0.015711,0
b764f81f-6d08-4d7c-b1a8-8961bed0a455,2,4,0.132444,0
b764f81f-6d08-4d7c-b1a8-8961bed0a455,2,5,0.013905,0
b764f81f-6d08-4d7c-b1a8-8961bed0a455,2,6,0.012602,0
b764f81f-6d08-4d7c-b1a8-8961bed0a455,2,7,0.018281,0
b764f81f-6d08-4d7c-b1a8-8961bed0a455,2,8,0.013222,0
b764f81f-6d08-4d7c-b1a8-8961bed0a455,2,9,0.015665,0
b764f81f-6d08-4d7c-b1a8-8961bed0a455,2,10,0.015481,0
b764f81f-6d08-4d7c-b1a8-8961bed0a455,2,11,0.012322,0
b764f81f-6d08-4d7c-b1a8-8961bed0a455,2,12,0.016595,0
b764f81f-6d08-4d7c-b1a8-8961bed0a455,2,13,0.013289,0
b764f81f-6d08-4d7c-b1a8-8961bed0a455,2,14,0.011484,0
b764f81f-6d08-4d7c-b1a8-8961bed0a455,2,15,0.019363,0
b764f81f-6d08-4d7c-b1a8-8961bed0a455,2,16,0.017898,0
b764f81f-6d08-4d7c-b1a8-8961bed0a455,2,17,0.090073,0
b764f81f-6d08-4d7c-b1a8-8961bed0a455,2,18,0.047998,0
b764f81f-6d08-4d7c-b1a8-8961bed0a455,2,19,0.017388,0
b764f81f-6d08-4d7c-b1a8-8961bed0a455,2,20,0.025636,0
b764f81f-6d08-4d7c-b1a8-8961bed0a455,2,21,0.052273,0
b764f81f-6d08-4d7c-b1a8-8961bed0a455,2,22,0.012822,0
b764f81f-6d08-4d7c-b1a8-8961bed0a455,2,23,0.014800,0
b764f81f-6d08-4d7c-b1a8-8961bed0a455,2,24,0.044096,0
b764f81f-6d08-4d7c-b1a8-8961bed0a455,2,25,0.032608,0
b764f81f-6d08-4d7c-b1a8-8961bed0a455,2,26,0.012122,0
b764f81f-6d08-4d7c-b1a8-8961bed0a455,2,27,0.011971,0
b764f81f-6d08-4d7c-b1a8-8961bed0a455,3,0,0.042319,0
b764f81f-6d08-4d7c-b1a8-8961bed0a455,3,1,0.016011,0
b764f81f-6d08-4d7c-b1a8-8961bed0a455,3,2,0.012135,0
b764f81f-6d08-4d7c-b1a8-8961bed0a455,3,3,0.246312,0
b764f81f-6d08-4d7c-b1a8-8961bed0a455,3,4,0.042793,0
b764f81f-6d08-4d7c-b1a8-8961bed0a455,3,5,0.011395,0
b764f81f-6d08-4d7c-b1a8-8961bed0a455,3,6,0.014193,0
b764f81f-6d08-4d7c-b1a8-8961bed0a455,3,7,0.078862,0
b764f81f-6d08-4d7c-b1a8-8961bed0a455,3,8,0.032887,0
b764f81f-6d08-4d7c-b1a8-8961bed0a455,3,9,0.018750,0
b764f81f-6d08-4d7c-b1a8-8961bed0a455,3,10,0.029404,0
b764f81f-6d08-4d7c-b1a8-8961bed0a455,3,11,0.053398,0
b764f81f-6d08-4d7c-b1a8-8961bed0a455,3,12,0.023764,0
b764f81f-6d08-4d7c-b1a8-8961bed0a455,3,13,0.016353,0
b764f81f-6d08-4d7c-b1a8-8961bed0a455,3,14,0.016362,0
b764f81f-6d08-4d7c-b1a8-8961bed0a455,3,15,0.017192,0
b764f81f-6d08-4d7c-b1a8-8961bed0a455,3,16,0.018250,0
b764f81f-6d08-4d7c-b1a8-8961bed0a455,3,17,0.019474,0
b764f81f-6d08-4d7c-b1a8-8961bed0a455,3,18,0.352808,0
b764f81f-6d08-4d7c-b1a8-8961bed0a455,3,19,0.043033,0
b764f81f-6d08-4d7c-b1a8-8961bed0a455,3,20,0.708023,1
b764f81f-6d08-4d7c-b1a8-8961bed0a455,3,21,0.035170,0
b764f81f-6d08-4d7c-b1a8-8961bed0a455,3,22,0.015747,0
b764f81f-6d08-4d7c-b1a8-8961bed0a455,3,23,0.024717,0
b764f81f-6d08-4d7c-b1a8-8961bed0a455,3,24,0.028831,0
b764f81f-6d08-4d7c-b1a8-8961bed0a455,3,25,0.072849,0
b764f81f-6d08-4d7c-b1a8-8961bed0a455,3,26,0.014860,0
b764f81f-6d08-4d7c-b1a8-8961bed0a455,3,27,0.011844,0
b764f81f-6d08-4d7c-b1a8-8961bed0a455,3,28,0.077311,0
b764f81f-6d08-4d7c-b1a8-8961bed0a455,3,29,0.014578,0
b764f81f-6d08-4d7c-b1a8-8961bed0a455,3,30,0.535597,1
b764f81f-6d08-4d7c-b1a8-8961bed0a455,3,31,0.983108,1
b764f81f-6d08-4d7c-b1a8-8961bed0a455,3,32,0.920739,1
b764f81f-6d08-4d7c-b1a8-8961bed0a455,3,33,0.933227,1
b764f81f-6d08-4d7c-b1a8-8961bed0a455,3,34,0.022206,0
b764f81f-6d08-4d7c-b1a8-8961bed0a455,3,35,0.534183,1
b764f81f-6d08-4d7c-b1a8-8961bed0a455,3,36,0.275417,0
b764f81f-6d08-4d7c-b1a8-8961bed0a455,3,37,0.030660,0
c99adbdd-eaf3-4844-9548-2642e80de4e2,1,0,0.462288,0
c99adbdd-eaf3-4844-9548-2642e80de4e2,1,1,0.222988,0
c99adbdd-eaf3-4844-9548-2642e80de4e2,1,2,0.029285,0
c99adbdd-eaf3-4844-9548-2642e80de4e2,1,3,0.990672,1
c99adbdd-eaf3-4844-9548-2642e80de4e2,1,4,0.582750,1
c99adbdd-eaf3-4844-9548-2642e80de4e2,1,5,0.025859,0
c99adbdd-eaf3-4844-9548-2642e80de4e2,1,6,0.016967,0
c99adbdd-eaf3-4844-9548-2642e80de4e2,1,7,0.017385,0
c99adbdd-eaf3-4844-9548-2642e80de4e2,1,8,0.044527,0
c99adbdd-eaf3-4844-9548-2642e80de4e2,1,9,0.116285,0
c99adbdd-eaf3-4844-9548-2642e80de4e2,1,10,0.019953,0
c99adbdd-eaf3-4844-9548-2642e80de4e2,1,11,0.023352,0
c99adbdd-eaf3-4844-9548-2642e80de4e2,1,12,0.205405,0
c99adbdd-eaf3-4844-9548-2642e80de4e2,1,13,0.016647,0
c99adbdd-eaf3-4844-9548-2642e80de4e2,1,14,0.828464,1
c99adbdd-eaf3-4844-9548-2642e80de4e2,1,15,0.394429,0
c99adbdd-eaf3-4844-9548-2642e80de4e2,1,16,0.063405,0
c99adbdd-eaf3-4844-9548-2642e80de4e2,1,17,0.262045,0
c99adbdd-eaf3-4844-9548-2642e80de4e2,1,18,0.397275,0
c99adbdd-eaf3-4844-9548-2642e80de4e2,1,19,0.040963,0
c99adbdd-eaf3-4844-9548-2642e80de4e2,1,20,0.015819,0
c99adbdd-eaf3-4844-9548-2642e80de4e2,1,21,0.013933,0
c99adbdd-eaf3-4844-9548-2642e80de4e2,1,22,0.058961,0
c99adbdd-eaf3-4844-9548-2642e80de4e2,1,23,0.131966,0
c99adbdd-eaf3-4844-9548-2642e80de4e2,1,24,0.040621,0
c99adbdd-eaf3-4844-9548-2642e80de4e2,1,25,0.014279,0
c99adbdd-eaf3-4844-9548-2642e80de4e2,1,26,0.013576,0
c99adbdd-eaf3-4844-9548-2642e80de4e2,1,27,0.026382,0
c99adbdd-eaf3-4844-9548-2642e80de4e2,1,28,0.016852,0
c99adbdd-eaf3-4844-9548-2642e80de4e2,1,29,0.011505,0
c99adbdd-eaf3-4844-9548-2642e80de4e2,1,30,0.071894,0
c99adbdd-eaf3-4844-9548-2642e80de4e2,1,31,0.032852,0
c99adbdd-eaf3-4844-9548-2642e80de4e2,1,32,0.290568,0
c99adbdd-eaf3-4844-9548-2642e80de4e2,1,33,0.369172,0
c99adbdd-eaf3-4844-9548-2642e80de4e2,1,34,0.075571,0
c99adbdd-eaf3-4844-9548-2642e80de4e2,1,35,0.932281,1
c99adbdd-eaf3-4844-9548-2642e80de4e2,2,0,0.016971,0
c99adbdd-eaf3-4844-9548-2642e80de4e2,2,1,0.040338,0
c99adbdd-eaf3-4844-9548-2642e80de4e2,2,2,0.093171,0
c99adbdd-eaf3-4844-9548-2642e80de4e2,2,3,0.022176,0
c99adbdd-eaf3-4844-9548-2642e80de4e2,2,4,0.030332,0
c99adbdd-eaf3-4844-9548-2642e80de4e2,2,5,0.618741,1
c99adbdd-eaf3-4844-9548-2642e80de4e2,2,6,0.025365,0
c99adbdd-eaf3-4844-9548-2642e80de4e2,2,7,0.080680,0
c99adbdd-eaf3-4844-9548-2642e80de4e2,2,8,0.093459,0
c99adbdd-eaf3-4844-9548-2642e80de4e2,2,9,0.018887,0
c99adbdd-eaf3-4844-9548-2642e80de4e2,2,10,0.028158,0
c99adbdd-eaf3-4844-9548-2642e80de4e2,2,11,0.898204,1
c99adbdd-eaf3-4844-9548-2642e80de4e2,2,12,0.941470,1
c99adbdd-eaf3-4844-9548-2642e80de4e2,2,13,0.314027,0
c99adbdd-eaf3-4844-9548-2642e80de4e2,2,14,0.764815,1
c99adbdd-eaf3-4844-9548-2642e80de4e2,2,15,0.029447,0
c99adbdd-eaf3-4844-9548-2642e80de4e2,2,16,0.023161,0
c99adbdd-eaf3-4844-9548-2642e80de4e2,2,17,0.012893,0
c99adbdd-eaf3-4844-9548-2642e80de4e2,2,18,0.980956,1
c99adbdd-eaf3-4844-9548-2642e80de4e2,2,19,0.437322,0
c99adbdd-eaf3-4844-9548-2642e80de4e2,2,20,0.022690,0
c99adbdd-eaf3-4844-9548-2642e80de4e2,2,21,0.989121,1
c99adbdd-eaf3-4844-9548-2642e80de4e2,2,22,0.861542,1
c99adbdd-eaf3-4844-9548-2642e80de4e2,2,23,0.057841,0
c99adbdd-eaf3-4844-9548-2642e80de4e2,2,24,0.218235,0
c99adbdd-eaf3-4844-9548-2642e80de4e2,2,25,0.074407,0
c99adbdd-eaf3-4844-9548-2642e80de4e2,2,26,0.471192,0
c99adbdd-eaf3-4844-9548-2642e80de4e2,2,27,0.988738,1
c99adbdd-eaf3-4844-9548-2642e80de4e2,2,28,0.100559,0
c99adbdd-eaf3-4844-9548-2642e80de4e2,2,29,0.655708,1
c99adbdd-eaf3-4844-9548-2642e80de4e2,2,30,0.018161,0
c99adbdd-eaf3-4844-9548-2642e80de4e2,2,31,0.015001,0
c99adbdd-eaf3-4844-9548-2642e80de4e2,2,32,0.048012,0
c99adbdd-eaf3-4844-9548-2642e80de4e2,2,33,0.405046,0
c99adbdd-eaf3-4844-9548-2642e80de4e2,2,34,0.017546,0
c99adbdd-eaf3-4844-9548-2642e80de4e2,3,0,0.067551,0
c99adbdd-eaf3-4844-9548-2642e80de4e2,3,1,0.017542,0
c99adbdd-eaf3-4844-9548-2642e80de4e2,3,2,0.483344,0
c99adbdd-eaf3-4844-9548-2642e80de4e2,3,3,0.198531,0
c99adbdd-eaf3-4844-9548-2642e80de4e2,3,4,0.071867,0
c99adbdd-eaf3-4844-9548-2642e80de4e2,3,5,0.795990,1
c99adbdd-eaf3-4844-9548-2642e80de4e2,3,6,0.052768,0
c99adbdd-eaf3-4844-9548-2642e80de4e2,3,7,0.020211,0
c99adbdd-eaf3-4844-9548-2642e80de4e2,3,8,0.689110,1
c99adbdd-eaf3-4844-9548-2642e80de4e2,3,9,0.837089,1
c99adbdd-eaf3-4844-9548-2642e80de4e2,3,10,0.031297,0
c99adbdd-eaf3-4844-9548-2642e80de4e2,3,11,0.507048,1
c99adbdd-eaf3-4844-9548-2642e80de4e2,3,12,0.017577,0
c99adbdd-eaf3-4844-9548-2642e80de4e2,3,13,0.075289,0
c99adbdd-eaf3-4844-9548-2642e80de4e2,3,14,0.059018,0
c99adbdd-eaf3-4844-9548-2642e80de4e2,3,15,0.017919,0
c99adbdd-eaf3-4844-9548-2642e80de4e2,3,16,0.021504,0
c99adbdd-eaf3-4844-9548-2642e80de4e2,3,17,0.963065,1
c99adbdd-eaf3-4844-9548-2642e80de4e2,3,18,0.992815,1
c99adbdd-eaf3-4844-9548-2642e80de4e2,3,19,0.027838,0
c99adbdd-eaf3-4844-9548-2642e80de4e2,3,20,0.021857,0
c99adbdd-eaf3-4844-9548-2642e80de4e2,3,21,0.092749,0
c99adbdd-eaf3-4844-9548-2642e80de4e2,3,22,0.023653,0
c99adbdd-eaf3-4844-9548-2642e80de4e2,3,23,0.048507,0
c99adbdd-eaf3-4844-9548-2642e80de4e2,3,24,0.238671,0
c99adbdd-eaf3-4844-9548-2642e80de4e2,3,25,0.185236,0
c99adbdd-eaf3-4844-9548-2642e80de4e2,3,26,0.032580,0
c99adbdd-eaf3-4844-9548-2642e80de4e2,3,27,0.021015,0
c99adbdd-eaf3-4844-9548-2642e80de4e2,3,28,0.034408,0
c99adbdd-eaf3-4844-9548-2642e80de4e2,3,29,0.019883,0
c99adbdd-eaf3-4844-9548-2642e80de4e2,3,30,0.161195,0
c99adbdd-eaf3-4844-9548-2642e80de4e2,3,31,0.015416,0
c99adbdd-eaf3-4844-9548-2642e80de4e2,3,32,0.021615,0
c99adbdd-eaf3-4844-9548-2642e80de4e2,3,33,0.249679,0
ccf19ab6-7878-4378-b99c-2b08cc21371f,1,0,0.042780,0
ccf19ab6-7878-4378-b99c-2b08cc21371f,1,1,0.165190,0
ccf19ab6-7878-4378-b99c-2b08cc21371f,1,2,0.056807,0
ccf19ab6-7878-4378-b99c-2b08cc21371f,1,3,0.015658,0
ccf19ab6-7878-4378-b99c-2b08cc21371f,1,4,0.038062,0
ccf19ab6-7878-4378-b99c-2b08cc21371f,1,5,0.162847,0
ccf19ab6-7878-4378-b99c-2b08cc21371f,1,6,0.025179,0
ccf19ab6-7878-4378-b99c-2b08cc21371f,1,7,0.020367,0
ccf19ab6-7878-4378-b99c-2b08cc21371f,1,8,0.394726,0
ccf19ab6-7878-4378-b99c-2b08cc21371f,2,0,0.109024,0
ccf19ab6-7878-4378-b99c-2b08cc21371f,2,1,0.017460,0
ccf19ab6-7878-4378-b99c-2b08cc21371f,2,2,0.022282,0
ccf19ab6-7878-4378-b99c-2b08cc21371f,2,3,0.039116,0
ccf19ab6-7878-4378-b99c-2b08cc21371f,2,4,0.013428,0
ccf19ab6-7878-4378-b99c-2b08cc21371f,2,5,0.035700,0
ccf19ab6-7878-4378-b99c-2b08cc21371f,2,6,0.014054,0
ccf19ab6-7878-4378-b99c-2b08cc21371f,2,7,0.078053,0
ccf19ab6-7878-4378-b99c-2b08cc21371f,2,8,0.484136,0
ccf19ab6-7878-4378-b99c-2b08cc21371f,2,9,0.018307,0
ccf19ab6-7878-4378-b99c-2b08cc21371f,2,10,0.021005,0
ccf19ab6-7878-4378-b99c-2b08cc21371f,2,11,0.015203,0
ccf19ab6-7878-4378-b99c-2b08cc21371f,2,12,0.044907,0
ccf19ab6-7878-4378-b99c-2b08cc21371f,2,13,0.032703,0
ccf19ab6-7878-4378-b99c-2b08cc21371f,2,14,0.024641,0
ccf19ab6-7878-4378-b99c-2b08cc21371f,2,15,0.024663,0
ccf19ab6-7878-4378-b99c-2b08cc21371f,2,16,0.040103,0
ccf19ab6-7878-4378-b99c-2b08cc21371f,2,17,0.131861,0
ccf19ab6-7878-4378-b99c-2b08cc21371f,2,18,0.235248,0
ccf19ab6-7878-4378-b99c-2b08cc21371f,2,19,0.026100,0
ccf19ab6-7878-4378-b99c-2b08cc21371f,3,0,0.051821,0
ccf19ab6-7878-4378-b99c-2b08cc21371f,3,1,0.125134,0
ccf19ab6-7878-4378-b99c-2b08cc21371f,3,2,0.011789,0
ccf19ab6-7878-4378-b99c-2b08cc21371f,3,3,0.031702,0
ccf19ab6-7878-4378-b99c-2b08cc21371f,3,4,0.180987,0
ccf19ab6-7878-4378-b99c-2b08cc21371f,3,5,0.018606,0
ccf19ab6-7878-4378-b99c-2b08cc21371f,3,6,0.467943,0
ccf19ab6-7878-4378-b99c-2b08cc21371f,3,7,0.056265,0
ccf19ab6-7878-4378-b99c-2b08cc21371f,3,8,0.128809,0
ccf19ab6-7878-4378-b99c-2b08cc21371f,3,9,0.904220,1
ccf19ab6-7878-4378-b99c-2b08cc21371f,3,10,0.088869,0
ccf19ab6-7878-4378-b99c-2b08cc21371f,3,11,0.068506,0
ccf19ab6-7878-4378-b99c-2b08cc21371f,3,12,0.015476,0
ccf19ab6-7878-4378-b99c-2b08cc21371f,3,13,0.135142,0
ccf19ab6-7878-4378-b99c-2b08cc21371f,3,14,0.012904,0
ccf19ab6-7878-4378-b99c-2b08cc21371f,3,15,0.897838,1
ccf19ab6-7878-4378-b99c-2b08cc21371f,3,16,0.044848,0
ccf19ab6-7878-4378-b99c-2b08cc21371f,3,17,0.033231,0
d1344998-0e7c-409e-aaad-df5be687fc94,1,0,0.011195,0
d1344998-0e7c-409e-aaad-df5be687fc94,1,1,0.011127,0
d1344998-0e7c-409e-aaad-df5be687fc94,1,2,0.013866,0
d1344998-0e7c-409e-aaad-df5be687fc94,1,3,0.015574,0
d1344998-0e7c-409e-aaad-df5be687fc94,1,4,0.014958,0
d1344998-0e7c-409e-aaad-df5be687fc94,1,5,0.013819,0
d1344998-0e7c-409e-aaad-df5be687fc94,1,6,0.016336,0
d1344998-0e7c-409e-aaad-df5be687fc94,1,7,0.014045,0
d1344998-0e7c-409e-aaad-df5be687fc94,1,8,0.018513,0
d1344998-0e7c-409e-aaad-df5be687fc94,1,9,0.014821,0
d1344998-0e7c-409e-aaad-df5be687fc94,1,10,0.010890,0
d1344998-0e7c-409e-aaad-df5be687fc94,1,11,0.049195,0
d1344998-0e7c-409e-aaad-df5be687fc94,1,12,0.012548,0
d1344998-0e7c-409e-aaad-df5be687fc94,1,13,0.012203,0
d1344998-0e7c-409e-aaad-df5be687fc94,1,14,0.013567,0
d1344998-0e7c-409e-aaad-df5be687fc94,1,15,0.011152,0
d1344998-0e7c-409e-aaad-df5be687fc94,1,16,0.018727,0
d1344998-0e7c-409e-aaad-df5be687fc94,1,17,0.015124,0
d1344998-0e7c-409e-aaad-df5be687fc94,1,18,0.013870,0
d1344998-0e7c-409e-aaad-df5be687fc94,1,19,0.088756,0
d1344998-0e7c-409e-aaad-df5be687fc94,1,20,0.011408,0
d1344998-0e7c-409e-aaad-df5be687fc94,2,0,0.017511,0
d1344998-0e7c-409e-aaad-df5be687fc94,2,1,0.013749,0
d1344998-0e7c-409e-aaad-df5be687fc94,2,2,0.015938,0
d1344998-0e7c-409e-aaad-df5be687fc94,2,3,0.017821,0
d1344998-0e7c-409e-aaad-df5be687fc94,2,4,0.031005,0
d1344998-0e7c-409e-aaad-df5be687fc94,2,5,0.013472,0
d1344998-0e7c-409e-aaad-df5be687fc94,2,6,0.016488,0
d1344998-0e7c-409e-aaad-df5be687fc94,2,7,0.018116,0
d1344998-0e7c-409e-aaad-df5be687fc94,2,8,0.019180,0
d1344998-0e7c-409e-aaad-df5be687fc94,2,9,0.033207,0
d1344998-0e7c-409e-aaad-df5be687fc94,2,10,0.012921,0
d1344998-0e7c-409e-aaad-df5be687fc94,2,11,0.012727,0
d1344998-0e7c-409e-aaad-df5be687fc94,2,12,0.018777,0
d1344998-0e7c-409e-aaad-df5be687fc94,3,0,0.012398,0
d1344998-0e7c-409e-aaad-df5be687fc94,3,1,0.011760,0
d1344998-0e7c-409e-aaad-df5be687fc94,3,2,0.017627,0
d1344998-0e7c-409e-aaad-df5be687fc94,3,3,0.017821,0
d1344998-0e7c-409e-aaad-df5be687fc94,3,4,0.031005,0
d1344998-0e7c-409e-aaad-df5be687fc94,3,5,0.889020,1
d1344998-0e7c-409e-aaad-df5be687fc94,3,6,0.173191,0
d1344998-0e7c-409e-aaad-df5be687fc94,3,7,0.131730,0
d1344998-0e7c-409e-aaad-df5be687fc94,3,8,0.015719,0
d1344998-0e7c-409e-aaad-df5be687fc94,3,9,0.018035,0
d1344998-0e7c-409e-aaad-df5be687fc94,3,10,0.017275,0
ed8c136f-8d44-4c83-ad05-0dcfc3a0c54a,1,0,0.013740,0
ed8c136f-8d44-4c83-ad05-0dcfc3a0c54a,1,1,0.013839,0
ed8c136f-8d44-4c83-ad05-0dcfc3a0c54a,1,2,0.013783,0
ed8c136f-8d44-4c83-ad05-0dcfc3a0c54a,1,3,0.015296,0
ed8c136f-8d44-4c83-ad05-0dcfc3a0c54a,1,4,0.015749,0
ed8c136f-8d44-4c83-ad05-0dcfc3a0c54a,1,5,0.013247,0
ed8c136f-8d44-4c83-ad05-0dcfc3a0c54a,1,6,0.035967,0
ed8c136f-8d44-4c83-ad05-0dcfc3a0c54a,1,7,0.806534,1
ed8c136f-8d44-4c83-ad05-0dcfc3a0c54a,1,8,0.018362,0
ed8c136f-8d44-4c83-ad05-0dcfc3a0c54a,1,9,0.012157,0
ed8c136f-8d44-4c83-ad05-0dcfc3a0c54a,1,10,0.012922,0
ed8c136f-8d44-4c83-ad05-0dcfc3a0c54a,1,11,0.013260,0
ed8c136f-8d44-4c83-ad05-0dcfc3a0c54a,1,12,0.013266,0
ed8c136f-8d44-4c83-ad05-0dcfc3a0c54a,1,13,0.025395,0
ed8c136f-8d44-4c83-ad05-0dcfc3a0c54a,1,14,0.040550,0
ed8c136f-8d44-4c83-ad05-0dcfc3a0c54a,1,15,0.025957,0
ed8c136f-8d44-4c83-ad05-0dcfc3a0c54a,1,16,0.018975,0
ed8c136f-8d44-4c83-ad05-0dcfc3a0c54a,1,17,0.022827,0
ed8c136f-8d44-4c83-ad05-0dcfc3a0c54a,1,18,0.012829,0
ed8c136f-8d44-4c83-ad05-0dcfc3a0c54a,1,19,0.012340,0
ed8c136f-8d44-4c83-ad05-0dcfc3a0c54a,1,20,0.034282,0
ed8c136f-8d44-4c83-ad05-0dcfc3a0c54a,1,21,0.028205,0
ed8c136f-8d44-4c83-ad05-0dcfc3a0c54a,1,22,0.022353,0
ed8c136f-8d44-4c83-ad05-0dcfc3a0c54a,1,23,0.018044,0
ed8c136f-8d44-4c83-ad05-0dcfc3a0c54a,1,24,0.033284,0
ed8c136f-8d44-4c83-ad05-0dcfc3a0c54a,1,25,0.019678,0
ed8c136f-8d44-4c83-ad05-0dcfc3a0c54a,1,26,0.015774,0
ed8c136f-8d44-4c83-ad05-0dcfc3a0c54a,1,27,0.011204,0
ed8c136f-8d44-4c83-ad05-0dcfc3a0c54a,1,28,0.025916,0
ed8c136f-8d44-4c83-ad05-0dcfc3a0c54a,1,29,0.081323,0
ed8c136f-8d44-4c83-ad05-0dcfc3a0c54a,1,30,0.153614,0
ed8c136f-8d44-4c83-ad05-0dcfc3a0c54a,1,31,0.387117,0
ed8c136f-8d44-4c83-ad05-0dcfc3a0c54a,1,32,0.020350,0
ed8c136f-8d44-4c83-ad05-0dcfc3a0c54a,1,33,0.032204,0
ed8c136f-8d44-4c83-ad05-0dcfc3a0c54a,1,34,0.029632,0
ed8c136f-8d44-4c83-ad05-0dcfc3a0c54a,1,35,0.013159,0
ed8c136f-8d44-4c83-ad05-0dcfc3a0c54a,1,36,0.010459,0
ed8c136f-8d44-4c83-ad05-0dcfc3a0c54a,1,37,0.041194,0
ed8c136f-8d44-4c83-ad05-0dcfc3a0c54a,1,38,0.159081,0
ed8c136f-8d44-4c83-ad05-0dcfc3a0c54a,1,39,0.965845,1
ed8c136f-8d44-4c83-ad05-0dcfc3a0c54a,1,40,0.110316,0
ed8c136f-8d44-4c83-ad05-0dcfc3a0c54a,1,41,0.011286,0
ed8c136f-8d44-4c83-ad05-0dcfc3a0c54a,1,42,0.014412,0
ed8c136f-8d44-4c83-ad05-0dcfc3a0c54a,2,0,0.012323,0
ed8c136f-8d44-4c83-ad05-0dcfc3a0c54a,2,1,0.011460,0
ed8c136f-8d44-4c83-ad05-0dcfc3a0c54a,2,2,0.016557,0
ed8c136f-8d44-4c83-ad05-0dcfc3a0c54a,2,3,0.020588,0
ed8c136f-8d44-4c83-ad05-0dcfc3a0c54a,2,4,0.015965,0
ed8c136f-8d44-4c83-ad05-0dcfc3a0c54a,2,5,0.016562,0
ed8c136f-8d44-4c83-ad05-0dcfc3a0c54a,2,6,0.015329,0
ed8c136f-8d44-4c83-ad05-0dcfc3a0c54a,2,7,0.018839,0
ed8c136f-8d44-4c83-ad05-0dcfc3a0c54a,2,8,0.025395,0
ed8c136f-8d44-4c83-ad05-0dcfc3a0c54a,2,9,0.017174,0
ed8c136f-8d44-4c83-ad05-0dcfc3a0c54a,2,10,0.018046,0
ed8c136f-8d44-4c83-ad05-0dcfc3a0c54a,2,11,0.019041,0
ed8c136f-8d44-4c83-ad05-0dcfc3a0c54a,2,12,0.026501,0
ed8c136f-8d44-4c83-ad05-0dcfc3a0c54a,2,13,0.016768,0
ed8c136f-8d44-4c83-ad05-0dcfc3a0c54a,2,14,0.013468,0
ed8c136f-8d44-4c83-ad05-0dcfc3a0c54a,2,15,0.014653,0
ed8c136f-8d44-4c83-ad05-0dcfc3a0c54a,2,16,0.024064,0
ed8c136f-8d44-4c83-ad05-0dcfc3a0c54a,2,17,0.020438,0
ed8c136f-8d44-4c83-ad05-0dcfc3a0c54a,2,18,0.015381,0
ed8c136f-8d44-4c83-ad05-0dcfc3a0c54a,2,19,0.014207,0
ed8c136f-8d44-4c83-ad05-0dcfc3a0c54a,2,20,0.015373,0
ed8c136f-8d44-4c83-ad05-0dcfc3a0c54a,2,21,0.012141,0
ed8c136f-8d44-4c83-ad05-0dcfc3a0c54a,2,22,0.014221,0
ed8c136f-8d44-4c83-ad05-0dcfc3a0c54a,2,23,0.014433,0
ed8c136f-8d44-4c83-ad05-0dcfc3a0c54a,2,24,0.019317,0
ed8c136f-8d44-4c83-ad05-0dcfc3a0c54a,2,25,0.014940,0
ed8c136f-8d44-4c83-ad05-0dcfc3a0c54a,2,26,0.013762,0
ed8c136f-8d44-4c83-ad05-0dcfc3a0c54a,2,27,0.016098,0
ed8c136f-8d44-4c83-ad05-0dcfc3a0c54a,2,28,0.015664,0
ed8c136f-8d44-4c83-ad05-0dcfc3a0c54a,3,0,0.012131,0
ed8c136f-8d44-4c83-ad05-0dcfc3a0c54a,3,1,0.014969,0
ed8c136f-8d44-4c83-ad05-0dcfc3a0c54a,3,2,0.013166,0
ed8c136f-8d44-4c83-ad05-0dcfc3a0c54a,3,3,0.014140,0
ed8c136f-8d44-4c83-ad05-0dcfc3a0c54a,3,4,0.017380,0
ed8c136f-8d44-4c83-ad05-0dcfc3a0c54a,3,5,0.033593,0
ed8c136f-8d44-4c83-ad05-0dcfc3a0c54a,3,6,0.014275,0
ed8c136f-8d44-4c83-ad05-0dcfc3a0c54a,3,7,0.013589,0
ed8c136f-8d44-4c83-ad05-0dcfc3a0c54a,3,8,0.016354,0
ed8c136f-8d44-4c83-ad05-0dcfc3a0c54a,3,9,0.045017,0
ed8c136f-8d44-4c83-ad05-0dcfc3a0c54a,3,10,0.013602,0
ed8c136f-8d44-4c83-ad05-0dcfc3a0c54a,3,11,0.015618,0
ed8c136f-8d44-4c83-ad05-0dcfc3a0c54a,3,12,0.013855,0
ed8c136f-8d44-4c83-ad05-0dcfc3a0c54a,3,13,0.015106,0
ed8c136f-8d44-4c83-ad05-0dcfc3a0c54a,3,14,0.054307,0
ed8c136f-8d44-4c83-ad05-0dcfc3a0c54a,3,15,0.024881,0
ed8c136f-8d44-4c83-ad05-0dcfc3a0c54a,3,16,0.012791,0
ed8c136f-8d44-4c83-ad05-0dcfc3a0c54a,3,17,0.012422,0
ed8c136f-8d44-4c83-ad05-0dcfc3a0c54a,3,18,0.011869,0
ed8c136f-8d44-4c83-ad05-0dcfc3a0c54a,3,19,0.014235,0
ed8c136f-8d44-4c83-ad05-0dcfc3a0c54a,3,20,0.013598,0
ed8c136f-8d44-4c83-ad05-0dcfc3a0c54a,3,21,0.011666,0
ed8c136f-8d44-4c83-ad05-0dcfc3a0c54a,3,22,0.053339,0
ed8c136f-8d44-4c83-ad05-0dcfc3a0c54a,3,23,0.144175,0
ed8c136f-8d44-4c83-ad05-0dcfc3a0c54a,3,24,0.189572,0
ed8c136f-8d44-4c83-ad05-0dcfc3a0c54a,3,25,0.037376,0
ed8c136f-8d44-4c83-ad05-0dcfc3a0c54a,3,26,0.014017,0
ed8c136f-8d44-4c83-ad05-0dcfc3a0c54a,3,27,0.053847,0
ed8c136f-8d44-4c83-ad05-0dcfc3a0c54a,3,28,0.026055,0
ed8c136f-8d44-4c83-ad05-0dcfc3a0c54a,3,29,0.015270,0
ed8c136f-8d44-4c83-ad05-0dcfc3a0c54a,3,30,0.109558,0
ed8c136f-8d44-4c83-ad05-0dcfc3a0c54a,3,31,0.019125,0
ed8c136f-8d44-4c83-ad05-0dcfc3a0c54a,3,32,0.018213,0
ed8c136f-8d44-4c83-ad05-0dcfc3a0c54a,3,33,0.024776,0
ed8c136f-8d44-4c83-ad05-0dcfc3a0c54a,3,34,0.058103,0
ed8c136f-8d44-4c83-ad05-0dcfc3a0c54a,3,35,0.126604,0
ed8c136f-8d44-4c83-ad05-0dcfc3a0c54a,3,36,0.042851,0
ed8c136f-8d44-4c83-ad05-0dcfc3a0c54a,3,37,0.040177,0
ed8c136f-8d44-4c83-ad05-0dcfc3a0c54a,3,38,0.047532,0
ed8c136f-8d44-4c83-ad05-0dcfc3a0c54a,3,39,0.025011,0
ed8c136f-8d44-4c83-ad05-0dcfc3a0c54a,3,40,0.019498,0
ed8c136f-8d44-4c83-ad05-0dcfc3a0c54a,3,41,0.084657,0
ed8c136f-8d44-4c83-ad05-0dcfc3a0c54a,3,42,0.020893,0
ed8c136f-8d44-4c83-ad05-0dcfc3a0c54a,3,43,0.014728,0
ed8c136f-8d44-4c83-ad05-0dcfc3a0c54a,3,44,0.018501,0
ed8c136f-8d44-4c83-ad05-0dcfc3a0c54a,3,45,0.038579,0
ee05c9b3-529c-4268-ad72-19bd34f7197e,1,0,0.983886,1
ee05c9b3-529c-4268-ad72-19bd34f7197e,1,1,0.092703,0
ee05c9b3-529c-4268-ad72-19bd34f7197e,1,2,0.319898,0
ee05c9b3-529c-4268-ad72-19bd34f7197e,1,3,0.016373,0
ee05c9b3-529c-4268-ad72-19bd34f7197e,1,4,0.049654,0
ee05c9b3-529c-4268-ad72-19bd34f7197e,1,5,0.017489,0
ee05c9b3-529c-4268-ad72-19bd34f7197e,1,6,0.646952,1
ee05c9b3-529c-4268-ad72-19bd34f7197e,1,7,0.013284,0
ee05c9b3-529c-4268-ad72-19bd34f7197e,1,8,0.114913,0
ee05c9b3-529c-4268-ad72-19bd34f7197e,1,9,0.181449,0
ee05c9b3-529c-4268-ad72-19bd34f7197e,1,10,0.024958,0
ee05c9b3-529c-4268-ad72-19bd34f7197e,1,11,0.056945,0
ee05c9b3-529c-4268-ad72-19bd34f7197e,1,12,0.291795,0
ee05c9b3-529c-4268-ad72-19bd34f7197e,1,13,0.148427,0
ee05c9b3-529c-4268-ad72-19bd34f7197e,1,14,0.016704,0
ee05c9b3-529c-4268-ad72-19bd34f7197e,1,15,0.059153,0
ee05c9b3-529c-4268-ad72-19bd34f7197e,1,16,0.022986,0
ee05c9b3-529c-4268-ad72-19bd34f7197e,1,17,0.038260,0
ee05c9b3-529c-4268-ad72-19bd34f7197e,1,18,0.031814,0
ee05c9b3-529c-4268-ad72-19bd34f7197e,1,19,0.032133,0
ee05c9b3-529c-4268-ad72-19bd34f7197e,1,20,0.135491,0
ee05c9b3-529c-4268-ad72-19bd34f7197e,1,21,0.020612,0
ee05c9b3-529c-4268-ad72-19bd34f7197e,1,22,0.016198,0
ee05c9b3-529c-4268-ad72-19bd34f7197e,1,23,0.106549,0
ee05c9b3-529c-4268-ad72-19bd34f7197e,1,24,0.024247,0
ee05c9b3-529c-4268-ad72-19bd34f7197e,1,25,0.017812,0
ee05c9b3-529c-4268-ad72-19bd34f7197e,1,26,0.496492,0
ee05c9b3-529c-4268-ad72-19bd34f7197e,1,27,0.041152,0
ee05c9b3-529c-4268-ad72-19bd34f7197e,1,28,0.286811,0
ee05c9b3-529c-4268-ad72-19bd34f7197e,1,29,0.017568,0
ee05c9b3-529c-4268-ad72-19bd34f7197e,1,30,0.764240,1
ee05c9b3-529c-4268-ad72-19bd34f7197e,1,31,0.188857,0
ee05c9b3-529c-4268-ad72-19bd34f7197e,1,32,0.241706,0
ee05c9b3-529c-4268-ad72-19bd34f7197e,1,33,0.016521,0
ee05c9b3-529c-4268-ad72-19bd34f7197e,1,34,0.234808,0
ee05c9b3-529c-4268-ad72-19bd34f7197e,1,35,0.936098,1
ee05c9b3-529c-4268-ad72-19bd34f7197e,1,36,0.372944,0
ee05c9b3-529c-4268-ad72-19bd34f7197e,1,37,0.246312,0
ee05c9b3-529c-4268-ad72-19bd34f7197e,1,38,0.016155,0
ee05c9b3-529c-4268-ad72-19bd34f7197e,1,39,0.087340,0
ee05c9b3-529c-4268-ad72-19bd34f7197e,1,40,0.728227,1
ee05c9b3-529c-4268-ad72-19bd34f7197e,1,41,0.015852,0
ee05c9b3-529c-4268-ad72-19bd34f7197e,1,42,0.956630,1
ee05c9b3-529c-4268-ad72-19bd34f7197e,1,43,0.033718,0
ee05c9b3-529c-4268-ad72-19bd34f7197e,1,44,0.019826,0
ee05c9b3-529c-4268-ad72-19bd34f7197e,1,45,0.030127,0
ee05c9b3-529c-4268-ad72-19bd34f7197e,2,0,0.082186,0
ee05c9b3-529c-4268-ad72-19bd34f7197e,2,1,0.070357,0
ee05c9b3-529c-4268-ad72-19bd34f7197e,2,2,0.027779,0
ee05c9b3-529c-4268-ad72-19bd34f7197e,2,3,0.037638,0
ee05c9b3-529c-4268-ad72-19bd34f7197e,2,4,0.017274,0
ee05c9b3-529c-4268-ad72-19bd34f7197e,2,5,0.021840,0
ee05c9b3-529c-4268-ad72-19bd34f7197e,2,6,0.025657,0
ee05c9b3-529c-4268-ad72-19bd34f7197e,2,7,0.147231,0
ee05c9b3-529c-4268-ad72-19bd34f7197e,2,8,0.027479,0
ee05c9b3-529c-4268-ad72-19bd34f7197e,2,9,0.041129,0
ee05c9b3-529c-4268-ad72-19bd34f7197e,2,10,0.662782,1
ee05c9b3-529c-4268-ad72-19bd34f7197e,2,11,0.046320,0
ee05c9b3-529c-4268-ad72-19bd34f7197e,2,12,0.013455,0
ee05c9b3-529c-4268-ad72-19bd34f7197e,2,13,0.125109,0
ee05c9b3-529c-4268-ad72-19bd34f7197e,2,14,0.105959,0
ee05c9b3-529c-4268-ad72-19bd34f7197e,3,0,0.327970,0
ee05c9b3-529c-4268-ad72-19bd34f7197e,3,1,0.930052,1
ee05c9b3-529c-4268-ad72-19bd34f7197e,3,2,0.016499,0
ee05c9b3-529c-4268-ad72-19bd34f7197e,3,3,0.017681,0
ee05c9b3-529c-4268-ad72-19bd34f7197e,3,4,0.077298,0
ee05c9b3-529c-4268-ad72-19bd34f7197e,3,5,0.933675,1
ee05c9b3-529c-4268-ad72-19bd34f7197e,3,6,0.201385,0
ee05c9b3-529c-4268-ad72-19bd34f7197e,3,7,0.021302,0
ee05c9b3-529c-4268-ad72-19bd34f7197e,3,8,0.021537,0
ee05c9b3-529c-4268-ad72-19bd34f7197e,3,9,0.020425,0
ee05c9b3-529c-4268-ad72-19bd34f7197e,3,10,0.018114,0
13792511-5142-449f-8d3e-d77d790f65ec,1,0,0.956723,1
13792511-5142-449f-8d3e-d77d790f65ec,1,1,0.165204,0
13792511-5142-449f-8d3e-d77d790f65ec,1,2,0.013374,0
13792511-5142-449f-8d3e-d77d790f65ec,1,3,0.058255,0
13792511-5142-449f-8d3e-d77d790f65ec,1,4,0.099425,0
13792511-5142-449f-8d3e-d77d790f65ec,1,5,0.791025,1
13792511-5142-449f-8d3e-d77d790f65ec,1,6,0.286647,0
13792511-5142-449f-8d3e-d77d790f65ec,1,7,0.046190,0
13792511-5142-449f-8d3e-d77d790f65ec,1,8,0.786600,1
13792511-5142-449f-8d3e-d77d790f65ec,2,0,0.922941,1
13792511-5142-449f-8d3e-d77d790f65ec,2,1,0.881920,1
13792511-5142-449f-8d3e-d77d790f65ec,2,2,0.028326,0
13792511-5142-449f-8d3e-d77d790f65ec,2,3,0.578302,1
13792511-5142-449f-8d3e-d77d790f65ec,2,4,0.013430,0
13792511-5142-449f-8d3e-d77d790f65ec,2,5,0.027052,0
13792511-5142-449f-8d3e-d77d790f65ec,2,6,0.447925,0
13792511-5142-449f-8d3e-d77d790f65ec,2,7,0.038069,0
13792511-5142-449f-8d3e-d77d790f65ec,2,8,0.830976,1
13792511-5142-449f-8d3e-d77d790f65ec,2,9,0.568878,1
13792511-5142-449f-8d3e-d77d790f65ec,2,10,0.349321,0
13792511-5142-449f-8d3e-d77d790f65ec,2,11,0.155067,0
13792511-5142-449f-8d3e-d77d790f65ec,2,12,0.922228,1
13792511-5142-449f-8d3e-d77d790f65ec,2,13,0.991639,1
13792511-5142-449f-8d3e-d77d790f65ec,2,14,0.981518,1
13792511-5142-449f-8d3e-d77d790f65ec,2,15,0.991390,1
13792511-5142-449f-8d3e-d77d790f65ec,2,16,0.817585,1
13792511-5142-449f-8d3e-d77d790f65ec,2,17,0.025902,0
13792511-5142-449f-8d3e-d77d790f65ec,2,18,0.990857,1
13792511-5142-449f-8d3e-d77d790f65ec,2,19,0.990090,1
13792511-5142-449f-8d3e-d77d790f65ec,2,20,0.049711,0
13792511-5142-449f-8d3e-d77d790f65ec,2,21,0.848661,1
13792511-5142-449f-8d3e-d77d790f65ec,2,22,0.069984,0
13792511-5142-449f-8d3e-d77d790f65ec,2,23,0.330405,0
13792511-5142-449f-8d3e-d77d790f65ec,2,24,0.034829,0
13792511-5142-449f-8d3e-d77d790f65ec,2,25,0.054746,0
13792511-5142-449f-8d3e-d77d790f65ec,2,26,0.677101,1
13792511-5142-449f-8d3e-d77d790f65ec,2,27,0.016580,0
13792511-5142-449f-8d3e-d77d790f65ec,2,28,0.699464,1
13792511-5142-449f-8d3e-d77d790f65ec,2,29,0.992766,1
13792511-5142-449f-8d3e-d77d790f65ec,2,30,0.243319,0
13792511-5142-449f-8d3e-d77d790f65ec,2,31,0.911186,1
13792511-5142-449f-8d3e-d77d790f65ec,2,32,0.606458,1
13792511-5142-449f-8d3e-d77d790f65ec,2,33,0.244895,0
13792511-5142-449f-8d3e-d77d790f65ec,2,34,0.045160,0
13792511-5142-449f-8d3e-d77d790f65ec,2,35,0.990112,1
13792511-5142-449f-8d3e-d77d790f65ec,2,36,0.016159,0
13792511-5142-449f-8d3e-d77d790f65ec,2,37,0.014077,0
13792511-5142-449f-8d3e-d77d790f65ec,2,38,0.024722,0
13792511-5142-449f-8d3e-d77d790f65ec,2,39,0.022120,0
13792511-5142-449f-8d3e-d77d790f65ec,2,40,0.048767,0
13792511-5142-449f-8d3e-d77d790f65ec,2,41,0.285869,0
13792511-5142-449f-8d3e-d77d790f65ec,3,0,0.031925,0
13792511-5142-449f-8d3e-d77d790f65ec,3,1,0.019576,0
13792511-5142-449f-8d3e-d77d790f65ec,3,2,0.011988,0
13792511-5142-449f-8d3e-d77d790f65ec,3,3,0.012622,0
13792511-5142-449f-8d3e-d77d790f65ec,3,4,0.015349,0
13792511-5142-449f-8d3e-d77d790f65ec,3,5,0.018637,0
13792511-5142-449f-8d3e-d77d790f65ec,3,6,0.796609,1
13792511-5142-449f-8d3e-d77d790f65ec,3,7,0.733392,1
13792511-5142-449f-8d3e-d77d790f65ec,3,8,0.019892,0
13792511-5142-449f-8d3e-d77d790f65ec,3,9,0.814018,1
13792511-5142-449f-8d3e-d77d790f65ec,3,10,0.120961,0
13792511-5142-449f-8d3e-d77d790f65ec,3,11,0.069975,0
13792511-5142-449f-8d3e-d77d790f65ec,3,12,0.019056,0
13792511-5142-449f-8d3e-d77d790f65ec,3,13,0.015558,0
13792511-5142-449f-8d3e-d77d790f65ec,3,14,0.060420,0
13792511-5142-449f-8d3e-d77d790f65ec,3,15,0.016994,0
13792511-5142-449f-8d3e-d77d790f65ec,3,16,0.042947,0
13792511-5142-449f-8d3e-d77d790f65ec,3,17,0.023926,0
13792511-5142-449f-8d3e-d77d790f65ec,3,18,0.015269,0
13792511-5142-449f-8d3e-d77d790f65ec,3,19,0.013935,0
13792511-5142-449f-8d3e-d77d790f65ec,3,20,0.018437,0
13792511-5142-449f-8d3e-d77d790f65ec,3,21,0.056403,0
13792511-5142-449f-8d3e-d77d790f65ec,3,22,0.165094,0
13792511-5142-449f-8d3e-d77d790f65ec,3,23,0.013662,0
13792511-5142-449f-8d3e-d77d790f65ec,3,24,0.063566,0
13792511-5142-449f-8d3e-d77d790f65ec,3,25,0.026847,0
13792511-5142-449f-8d3e-d77d790f65ec,3,26,0.022212,0
13792511-5142-449f-8d3e-d77d790f65ec,3,27,0.013627,0
13792511-5142-449f-8d3e-d77d790f65ec,3,28,0.032574,0
2742e9c1-2943-496f-8b23-faf5332e1612,1,0,0.016087,0
2742e9c1-2943-496f-8b23-faf5332e1612,1,1,0.025291,0
2742e9c1-2943-496f-8b23-faf5332e1612,1,2,0.014181,0
2742e9c1-2943-496f-8b23-faf5332e1612,1,3,0.021817,0
2742e9c1-2943-496f-8b23-faf5332e1612,1,4,0.052300,0
2742e9c1-2943-496f-8b23-faf5332e1612,1,5,0.012938,0
2742e9c1-2943-496f-8b23-faf5332e1612,1,6,0.020660,0
2742e9c1-2943-496f-8b23-faf5332e1612,1,7,0.046117,0
2742e9c1-2943-496f-8b23-faf5332e1612,1,8,0.014184,0
2742e9c1-2943-496f-8b23-faf5332e1612,1,9,0.015402,0
2742e9c1-2943-496f-8b23-faf5332e1612,1,10,0.014561,0
2742e9c1-2943-496f-8b23-faf5332e1612,1,11,0.022948,0
2742e9c1-2943-496f-8b23-faf5332e1612,1,12,0.015364,0
2742e9c1-2943-496f-8b23-faf5332e1612,1,13,0.016706,0
2742e9c1-2943-496f-8b23-faf5332e1612,1,14,0.017841,0
2742e9c1-2943-496f-8b23-faf5332e1612,1,15,0.013007,0
2742e9c1-2943-496f-8b23-faf5332e1612,1,16,0.021106,0
2742e9c1-2943-496f-8b23-faf5332e1612,1,17,0.012993,0
2742e9c1-2943-496f-8b23-faf5332e1612,1,18,0.015023,0
2742e9c1-2943-496f-8b23-faf5332e1612,1,19,0.040444,0
2742e9c1-2943-496f-8b23-faf5332e1612,1,20,0.175524,0
2742e9c1-2943-496f-8b23-faf5332e1612,1,21,0.926302,1
2742e9c1-2943-496f-8b23-faf5332e1612,1,22,0.093969,0
2742e9c1-2943-496f-8b23-faf5332e1612,1,23,0.012249,0
2742e9c1-2943-496f-8b23-faf5332e1612,2,0,0.017261,0
2742e9c1-2943-496f-8b23-faf5332e1612,2,1,0.015840,0
2742e9c1-2943-496f-8b23-faf5332e1612,2,2,0.047044,0
2742e9c1-2943-496f-8b23-faf5332e1612,2,3,0.191137,0
2742e9c1-2943-496f-8b23-faf5332e1612,2,4,0.021073,0
2742e9c1-2943-496f-8b23-faf5332e1612,2,5,0.672395,1
2742e9c1-2943-496f-8b23-faf5332e1612,2,6,0.014697,0
2742e9c1-2943-496f-8b23-faf5332e1612,2,7,0.016771,0
2742e9c1-2943-496f-8b23-faf5332e1612,2,8,0.042206,0
2742e9c1-2943-496f-8b23-faf5332e1612,2,9,0.015153,0
2742e9c1-2943-496f-8b23-faf5332e1612,2,10,0.050649,0
2742e9c1-2943-496f-8b23-faf5332e1612,3,0,0.039733,0
2742e9c1-2943-496f-8b23-faf5332e1612,3,1,0.050680,0
2742e9c1-2943-496f-8b23-faf5332e1612,3,2,0.021347,0
2742e9c1-2943-496f-8b23-faf5332e1612,3,3,0.034635,0
2742e9c1-2943-496f-8b23-faf5332e1612,3,4,0.021859,0
2742e9c1-2943-496f-8b23-faf5332e1612,3,5,0.030401,0
2742e9c1-2943-496f-8b23-faf5332e1612,3,6,0.014005,0
2742e9c1-2943-496f-8b23-faf5332e1612,3,7,0.025806,0
2742e9c1-2943-496f-8b23-faf5332e1612,3,8,0.076264,0
2742e9c1-2943-496f-8b23-faf5332e1612,3,9,0.031782,0
2742e9c1-2943-496f-8b23-faf5332e1612,3,10,0.054984,0
2742e9c1-2943-496f-8b23-faf5332e1612,3,11,0.016450,0
2742e9c1-2943-496f-8b23-faf5332e1612,3,12,0.027555,0
2742e9c1-2943-496f-8b23-faf5332e1612,3,13,0.033824,0
2742e9c1-2943-496f-8b23-faf5332e1612,3,14,0.017906,0
2742e9c1-2943-496f-8b23-faf5332e1612,3,15,0.092176,0
2742e9c1-2943-496f-8b23-faf5332e1612,3,16,0.017079,0
2742e9c1-2943-496f-8b23-faf5332e1612,3,17,0.014462,0
2742e9c1-2943-496f-8b23-faf5332e1612,3,18,0.027066,0
2742e9c1-2943-496f-8b23-faf5332e1612,3,19,0.025153,0
2742e9c1-2943-496f-8b23-faf5332e1612,3,20,0.013616,0
2742e9c1-2943-496f-8b23-faf5332e1612,3,21,0.028255,0
2742e9c1-2943-496f-8b23-faf5332e1612,3,22,0.019141,0
2742e9c1-2943-496f-8b23-faf5332e1612,3,23,0.015323,0
2742e9c1-2943-496f-8b23-faf5332e1612,3,24,0.804960,1
2742e9c1-2943-496f-8b23-faf5332e1612,3,25,0.014914,0
2742e9c1-2943-496f-8b23-faf5332e1612,3,26,0.013767,0
2742e9c1-2943-496f-8b23-faf5332e1612,3,27,0.011965,0
2742e9c1-2943-496f-8b23-faf5332e1612,3,28,0.026127,0
2742e9c1-2943-496f-8b23-faf5332e1612,3,29,0.013968,0
2742e9c1-2943-496f-8b23-faf5332e1612,3,30,0.027619,0
2b9468af-4ab0-4f25-85f4-c3ef93d72006,1,0,0.022199,0
2b9468af-4ab0-4f25-85f4-c3ef93d72006,1,1,0.061623,0
2b9468af-4ab0-4f25-85f4-c3ef93d72006,1,2,0.146336,0
2b9468af-4ab0-4f25-85f4-c3ef93d72006,1,3,0.079470,0
2b9468af-4ab0-4f25-85f4-c3ef93d72006,1,4,0.023372,0
2b9468af-4ab0-4f25-85f4-c3ef93d72006,1,5,0.016713,0
2b9468af-4ab0-4f25-85f4-c3ef93d72006,1,6,0.937113,1
2b9468af-4ab0-4f25-85f4-c3ef93d72006,1,7,0.148021,0
2b9468af-4ab0-4f25-85f4-c3ef93d72006,1,8,0.011308,0
2b9468af-4ab0-4f25-85f4-c3ef93d72006,1,9,0.020332,0
2b9468af-4ab0-4f25-85f4-c3ef93d72006,1,10,0.028942,0
2b9468af-4ab0-4f25-85f4-c3ef93d72006,1,11,0.014308,0
2b9468af-4ab0-4f25-85f4-c3ef93d72006,1,12,0.013493,0
2b9468af-4ab0-4f25-85f4-c3ef93d72006,1,13,0.014899,0
2b9468af-4ab0-4f25-85f4-c3ef93d72006,1,14,0.012115,0
2b9468af-4ab0-4f25-85f4-c3ef93d72006,1,15,0.013906,0
2b9468af-4ab0-4f25-85f4-c3ef93d72006,1,16,0.035611,0
2b9468af-4ab0-4f25-85f4-c3ef93d72006,1,17,0.059495,0
2b9468af-4ab0-4f25-85f4-c3ef93d72006,1,18,0.055765,0
2b9468af-4ab0-4f25-85f4-c3ef93d72006,1,19,0.015422,0
2b9468af-4ab0-4f25-85f4-c3ef93d72006,1,20,0.015156,0
2b9468af-4ab0-4f25-85f4-c3ef93d72006,1,21,0.026677,0
2b9468af-4ab0-4f25-85f4-c3ef93d72006,1,22,0.011658,0
2b9468af-4ab0-4f25-85f4-c3ef93d72006,1,23,0.102335,0
2b9468af-4ab0-4f25-85f4-c3ef93d72006,1,24,0.015497,0
2b9468af-4ab0-4f25-85f4-c3ef93d72006,2,0,0.014983,0
2b9468af-4ab0-4f25-85f4-c3ef93d72006,2,1,0.212755,0
2b9468af-4ab0-4f25-85f4-c3ef93d72006,2,2,0.014292,0
2b9468af-4ab0-4f25-85f4-c3ef93d72006,2,3,0.052889,0
2b9468af-4ab0-4f25-85f4-c3ef93d72006,2,4,0.440587,0
2b9468af-4ab0-4f25-85f4-c3ef93d72006,2,5,0.012395,0
2b9468af-4ab0-4f25-85f4-c3ef93d72006,2,6,0.015318,0
2b9468af-4ab0-4f25-85f4-c3ef93d72006,2,7,0.025664,0
2b9468af-4ab0-4f25-85f4-c3ef93d72006,2,8,0.161140,0
2b9468af-4ab0-4f25-85f4-c3ef93d72006,3,0,0.191816,0
2b9468af-4ab0-4f25-85f4-c3ef93d72006,3,1,0.019007,0
2b9468af-4ab0-4f25-85f4-c3ef93d72006,3,2,0.024703,0
2b9468af-4ab0-4f25-85f4-c3ef93d72006,3,3,0.113708,0
2b9468af-4ab0-4f25-85f4-c3ef93d72006,3,4,0.022356,0
2b9468af-4ab0-4f25-85f4-c3ef93d72006,3,5,0.035121,0
2b9468af-4ab0-4f25-85f4-c3ef93d72006,3,6,0.027987,0
2b9468af-4ab0-4f25-85f4-c3ef93d72006,3,7,0.029537,0
2b9468af-4ab0-4f25-85f4-c3ef93d72006,3,8,0.019890,0
2b9468af-4ab0-4f25-85f4-c3ef93d72006,3,9,0.031321,0
2b9468af-4ab0-4f25-85f4-c3ef93d72006,3,10,0.013622,0
2b9468af-4ab0-4f25-85f4-c3ef93d72006,3,11,0.020211,0
2b9468af-4ab0-4f25-85f4-c3ef93d72006,3,12,0.054079,0
2b9468af-4ab0-4f25-85f4-c3ef93d72006,3,13,0.142951,0
2b9468af-4ab0-4f25-85f4-c3ef93d72006,3,14,0.016068,0
2b9468af-4ab0-4f25-85f4-c3ef93d72006,3,15,0.038630,0
2b9468af-4ab0-4f25-85f4-c3ef93d72006,3,16,0.016332,0
2b9468af-4ab0-4f25-85f4-c3ef93d72006,3,17,0.110308,0
2b9468af-4ab0-4f25-85f4-c3ef93d72006,3,18,0.027680,0
2b9468af-4ab0-4f25-85f4-c3ef93d72006,3,19,0.293690,0
2b9468af-4ab0-4f25-85f4-c3ef93d72006,3,20,0.461661,0
2b9468af-4ab0-4f25-85f4-c3ef93d72006,3,21,0.016002,0
2b9468af-4ab0-4f25-85f4-c3ef93d72006,3,22,0.041919,0
2b9468af-4ab0-4f25-85f4-c3ef93d72006,3,23,0.117421,0
4f473faf-f928-4cfd-8bed-00578be9db9a,1,0,0.023650,0
4f473faf-f928-4cfd-8bed-00578be9db9a,1,1,0.011343,0
4f473faf-f928-4cfd-8bed-00578be9db9a,1,2,0.010500,0
4f473faf-f928-4cfd-8bed-00578be9db9a,1,3,0.087214,0
4f473faf-f928-4cfd-8bed-00578be9db9a,1,4,0.033275,0
4f473faf-f928-4cfd-8bed-00578be9db9a,1,5,0.013699,0
4f473faf-f928-4cfd-8bed-00578be9db9a,1,6,0.014244,0
4f473faf-f928-4cfd-8bed-00578be9db9a,1,7,0.018576,0
4f473faf-f928-4cfd-8bed-00578be9db9a,1,8,0.018173,0
4f473faf-f928-4cfd-8bed-00578be9db9a,1,9,0.080201,0
4f473faf-f928-4cfd-8bed-00578be9db9a,1,10,0.014698,0
4f473faf-f928-4cfd-8bed-00578be9db9a,1,11,0.019553,0
4f473faf-f928-4cfd-8bed-00578be9db9a,1,12,0.016838,0
4f473faf-f928-4cfd-8bed-00578be9db9a,1,13,0.013181,0
4f473faf-f928-4cfd-8bed-00578be9db9a,1,14,0.012619,0
4f473faf-f928-4cfd-8bed-00578be9db9a,1,15,0.011688,0
4f473faf-f928-4cfd-8bed-00578be9db9a,1,16,0.013257,0
4f473faf-f928-4cfd-8bed-00578be9db9a,1,17,0.347655,0
4f473faf-f928-4cfd-8bed-00578be9db9a,1,18,0.016252,0
4f473faf-f928-4cfd-8bed-00578be9db9a,1,19,0.009929,0
4f473faf-f928-4cfd-8bed-00578be9db9a,1,20,0.010873,0
4f473faf-f928-4cfd-8bed-00578be9db9a,1,21,0.056434,0
4f473faf-f928-4cfd-8bed-00578be9db9a,1,22,0.011957,0
4f473faf-f928-4cfd-8bed-00578be9db9a,1,23,0.011954,0
4f473faf-f928-4cfd-8bed-00578be9db9a,1,24,0.024003,0
4f473faf-f928-4cfd-8bed-00578be9db9a,1,25,0.014790,0
4f473faf-f928-4cfd-8bed-00578be9db9a,1,26,0.030658,0
4f473faf-f928-4cfd-8bed-00578be9db9a,1,27,0.013684,0
4f473faf-f928-4cfd-8bed-00578be9db9a,1,28,0.014559,0
4f473faf-f928-4cfd-8bed-00578be9db9a,2,0,0.069355,0
4f473faf-f928-4cfd-8bed-00578be9db9a,2,1,0.428652,0
4f473faf-f928-4cfd-8bed-00578be9db9a,2,2,0.016226,0
4f473faf-f928-4cfd-8bed-00578be9db9a,2,3,0.035909,0
4f473faf-f928-4cfd-8bed-00578be9db9a,2,4,0.050737,0
4f473faf-f928-4cfd-8bed-00578be9db9a,2,5,0.015541,0
4f473faf-f928-4cfd-8bed-00578be9db9a,2,6,0.011544,0
4f473faf-f928-4cfd-8bed-00578be9db9a,2,7,0.013416,0
4f473faf-f928-4cfd-8bed-00578be9db9a,2,8,0.150121,0
4f473faf-f928-4cfd-8bed-00578be9db9a,2,9,0.049670,0
4f473faf-f928-4cfd-8bed-00578be9db9a,2,10,0.444999,0
4f473faf-f928-4cfd-8bed-00578be9db9a,2,11,0.011981,0
4f473faf-f928-4cfd-8bed-00578be9db9a,2,12,0.029058,0
4f473faf-f928-4cfd-8bed-00578be9db9a,2,13,0.016079,0
4f473faf-f928-4cfd-8bed-00578be9db9a,2,14,0.010851,0
4f473faf-f928-4cfd-8bed-00578be9db9a,2,15,0.010979,0
4f473faf-f928-4cfd-8bed-00578be9db9a,2,16,0.052788,0
4f473faf-f928-4cfd-8bed-00578be9db9a,2,17,0.028619,0
4f473faf-f928-4cfd-8bed-00578be9db9a,2,18,0.014471,0
4f473faf-f928-4cfd-8bed-00578be9db9a,2,19,0.013093,0
4f473faf-f928-4cfd-8bed-00578be9db9a,2,20,0.019178,0
4f473faf-f928-4cfd-8bed-00578be9db9a,2,21,0.009893,0
4f473faf-f928-4cfd-8bed-00578be9db9a,2,22,0.014349,0
4f473faf-f928-4cfd-8bed-00578be9db9a,2,23,0.016331,0
4f473faf-f928-4cfd-8bed-00578be9db9a,2,24,0.024873,0
4f473faf-f928-4cfd-8bed-00578be9db9a,2,25,0.013042,0
4f473faf-f928-4cfd-8bed-00578be9db9a,2,26,0.013375,0
4f473faf-f928-4cfd-8bed-00578be9db9a,2,27,0.012042,0
4f473faf-f928-4cfd-8bed-00578be9db9a,2,28,0.014475,0
4f473faf-f928-4cfd-8bed-00578be9db9a,2,29,0.033184,0
4f473faf-f928-4cfd-8bed-00578be9db9a,2,30,0.039380,0
4f473faf-f928-4cfd-8bed-00578be9db9a,2,31,0.017150,0
4f473faf-f928-4cfd-8bed-00578be9db9a,2,32,0.019189,0
4f473faf-f928-4cfd-8bed-00578be9db9a,2,33,0.014853,0
4f473faf-f928-4cfd-8bed-00578be9db9a,2,34,0.018765,0
4f473faf-f928-4cfd-8bed-00578be9db9a,2,35,0.889200,1
4f473faf-f928-4cfd-8bed-00578be9db9a,3,0,0.020373,0
4f473faf-f928-4cfd-8bed-00578be9db9a,3,1,0.035909,0
4f473faf-f928-4cfd-8bed-00578be9db9a,3,2,0.051761,0
4f473faf-f928-4cfd-8bed-00578be9db9a,3,3,0.013492,0
4f473faf-f928-4cfd-8bed-00578be9db9a,3,4,0.014613,0
4f473faf-f928-4cfd-8bed-00578be9db9a,3,5,0.062706,0
4f473faf-f928-4cfd-8bed-00578be9db9a,3,6,0.167469,0
4f473faf-f928-4cfd-8bed-00578be9db9a,3,7,0.031055,0
4f473faf-f928-4cfd-8bed-00578be9db9a,3,8,0.032447,0
4f473faf-f928-4cfd-8bed-00578be9db9a,3,9,0.048147,0
4f473faf-f928-4cfd-8bed-00578be9db9a,3,10,0.013706,0
4f473faf-f928-4cfd-8bed-00578be9db9a,3,11,0.013310,0
4f473faf-f928-4cfd-8bed-00578be9db9a,3,12,0.033731,0
4f473faf-f928-4cfd-8bed-00578be9db9a,3,13,0.016780,0
4f473faf-f928-4cfd-8bed-00578be9db9a,3,14,0.013056,0
4f473faf-f928-4cfd-8bed-00578be9db9a,3,15,0.026866,0
4f473faf-f928-4cfd-8bed-00578be9db9a,3,16,0.172328,0
4f473faf-f928-4cfd-8bed-00578be9db9a,3,17,0.041044,0
4f473faf-f928-4cfd-8bed-00578be9db9a,3,18,0.022607,0
4f473faf-f928-4cfd-8bed-00578be9db9a,3,19,0.037752,0
4f473faf-f928-4cfd-8bed-00578be9db9a,3,20,0.267239,0
4f473faf-f928-4cfd-8bed-00578be9db9a,3,21,0.032609,0
4f473faf-f928-4cfd-8bed-00578be9db9a,3,22,0.035054,0
4f473faf-f928-4cfd-8bed-00578be9db9a,3,23,0.010576,0
4f473faf-f928-4cfd-8bed-00578be9db9a,3,24,0.018529,0
4f473faf-f928-4cfd-8bed-00578be9db9a,3,25,0.020297,0
6e502405-bc90-4416-a787-3122918aa648,1,0,0.014830,0
6e502405-bc90-4416-a787-3122918aa648,1,1,0.010996,0
6e502405-bc90-4416-a787-3122918aa648,1,2,0.018900,0
6e502405-bc90-4416-a787-3122918aa648,1,3,0.022372,0
6e502405-bc90-4416-a787-3122918aa648,1,4,0.022054,0
6e502405-bc90-4416-a787-3122918aa648,1,5,0.016740,0
6e502405-bc90-4416-a787-3122918aa648,1,6,0.047548,0
6e502405-bc90-4416-a787-3122918aa648,1,7,0.020751,0
6e502405-bc90-4416-a787-3122918aa648,1,8,0.023461,0
6e502405-bc90-4416-a787-3122918aa648,1,9,0.016942,0
6e502405-bc90-4416-a787-3122918aa648,1,10,0.029822,0
6e502405-bc90-4416-a787-3122918aa648,1,11,0.012843,0
6e502405-bc90-4416-a787-3122918aa648,2,0,0.011682,0
6e502405-bc90-4416-a787-3122918aa648,2,1,0.010764,0
6e502405-bc90-4416-a787-3122918aa648,2,2,0.014073,0
6e502405-bc90-4416-a787-3122918aa648,2,3,0.015574,0
6e502405-bc90-4416-a787-3122918aa648,2,4,0.105613,0
6e502405-bc90-4416-a787-3122918aa648,2,5,0.249506,0
6e502405-bc90-4416-a787-3122918aa648,2,6,0.065433,0
6e502405-bc90-4416-a787-3122918aa648,2,7,0.021792,0
6e502405-bc90-4416-a787-3122918aa648,2,8,0.505712,1
6e502405-bc90-4416-a787-3122918aa648,2,9,0.019673,0
6e502405-bc90-4416-a787-3122918aa648,2,10,0.014053,0
6e502405-bc90-4416-a787-3122918aa648,2,11,0.012051,0
6e502405-bc90-4416-a787-3122918aa648,2,12,0.013822,0
6e502405-bc90-4416-a787-3122918aa648,2,13,0.017793,0
6e502405-bc90-4416-a787-3122918aa648,2,14,0.012865,0
6e502405-bc90-4416-a787-3122918aa648,2,15,0.011724,0
6e502405-bc90-4416-a787-3122918aa648,2,16,0.015221,0
6e502405-bc90-4416-a787-3122918aa648,2,17,0.013721,0
6e502405-bc90-4416-a787-3122918aa648,2,18,0.011391,0
6e502405-bc90-4416-a787-3122918aa648,2,19,0.014457,0
6e502405-bc90-4416-a787-3122918aa648,2,20,0.013792,0
6e502405-bc90-4416-a787-3122918aa648,2,21,0.014785,0
6e502405-bc90-4416-a787-3122918aa648,2,22,0.016103,0
6e502405-bc90-4416-a787-3122918aa648,2,23,0.032692,0
6e502405-bc90-4416-a787-3122918aa648,2,24,0.014541,0
6e502405-bc90-4416-a787-3122918aa648,2,25,0.013757,0
6e502405-bc90-4416-a787-3122918aa648,2,26,0.035150,0
6e502405-bc90-4416-a787-3122918aa648,2,27,0.014115,0
6e502405-bc90-4416-a787-3122918aa648,2,28,0.024052,0
6e502405-bc90-4416-a787-3122918aa648,3,0,0.013046,0
6e502405-bc90-4416-a787-3122918aa648,3,1,0.011947,0
6e502405-bc90-4416-a787-3122918aa648,3,2,0.012071,0
6e502405-bc90-4416-a787-3122918aa648,3,3,0.018228,0
6e502405-bc90-4416-a787-3122918aa648,3,4,0.025315,0
6e502405-bc90-4416-a787-3122918aa648,3,5,0.011037,0
6e502405-bc90-4416-a787-3122918aa648,3,6,0.024901,0
6e502405-bc90-4416-a787-3122918aa648,3,7,0.024291,0
6e502405-bc90-4416-a787-3122918aa648,3,8,0.014353,0
6e502405-bc90-4416-a787-3122918aa648,3,9,0.012449,0
6e502405-bc90-4416-a787-3122918aa648,3,10,0.022846,0
6e502405-bc90-4416-a787-3122918aa648,3,11,0.020424,0
6e502405-bc90-4416-a787-3122918aa648,3,12,0.011404,0
6e502405-bc90-4416-a787-3122918aa648,3,13,0.022063,0
6e502405-bc90-4416-a787-3122918aa648,3,14,0.016993,0
6e502405-bc90-4416-a787-3122918aa648,3,15,0.013038,0
6e502405-bc90-4416-a787-3122918aa648,3,16,0.725287,1
6e502405-bc90-4416-a787-3122918aa648,3,17,0.015515,0
6e502405-bc90-4416-a787-3122918aa648,3,18,0.012768,0
6e502405-bc90-4416-a787-3122918aa648,3,19,0.016422,0
7f9c83f7-3efa-4c7a-adef-3ebdeda96042,1,0,0.029233,0
7f9c83f7-3efa-4c7a-adef-3ebdeda96042,1,1,0.098101,0
7f9c83f7-3efa-4c7a-adef-3ebdeda96042,1,2,0.023536,0
7f9c83f7-3efa-4c7a-adef-3ebdeda96042,1,3,0.017278,0
7f9c83f7-3efa-4c7a-adef-3ebdeda96042,1,4,0.016055,0
7f9c83f7-3efa-4c7a-adef-3ebdeda96042,1,5,0.113994,0
7f9c83f7-3efa-4c7a-adef-3ebdeda96042,1,6,0.079179,0
7f9c83f7-3efa-4c7a-adef-3ebdeda96042,1,7,0.991837,1
7f9c83f7-3efa-4c7a-adef-3ebdeda96042,1,8,0.325559,0
7f9c83f7-3efa-4c7a-adef-3ebdeda96042,1,9,0.978837,1
7f9c83f7-3efa-4c7a-adef-3ebdeda96042,1,10,0.953170,1
7f9c83f7-3efa-4c7a-adef-3ebdeda96042,1,11,0.163686,0
7f9c83f7-3efa-4c7a-adef-3ebdeda96042,1,12,0.150479,0
7f9c83f7-3efa-4c7a-adef-3ebdeda96042,1,13,0.022305,0
7f9c83f7-3efa-4c7a-adef-3ebdeda96042,1,14,0.965768,1
7f9c83f7-3efa-4c7a-adef-3ebdeda96042,1,15,0.040261,0
7f9c83f7-3efa-4c7a-adef-3ebdeda96042,1,16,0.987448,1
7f9c83f7-3efa-4c7a-adef-3ebdeda96042,1,17,0.984838,1
7f9c83f7-3efa-4c7a-adef-3ebdeda96042,1,18,0.121202,0
7f9c83f7-3efa-4c7a-adef-3ebdeda96042,1,19,0.051789,0
7f9c83f7-3efa-4c7a-adef-3ebdeda96042,1,20,0.988432,1
7f9c83f7-3efa-4c7a-adef-3ebdeda96042,1,21,0.090616,0
7f9c83f7-3efa-4c7a-adef-3ebdeda96042,1,22,0.016589,0
7f9c83f7-3efa-4c7a-adef-3ebdeda96042,1,23,0.334478,0
7f9c83f7-3efa-4c7a-adef-3ebdeda96042,1,24,0.070859,0
7f9c83f7-3efa-4c7a-adef-3ebdeda96042,1,25,0.233154,0
7f9c83f7-3efa-4c7a-adef-3ebdeda96042,1,26,0.071865,0
7f9c83f7-3efa-4c7a-adef-3ebdeda96042,1,27,0.025388,0
7f9c83f7-3efa-4c7a-adef-3ebdeda96042,1,28,0.991531,1
7f9c83f7-3efa-4c7a-adef-3ebdeda96042,1,29,0.022779,0
7f9c83f7-3efa-4c7a-adef-3ebdeda96042,1,30,0.190696,0
7f9c83f7-3efa-4c7a-adef-3ebdeda96042,1,31,0.071186,0
7f9c83f7-3efa-4c7a-adef-3ebdeda96042,1,32,0.024380,0
7f9c83f7-3efa-4c7a-adef-3ebdeda96042,1,33,0.022705,0
7f9c83f7-3efa-4c7a-adef-3ebdeda96042,1,34,0.017236,0
7f9c83f7-3efa-4c7a-adef-3ebdeda96042,1,35,0.213205,0
7f9c83f7-3efa-4c7a-adef-3ebdeda96042,1,36,0.067411,0
7f9c83f7-3efa-4c7a-adef-3ebdeda96042,1,37,0.011261,0
7f9c83f7-3efa-4c7a-adef-3ebdeda96042,1,38,0.041418,0
7f9c83f7-3efa-4c7a-adef-3ebdeda96042,1,39,0.022591,0
7f9c83f7-3efa-4c7a-adef-3ebdeda96042,1,40,0.021042,0
7f9c83f7-3efa-4c7a-adef-3ebdeda96042,1,41,0.041827,0
7f9c83f7-3efa-4c7a-adef-3ebdeda96042,2,0,0.988333,1
7f9c83f7-3efa-4c7a-adef-3ebdeda96042,2,1,0.099397,0
7f9c83f7-3efa-4c7a-adef-3ebdeda96042,2,2,0.014909,0
7f9c83f7-3efa-4c7a-adef-3ebdeda96042,2,3,0.029842,0
7f9c83f7-3efa-4c7a-adef-3ebdeda96042,2,4,0.043923,0
7f9c83f7-3efa-4c7a-adef-3ebdeda96042,2,5,0.018762,0
7f9c83f7-3efa-4c7a-adef-3ebdeda96042,2,6,0.232843,0
7f9c83f7-3efa-4c7a-adef-3ebdeda96042,2,7,0.025945,0
7f9c83f7-3efa-4c7a-adef-3ebdeda96042,2,8,0.073357,0
7f9c83f7-3efa-4c7a-adef-3ebdeda96042,2,9,0.159597,0
7f9c83f7-3efa-4c7a-adef-3ebdeda96042,3,0,0.310665,0
7f9c83f7-3efa-4c7a-adef-3ebdeda96042,3,1,0.033189,0
7f9c83f7-3efa-4c7a-adef-3ebdeda96042,3,2,0.078035,0
7f9c83f7-3efa-4c7a-adef-3ebdeda96042,3,3,0.051910,0
7f9c83f7-3efa-4c7a-adef-3ebdeda96042,3,4,0.834980,1
7f9c83f7-3efa-4c7a-adef-3ebdeda96042,3,5,0.228756,0
7f9c83f7-3efa-4c7a-adef-3ebdeda96042,3,6,0.756764,1
7f9c83f7-3efa-4c7a-adef-3ebdeda96042,3,7,0.032648,0
7f9c83f7-3efa-4c7a-adef-3ebdeda96042,3,8,0.053569,0
7f9c83f7-3efa-4c7a-adef-3ebdeda96042,3,9,0.088786,0
7f9c83f7-3efa-4c7a-adef-3ebdeda96042,3,10,0.045373,0
7f9c83f7-3efa-4c7a-adef-3ebdeda96042,3,11,0.396652,0
7f9c83f7-3efa-4c7a-adef-3ebdeda96042,3,12,0.686810,1
7f9c83f7-3efa-4c7a-adef-3ebdeda96042,3,13,0.120522,0
7f9c83f7-3efa-4c7a-adef-3ebdeda96042,3,14,0.031782,0
7f9c83f7-3efa-4c7a-adef-3ebdeda96042,3,15,0.034457,0
7f9c83f7-3efa-4c7a-adef-3ebdeda96042,3,16,0.042197,0
7f9c83f7-3efa-4c7a-adef-3ebdeda96042,3,17,0.016834,0
8dac6c12-b5ca-468c-a249-7e0ab42f6b52,1,0,0.014455,0
8dac6c12-b5ca-468c-a249-7e0ab42f6b52,1,1,0.096071,0
8dac6c12-b5ca-468c-a249-7e0ab42f6b52,1,2,0.022232,0
8dac6c12-b5ca-468c-a249-7e0ab42f6b52,1,3,0.026470,0
8dac6c12-b5ca-468c-a249-7e0ab42f6b52,1,4,0.025432,0
8dac6c12-b5ca-468c-a249-7e0ab42f6b52,1,5,0.017577,0
8dac6c12-b5ca-468c-a249-7e0ab42f6b52,1,6,0.043656,0
8dac6c12-b5ca-468c-a249-7e0ab42f6b52,1,7,0.116198,0
8dac6c12-b5ca-468c-a249-7e0ab42f6b52,1,8,0.101483,0
8dac6c12-b5ca-468c-a249-7e0ab42f6b52,1,9,0.036829,0
8dac6c12-b5ca-468c-a249-7e0ab42f6b52,1,10,0.019855,0
8dac6c12-b5ca-468c-a249-7e0ab42f6b52,1,11,0.017685,0
8dac6c12-b5ca-468c-a249-7e0ab42f6b52,1,12,0.033029,0
8dac6c12-b5ca-468c-a249-7e0ab42f6b52,1,13,0.016796,0
8dac6c12-b5ca-468c-a249-7e0ab42f6b52,1,14,0.175915,0
8dac6c12-b5ca-468c-a249-7e0ab42f6b52,1,15,0.017897,0
8dac6c12-b5ca-468c-a249-7e0ab42f6b52,1,16,0.038457,0
8dac6c12-b5ca-468c-a249-7e0ab42f6b52,1,17,0.012034,0
8dac6c12-b5ca-468c-a249-7e0ab42f6b52,1,18,0.014973,0
8dac6c12-b5ca-468c-a249-7e0ab42f6b52,1,19,0.027496,0
8dac6c12-b5ca-468c-a249-7e0ab42f6b52,1,20,0.533631,1
8dac6c12-b5ca-468c-a249-7e0ab42f6b52,1,21,0.017164,0
8dac6c12-b5ca-468c-a249-7e0ab42f6b52,1,22,0.014628,0
8dac6c12-b5ca-468c-a249-7e0ab42f6b52,1,23,0.533955,1
8dac6c12-b5ca-468c-a249-7e0ab42f6b52,1,24,0.022706,0
8dac6c12-b5ca-468c-a249-7e0ab42f6b52,1,25,0.013803,0
8dac6c12-b5ca-468c-a249-7e0ab42f6b52,1,26,0.015060,0
8dac6c12-b5ca-468c-a249-7e0ab42f6b52,1,27,0.013921,0
8dac6c12-b5ca-468c-a249-7e0ab42f6b52,1,28,0.012060,0
8dac6c12-b5ca-468c-a249-7e0ab42f6b52,1,29,0.727948,1
8dac6c12-b5ca-468c-a249-7e0ab42f6b52,1,30,0.030041,0
8dac6c12-b5ca-468c-a249-7e0ab42f6b52,2,0,0.047811,0
8dac6c12-b5ca-468c-a249-7e0ab42f6b52,2,1,0.050141,0
8dac6c12-b5ca-468c-a249-7e0ab42f6b52,2,2,0.040083,0
8dac6c12-b5ca-468c-a249-7e0ab42f6b52,2,3,0.055258,0
8dac6c12-b5ca-468c-a249-7e0ab42f6b52,2,4,0.031942,0
8dac6c12-b5ca-468c-a249-7e0ab42f6b52,2,5,0.015544,0
8dac6c12-b5ca-468c-a249-7e0ab42f6b52,2,6,0.032525,0
8dac6c12-b5ca-468c-a249-7e0ab42f6b52,2,7,0.014906,0
8dac6c12-b5ca-468c-a249-7e0ab42f6b52,2,8,0.018997,0
8dac6c12-b5ca-468c-a249-7e0ab42f6b52,2,9,0.069069,0
8dac6c12-b5ca-468c-a249-7e0ab42f6b52,2,10,0.016351,0
8dac6c12-b5ca-468c-a249-7e0ab42f6b52,2,11,0.026864,0
8dac6c12-b5ca-468c-a249-7e0ab42f6b52,2,12,0.029659,0
8dac6c12-b5ca-468c-a249-7e0ab42f6b52,2,13,0.036350,0
8dac6c12-b5ca-468c-a249-7e0ab42f6b52,2,14,0.047547,0
8dac6c12-b5ca-468c-a249-7e0ab42f6b52,2,15,0.047812,0
8dac6c12-b5ca-468c-a249-7e0ab42f6b52,2,16,0.024246,0
8dac6c12-b5ca-468c-a249-7e0ab42f6b52,2,17,0.013534,0
8dac6c12-b5ca-468c-a249-7e0ab42f6b52,2,18,0.015879,0
8dac6c12-b5ca-468c-a249-7e0ab42f6b52,2,19,0.023408,0
8dac6c12-b5ca-468c-a249-7e0ab42f6b52,2,20,0.024328,0
8dac6c12-b5ca-468c-a249-7e0ab42f6b52,2,21,0.523315,1
8dac6c12-b5ca-468c-a249-7e0ab42f6b52,2,22,0.018449,0
8dac6c12-b5ca-468c-a249-7e0ab42f6b52,2,23,0.273763,0
8dac6c12-b5ca-468c-a249-7e0ab42f6b52,3,0,0.025581,0
8dac6c12-b5ca-468c-a249-7e0ab42f6b52,3,1,0.025040,0
8dac6c12-b5ca-468c-a249-7e0ab42f6b52,3,2,0.021110,0
8dac6c12-b5ca-468c-a249-7e0ab42f6b52,3,3,0.036926,0
8dac6c12-b5ca-468c-a249-7e0ab42f6b52,3,4,0.456731,0
8dac6c12-b5ca-468c-a249-7e0ab42f6b52,3,5,0.032088,0
8dac6c12-b5ca-468c-a249-7e0ab42f6b52,3,6,0.023109,0
8dac6c12-b5ca-468c-a249-7e0ab42f6b52,3,7,0.013998,0
8dac6c12-b5ca-468c-a249-7e0ab42f6b52,3,8,0.271787,0
8dac6c12-b5ca-468c-a249-7e0ab42f6b52,3,9,0.045399,0
8dac6c12-b5ca-468c-a249-7e0ab42f6b52,3,10,0.887755,1
8dac6c12-b5ca-468c-a249-7e0ab42f6b52,3,11,0.017412,0
8dac6c12-b5ca-468c-a249-7e0ab42f6b52,3,12,0.011803,0
8dac6c12-b5ca-468c-a249-7e0ab42f6b52,3,13,0.025143,0
8dac6c12-b5ca-468c-a249-7e0ab42f6b52,3,14,0.051420,0
a4edca3f-931f-4785-8c3f-f3d8fa84cbec,1,0,0.504917,1
a4edca3f-931f-4785-8c3f-f3d8fa84cbec,1,1,0.741519,1
a4edca3f-931f-4785-8c3f-f3d8fa84cbec,1,2,0.033355,0
a4edca3f-931f-4785-8c3f-f3d8fa84cbec,1,3,0.024222,0
a4edca3f-931f-4785-8c3f-f3d8fa84cbec,1,4,0.982088,1
a4edca3f-931f-4785-8c3f-f3d8fa84cbec,1,5,0.012128,0
a4edca3f-931f-4785-8c3f-f3d8fa84cbec,1,6,0.019450,0
a4edca3f-931f-4785-8c3f-f3d8fa84cbec,1,7,0.068686,0
a4edca3f-931f-4785-8c3f-f3d8fa84cbec,1,8,0.031039,0
a4edca3f-931f-4785-8c3f-f3d8fa84cbec,1,9,0.011171,0
a4edca3f-931f-4785-8c3f-f3d8fa84cbec,1,10,0.020205,0
a4edca3f-931f-4785-8c3f-f3d8fa84cbec,1,11,0.153285,0
a4edca3f-931f-4785-8c3f-f3d8fa84cbec,1,12,0.018927,0
a4edca3f-931f-4785-8c3f-f3d8fa84cbec,1,13,0.050087,0
a4edca3f-931f-4785-8c3f-f3d8fa84cbec,2,0,0.020739,0
a4edca3f-931f-4785-8c3f-f3d8fa84cbec,2,1,0.009888,0
a4edca3f-931f-4785-8c3f-f3d8fa84cbec,2,2,0.013000,0
a4edca3f-931f-4785-8c3f-f3d8fa84cbec,2,3,0.013610,0
a4edca3f-931f-4785-8c3f-f3d8fa84cbec,2,4,0.011667,0
a4edca3f-931f-4785-8c3f-f3d8fa84cbec,2,5,0.010964,0
a4edca3f-931f-4785-8c3f-f3d8fa84cbec,2,6,0.013706,0
a4edca3f-931f-4785-8c3f-f3d8fa84cbec,2,7,0.018962,0
a4edca3f-931f-4785-8c3f-f3d8fa84cbec,2,8,0.011100,0
a4edca3f-931f-4785-8c3f-f3d8fa84cbec,2,9,0.014650,0
a4edca3f-931f-4785-8c3f-f3d8fa84cbec,2,10,0.012461,0
a4edca3f-931f-4785-8c3f-f3d8fa84cbec,2,11,0.011719,0
a4edca3f-931f-4785-8c3f-f3d8fa84cbec,2,12,0.013508,0
a4edca3f-931f-4785-8c3f-f3d8fa84cbec,2,13,0.015634,0
a4edca3f-931f-4785-8c3f-f3d8fa84cbec,2,14,0.017920,0
a4edca3f-931f-4785-8c3f-f3d8fa84cbec,2,15,0.014445,0
a4edca3f-931f-4785-8c3f-f3d8fa84cbec,2,16,0.011170,0
a4edca3f-931f-4785-8c3f-f3d8fa84cbec,2,17,0.010247,0
a4edca3f-931f-4785-8c3f-f3d8fa84cbec,2,18,0.018204,0
a4edca3f-931f-4785-8c3f-f3d8fa84cbec,2,19,0.011937,0
a4edca3f-931f-4785-8c3f-f3d8fa84cbec,2,20,0.014846,0
a4edca3f-931f-4785-8c3f-f3d8fa84cbec,2,21,0.011105,0
a4edca3f-931f-4785-8c3f-f3d8fa84cbec,2,22,0.014986,0
a4edca3f-931f-4785-8c3f-f3d8fa84cbec,2,23,0.010604,0
a4edca3f-931f-4785-8c3f-f3d8fa84cbec,2,24,0.027277,0
a4edca3f-931f-4785-8c3f-f3d8fa84cbec,2,25,0.015102,0
a4edca3f-931f-4785-8c3f-f3d8fa84cbec,2,26,0.013204,0
a4edca3f-931f-4785-8c3f-f3d8fa84cbec,2,27,0.011170,0
a4edca3f-931f-4785-8c3f-f3d8fa84cbec,2,28,0.010302,0
a4edca3f-931f-4785-8c3f-f3d8fa84cbec,2,29,0.011116,0
a4edca3f-931f-4785-8c3f-f3d8fa84cbec,2,30,0.019899,0
a4edca3f-931f-4785-8c3f-f3d8fa84cbec,2,31,0.010616,0
a4edca3f-931f-4785-8c3f-f3d8fa84cbec,3,0,0.026250,0
a4edca3f-931f-4785-8c3f-f3d8fa84cbec,3,1,0.016179,0
a4edca3f-931f-4785-8c3f-f3d8fa84cbec,3,2,0.039919,0
a4edca3f-931f-4785-8c3f-f3d8fa84cbec,3,3,0.012250,0
a4edca3f-931f-4785-8c3f-f3d8fa84cbec,3,4,0.010076,0
a4edca3f-931f-4785-8c3f-f3d8fa84cbec,3,5,0.017502,0
a4edca3f-931f-4785-8c3f-f3d8fa84cbec,3,6,0.011321,0
a4edca3f-931f-4785-8c3f-f3d8fa84cbec,3,7,0.011807,0
a4edca3f-931f-4785-8c3f-f3d8fa84cbec,3,8,0.020977,0
a4edca3f-931f-4785-8c3f-f3d8fa84cbec,3,9,0.017583,0
a4edca3f-931f-4785-8c3f-f3d8fa84cbec,3,10,0.011952,0
a4edca3f-931f-4785-8c3f-f3d8fa84cbec,3,11,0.011839,0
a4edca3f-931f-4785-8c3f-f3d8fa84cbec,3,12,0.014047,0
a4edca3f-931f-4785-8c3f-f3d8fa84cbec,3,13,0.041506,0
a4edca3f-931f-4785-8c3f-f3d8fa84cbec,3,14,0.071509,0
a4edca3f-931f-4785-8c3f-f3d8fa84cbec,3,15,0.015929,0
a4edca3f-931f-4785-8c3f-f3d8fa84cbec,3,16,0.055656,0
a4edca3f-931f-4785-8c3f-f3d8fa84cbec,3,17,0.032649,0
a4edca3f-931f-4785-8c3f-f3d8fa84cbec,3,18,0.014692,0
a4edca3f-931f-4785-8c3f-f3d8fa84cbec,3,19,0.011002,0
a4edca3f-931f-4785-8c3f-f3d8fa84cbec,3,20,0.012719,0
a4edca3f-931f-4785-8c3f-f3d8fa84cbec,3,21,0.020549,0
a4edca3f-931f-4785-8c3f-f3d8fa84cbec,3,22,0.022266,0
a4edca3f-931f-4785-8c3f-f3d8fa84cbec,3,23,0.012564,0
a4edca3f-931f-4785-8c3f-f3d8fa84cbec,3,24,0.025800,0
a4edca3f-931f-4785-8c3f-f3d8fa84cbec,3,25,0.021164,0
a4edca3f-931f-4785-8c3f-f3d8fa84cbec,3,26,0.022758,0
a4edca3f-931f-4785-8c3f-f3d8fa84cbec,3,27,0.024301,0
a4edca3f-931f-4785-8c3f-f3d8fa84cbec,3,28,0.011348,0
af4a3f41-eeb5-49fa-a276-e97c230b25f0,1,0,0.026901,0
af4a3f41-eeb5-49fa-a276-e97c230b25f0,1,1,0.016266,0
af4a3f41-eeb5-49fa-a276-e97c230b25f0,1,2,0.013957,0
af4a3f41-eeb5-49fa-a276-e97c230b25f0,1,3,0.156265,0
af4a3f41-eeb5-49fa-a276-e97c230b25f0,1,4,0.019201,0
af4a3f41-eeb5-49fa-a276-e97c230b25f0,1,5,0.013169,0
af4a3f41-eeb5-49fa-a276-e97c230b25f0,1,6,0.014490,0
af4a3f41-eeb5-49fa-a276-e97c230b25f0,1,7,0.015385,0
af4a3f41-eeb5-49fa-a276-e97c230b25f0,1,8,0.013802,0
af4a3f41-eeb5-49fa-a276-e97c230b25f0,1,9,0.025605,0
af4a3f41-eeb5-49fa-a276-e97c230b25f0,1,10,0.163043,0
af4a3f41-eeb5-49fa-a276-e97c230b25f0,1,11,0.018903,0
af4a3f41-eeb5-49fa-a276-e97c230b25f0,1,12,0.032749,0
af4a3f41-eeb5-49fa-a276-e97c230b25f0,1,13,0.395285,0
af4a3f41-eeb5-49fa-a276-e97c230b25f0,1,14,0.024346,0
af4a3f41-eeb5-49fa-a276-e97c230b25f0,1,15,0.022015,0
af4a3f41-eeb5-49fa-a276-e97c230b25f0,1,16,0.022118,0
af4a3f41-eeb5-49fa-a276-e97c230b25f0,1,17,0.037802,0
af4a3f41-eeb5-49fa-a276-e97c230b25f0,1,18,0.026878,0
af4a3f41-eeb5-49fa-a276-e97c230b25f0,1,19,0.024644,0
af4a3f41-eeb5-49fa-a276-e97c230b25f0,1,20,0.013735,0
af4a3f41-eeb5-49fa-a276-e97c230b25f0,1,21,0.077224,0
af4a3f41-eeb5-49fa-a276-e97c230b25f0,1,22,0.035790,0
af4a3f41-eeb5-49fa-a276-e97c230b25f0,1,23,0.016148,0
af4a3f41-eeb5-49fa-a276-e97c230b25f0,1,24,0.047839,0
af4a3f41-eeb5-49fa-a276-e97c230b25f0,1,25,0.114277,0
af4a3f41-eeb5-49fa-a276-e97c230b25f0,1,26,0.029242,0
af4a3f41-eeb5-49fa-a276-e97c230b25f0,1,27,0.023792,0
af4a3f41-eeb5-49fa-a276-e97c230b25f0,1,28,0.332948,0
af4a3f41-eeb5-49fa-a276-e97c230b25f0,1,29,0.021594,0
af4a3f41-eeb5-49fa-a276-e97c230b25f0,1,30,0.029315,0
af4a3f41-eeb5-49fa-a276-e97c230b25f0,2,0,0.023334,0
af4a3f41-eeb5-49fa-a276-e97c230b25f0,2,1,0.041275,0
af4a3f41-eeb5-49fa-a276-e97c230b25f0,2,2,0.493429,0
af4a3f41-eeb5-49fa-a276-e97c230b25f0,2,3,0.083175,0
af4a3f41-eeb5-49fa-a276-e97c230b25f0,2,4,0.078315,0
af4a3f41-eeb5-49fa-a276-e97c230b25f0,2,5,0.040571,0
af4a3f41-eeb5-49fa-a276-e97c230b25f0,2,6,0.013637,0
af4a3f41-eeb5-49fa-a276-e97c230b25f0,2,7,0.071088,0
af4a3f41-eeb5-49fa-a276-e97c230b25f0,2,8,0.026356,0
af4a3f41-eeb5-49fa-a276-e97c230b25f0,2,9,0.084330,0
af4a3f41-eeb5-49fa-a276-e97c230b25f0,2,10,0.132788,0
af4a3f41-eeb5-49fa-a276-e97c230b25f0,2,11,0.131956,0
af4a3f41-eeb5-49fa-a276-e97c230b25f0,2,12,0.036373,0
af4a3f41-eeb5-49fa-a276-e97c230b25f0,2,13,0.038805,0
af4a3f41-eeb5-49fa-a276-e97c230b25f0,2,14,0.024267,0
af4a3f41-eeb5-49fa-a276-e97c230b25f0,2,15,0.041794,0
af4a3f41-eeb5-49fa-a276-e97c230b25f0,2,16,0.904479,1
af4a3f41-eeb5-49fa-a276-e97c230b25f0,3,0,0.033491,0
af4a3f41-eeb5-49fa-a276-e97c230b25f0,3,1,0.020994,0
af4a3f41-eeb5-49fa-a276-e97c230b25f0,3,2,0.337739,0
af4a3f41-eeb5-49fa-a276-e97c230b25f0,3,3,0.021659,0
af4a3f41-eeb5-49fa-a276-e97c230b25f0,3,4,0.017435,0
af4a3f41-eeb5-49fa-a276-e97c230b25f0,3,5,0.021492,0
af4a3f41-eeb5-49fa-a276-e97c230b25f0,3,6,0.074365,0
af4a3f41-eeb5-49fa-a276-e97c230b25f0,3,7,0.159322,0
af4a3f41-eeb5-49fa-a276-e97c230b25f0,3,8,0.061642,0
af4a3f41-eeb5-49fa-a276-e97c230b25f0,3,9,0.044213,0
af4a3f41-eeb5-49fa-a276-e97c230b25f0,3,10,0.773045,1
af4a3f41-eeb5-49fa-a276-e97c230b25f0,3,11,0.031363,0
af4a3f41-eeb5-49fa-a276-e97c230b25f0,3,12,0.256698,0
af4a3f41-eeb5-49fa-a276-e97c230b25f0,3,13,0.037131,0
af4a3f41-eeb5-49fa-a276-e97c230b25f0,3,14,0.022177,0
af4a3f41-eeb5-49fa-a276-e97c230b25f0,3,15,0.018480,0
af4a3f41-eeb5-49fa-a276-e97c230b25f0,3,16,0.597210,1
af4a3f41-eeb5-49fa-a276-e97c230b25f0,3,17,0.025108,0
af4a3f41-eeb5-49fa-a276-e97c230b25f0,3,18,0.015686,0
af4a3f41-eeb5-49fa-a276-e97c230b25f0,3,19,0.984221,1
af4a3f41-eeb5-49fa-a276-e97c230b25f0,3,20,0.187191,0
af4a3f41-eeb5-49fa-a276-e97c230b25f0,3,21,0.019223,0
af4a3f41-eeb5-49fa-a276-e97c230b25f0,3,22,0.016365,0
af4a3f41-eeb5-49fa-a276-e97c230b25f0,3,23,0.021781,0
af4a3f41-eeb5-49fa-a276-e97c230b25f0,3,24,0.025416,0
af4a3f41-eeb5-49fa-a276-e97c230b25f0,3,25,0.055060,0
af4a3f41-eeb5-49fa-a276-e97c230b25f0,3,26,0.026069,0
af4a3f41-eeb5-49fa-a276-e97c230b25f0,3,27,0.013953,0
af4a3f41-eeb5-49fa-a276-e97c230b25f0,3,28,0.486938,0
af4a3f41-eeb5-49fa-a276-e97c230b25f0,3,29,0.100482,0
af4a3f41-eeb5-49fa-a276-e97c230b25f0,3,30,0.047220,0
af4a3f41-eeb5-49fa-a276-e97c230b25f0,3,31,0.444075,0
af4a3f41-eeb5-49fa-a276-e97c230b25f0,3,32,0.040394,0
af4a3f41-eeb5-49fa-a276-e97c230b25f0,3,33,0.224468,0
c5534b7e-a373-4962-8345-3847bc41a636,1,0,0.011517,0
c5534b7e-a373-4962-8345-3847bc41a636,1,1,0.018229,0
c5534b7e-a373-4962-8345-3847bc41a636,1,2,0.014231,0
c5534b7e-a373-4962-8345-3847bc41a636,1,3,0.011686,0
c5534b7e-a373-4962-8345-3847bc41a636,1,4,0.010536,0
c5534b7e-a373-4962-8345-3847bc41a636,1,5,0.015415,0
c5534b7e-a373-4962-8345-3847bc41a636,1,6,0.010387,0
c5534b7e-a373-4962-8345-3847bc41a636,1,7,0.013461,0
c5534b7e-a373-4962-8345-3847bc41a636,1,8,0.016127,0
c5534b7e-a373-4962-8345-3847bc41a636,1,9,0.016596,0
c5534b7e-a373-4962-8345-3847bc41a636,1,10,0.017773,0
c5534b7e-a373-4962-8345-3847bc41a636,1,11,0.016900,0
c5534b7e-a373-4962-8345-3847bc41a636,1,12,0.021419,0
c5534b7e-a373-4962-8345-3847bc41a636,2,0,0.010907,0
c5534b7e-a373-4962-8345-3847bc41a636,2,1,0.016194,0
c5534b7e-a373-4962-8345-3847bc41a636,2,2,0.015165,0
c5534b7e-a373-4962-8345-3847bc41a636,2,3,0.013922,0
c5534b7e-a373-4962-8345-3847bc41a636,2,4,0.010668,0
c5534b7e-a373-4962-8345-3847bc41a636,2,5,0.011221,0
c5534b7e-a373-4962-8345-3847bc41a636,2,6,0.010422,0
c5534b7e-a373-4962-8345-3847bc41a636,2,7,0.010187,0
c5534b7e-a373-4962-8345-3847bc41a636,2,8,0.023027,0
c5534b7e-a373-4962-8345-3847bc41a636,2,9,0.010918,0
c5534b7e-a373-4962-8345-3847bc41a636,2,10,0.010632,0
c5534b7e-a373-4962-8345-3847bc41a636,2,11,0.015786,0
c5534b7e-a373-4962-8345-3847bc41a636,2,12,0.013464,0
c5534b7e-a373-4962-8345-3847bc41a636,2,13,0.009860,0
c5534b7e-a373-4962-8345-3847bc41a636,2,14,0.012762,0
c5534b7e-a373-4962-8345-3847bc41a636,2,15,0.016564,0
c5534b7e-a373-4962-8345-3847bc41a636,2,16,0.014241,0
c5534b7e-a373-4962-8345-3847bc41a636,2,17,0.429893,0
c5534b7e-a373-4962-8345-3847bc41a636,2,18,0.414476,0
c5534b7e-a373-4962-8345-3847bc41a636,2,19,0.014322,0
c5534b7e-a373-4962-8345-3847bc41a636,2,20,0.065722,0
c5534b7e-a373-4962-8345-3847bc41a636,2,21,0.013727,0
c5534b7e-a373-4962-8345-3847bc41a636,2,22,0.026513,0
c5534b7e-a373-4962-8345-3847bc41a636,2,23,0.018650,0
c5534b7e-a373-4962-8345-3847bc41a636,2,24,0.015992,0
c5534b7e-a373-4962-8345-3847bc41a636,2,25,0.026104,0
c5534b7e-a373-4962-8345-3847bc41a636,2,26,0.020632,0
c5534b7e-a373-4962-8345-3847bc41a636,2,27,0.022310,0
c5534b7e-a373-4962-8345-3847bc41a636,2,28,0.017566,0
c5534b7e-a373-4962-8345-3847bc41a636,2,29,0.036101,0
c5534b7e-a373-4962-8345-3847bc41a636,3,0,0.012365,0
c5534b7e-a373-4962-8345-3847bc41a636,3,1,0.015135,0
c5534b7e-a373-4962-8345-3847bc41a636,3,2,0.034225,0
c5534b7e-a373-4962-8345-3847bc41a636,3,3,0.017841,0
c5534b7e-a373-4962-8345-3847bc41a636,3,4,0.022667,0
c5534b7e-a373-4962-8345-3847bc41a636,3,5,0.017018,0
c5534b7e-a373-4962-8345-3847bc41a636,3,6,0.012740,0
c5534b7e-a373-4962-8345-3847bc41a636,3,7,0.011023,0
c5534b7e-a373-4962-8345-3847bc41a636,3,8,0.032484,0
c5534b7e-a373-4962-8345-3847bc41a636,3,9,0.058678,0
c5534b7e-a373-4962-8345-3847bc41a636,3,10,0.029234,0
c5534b7e-a373-4962-8345-3847bc41a636,3,11,0.011820,0
c5534b7e-a373-4962-8345-3847bc41a636,3,12,0.018253,0
c5534b7e-a373-4962-8345-3847bc41a636,3,13,0.016469,0
c5534b7e-a373-4962-8345-3847bc41a636,3,14,0.014846,0
1b96a5db-8974-46d3-82d7-5dfef02f650e,1,0,0.462138,0
1b96a5db-8974-46d3-82d7-5dfef02f650e,1,1,0.014974,0
1b96a5db-8974-46d3-82d7-5dfef02f650e,1,2,0.217801,0
1b96a5db-8974-46d3-82d7-5dfef02f650e,1,3,0.531214,1
1b96a5db-8974-46d3-82d7-5dfef02f650e,1,4,0.070201,0
1b96a5db-8974-46d3-82d7-5dfef02f650e,1,5,0.016038,0
1b96a5db-8974-46d3-82d7-5dfef02f650e,1,6,0.034052,0
1b96a5db-8974-46d3-82d7-5dfef02f650e,1,7,0.045649,0
1b96a5db-8974-46d3-82d7-5dfef02f650e,1,8,0.807924,1
1b96a5db-8974-46d3-82d7-5dfef02f650e,1,9,0.037269,0
1b96a5db-8974-46d3-82d7-5dfef02f650e,2,0,0.961994,1
1b96a5db-8974-46d3-82d7-5dfef02f650e,2,1,0.054547,0
1b96a5db-8974-46d3-82d7-5dfef02f650e,2,2,0.037304,0
1b96a5db-8974-46d3-82d7-5dfef02f650e,2,3,0.029574,0
1b96a5db-8974-46d3-82d7-5dfef02f650e,2,4,0.025464,0
1b96a5db-8974-46d3-82d7-5dfef02f650e,2,5,0.060251,0
1b96a5db-8974-46d3-82d7-5dfef02f650e,2,6,0.203045,0
1b96a5db-8974-46d3-82d7-5dfef02f650e,2,7,0.063788,0
1b96a5db-8974-46d3-82d7-5dfef02f650e,2,8,0.026329,0
1b96a5db-8974-46d3-82d7-5dfef02f650e,2,9,0.017344,0
1b96a5db-8974-46d3-82d7-5dfef02f650e,2,10,0.021078,0
1b96a5db-8974-46d3-82d7-5dfef02f650e,2,11,0.017674,0
1b96a5db-8974-46d3-82d7-5dfef02f650e,2,12,0.028446,0
1b96a5db-8974-46d3-82d7-5dfef02f650e,2,13,0.755512,1
1b96a5db-8974-46d3-82d7-5dfef02f650e,2,14,0.092847,0
1b96a5db-8974-46d3-82d7-5dfef02f650e,2,15,0.016181,0
1b96a5db-8974-46d3-82d7-5dfef02f650e,2,16,0.029478,0
1b96a5db-8974-46d3-82d7-5dfef02f650e,2,17,0.123333,0
1b96a5db-8974-46d3-82d7-5dfef02f650e,2,18,0.623533,1
1b96a5db-8974-46d3-82d7-5dfef02f650e,2,19,0.966843,1
1b96a5db-8974-46d3-82d7-5dfef02f650e,2,20,0.047406,0
1b96a5db-8974-46d3-82d7-5dfef02f650e,2,21,0.037100,0
1b96a5db-8974-46d3-82d7-5dfef02f650e,2,22,0.134786,0
1b96a5db-8974-46d3-82d7-5dfef02f650e,2,23,0.035571,0
1b96a5db-8974-46d3-82d7-5dfef02f650e,2,24,0.037303,0
1b96a5db-8974-46d3-82d7-5dfef02f650e,2,25,0.020401,0
1b96a5db-8974-46d3-82d7-5dfef02f650e,2,26,0.286326,0
1b96a5db-8974-46d3-82d7-5dfef02f650e,2,27,0.019884,0
1b96a5db-8974-46d3-82d7-5dfef02f650e,2,28,0.021387,0
1b96a5db-8974-46d3-82d7-5dfef02f650e,2,29,0.170294,0
1b96a5db-8974-46d3-82d7-5dfef02f650e,2,30,0.017823,0
1b96a5db-8974-46d3-82d7-5dfef02f650e,2,31,0.067121,0
1b96a5db-8974-46d3-82d7-5dfef02f650e,3,0,0.049951,0
1b96a5db-8974-46d3-82d7-5dfef02f650e,3,1,0.092120,0
1b96a5db-8974-46d3-82d7-5dfef02f650e,3,2,0.016324,0
1b96a5db-8974-46d3-82d7-5dfef02f650e,3,3,0.462611,0
1b96a5db-8974-46d3-82d7-5dfef02f650e,3,4,0.020210,0
1b96a5db-8974-46d3-82d7-5dfef02f650e,3,5,0.027374,0
1b96a5db-8974-46d3-82d7-5dfef02f650e,3,6,0.030138,0
1b96a5db-8974-46d3-82d7-5dfef02f650e,3,7,0.549389,1
1b96a5db-8974-46d3-82d7-5dfef02f650e,3,8,0.050352,0
1b96a5db-8974-46d3-82d7-5dfef02f650e,3,9,0.038077,0
1b96a5db-8974-46d3-82d7-5dfef02f650e,3,10,0.028382,0
1b96a5db-8974-46d3-82d7-5dfef02f650e,3,11,0.015694,0
1b96a5db-8974-46d3-82d7-5dfef02f650e,3,12,0.011860,0
1b96a5db-8974-46d3-82d7-5dfef02f650e,3,13,0.894511,1
1b96a5db-8974-46d3-82d7-5dfef02f650e,3,14,0.291973,0
1b96a5db-8974-46d3-82d7-5dfef02f650e,3,15,0.035867,0
1b96a5db-8974-46d3-82d7-5dfef02f650e,3,16,0.013877,0
1b96a5db-8974-46d3-82d7-5dfef02f650e,3,17,0.052592,0
1b96a5db-8974-46d3-82d7-5dfef02f650e,3,18,0.016765,0
1b96a5db-8974-46d3-82d7-5dfef02f650e,3,19,0.022340,0
1b96a5db-8974-46d3-82d7-5dfef02f650e,3,20,0.014494,0
1b96a5db-8974-46d3-82d7-5dfef02f650e,3,21,0.013364,0
1b96a5db-8974-46d3-82d7-5dfef02f650e,3,22,0.134908,0
1b96a5db-8974-46d3-82d7-5dfef02f650e,3,23,0.054993,0
1b96a5db-8974-46d3-82d7-5dfef02f650e,3,24,0.041023,0
1b96a5db-8974-46d3-82d7-5dfef02f650e,3,25,0.013093,0
1b96a5db-8974-46d3-82d7-5dfef02f650e,3,26,0.020787,0
1b96a5db-8974-46d3-82d7-5dfef02f650e,3,27,0.022383,0
1b96a5db-8974-46d3-82d7-5dfef02f650e,3,28,0.085065,0
1b96a5db-8974-46d3-82d7-5dfef02f650e,3,29,0.031545,0
1b96a5db-8974-46d3-82d7-5dfef02f650e,3,30,0.112854,0
1b96a5db-8974-46d3-82d7-5dfef02f650e,3,31,0.012998,0
472158a1-4e39-4214-8397-904e66f2b4c5,1,0,0.992899,1
472158a1-4e39-4214-8397-904e66f2b4c5,1,1,0.016687,0
472158a1-4e39-4214-8397-904e66f2b4c5,1,2,0.107837,0
472158a1-4e39-4214-8397-904e66f2b4c5,1,3,0.014337,0
472158a1-4e39-4214-8397-904e66f2b4c5,1,4,0.827228,1
472158a1-4e39-4214-8397-904e66f2b4c5,1,5,0.980995,1
472158a1-4e39-4214-8397-904e66f2b4c5,1,6,0.046108,0
472158a1-4e39-4214-8397-904e66f2b4c5,1,7,0.975543,1
472158a1-4e39-4214-8397-904e66f2b4c5,1,8,0.020361,0
472158a1-4e39-4214-8397-904e66f2b4c5,1,9,0.036232,0
472158a1-4e39-4214-8397-904e66f2b4c5,1,10,0.070374,0
472158a1-4e39-4214-8397-904e66f2b4c5,1,11,0.028732,0
472158a1-4e39-4214-8397-904e66f2b4c5,1,12,0.017683,0
472158a1-4e39-4214-8397-904e66f2b4c5,1,13,0.028375,0
472158a1-4e39-4214-8397-904e66f2b4c5,1,14,0.224661,0
472158a1-4e39-4214-8397-904e66f2b4c5,1,15,0.021642,0
472158a1-4e39-4214-8397-904e66f2b4c5,1,16,0.036504,0
472158a1-4e39-4214-8397-904e66f2b4c5,1,17,0.065994,0
472158a1-4e39-4214-8397-904e66f2b4c5,1,18,0.017478,0
472158a1-4e39-4214-8397-904e66f2b4c5,1,19,0.016579,0
472158a1-4e39-4214-8397-904e66f2b4c5,1,20,0.050011,0
472158a1-4e39-4214-8397-904e66f2b4c5,1,21,0.109999,0
472158a1-4e39-4214-8397-904e66f2b4c5,1,22,0.015183,0
472158a1-4e39-4214-8397-904e66f2b4c5,1,23,0.018036,0
472158a1-4e39-4214-8397-904e66f2b4c5,1,24,0.133505,0
472158a1-4e39-4214-8397-904e66f2b4c5,1,25,0.167124,0
472158a1-4e39-4214-8397-904e66f2b4c5,1,26,0.081723,0
472158a1-4e39-4214-8397-904e66f2b4c5,1,27,0.021888,0
472158a1-4e39-4214-8397-904e66f2b4c5,1,28,0.016104,0
472158a1-4e39-4214-8397-904e66f2b4c5,1,29,0.033175,0
472158a1-4e39-4214-8397-904e66f2b4c5,2,0,0.019033,0
472158a1-4e39-4214-8397-904e66f2b4c5,2,1,0.015627,0
472158a1-4e39-4214-8397-904e66f2b4c5,2,2,0.013207,0
472158a1-4e39-4214-8397-904e66f2b4c5,2,3,0.146920,0
472158a1-4e39-4214-8397-904e66f2b4c5,2,4,0.803249,1
472158a1-4e39-4214-8397-904e66f2b4c5,2,5,0.024990,0
472158a1-4e39-4214-8397-904e66f2b4c5,2,6,0.447496,0
472158a1-4e39-4214-8397-904e66f2b4c5,2,7,0.798445,1
472158a1-4e39-4214-8397-904e66f2b4c5,2,8,0.547076,1
472158a1-4e39-4214-8397-904e66f2b4c5,2,9,0.040637,0
472158a1-4e39-4214-8397-904e66f2b4c5,2,10,0.029841,0
472158a1-4e39-4214-8397-904e66f2b4c5,2,11,0.320530,0
472158a1-4e39-4214-8397-904e66f2b4c5,2,12,0.478120,0
472158a1-4e39-4214-8397-904e66f2b4c5,2,13,0.842534,1
472158a1-4e39-4214-8397-904e66f2b4c5,2,14,0.016419,0
472158a1-4e39-4214-8397-904e66f2b4c5,3,0,0.027038,0
472158a1-4e39-4214-8397-904e66f2b4c5,3,1,0.173933,0
472158a1-4e39-4214-8397-904e66f2b4c5,3,2,0.033624,0
472158a1-4e39-4214-8397-904e66f2b4c5,3,3,0.939911,1
472158a1-4e39-4214-8397-904e66f2b4c5,3,4,0.051413,0
472158a1-4e39-4214-8397-904e66f2b4c5,3,5,0.213278,0
472158a1-4e39-4214-8397-904e66f2b4c5,3,6,0.818655,1
472158a1-4e39-4214-8397-904e66f2b4c5,3,7,0.993347,1
472158a1-4e39-4214-8397-904e66f2b4c5,3,8,0.632067,1
472158a1-4e39-4214-8397-904e66f2b4c5,3,9,0.857538,1
472158a1-4e39-4214-8397-904e66f2b4c5,3,10,0.305710,0
472158a1-4e39-4214-8397-904e66f2b4c5,3,11,0.911952,1
472158a1-4e39-4214-8397-904e66f2b4c5,3,12,0.032406,0
472158a1-4e39-4214-8397-904e66f2b4c5,3,13,0.340170,0
472158a1-4e39-4214-8397-904e66f2b4c5,3,14,0.013566,0
472158a1-4e39-4214-8397-904e66f2b4c5,3,15,0.018185,0
472158a1-4e39-4214-8397-904e66f2b4c5,3,16,0.016145,0
472158a1-4e39-4214-8397-904e66f2b4c5,3,17,0.089918,0
472158a1-4e39-4214-8397-904e66f2b4c5,3,18,0.981794,1
472158a1-4e39-4214-8397-904e66f2b4c5,3,19,0.989994,1
472158a1-4e39-4214-8397-904e66f2b4c5,3,20,0.018200,0
472158a1-4e39-4214-8397-904e66f2b4c5,3,21,0.951503,1
472158a1-4e39-4214-8397-904e66f2b4c5,3,22,0.711784,1
59f2f47c-5da0-4fbc-be6e-4f15d45d82e2,1,0,0.624139,1
59f2f47c-5da0-4fbc-be6e-4f15d45d82e2,1,1,0.961692,1
59f2f47c-5da0-4fbc-be6e-4f15d45d82e2,1,2,0.034354,0
59f2f47c-5da0-4fbc-be6e-4f15d45d82e2,1,3,0.022903,0
59f2f47c-5da0-4fbc-be6e-4f15d45d82e2,1,4,0.191811,0
59f2f47c-5da0-4fbc-be6e-4f15d45d82e2,1,5,0.790884,1
59f2f47c-5da0-4fbc-be6e-4f15d45d82e2,1,6,0.038635,0
59f2f47c-5da0-4fbc-be6e-4f15d45d82e2,1,7,0.061778,0
59f2f47c-5da0-4fbc-be6e-4f15d45d82e2,1,8,0.551135,1
59f2f47c-5da0-4fbc-be6e-4f15d45d82e2,1,9,0.336992,0
59f2f47c-5da0-4fbc-be6e-4f15d45d82e2,1,10,0.977821,1
59f2f47c-5da0-4fbc-be6e-4f15d45d82e2,1,11,0.761993,1
59f2f47c-5da0-4fbc-be6e-4f15d45d82e2,1,12,0.035076,0
59f2f47c-5da0-4fbc-be6e-4f15d45d82e2,1,13,0.048233,0
59f2f47c-5da0-4fbc-be6e-4f15d45d82e2,2,0,0.974257,1
59f2f47c-5da0-4fbc-be6e-4f15d45d82e2,2,1,0.041283,0
59f2f47c-5da0-4fbc-be6e-4f15d45d82e2,2,2,0.972255,1
59f2f47c-5da0-4fbc-be6e-4f15d45d82e2,2,3,0.053528,0
59f2f47c-5da0-4fbc-be6e-4f15d45d82e2,2,4,0.513834,1
59f2f47c-5da0-4fbc-be6e-4f15d45d82e2,2,5,0.016960,0
59f2f47c-5da0-4fbc-be6e-4f15d45d82e2,2,6,0.024194,0
59f2f47c-5da0-4fbc-be6e-4f15d45d82e2,2,7,0.035596,0
59f2f47c-5da0-4fbc-be6e-4f15d45d82e2,2,8,0.993587,1
59f2f47c-5da0-4fbc-be6e-4f15d45d82e2,2,9,0.990019,1
59f2f47c-5da0-4fbc-be6e-4f15d45d82e2,2,10,0.305907,0
59f2f47c-5da0-4fbc-be6e-4f15d45d82e2,2,11,0.017239,0
59f2f47c-5da0-4fbc-be6e-4f15d45d82e2,2,12,0.035089,0
59f2f47c-5da0-4fbc-be6e-4f15d45d82e2,2,13,0.015292,0
59f2f47c-5da0-4fbc-be6e-4f15d45d82e2,3,0,0.981026,1
59f2f47c-5da0-4fbc-be6e-4f15d45d82e2,3,1,0.926912,1
59f2f47c-5da0-4fbc-be6e-4f15d45d82e2,3,2,0.035669,0
59f2f47c-5da0-4fbc-be6e-4f15d45d82e2,3,3,0.020989,0
59f2f47c-5da0-4fbc-be6e-4f15d45d82e2,3,4,0.018326,0
59f2f47c-5da0-4fbc-be6e-4f15d45d82e2,3,5,0.535078,1
59f2f47c-5da0-4fbc-be6e-4f15d45d82e2,3,6,0.189534,0
59f2f47c-5da0-4fbc-be6e-4f15d45d82e2,3,7,0.976271,1
59f2f47c-5da0-4fbc-be6e-4f15d45d82e2,3,8,0.151711,0
59f2f47c-5da0-4fbc-be6e-4f15d45d82e2,3,9,0.238692,0
59f2f47c-5da0-4fbc-be6e-4f15d45d82e2,3,10,0.982858,1
59f2f47c-5da0-4fbc-be6e-4f15d45d82e2,3,11,0.068640,0
59f2f47c-5da0-4fbc-be6e-4f15d45d82e2,3,12,0.096285,0
59f2f47c-5da0-4fbc-be6e-4f15d45d82e2,3,13,0.523983,1
59f2f47c-5da0-4fbc-be6e-4f15d45d82e2,3,14,0.068321,0
59f2f47c-5da0-4fbc-be6e-4f15d45d82e2,3,15,0.057516,0
59f2f47c-5da0-4fbc-be6e-4f15d45d82e2,3,16,0.069211,0
59f2f47c-5da0-4fbc-be6e-4f15d45d82e2,3,17,0.968742,1
59f2f47c-5da0-4fbc-be6e-4f15d45d82e2,3,18,0.517694,1
59f2f47c-5da0-4fbc-be6e-4f15d45d82e2,3,19,0.934745,1
59f2f47c-5da0-4fbc-be6e-4f15d45d82e2,3,20,0.815879,1
59f2f47c-5da0-4fbc-be6e-4f15d45d82e2,3,21,0.023056,0
59f2f47c-5da0-4fbc-be6e-4f15d45d82e2,3,22,0.984422,1
59f2f47c-5da0-4fbc-be6e-4f15d45d82e2,3,23,0.952829,1
59f2f47c-5da0-4fbc-be6e-4f15d45d82e2,3,24,0.023859,0
59f2f47c-5da0-4fbc-be6e-4f15d45d82e2,3,25,0.061876,0
59f2f47c-5da0-4fbc-be6e-4f15d45d82e2,3,26,0.081121,0
76810849-0335-4ad3-9eaf-f0d9c5baceb6,1,0,0.979075,1
76810849-0335-4ad3-9eaf-f0d9c5baceb6,1,1,0.518770,1
76810849-0335-4ad3-9eaf-f0d9c5baceb6,1,2,0.052008,0
76810849-0335-4ad3-9eaf-f0d9c5baceb6,1,3,0.678339,1
76810849-0335-4ad3-9eaf-f0d9c5baceb6,1,4,0.167968,0
76810849-0335-4ad3-9eaf-f0d9c5baceb6,1,5,0.543536,1
76810849-0335-4ad3-9eaf-f0d9c5baceb6,1,6,0.015714,0
76810849-0335-4ad3-9eaf-f0d9c5baceb6,1,7,0.020292,0
76810849-0335-4ad3-9eaf-f0d9c5baceb6,1,8,0.020937,0
76810849-0335-4ad3-9eaf-f0d9c5baceb6,1,9,0.075192,0
76810849-0335-4ad3-9eaf-f0d9c5baceb6,1,10,0.864250,1
76810849-0335-4ad3-9eaf-f0d9c5baceb6,1,11,0.111039,0
76810849-0335-4ad3-9eaf-f0d9c5baceb6,1,12,0.050014,0
76810849-0335-4ad3-9eaf-f0d9c5baceb6,1,13,0.836476,1
76810849-0335-4ad3-9eaf-f0d9c5baceb6,1,14,0.020446,0
76810849-0335-4ad3-9eaf-f0d9c5baceb6,1,15,0.015586,0
76810849-0335-4ad3-9eaf-f0d9c5baceb6,1,16,0.014694,0
76810849-0335-4ad3-9eaf-f0d9c5baceb6,1,17,0.132647,0
76810849-0335-4ad3-9eaf-f0d9c5baceb6,1,18,0.062692,0
76810849-0335-4ad3-9eaf-f0d9c5baceb6,1,19,0.743420,1
76810849-0335-4ad3-9eaf-f0d9c5baceb6,1,20,0.017028,0
76810849-0335-4ad3-9eaf-f0d9c5baceb6,1,21,0.029139,0
76810849-0335-4ad3-9eaf-f0d9c5baceb6,1,22,0.140509,0
76810849-0335-4ad3-9eaf-f0d9c5baceb6,1,23,0.027668,0
76810849-0335-4ad3-9eaf-f0d9c5baceb6,1,24,0.011861,0
76810849-0335-4ad3-9eaf-f0d9c5baceb6,1,25,0.033778,0
76810849-0335-4ad3-9eaf-f0d9c5baceb6,1,26,0.027249,0
76810849-0335-4ad3-9eaf-f0d9c5baceb6,1,27,0.018830,0
76810849-0335-4ad3-9eaf-f0d9c5baceb6,2,0,0.964192,1
76810849-0335-4ad3-9eaf-f0d9c5baceb6,2,1,0.986911,1
76810849-0335-4ad3-9eaf-f0d9c5baceb6,2,2,0.375868,0
76810849-0335-4ad3-9eaf-f0d9c5baceb6,2,3,0.379143,0
76810849-0335-4ad3-9eaf-f0d9c5baceb6,2,4,0.017542,0
76810849-0335-4ad3-9eaf-f0d9c5baceb6,2,5,0.031245,0
76810849-0335-4ad3-9eaf-f0d9c5baceb6,2,6,0.252559,0
76810849-0335-4ad3-9eaf-f0d9c5baceb6,2,7,0.984821,1
76810849-0335-4ad3-9eaf-f0d9c5baceb6,2,8,0.017944,0
76810849-0335-4ad3-9eaf-f0d9c5baceb6,2,9,0.013519,0
76810849-0335-4ad3-9eaf-f0d9c5baceb6,2,10,0.237542,0
76810849-0335-4ad3-9eaf-f0d9c5baceb6,2,11,0.910431,1
76810849-0335-4ad3-9eaf-f0d9c5baceb6,2,12,0.351066,0
76810849-0335-4ad3-9eaf-f0d9c5baceb6,2,13,0.040659,0
76810849-0335-4ad3-9eaf-f0d9c5baceb6,2,14,0.712302,1
76810849-0335-4ad3-9eaf-f0d9c5baceb6,2,15,0.047270,0
76810849-0335-4ad3-9eaf-f0d9c5baceb6,2,16,0.066703,0
76810849-0335-4ad3-9eaf-f0d9c5baceb6,2,17,0.070170,0
76810849-0335-4ad3-9eaf-f0d9c5baceb6,2,18,0.028897,0
76810849-0335-4ad3-9eaf-f0d9c5baceb6,2,19,0.081301,0
76810849-0335-4ad3-9eaf-f0d9c5baceb6,2,20,0.086995,0
76810849-0335-4ad3-9eaf-f0d9c5baceb6,2,21,0.103513,0
76810849-0335-4ad3-9eaf-f0d9c5baceb6,2,22,0.728714,1
76810849-0335-4ad3-9eaf-f0d9c5baceb6,2,23,0.023080,0
76810849-0335-4ad3-9eaf-f0d9c5baceb6,2,24,0.022110,0
76810849-0335-4ad3-9eaf-f0d9c5baceb6,2,25,0.020655,0
76810849-0335-4ad3-9eaf-f0d9c5baceb6,2,26,0.016359,0
76810849-0335-4ad3-9eaf-f0d9c5baceb6,2,27,0.019220,0
76810849-0335-4ad3-9eaf-f0d9c5baceb6,2,28,0.031976,0
76810849-0335-4ad3-9eaf-f0d9c5baceb6,2,29,0.018775,0
76810849-0335-4ad3-9eaf-f0d9c5baceb6,2,30,0.197479,0
76810849-0335-4ad3-9eaf-f0d9c5baceb6,2,31,0.133834,0
76810849-0335-4ad3-9eaf-f0d9c5baceb6,2,32,0.018225,0
76810849-0335-4ad3-9eaf-f0d9c5baceb6,2,33,0.346113,0
76810849-0335-4ad3-9eaf-f0d9c5baceb6,2,34,0.013850,0
76810849-0335-4ad3-9eaf-f0d9c5baceb6,3,0,0.980079,1
76810849-0335-4ad3-9eaf-f0d9c5baceb6,3,1,0.983868,1
76810849-0335-4ad3-9eaf-f0d9c5baceb6,3,2,0.297242,0
76810849-0335-4ad3-9eaf-f0d9c5baceb6,3,3,0.128639,0
76810849-0335-4ad3-9eaf-f0d9c5baceb6,3,4,0.503721,1
76810849-0335-4ad3-9eaf-f0d9c5baceb6,3,5,0.981324,1
76810849-0335-4ad3-9eaf-f0d9c5baceb6,3,6,0.167968,0
76810849-0335-4ad3-9eaf-f0d9c5baceb6,3,7,0.061692,0
76810849-0335-4ad3-9eaf-f0d9c5baceb6,3,8,0.028101,0
76810849-0335-4ad3-9eaf-f0d9c5baceb6,3,9,0.989711,1
76810849-0335-4ad3-9eaf-f0d9c5baceb6,3,10,0.052391,0
76810849-0335-4ad3-9eaf-f0d9c5baceb6,3,11,0.026654,0
76810849-0335-4ad3-9eaf-f0d9c5baceb6,3,12,0.027110,0
76810849-0335-4ad3-9eaf-f0d9c5baceb6,3,13,0.115514,0
76810849-0335-4ad3-9eaf-f0d9c5baceb6,3,14,0.124755,0
76810849-0335-4ad3-9eaf-f0d9c5baceb6,3,15,0.967660,1
76810849-0335-4ad3-9eaf-f0d9c5baceb6,3,16,0.136908,0
76810849-0335-4ad3-9eaf-f0d9c5baceb6,3,17,0.054351,0
76810849-0335-4ad3-9eaf-f0d9c5baceb6,3,18,0.041911,0
76810849-0335-4ad3-9eaf-f0d9c5baceb6,3,19,0.023920,0
79bf99c6-6fca-4ce4-8ae1-8771de026142,1,0,0.032974,0
79bf99c6-6fca-4ce4-8ae1-8771de026142,1,1,0.015898,0
79bf99c6-6fca-4ce4-8ae1-8771de026142,1,2,0.021155,0
79bf99c6-6fca-4ce4-8ae1-8771de026142,1,3,0.015476,0
79bf99c6-6fca-4ce4-8ae1-8771de026142,1,4,0.036563,0
79bf99c6-6fca-4ce4-8ae1-8771de026142,1,5,0.038910,0
79bf99c6-6fca-4ce4-8ae1-8771de026142,1,6,0.269377,0
79bf99c6-6fca-4ce4-8ae1-8771de026142,1,7,0.017743,0
79bf99c6-6fca-4ce4-8ae1-8771de026142,1,8,0.028494,0
79bf99c6-6fca-4ce4-8ae1-8771de026142,1,9,0.141701,0
79bf99c6-6fca-4ce4-8ae1-8771de026142,1,10,0.052032,0
79bf99c6-6fca-4ce4-8ae1-8771de026142,1,11,0.018693,0
79bf99c6-6fca-4ce4-8ae1-8771de026142,1,12,0.013147,0
79bf99c6-6fca-4ce4-8ae1-8771de026142,1,13,0.025249,0
79bf99c6-6fca-4ce4-8ae1-8771de026142,1,14,0.041237,0
79bf99c6-6fca-4ce4-8ae1-8771de026142,1,15,0.033851,0
79bf99c6-6fca-4ce4-8ae1-8771de026142,1,16,0.027774,0
79bf99c6-6fca-4ce4-8ae1-8771de026142,1,17,0.776623,1
79bf99c6-6fca-4ce4-8ae1-8771de026142,1,18,0.102382,0
79bf99c6-6fca-4ce4-8ae1-8771de026142,1,19,0.141719,0
79bf99c6-6fca-4ce4-8ae1-8771de026142,1,20,0.014502,0
79bf99c6-6fca-4ce4-8ae1-8771de026142,1,21,0.029228,0
79bf99c6-6fca-4ce4-8ae1-8771de026142,1,22,0.111672,0
79bf99c6-6fca-4ce4-8ae1-8771de026142,1,23,0.036467,0
79bf99c6-6fca-4ce4-8ae1-8771de026142,1,24,0.013830,0
79bf99c6-6fca-4ce4-8ae1-8771de026142,1,25,0.096004,0
79bf99c6-6fca-4ce4-8ae1-8771de026142,1,26,0.021310,0
79bf99c6-6fca-4ce4-8ae1-8771de026142,1,27,0.182086,0
79bf99c6-6fca-4ce4-8ae1-8771de026142,1,28,0.046084,0
79bf99c6-6fca-4ce4-8ae1-8771de026142,1,29,0.784339,1
79bf99c6-6fca-4ce4-8ae1-8771de026142,1,30,0.026569,0
79bf99c6-6fca-4ce4-8ae1-8771de026142,1,31,0.031817,0
79bf99c6-6fca-4ce4-8ae1-8771de026142,1,32,0.025606,0
79bf99c6-6fca-4ce4-8ae1-8771de026142,1,33,0.017608,0
79bf99c6-6fca-4ce4-8ae1-8771de026142,1,34,0.018817,0
79bf99c6-6fca-4ce4-8ae1-8771de026142,1,35,0.017717,0
79bf99c6-6fca-4ce4-8ae1-8771de026142,1,36,0.027041,0
79bf99c6-6fca-4ce4-8ae1-8771de026142,1,37,0.032870,0
79bf99c6-6fca-4ce4-8ae1-8771de026142,1,38,0.022236,0
79bf99c6-6fca-4ce4-8ae1-8771de026142,2,0,0.030823,0
79bf99c6-6fca-4ce4-8ae1-8771de026142,2,1,0.976583,1
79bf99c6-6fca-4ce4-8ae1-8771de026142,2,2,0.024532,0
79bf99c6-6fca-4ce4-8ae1-8771de026142,2,3,0.261132,0
79bf99c6-6fca-4ce4-8ae1-8771de026142,2,4,0.132036,0
79bf99c6-6fca-4ce4-8ae1-8771de026142,2,5,0.017255,0
79bf99c6-6fca-4ce4-8ae1-8771de026142,2,6,0.871345,1
79bf99c6-6fca-4ce4-8ae1-8771de026142,2,7,0.027994,0
79bf99c6-6fca-4ce4-8ae1-8771de026142,2,8,0.101592,0
79bf99c6-6fca-4ce4-8ae1-8771de026142,2,9,0.065055,0
79bf99c6-6fca-4ce4-8ae1-8771de026142,2,10,0.017282,0
79bf99c6-6fca-4ce4-8ae1-8771de026142,2,11,0.076803,0
79bf99c6-6fca-4ce4-8ae1-8771de026142,2,12,0.114358,0
79bf99c6-6fca-4ce4-8ae1-8771de026142,2,13,0.239657,0
79bf99c6-6fca-4ce4-8ae1-8771de026142,2,14,0.066065,0
79bf99c6-6fca-4ce4-8ae1-8771de026142,2,15,0.021369,0
79bf99c6-6fca-4ce4-8ae1-8771de026142,2,16,0.977960,1
79bf99c6-6fca-4ce4-8ae1-8771de026142,2,17,0.014284,0
79bf99c6-6fca-4ce4-8ae1-8771de026142,2,18,0.062235,0
79bf99c6-6fca-4ce4-8ae1-8771de026142,2,19,0.027582,0
79bf99c6-6fca-4ce4-8ae1-8771de026142,2,20,0.098443,0
79bf99c6-6fca-4ce4-8ae1-8771de026142,2,21,0.012925,0
79bf99c6-6fca-4ce4-8ae1-8771de026142,2,22,0.029668,0
79bf99c6-6fca-4ce4-8ae1-8771de026142,2,23,0.021355,0
79bf99c6-6fca-4ce4-8ae1-8771de026142,2,24,0.016338,0
79bf99c6-6fca-4ce4-8ae1-8771de026142,2,25,0.013617,0
79bf99c6-6fca-4ce4-8ae1-8771de026142,2,26,0.086787,0
79bf99c6-6fca-4ce4-8ae1-8771de026142,2,27,0.079376,0
79bf99c6-6fca-4ce4-8ae1-8771de026142,2,28,0.023570,0
79bf99c6-6fca-4ce4-8ae1-8771de026142,2,29,0.062136,0
79bf99c6-6fca-4ce4-8ae1-8771de026142,2,30,0.955889,1
79bf99c6-6fca-4ce4-8ae1-8771de026142,2,31,0.024217,0
79bf99c6-6fca-4ce4-8ae1-8771de026142,2,32,0.059406,0
79bf99c6-6fca-4ce4-8ae1-8771de026142,2,33,0.864069,1
79bf99c6-6fca-4ce4-8ae1-8771de026142,2,34,0.459116,0
79bf99c6-6fca-4ce4-8ae1-8771de026142,2,35,0.320090,0
79bf99c6-6fca-4ce4-8ae1-8771de026142,2,36,0.072337,0
79bf99c6-6fca-4ce4-8ae1-8771de026142,2,37,0.016165,0
79bf99c6-6fca-4ce4-8ae1-8771de026142,2,38,0.020616,0
79bf99c6-6fca-4ce4-8ae1-8771de026142,2,39,0.021052,0
79bf99c6-6fca-4ce4-8ae1-8771de026142,3,0,0.065794,0
79bf99c6-6fca-4ce4-8ae1-8771de026142,3,1,0.440964,0
79bf99c6-6fca-4ce4-8ae1-8771de026142,3,2,0.030972,0
79bf99c6-6fca-4ce4-8ae1-8771de026142,3,3,0.104804,0
79bf99c6-6fca-4ce4-8ae1-8771de026142,3,4,0.013944,0
79bf99c6-6fca-4ce4-8ae1-8771de026142,3,5,0.039673,0
79bf99c6-6fca-4ce4-8ae1-8771de026142,3,6,0.133412,0
79bf99c6-6fca-4ce4-8ae1-8771de026142,3,7,0.043692,0
79bf99c6-6fca-4ce4-8ae1-8771de026142,3,8,0.957380,1
79bf99c6-6fca-4ce4-8ae1-8771de026142,3,9,0.522321,1
79bf99c6-6fca-4ce4-8ae1-8771de026142,3,10,0.026646,0
79bf99c6-6fca-4ce4-8ae1-8771de026142,3,11,0.029668,0
79bf99c6-6fca-4ce4-8ae1-8771de026142,3,12,0.031587,0
79bf99c6-6fca-4ce4-8ae1-8771de026142,3,13,0.028679,0
79bf99c6-6fca-4ce4-8ae1-8771de026142,3,14,0.019520,0
79bf99c6-6fca-4ce4-8ae1-8771de026142,3,15,0.017240,0
79bf99c6-6fca-4ce4-8ae1-8771de026142,3,16,0.030916,0
79bf99c6-6fca-4ce4-8ae1-8771de026142,3,17,0.020470,0
79bf99c6-6fca-4ce4-8ae1-8771de026142,3,18,0.947616,1
79bf99c6-6fca-4ce4-8ae1-8771de026142,3,19,0.080643,0
79bf99c6-6fca-4ce4-8ae1-8771de026142,3,20,0.018362,0
79bf99c6-6fca-4ce4-8ae1-8771de026142,3,21,0.040113,0
79bf99c6-6fca-4ce4-8ae1-8771de026142,3,22,0.061196,0
79bf99c6-6fca-4ce4-8ae1-8771de026142,3,23,0.796773,1
79bf99c6-6fca-4ce4-8ae1-8771de026142,3,24,0.271814,0
79bf99c6-6fca-4ce4-8ae1-8771de026142,3,25,0.013971,0
79bf99c6-6fca-4ce4-8ae1-8771de026142,3,26,0.033625,0
79bf99c6-6fca-4ce4-8ae1-8771de026142,3,27,0.014639,0
79bf99c6-6fca-4ce4-8ae1-8771de026142,3,28,0.027919,0
79bf99c6-6fca-4ce4-8ae1-8771de026142,3,29,0.036473,0
79bf99c6-6fca-4ce4-8ae1-8771de026142,3,30,0.067325,0
79bf99c6-6fca-4ce4-8ae1-8771de026142,3,31,0.291673,0
79bf99c6-6fca-4ce4-8ae1-8771de026142,3,32,0.024363,0
79bf99c6-6fca-4ce4-8ae1-8771de026142,3,33,0.013774,0
79bf99c6-6fca-4ce4-8ae1-8771de026142,3,34,0.531562,1
79bf99c6-6fca-4ce4-8ae1-8771de026142,3,35,0.115220,0
79bf99c6-6fca-4ce4-8ae1-8771de026142,3,36,0.013595,0
79bf99c6-6fca-4ce4-8ae1-8771de026142,3,37,0.028317,0
7a97de89-1433-46f7-bcc2-f80b041cb9a0,1,0,0.206031,0
7a97de89-1433-46f7-bcc2-f80b041cb9a0,1,1,0.015076,0
7a97de89-1433-46f7-bcc2-f80b041cb9a0,1,2,0.026124,0
7a97de89-1433-46f7-bcc2-f80b041cb9a0,1,3,0.040263,0
7a97de89-1433-46f7-bcc2-f80b041cb9a0,1,4,0.026131,0
7a97de89-1433-46f7-bcc2-f80b041cb9a0,1,5,0.228609,0
7a97de89-1433-46f7-bcc2-f80b041cb9a0,1,6,0.078396,0
7a97de89-1433-46f7-bcc2-f80b041cb9a0,1,7,0.038598,0
7a97de89-1433-46f7-bcc2-f80b041cb9a0,1,8,0.970506,1
7a97de89-1433-46f7-bcc2-f80b041cb9a0,1,9,0.960002,1
7a97de89-1433-46f7-bcc2-f80b041cb9a0,1,10,0.991328,1
7a97de89-1433-46f7-bcc2-f80b041cb9a0,1,11,0.953643,1
7a97de89-1433-46f7-bcc2-f80b041cb9a0,1,12,0.111854,0
7a97de89-1433-46f7-bcc2-f80b041cb9a0,1,13,0.012624,0
7a97de89-1433-46f7-bcc2-f80b041cb9a0,1,14,0.033134,0
7a97de89-1433-46f7-bcc2-f80b041cb9a0,1,15,0.547257,1
7a97de89-1433-46f7-bcc2-f80b041cb9a0,1,16,0.043724,0
7a97de89-1433-46f7-bcc2-f80b041cb9a0,1,17,0.547210,1
7a97de89-1433-46f7-bcc2-f80b041cb9a0,1,18,0.240679,0
7a97de89-1433-46f7-bcc2-f80b041cb9a0,1,19,0.057868,0
7a97de89-1433-46f7-bcc2-f80b041cb9a0,1,20,0.318864,0
7a97de89-1433-46f7-bcc2-f80b041cb9a0,1,21,0.492639,0
7a97de89-1433-46f7-bcc2-f80b041cb9a0,1,22,0.124985,0
7a97de89-1433-46f7-bcc2-f80b041cb9a0,1,23,0.033810,0
7a97de89-1433-46f7-bcc2-f80b041cb9a0,1,24,0.095580,0
7a97de89-1433-46f7-bcc2-f80b041cb9a0,1,25,0.024480,0
7a97de89-1433-46f7-bcc2-f80b041cb9a0,1,26,0.029337,0
7a97de89-1433-46f7-bcc2-f80b041cb9a0,1,27,0.017162,0
7a97de89-1433-46f7-bcc2-f80b041cb9a0,1,28,0.031548,0
7a97de89-1433-46f7-bcc2-f80b041cb9a0,2,0,0.334630,0
7a97de89-1433-46f7-bcc2-f80b041cb9a0,2,1,0.038572,0
7a97de89-1433-46f7-bcc2-f80b041cb9a0,2,2,0.014571,0
7a97de89-1433-46f7-bcc2-f80b041cb9a0,2,3,0.051500,0
7a97de89-1433-46f7-bcc2-f80b041cb9a0,2,4,0.014629,0
7a97de89-1433-46f7-bcc2-f80b041cb9a0,2,5,0.962576,1
7a97de89-1433-46f7-bcc2-f80b041cb9a0,2,6,0.073253,0
7a97de89-1433-46f7-bcc2-f80b041cb9a0,2,7,0.043866,0
7a97de89-1433-46f7-bcc2-f80b041cb9a0,2,8,0.835346,1
7a97de89-1433-46f7-bcc2-f80b041cb9a0,2,9,0.055799,0
7a97de89-1433-46f7-bcc2-f80b041cb9a0,2,10,0.716615,1
7a97de89-1433-46f7-bcc2-f80b041cb9a0,2,11,0.013759,0
7a97de89-1433-46f7-bcc2-f80b041cb9a0,2,12,0.262092,0
7a97de89-1433-46f7-bcc2-f80b041cb9a0,2,13,0.038553,0
7a97de89-1433-46f7-bcc2-f80b041cb9a0,2,14,0.019559,0
7a97de89-1433-46f7-bcc2-f80b041cb9a0,2,15,0.062011,0
7a97de89-1433-46f7-bcc2-f80b041cb9a0,2,16,0.017723,0
7a97de89-1433-46f7-bcc2-f80b041cb9a0,2,17,0.020971,0
7a97de89-1433-46f7-bcc2-f80b041cb9a0,2,18,0.074416,0
7a97de89-1433-46f7-bcc2-f80b041cb9a0,2,19,0.013999,0
7a97de89-1433-46f7-bcc2-f80b041cb9a0,2,20,0.016992,0
7a97de89-1433-46f7-bcc2-f80b041cb9a0,2,21,0.017018,0
7a97de89-1433-46f7-bcc2-f80b041cb9a0,2,22,0.014497,0
7a97de89-1433-46f7-bcc2-f80b041cb9a0,2,23,0.024076,0
7a97de89-1433-46f7-bcc2-f80b041cb9a0,2,24,0.861338,1
7a97de89-1433-46f7-bcc2-f80b041cb9a0,2,25,0.975436,1
7a97de89-1433-46f7-bcc2-f80b041cb9a0,2,26,0.012096,0
7a97de89-1433-46f7-bcc2-f80b041cb9a0,2,27,0.021462,0
7a97de89-1433-46f7-bcc2-f80b041cb9a0,2,28,0.024288,0
7a97de89-1433-46f7-bcc2-f80b041cb9a0,2,29,0.014018,0
7a97de89-1433-46f7-bcc2-f80b041cb9a0,2,30,0.032449,0
7a97de89-1433-46f7-bcc2-f80b041cb9a0,3,0,0.013674,0
7a97de89-1433-46f7-bcc2-f80b041cb9a0,3,1,0.011242,0
7a97de89-1433-46f7-bcc2-f80b041cb9a0,3,2,0.040240,0
7a97de89-1433-46f7-bcc2-f80b041cb9a0,3,3,0.809796,1
7a97de89-1433-46f7-bcc2-f80b041cb9a0,3,4,0.713503,1
7a97de89-1433-46f7-bcc2-f80b041cb9a0,3,5,0.021113,0
7a97de89-1433-46f7-bcc2-f80b041cb9a0,3,6,0.014579,0
7a97de89-1433-46f7-bcc2-f80b041cb9a0,3,7,0.045901,0
7a97de89-1433-46f7-bcc2-f80b041cb9a0,3,8,0.060096,0
7a97de89-1433-46f7-bcc2-f80b041cb9a0,3,9,0.022016,0
7a97de89-1433-46f7-bcc2-f80b041cb9a0,3,10,0.071954,0
7a97de89-1433-46f7-bcc2-f80b041cb9a0,3,11,0.022982,0
7a97de89-1433-46f7-bcc2-f80b041cb9a0,3,12,0.010819,0
7a97de89-1433-46f7-bcc2-f80b041cb9a0,3,13,0.859878,1
7a97de89-1433-46f7-bcc2-f80b041cb9a0,3,14,0.016657,0
7a97de89-1433-46f7-bcc2-f80b041cb9a0,3,15,0.049860,0
7a97de89-1433-46f7-bcc2-f80b041cb9a0,3,16,0.057545,0
7a97de89-1433-46f7-bcc2-f80b041cb9a0,3,17,0.013667,0
7a97de89-1433-46f7-bcc2-f80b041cb9a0,3,18,0.045026,0
7a97de89-1433-46f7-bcc2-f80b041cb9a0,3,19,0.012677,0
7a97de89-1433-46f7-bcc2-f80b041cb9a0,3,20,0.950440,1
7a97de89-1433-46f7-bcc2-f80b041cb9a0,3,21,0.032065,0
7a97de89-1433-46f7-bcc2-f80b041cb9a0,3,22,0.025847,0
7a97de89-1433-46f7-bcc2-f80b041cb9a0,3,23,0.052991,0
7a97de89-1433-46f7-bcc2-f80b041cb9a0,3,24,0.971792,1
7a97de89-1433-46f7-bcc2-f80b041cb9a0,3,25,0.038179,0
7a97de89-1433-46f7-bcc2-f80b041cb9a0,3,26,0.110791,0
7a97de89-1433-46f7-bcc2-f80b041cb9a0,3,27,0.053892,0
7a97de89-1433-46f7-bcc2-f80b041cb9a0,3,28,0.048592,0
7a97de89-1433-46f7-bcc2-f80b041cb9a0,3,29,0.038517,0
8385a996-1afc-4778-a06d-7070a8f19e27,1,0,0.582094,1
8385a996-1afc-4778-a06d-7070a8f19e27,1,1,0.015165,0
8385a996-1afc-4778-a06d-7070a8f19e27,1,2,0.015845,0
8385a996-1afc-4778-a06d-7070a8f19e27,1,3,0.046103,0
8385a996-1afc-4778-a06d-7070a8f19e27,1,4,0.015800,0
8385a996-1afc-4778-a06d-7070a8f19e27,1,5,0.014389,0
8385a996-1afc-4778-a06d-7070a8f19e27,1,6,0.074744,0
8385a996-1afc-4778-a06d-7070a8f19e27,1,7,0.020696,0
8385a996-1afc-4778-a06d-7070a8f19e27,1,8,0.025198,0
8385a996-1afc-4778-a06d-7070a8f19e27,1,9,0.128453,0
8385a996-1afc-4778-a06d-7070a8f19e27,1,10,0.026238,0
8385a996-1afc-4778-a06d-7070a8f19e27,1,11,0.014115,0
8385a996-1afc-4778-a06d-7070a8f19e27,1,12,0.082085,0
8385a996-1afc-4778-a06d-7070a8f19e27,1,13,0.045558,0
8385a996-1afc-4778-a06d-7070a8f19e27,1,14,0.023541,0
8385a996-1afc-4778-a06d-7070a8f19e27,1,15,0.019290,0
8385a996-1afc-4778-a06d-7070a8f19e27,1,16,0.014473,0
8385a996-1afc-4778-a06d-7070a8f19e27,1,17,0.430342,0
8385a996-1afc-4778-a06d-7070a8f19e27,1,18,0.939397,1
8385a996-1afc-4778-a06d-7070a8f19e27,1,19,0.019994,0
8385a996-1afc-4778-a06d-7070a8f19e27,1,20,0.017745,0
8385a996-1afc-4778-a06d-7070a8f19e27,1,21,0.914958,1
8385a996-1afc-4778-a06d-7070a8f19e27,1,22,0.011982,0
8385a996-1afc-4778-a06d-7070a8f19e27,1,23,0.880050,1
8385a996-1afc-4778-a06d-7070a8f19e27,1,24,0.032737,0
8385a996-1afc-4778-a06d-7070a8f19e27,1,25,0.054997,0
8385a996-1afc-4778-a06d-7070a8f19e27,1,26,0.444011,0
8385a996-1afc-4778-a06d-7070a8f19e27,2,0,0.952568,1
8385a996-1afc-4778-a06d-7070a8f19e27,2,1,0.016423,0
8385a996-1afc-4778-a06d-7070a8f19e27,2,2,0.016136,0
8385a996-1afc-4778-a06d-7070a8f19e27,2,3,0.015845,0
8385a996-1afc-4778-a06d-7070a8f19e27,2,4,0.036371,0
8385a996-1afc-4778-a06d-7070a8f19e27,2,5,0.667519,1
8385a996-1afc-4778-a06d-7070a8f19e27,2,6,0.026098,0
8385a996-1afc-4778-a06d-7070a8f19e27,2,7,0.087228,0
8385a996-1afc-4778-a06d-7070a8f19e27,2,8,0.307802,0
8385a996-1afc-4778-a06d-7070a8f19e27,2,9,0.097802,0
8385a996-1afc-4778-a06d-7070a8f19e27,2,10,0.020861,0
8385a996-1afc-4778-a06d-7070a8f19e27,2,11,0.974264,1
8385a996-1afc-4778-a06d-7070a8f19e27,2,12,0.414897,0
8385a996-1afc-4778-a06d-7070a8f19e27,2,13,0.059848,0
8385a996-1afc-4778-a06d-7070a8f19e27,2,14,0.019815,0
8385a996-1afc-4778-a06d-7070a8f19e27,2,15,0.016402,0
8385a996-1afc-4778-a06d-7070a8f19e27,2,16,0.013950,0
8385a996-1afc-4778-a06d-7070a8f19e27,2,17,0.016648,0
8385a996-1afc-4778-a06d-7070a8f19e27,2,18,0.034072,0
8385a996-1afc-4778-a06d-7070a8f19e27,2,19,0.031408,0
8385a996-1afc-4778-a06d-7070a8f19e27,2,20,0.018201,0
8385a996-1afc-4778-a06d-7070a8f19e27,2,21,0.022951,0
8385a996-1afc-4778-a06d-7070a8f19e27,2,22,0.030139,0
8385a996-1afc-4778-a06d-7070a8f19e27,2,23,0.015783,0
8385a996-1afc-4778-a06d-7070a8f19e27,2,24,0.059987,0
8385a996-1afc-4778-a06d-7070a8f19e27,2,25,0.020006,0
8385a996-1afc-4778-a06d-7070a8f19e27,2,26,0.799015,1
8385a996-1afc-4778-a06d-7070a8f19e27,2,27,0.046650,0
8385a996-1afc-4778-a06d-7070a8f19e27,2,28,0.737887,1
8385a996-1afc-4778-a06d-7070a8f19e27,2,29,0.299571,0
8385a996-1afc-4778-a06d-7070a8f19e27,3,0,0.404206,0
8385a996-1afc-4778-a06d-7070a8f19e27,3,1,0.255496,0
8385a996-1afc-4778-a06d-7070a8f19e27,3,2,0.907534,1
8385a996-1afc-4778-a06d-7070a8f19e27,3,3,0.991816,1
8385a996-1afc-4778-a06d-7070a8f19e27,3,4,0.985260,1
8385a996-1afc-4778-a06d-7070a8f19e27,3,5,0.966615,1
8385a996-1afc-4778-a06d-7070a8f19e27,3,6,0.106690,0
8385a996-1afc-4778-a06d-7070a8f19e27,3,7,0.014438,0
8385a996-1afc-4778-a06d-7070a8f19e27,3,8,0.013484,0
8385a996-1afc-4778-a06d-7070a8f19e27,3,9,0.301404,0
8385a996-1afc-4778-a06d-7070a8f19e27,3,10,0.028778,0
8385a996-1afc-4778-a06d-7070a8f19e27,3,11,0.026342,0
8385a996-1afc-4778-a06d-7070a8f19e27,3,12,0.980243,1
8385a996-1afc-4778-a06d-7070a8f19e27,3,13,0.746274,1
8385a996-1afc-4778-a06d-7070a8f19e27,3,14,0.016798,0
8385a996-1afc-4778-a06d-7070a8f19e27,3,15,0.213607,0
8385a996-1afc-4778-a06d-7070a8f19e27,3,16,0.307802,0
8385a996-1afc-4778-a06d-7070a8f19e27,3,17,0.020048,0
8385a996-1afc-4778-a06d-7070a8f19e27,3,18,0.034021,0
8385a996-1afc-4778-a06d-7070a8f19e27,3,19,0.015516,0
8385a996-1afc-4778-a06d-7070a8f19e27,3,20,0.065487,0
8385a996-1afc-4778-a06d-7070a8f19e27,3,21,0.023505,0
8385a996-1afc-4778-a06d-7070a8f19e27,3,22,0.795797,1
8385a996-1afc-4778-a06d-7070a8f19e27,3,23,0.730796,1
8385a996-1afc-4778-a06d-7070a8f19e27,3,24,0.022150,0
8385a996-1afc-4778-a06d-7070a8f19e27,3,25,0.032695,0
8385a996-1afc-4778-a06d-7070a8f19e27,3,26,0.140775,0
8385a996-1afc-4778-a06d-7070a8f19e27,3,27,0.019641,0
8385a996-1afc-4778-a06d-7070a8f19e27,3,28,0.221403,0
8385a996-1afc-4778-a06d-7070a8f19e27,3,29,0.053667,0
8385a996-1afc-4778-a06d-7070a8f19e27,3,30,0.140958,0
8385a996-1afc-4778-a06d-7070a8f19e27,3,31,0.015361,0
8385a996-1afc-4778-a06d-7070a8f19e27,3,32,0.951156,1
8385a996-1afc-4778-a06d-7070a8f19e27,3,33,0.566033,1
8385a996-1afc-4778-a06d-7070a8f19e27,3,34,0.120748,0
8abec8d9-50a2-480e-969a-157f94954f4d,1,0,0.985231,1
8abec8d9-50a2-480e-969a-157f94954f4d,1,1,0.140971,0
8abec8d9-50a2-480e-969a-157f94954f4d,1,2,0.015591,0
8abec8d9-50a2-480e-969a-157f94954f4d,1,3,0.028366,0
8abec8d9-50a2-480e-969a-157f94954f4d,1,4,0.090651,0
8abec8d9-50a2-480e-969a-157f94954f4d,1,5,0.981677,1
8abec8d9-50a2-480e-969a-157f94954f4d,1,6,0.330824,0
8abec8d9-50a2-480e-969a-157f94954f4d,1,7,0.397187,0
8abec8d9-50a2-480e-969a-157f94954f4d,1,8,0.917400,1
8abec8d9-50a2-480e-969a-157f94954f4d,1,9,0.906901,1
8abec8d9-50a2-480e-969a-157f94954f4d,2,0,0.861419,1
8abec8d9-50a2-480e-969a-157f94954f4d,2,1,0.014368,0
8abec8d9-50a2-480e-969a-157f94954f4d,2,2,0.043891,0
8abec8d9-50a2-480e-969a-157f94954f4d,2,3,0.017097,0
8abec8d9-50a2-480e-969a-157f94954f4d,2,4,0.012413,0
8abec8d9-50a2-480e-969a-157f94954f4d,2,5,0.979374,1
8abec8d9-50a2-480e-969a-157f94954f4d,2,6,0.042873,0
8abec8d9-50a2-480e-969a-157f94954f4d,2,7,0.068343,0
8abec8d9-50a2-480e-969a-157f94954f4d,2,8,0.034962,0
8abec8d9-50a2-480e-969a-157f94954f4d,2,9,0.048545,0
8abec8d9-50a2-480e-969a-157f94954f4d,2,10,0.514189,1
8abec8d9-50a2-480e-969a-157f94954f4d,2,11,0.383288,0
8abec8d9-50a2-480e-969a-157f94954f4d,2,12,0.747048,1
8abec8d9-50a2-480e-969a-157f94954f4d,2,13,0.982981,1
8abec8d9-50a2-480e-969a-157f94954f4d,2,14,0.991675,1
8abec8d9-50a2-480e-969a-157f94954f4d,2,15,0.249870,0
8abec8d9-50a2-480e-969a-157f94954f4d,2,16,0.232548,0
8abec8d9-50a2-480e-969a-157f94954f4d,2,17,0.964998,1
8abec8d9-50a2-480e-969a-157f94954f4d,2,18,0.249628,0
8abec8d9-50a2-480e-969a-157f94954f4d,2,19,0.988892,1
8abec8d9-50a2-480e-969a-157f94954f4d,2,20,0.095817,0
8abec8d9-50a2-480e-969a-157f94954f4d,2,21,0.534883,1
8abec8d9-50a2-480e-969a-157f94954f4d,2,22,0.874646,1
8abec8d9-50a2-480e-969a-157f94954f4d,2,23,0.024008,0
8abec8d9-50a2-480e-969a-157f94954f4d,2,24,0.027390,0
8abec8d9-50a2-480e-969a-157f94954f4d,2,25,0.935457,1
8abec8d9-50a2-480e-969a-157f94954f4d,3,0,0.116575,0
8abec8d9-50a2-480e-969a-157f94954f4d,3,1,0.294622,0
8abec8d9-50a2-480e-969a-157f94954f4d,3,2,0.015384,0
8abec8d9-50a2-480e-969a-157f94954f4d,3,3,0.020808,0
8abec8d9-50a2-480e-969a-157f94954f4d,3,4,0.099730,0
8abec8d9-50a2-480e-969a-157f94954f4d,3,5,0.017327,0
8abec8d9-50a2-480e-969a-157f94954f4d,3,6,0.057222,0
8abec8d9-50a2-480e-969a-157f94954f4d,3,7,0.991252,1
8abec8d9-50a2-480e-969a-157f94954f4d,3,8,0.070253,0
8abec8d9-50a2-480e-969a-157f94954f4d,3,9,0.862067,1
8abec8d9-50a2-480e-969a-157f94954f4d,3,10,0.037107,0
8abec8d9-50a2-480e-969a-157f94954f4d,3,11,0.231596,0
8abec8d9-50a2-480e-969a-157f94954f4d,3,12,0.016031,0
8abec8d9-50a2-480e-969a-157f94954f4d,3,13,0.410767,0
8abec8d9-50a2-480e-969a-157f94954f4d,3,14,0.365198,0
8abec8d9-50a2-480e-969a-157f94954f4d,3,15,0.086103,0
8abec8d9-50a2-480e-969a-157f94954f4d,3,16,0.089527,0
8abec8d9-50a2-480e-969a-157f94954f4d,3,17,0.023514,0
8abec8d9-50a2-480e-969a-157f94954f4d,3,18,0.113704,0
d4a4bc34-e48b-4485-86b2-f1daf4d464dd,1,0,0.934897,1
d4a4bc34-e48b-4485-86b2-f1daf4d464dd,1,1,0.021982,0
d4a4bc34-e48b-4485-86b2-f1daf4d464dd,1,2,0.992092,1
d4a4bc34-e48b-4485-86b2-f1daf4d464dd,1,3,0.065032,0
d4a4bc34-e48b-4485-86b2-f1daf4d464dd,1,4,0.023708,0
d4a4bc34-e48b-4485-86b2-f1daf4d464dd,1,5,0.044351,0
d4a4bc34-e48b-4485-86b2-f1daf4d464dd,1,6,0.185237,0
d4a4bc34-e48b-4485-86b2-f1daf4d464dd,1,7,0.079231,0
d4a4bc34-e48b-4485-86b2-f1daf4d464dd,1,8,0.013572,0
d4a4bc34-e48b-4485-86b2-f1daf4d464dd,1,9,0.901493,1
d4a4bc34-e48b-4485-86b2-f1daf4d464dd,1,10,0.033277,0
d4a4bc34-e48b-4485-86b2-f1daf4d464dd,1,11,0.051951,0
d4a4bc34-e48b-4485-86b2-f1daf4d464dd,1,12,0.724103,1
d4a4bc34-e48b-4485-86b2-f1daf4d464dd,1,13,0.141104,0
d4a4bc34-e48b-4485-86b2-f1daf4d464dd,1,14,0.029870,0
d4a4bc34-e48b-4485-86b2-f1daf4d464dd,1,15,0.410747,0
d4a4bc34-e48b-4485-86b2-f1daf4d464dd,1,16,0.059848,0
d4a4bc34-e48b-4485-86b2-f1daf4d464dd,2,0,0.080539,0
d4a4bc34-e48b-4485-86b2-f1daf4d464dd,2,1,0.113519,0
d4a4bc34-e48b-4485-86b2-f1daf4d464dd,2,2,0.032897,0
d4a4bc34-e48b-4485-86b2-f1daf4d464dd,2,3,0.059126,0
d4a4bc34-e48b-4485-86b2-f1daf4d464dd,2,4,0.989504,1
d4a4bc34-e48b-4485-86b2-f1daf4d464dd,2,5,0.241850,0
d4a4bc34-e48b-4485-86b2-f1daf4d464dd,2,6,0.223186,0
d4a4bc34-e48b-4485-86b2-f1daf4d464dd,2,7,0.670203,1
d4a4bc34-e48b-4485-86b2-f1daf4d464dd,2,8,0.052386,0
d4a4bc34-e48b-4485-86b2-f1daf4d464dd,2,9,0.015357,0
d4a4bc34-e48b-4485-86b2-f1daf4d464dd,2,10,0.929913,1
d4a4bc34-e48b-4485-86b2-f1daf4d464dd,2,11,0.025847,0
d4a4bc34-e48b-4485-86b2-f1daf4d464dd,2,12,0.070418,0
d4a4bc34-e48b-4485-86b2-f1daf4d464dd,2,13,0.847672,1
d4a4bc34-e48b-4485-86b2-f1daf4d464dd,2,14,0.987241,1
d4a4bc34-e48b-4485-86b2-f1daf4d464dd,3,0,0.649227,1
d4a4bc34-e48b-4485-86b2-f1daf4d464dd,3,1,0.044848,0
d4a4bc34-e48b-4485-86b2-f1daf4d464dd,3,2,0.044351,0
d4a4bc34-e48b-4485-86b2-f1daf4d464dd,3,3,0.018575,0
d4a4bc34-e48b-4485-86b2-f1daf4d464dd,3,4,0.350795,0
d4a4bc34-e48b-4485-86b2-f1daf4d464dd,3,5,0.965357,1
d4a4bc34-e48b-4485-86b2-f1daf4d464dd,3,6,0.152538,0
d4a4bc34-e48b-4485-86b2-f1daf4d464dd,3,7,0.027834,0
d4a4bc34-e48b-4485-86b2-f1daf4d464dd,3,8,0.986688,1
d4a4bc34-e48b-4485-86b2-f1daf4d464dd,3,9,0.039524,0
d4a4bc34-e48b-4485-86b2-f1daf4d464dd,3,10,0.018364,0
d4a4bc34-e48b-4485-86b2-f1daf4d464dd,3,11,0.537900,1
d4a4bc34-e48b-4485-86b2-f1daf4d464dd,3,12,0.210855,0
d4a4bc34-e48b-4485-86b2-f1daf4d464dd,3,13,0.960568,1
d4a4bc34-e48b-4485-86b2-f1daf4d464dd,3,14,0.064175,0
d4a4bc34-e48b-4485-86b2-f1daf4d464dd,3,15,0.081529,0
d4a4bc34-e48b-4485-86b2-f1daf4d464dd,3,16,0.028053,0
d4a4bc34-e48b-4485-86b2-f1daf4d464dd,3,17,0.042596,0
d4a4bc34-e48b-4485-86b2-f1daf4d464dd,3,18,0.634989,1
d4a4bc34-e48b-4485-86b2-f1daf4d464dd,3,19,0.027827,0
d4a4bc34-e48b-4485-86b2-f1daf4d464dd,3,20,0.021055,0
d4a4bc34-e48b-4485-86b2-f1daf4d464dd,3,21,0.039736,0
d4a4bc34-e48b-4485-86b2-f1daf4d464dd,3,22,0.030086,0
d4a4bc34-e48b-4485-86b2-f1daf4d464dd,3,23,0.055489,0
d4a4bc34-e48b-4485-86b2-f1daf4d464dd,3,24,0.013375,0
d4a4bc34-e48b-4485-86b2-f1daf4d464dd,3,25,0.973930,1
d4a4bc34-e48b-4485-86b2-f1daf4d464dd,3,26,0.096286,0
d4a4bc34-e48b-4485-86b2-f1daf4d464dd,3,27,0.135255,0
eadabee7-3db9-43c4-a485-3e8b1882cd3c,1,0,0.021355,0
eadabee7-3db9-43c4-a485-3e8b1882cd3c,1,1,0.012586,0
eadabee7-3db9-43c4-a485-3e8b1882cd3c,1,2,0.045151,0
eadabee7-3db9-43c4-a485-3e8b1882cd3c,1,3,0.021842,0
eadabee7-3db9-43c4-a485-3e8b1882cd3c,1,4,0.082401,0
eadabee7-3db9-43c4-a485-3e8b1882cd3c,1,5,0.011249,0
eadabee7-3db9-43c4-a485-3e8b1882cd3c,1,6,0.017360,0
eadabee7-3db9-43c4-a485-3e8b1882cd3c,1,7,0.013392,0
eadabee7-3db9-43c4-a485-3e8b1882cd3c,1,8,0.028147,0
eadabee7-3db9-43c4-a485-3e8b1882cd3c,1,9,0.711941,1
eadabee7-3db9-43c4-a485-3e8b1882cd3c,2,0,0.020915,0
eadabee7-3db9-43c4-a485-3e8b1882cd3c,2,1,0.030212,0
eadabee7-3db9-43c4-a485-3e8b1882cd3c,2,2,0.019201,0
eadabee7-3db9-43c4-a485-3e8b1882cd3c,2,3,0.104362,0
eadabee7-3db9-43c4-a485-3e8b1882cd3c,2,4,0.062984,0
eadabee7-3db9-43c4-a485-3e8b1882cd3c,2,5,0.011989,0
eadabee7-3db9-43c4-a485-3e8b1882cd3c,2,6,0.179155,0
eadabee7-3db9-43c4-a485-3e8b1882cd3c,2,7,0.332043,0
eadabee7-3db9-43c4-a485-3e8b1882cd3c,2,8,0.020420,0
eadabee7-3db9-43c4-a485-3e8b1882cd3c,2,9,0.052778,0
eadabee7-3db9-43c4-a485-3e8b1882cd3c,2,10,0.774610,1
eadabee7-3db9-43c4-a485-3e8b1882cd3c,2,11,0.015985,0
eadabee7-3db9-43c4-a485-3e8b1882cd3c,2,12,0.016434,0
eadabee7-3db9-43c4-a485-3e8b1882cd3c,2,13,0.019660,0
eadabee7-3db9-43c4-a485-3e8b1882cd3c,2,14,0.013087,0
eadabee7-3db9-43c4-a485-3e8b1882cd3c,2,15,0.012044,0
eadabee7-3db9-43c4-a485-3e8b1882cd3c,2,16,0.016556,0
eadabee7-3db9-43c4-a485-3e8b1882cd3c,2,17,0.018163,0
eadabee7-3db9-43c4-a485-3e8b1882cd3c,2,18,0.037665,0
eadabee7-3db9-43c4-a485-3e8b1882cd3c,2,19,0.047836,0
eadabee7-3db9-43c4-a485-3e8b1882cd3c,2,20,0.014357,0
eadabee7-3db9-43c4-a485-3e8b1882cd3c,2,21,0.035996,0
eadabee7-3db9-43c4-a485-3e8b1882cd3c,2,22,0.015869,0
eadabee7-3db9-43c4-a485-3e8b1882cd3c,2,23,0.016317,0
eadabee7-3db9-43c4-a485-3e8b1882cd3c,2,24,0.020503,0
eadabee7-3db9-43c4-a485-3e8b1882cd3c,2,25,0.260206,0
eadabee7-3db9-43c4-a485-3e8b1882cd3c,2,26,0.097916,0
eadabee7-3db9-43c4-a485-3e8b1882cd3c,2,27,0.219025,0
eadabee7-3db9-43c4-a485-3e8b1882cd3c,2,28,0.381071,0
eadabee7-3db9-43c4-a485-3e8b1882cd3c,2,29,0.129351,0
eadabee7-3db9-43c4-a485-3e8b1882cd3c,2,30,0.980259,1
eadabee7-3db9-43c4-a485-3e8b1882cd3c,2,31,0.057384,0
eadabee7-3db9-43c4-a485-3e8b1882cd3c,2,32,0.033157,0
eadabee7-3db9-43c4-a485-3e8b1882cd3c,2,33,0.128732,0
eadabee7-3db9-43c4-a485-3e8b1882cd3c,2,34,0.017303,0
eadabee7-3db9-43c4-a485-3e8b1882cd3c,2,35,0.070758,0
eadabee7-3db9-43c4-a485-3e8b1882cd3c,2,36,0.031874,0
eadabee7-3db9-43c4-a485-3e8b1882cd3c,2,37,0.018527,0
eadabee7-3db9-43c4-a485-3e8b1882cd3c,2,38,0.021962,0
eadabee7-3db9-43c4-a485-3e8b1882cd3c,2,39,0.015254,0
eadabee7-3db9-43c4-a485-3e8b1882cd3c,3,0,0.023015,0
eadabee7-3db9-43c4-a485-3e8b1882cd3c,3,1,0.015931,0
eadabee7-3db9-43c4-a485-3e8b1882cd3c,3,2,0.041611,0
eadabee7-3db9-43c4-a485-3e8b1882cd3c,3,3,0.058071,0
eadabee7-3db9-43c4-a485-3e8b1882cd3c,3,4,0.036100,0
eadabee7-3db9-43c4-a485-3e8b1882cd3c,3,5,0.012535,0
eadabee7-3db9-43c4-a485-3e8b1882cd3c,3,6,0.012687,0
eadabee7-3db9-43c4-a485-3e8b1882cd3c,3,7,0.015995,0
eadabee7-3db9-43c4-a485-3e8b1882cd3c,3,8,0.012947,0
eadabee7-3db9-43c4-a485-3e8b1882cd3c,3,9,0.015611,0
eadabee7-3db9-43c4-a485-3e8b1882cd3c,3,10,0.054196,0
eadabee7-3db9-43c4-a485-3e8b1882cd3c,3,11,0.033755,0
eadabee7-3db9-43c4-a485-3e8b1882cd3c,3,12,0.803928,1
eadabee7-3db9-43c4-a485-3e8b1882cd3c,3,13,0.017315,0
eadabee7-3db9-43c4-a485-3e8b1882cd3c,3,14,0.025711,0
eadabee7-3db9-43c4-a485-3e8b1882cd3c,3,15,0.017791,0
eadabee7-3db9-43c4-a485-3e8b1882cd3c,3,16,0.025346,0
eadabee7-3db9-43c4-a485-3e8b1882cd3c,3,17,0.927878,1
eadabee7-3db9-43c4-a485-3e8b1882cd3c,3,18,0.021911,0
eadabee7-3db9-43c4-a485-3e8b1882cd3c,3,19,0.013606,0
eadabee7-3db9-43c4-a485-3e8b1882cd3c,3,20,0.036620,0
eadabee7-3db9-43c4-a485-3e8b1882cd3c,3,21,0.031395,0
eadabee7-3db9-43c4-a485-3e8b1882cd3c,3,22,0.013492,0
0c78e748-efbf-417c-a8c1-beeb6480147f,1,0,0.141858,0
0c78e748-efbf-417c-a8c1-beeb6480147f,1,1,0.022380,0
0c78e748-efbf-417c-a8c1-beeb6480147f,1,2,0.022195,0
0c78e748-efbf-417c-a8c1-beeb6480147f,1,3,0.021621,0
0c78e748-efbf-417c-a8c1-beeb6480147f,1,4,0.052249,0
0c78e748-efbf-417c-a8c1-beeb6480147f,1,5,0.087217,0
0c78e748-efbf-417c-a8c1-beeb6480147f,1,6,0.027949,0
0c78e748-efbf-417c-a8c1-beeb6480147f,1,7,0.028677,0
0c78e748-efbf-417c-a8c1-beeb6480147f,1,8,0.116195,0
0c78e748-efbf-417c-a8c1-beeb6480147f,1,9,0.965752,1
0c78e748-efbf-417c-a8c1-beeb6480147f,1,10,0.954762,1
0c78e748-efbf-417c-a8c1-beeb6480147f,1,11,0.020573,0
0c78e748-efbf-417c-a8c1-beeb6480147f,1,12,0.014196,0
0c78e748-efbf-417c-a8c1-beeb6480147f,1,13,0.015966,0
0c78e748-efbf-417c-a8c1-beeb6480147f,2,0,0.492338,0
0c78e748-efbf-417c-a8c1-beeb6480147f,2,1,0.846251,1
0c78e748-efbf-417c-a8c1-beeb6480147f,2,2,0.029580,0
0c78e748-efbf-417c-a8c1-beeb6480147f,2,3,0.586802,1
0c78e748-efbf-417c-a8c1-beeb6480147f,2,4,0.019524,0
0c78e748-efbf-417c-a8c1-beeb6480147f,2,5,0.600926,1
0c78e748-efbf-417c-a8c1-beeb6480147f,2,6,0.014786,0
0c78e748-efbf-417c-a8c1-beeb6480147f,2,7,0.020199,0
0c78e748-efbf-417c-a8c1-beeb6480147f,2,8,0.021275,0
0c78e748-efbf-417c-a8c1-beeb6480147f,2,9,0.035529,0
0c78e748-efbf-417c-a8c1-beeb6480147f,2,10,0.020258,0
0c78e748-efbf-417c-a8c1-beeb6480147f,2,11,0.121108,0
0c78e748-efbf-417c-a8c1-beeb6480147f,2,12,0.217721,0
0c78e748-efbf-417c-a8c1-beeb6480147f,2,13,0.751659,1
0c78e748-efbf-417c-a8c1-beeb6480147f,2,14,0.235514,0
0c78e748-efbf-417c-a8c1-beeb6480147f,2,15,0.348788,0
0c78e748-efbf-417c-a8c1-beeb6480147f,2,16,0.029440,0
0c78e748-efbf-417c-a8c1-beeb6480147f,2,17,0.017320,0
0c78e748-efbf-417c-a8c1-beeb6480147f,2,18,0.029259,0
0c78e748-efbf-417c-a8c1-beeb6480147f,2,19,0.020129,0
0c78e748-efbf-417c-a8c1-beeb6480147f,2,20,0.014104,0
0c78e748-efbf-417c-a8c1-beeb6480147f,2,21,0.051938,0
0c78e748-efbf-417c-a8c1-beeb6480147f,2,22,0.029974,0
0c78e748-efbf-417c-a8c1-beeb6480147f,2,23,0.032591,0
0c78e748-efbf-417c-a8c1-beeb6480147f,2,24,0.131016,0
0c78e748-efbf-417c-a8c1-beeb6480147f,3,0,0.043621,0
0c78e748-efbf-417c-a8c1-beeb6480147f,3,1,0.026758,0
0c78e748-efbf-417c-a8c1-beeb6480147f,3,2,0.526066,1
0c78e748-efbf-417c-a8c1-beeb6480147f,3,3,0.635692,1
0c78e748-efbf-417c-a8c1-beeb6480147f,3,4,0.475866,0
0c78e748-efbf-417c-a8c1-beeb6480147f,3,5,0.989018,1
0c78e748-efbf-417c-a8c1-beeb6480147f,3,6,0.076026,0
0c78e748-efbf-417c-a8c1-beeb6480147f,3,7,0.042355,0
0c78e748-efbf-417c-a8c1-beeb6480147f,3,8,0.070755,0
0c78e748-efbf-417c-a8c1-beeb6480147f,3,9,0.022081,0
0c78e748-efbf-417c-a8c1-beeb6480147f,3,10,0.289600,0
0c78e748-efbf-417c-a8c1-beeb6480147f,3,11,0.192420,0
0c78e748-efbf-417c-a8c1-beeb6480147f,3,12,0.015855,0
0c78e748-efbf-417c-a8c1-beeb6480147f,3,13,0.315400,0
0c78e748-efbf-417c-a8c1-beeb6480147f,3,14,0.042040,0
0c78e748-efbf-417c-a8c1-beeb6480147f,3,15,0.021523,0
0c78e748-efbf-417c-a8c1-beeb6480147f,3,16,0.116719,0
0c78e748-efbf-417c-a8c1-beeb6480147f,3,17,0.018333,0
47a209b0-fc26-4a0a-a1fe-e4310d1d2419,1,0,0.990509,1
47a209b0-fc26-4a0a-a1fe-e4310d1d2419,1,1,0.027027,0
47a209b0-fc26-4a0a-a1fe-e4310d1d2419,1,2,0.019467,0
47a209b0-fc26-4a0a-a1fe-e4310d1d2419,1,3,0.014084,0
47a209b0-fc26-4a0a-a1fe-e4310d1d2419,1,4,0.924348,1
47a209b0-fc26-4a0a-a1fe-e4310d1d2419,1,5,0.017287,0
47a209b0-fc26-4a0a-a1fe-e4310d1d2419,1,6,0.870834,1
47a209b0-fc26-4a0a-a1fe-e4310d1d2419,1,7,0.978829,1
47a209b0-fc26-4a0a-a1fe-e4310d1d2419,1,8,0.016720,0
47a209b0-fc26-4a0a-a1fe-e4310d1d2419,1,9,0.673480,1
47a209b0-fc26-4a0a-a1fe-e4310d1d2419,1,10,0.121390,0
47a209b0-fc26-4a0a-a1fe-e4310d1d2419,1,11,0.056143,0
47a209b0-fc26-4a0a-a1fe-e4310d1d2419,1,12,0.869953,1
47a209b0-fc26-4a0a-a1fe-e4310d1d2419,1,13,0.060925,0
47a209b0-fc26-4a0a-a1fe-e4310d1d2419,1,14,0.051164,0
47a209b0-fc26-4a0a-a1fe-e4310d1d2419,1,15,0.067314,0
47a209b0-fc26-4a0a-a1fe-e4310d1d2419,1,16,0.994227,1
47a209b0-fc26-4a0a-a1fe-e4310d1d2419,1,17,0.014575,0
47a209b0-fc26-4a0a-a1fe-e4310d1d2419,1,18,0.284679,0
47a209b0-fc26-4a0a-a1fe-e4310d1d2419,1,19,0.033328,0
47a209b0-fc26-4a0a-a1fe-e4310d1d2419,1,20,0.666704,1
47a209b0-fc26-4a0a-a1fe-e4310d1d2419,1,21,0.089445,0
47a209b0-fc26-4a0a-a1fe-e4310d1d2419,1,22,0.025238,0
47a209b0-fc26-4a0a-a1fe-e4310d1d2419,1,23,0.034988,0
47a209b0-fc26-4a0a-a1fe-e4310d1d2419,1,24,0.118162,0
47a209b0-fc26-4a0a-a1fe-e4310d1d2419,1,25,0.066657,0
47a209b0-fc26-4a0a-a1fe-e4310d1d2419,2,0,0.443862,0
47a209b0-fc26-4a0a-a1fe-e4310d1d2419,2,1,0.884086,1
47a209b0-fc26-4a0a-a1fe-e4310d1d2419,2,2,0.028310,0
47a209b0-fc26-4a0a-a1fe-e4310d1d2419,2,3,0.096126,0
47a209b0-fc26-4a0a-a1fe-e4310d1d2419,2,4,0.016161,0
47a209b0-fc26-4a0a-a1fe-e4310d1d2419,2,5,0.021531,0
47a209b0-fc26-4a0a-a1fe-e4310d1d2419,2,6,0.063872,0
47a209b0-fc26-4a0a-a1fe-e4310d1d2419,2,7,0.024474,0
47a209b0-fc26-4a0a-a1fe-e4310d1d2419,2,8,0.017820,0
47a209b0-fc26-4a0a-a1fe-e4310d1d2419,2,9,0.015133,0
47a209b0-fc26-4a0a-a1fe-e4310d1d2419,2,10,0.015440,0
47a209b0-fc26-4a0a-a1fe-e4310d1d2419,2,11,0.038892,0
47a209b0-fc26-4a0a-a1fe-e4310d1d2419,2,12,0.312331,0
47a209b0-fc26-4a0a-a1fe-e4310d1d2419,2,13,0.138420,0
47a209b0-fc26-4a0a-a1fe-e4310d1d2419,2,14,0.093960,0
47a209b0-fc26-4a0a-a1fe-e4310d1d2419,2,15,0.011127,0
47a209b0-fc26-4a0a-a1fe-e4310d1d2419,2,16,0.027126,0
47a209b0-fc26-4a0a-a1fe-e4310d1d2419,2,17,0.011611,0
47a209b0-fc26-4a0a-a1fe-e4310d1d2419,2,18,0.012388,0
47a209b0-fc26-4a0a-a1fe-e4310d1d2419,2,19,0.350874,0
47a209b0-fc26-4a0a-a1fe-e4310d1d2419,2,20,0.040173,0
47a209b0-fc26-4a0a-a1fe-e4310d1d2419,2,21,0.836726,1
47a209b0-fc26-4a0a-a1fe-e4310d1d2419,2,22,0.111542,0
47a209b0-fc26-4a0a-a1fe-e4310d1d2419,2,23,0.023221,0
47a209b0-fc26-4a0a-a1fe-e4310d1d2419,2,24,0.990558,1
47a209b0-fc26-4a0a-a1fe-e4310d1d2419,2,25,0.022755,0
47a209b0-fc26-4a0a-a1fe-e4310d1d2419,2,26,0.024439,0
47a209b0-fc26-4a0a-a1fe-e4310d1d2419,2,27,0.016370,0
47a209b0-fc26-4a0a-a1fe-e4310d1d2419,2,28,0.066174,0
47a209b0-fc26-4a0a-a1fe-e4310d1d2419,2,29,0.015048,0
47a209b0-fc26-4a0a-a1fe-e4310d1d2419,2,30,0.018540,0
47a209b0-fc26-4a0a-a1fe-e4310d1d2419,2,31,0.979591,1
47a209b0-fc26-4a0a-a1fe-e4310d1d2419,2,32,0.335636,0
47a209b0-fc26-4a0a-a1fe-e4310d1d2419,2,33,0.025727,0
47a209b0-fc26-4a0a-a1fe-e4310d1d2419,2,34,0.015561,0
47a209b0-fc26-4a0a-a1fe-e4310d1d2419,2,35,0.044500,0
47a209b0-fc26-4a0a-a1fe-e4310d1d2419,2,36,0.011821,0
47a209b0-fc26-4a0a-a1fe-e4310d1d2419,2,37,0.023459,0
47a209b0-fc26-4a0a-a1fe-e4310d1d2419,2,38,0.013036,0
47a209b0-fc26-4a0a-a1fe-e4310d1d2419,3,0,0.226359,0
47a209b0-fc26-4a0a-a1fe-e4310d1d2419,3,1,0.178005,0
47a209b0-fc26-4a0a-a1fe-e4310d1d2419,3,2,0.016429,0
47a209b0-fc26-4a0a-a1fe-e4310d1d2419,3,3,0.075957,0
47a209b0-fc26-4a0a-a1fe-e4310d1d2419,3,4,0.990607,1
47a209b0-fc26-4a0a-a1fe-e4310d1d2419,3,5,0.120378,0
47a209b0-fc26-4a0a-a1fe-e4310d1d2419,3,6,0.965508,1
47a209b0-fc26-4a0a-a1fe-e4310d1d2419,3,7,0.975771,1
47a209b0-fc26-4a0a-a1fe-e4310d1d2419,3,8,0.992611,1
47a209b0-fc26-4a0a-a1fe-e4310d1d2419,3,9,0.962468,1
47a209b0-fc26-4a0a-a1fe-e4310d1d2419,3,10,0.929576,1
47a209b0-fc26-4a0a-a1fe-e4310d1d2419,3,11,0.016923,0
47a209b0-fc26-4a0a-a1fe-e4310d1d2419,3,12,0.027055,0
47a209b0-fc26-4a0a-a1fe-e4310d1d2419,3,13,0.664575,1
47a209b0-fc26-4a0a-a1fe-e4310d1d2419,3,14,0.050849,0
47a209b0-fc26-4a0a-a1fe-e4310d1d2419,3,15,0.299091,0
47a209b0-fc26-4a0a-a1fe-e4310d1d2419,3,16,0.030431,0
47a209b0-fc26-4a0a-a1fe-e4310d1d2419,3,17,0.053558,0
47a209b0-fc26-4a0a-a1fe-e4310d1d2419,3,18,0.130918,0
47a209b0-fc26-4a0a-a1fe-e4310d1d2419,3,19,0.988863,1
47a209b0-fc26-4a0a-a1fe-e4310d1d2419,3,20,0.022857,0
47a209b0-fc26-4a0a-a1fe-e4310d1d2419,3,21,0.054439,0
47a209b0-fc26-4a0a-a1fe-e4310d1d2419,3,22,0.461250,0
47a209b0-fc26-4a0a-a1fe-e4310d1d2419,3,23,0.044675,0
47a209b0-fc26-4a0a-a1fe-e4310d1d2419,3,24,0.792114,1
47a209b0-fc26-4a0a-a1fe-e4310d1d2419,3,25,0.042458,0
47a209b0-fc26-4a0a-a1fe-e4310d1d2419,3,26,0.549392,1
47a209b0-fc26-4a0a-a1fe-e4310d1d2419,3,27,0.071454,0
47a209b0-fc26-4a0a-a1fe-e4310d1d2419,3,28,0.985985,1
47a209b0-fc26-4a0a-a1fe-e4310d1d2419,3,29,0.494046,0
47a209b0-fc26-4a0a-a1fe-e4310d1d2419,3,30,0.918249,1
47a209b0-fc26-4a0a-a1fe-e4310d1d2419,3,31,0.982651,1
47a209b0-fc26-4a0a-a1fe-e4310d1d2419,3,32,0.102809,0
47a209b0-fc26-4a0a-a1fe-e4310d1d2419,3,33,0.646080,1
47a209b0-fc26-4a0a-a1fe-e4310d1d2419,3,34,0.343610,0
47a209b0-fc26-4a0a-a1fe-e4310d1d2419,3,35,0.209936,0
47a209b0-fc26-4a0a-a1fe-e4310d1d2419,3,36,0.456841,0
47a209b0-fc26-4a0a-a1fe-e4310d1d2419,3,37,0.340500,0
47a209b0-fc26-4a0a-a1fe-e4310d1d2419,3,38,0.291536,0
47a209b0-fc26-4a0a-a1fe-e4310d1d2419,3,39,0.195968,0
47a209b0-fc26-4a0a-a1fe-e4310d1d2419,3,40,0.829927,1
47a209b0-fc26-4a0a-a1fe-e4310d1d2419,3,41,0.027989,0
47a209b0-fc26-4a0a-a1fe-e4310d1d2419,3,42,0.023479,0
542cd22c-ea80-4669-995b-6ac6a33823f7,1,0,0.013685,0
542cd22c-ea80-4669-995b-6ac6a33823f7,1,1,0.018575,0
542cd22c-ea80-4669-995b-6ac6a33823f7,1,2,0.023133,0
542cd22c-ea80-4669-995b-6ac6a33823f7,1,3,0.030643,0
542cd22c-ea80-4669-995b-6ac6a33823f7,1,4,0.016553,0
542cd22c-ea80-4669-995b-6ac6a33823f7,1,5,0.014342,0
542cd22c-ea80-4669-995b-6ac6a33823f7,1,6,0.029760,0
542cd22c-ea80-4669-995b-6ac6a33823f7,1,7,0.009686,0
542cd22c-ea80-4669-995b-6ac6a33823f7,1,8,0.009754,0
542cd22c-ea80-4669-995b-6ac6a33823f7,1,9,0.012444,0
542cd22c-ea80-4669-995b-6ac6a33823f7,1,10,0.012279,0
542cd22c-ea80-4669-995b-6ac6a33823f7,1,11,0.010897,0
542cd22c-ea80-4669-995b-6ac6a33823f7,1,12,0.035646,0
542cd22c-ea80-4669-995b-6ac6a33823f7,1,13,0.024811,0
542cd22c-ea80-4669-995b-6ac6a33823f7,1,14,0.016649,0
542cd22c-ea80-4669-995b-6ac6a33823f7,1,15,0.018148,0
542cd22c-ea80-4669-995b-6ac6a33823f7,1,16,0.010630,0
542cd22c-ea80-4669-995b-6ac6a33823f7,1,17,0.009425,0
542cd22c-ea80-4669-995b-6ac6a33823f7,1,18,0.010182,0
542cd22c-ea80-4669-995b-6ac6a33823f7,1,19,0.538328,1
542cd22c-ea80-4669-995b-6ac6a33823f7,1,20,0.011036,0
542cd22c-ea80-4669-995b-6ac6a33823f7,1,21,0.018031,0
542cd22c-ea80-4669-995b-6ac6a33823f7,1,22,0.012575,0
542cd22c-ea80-4669-995b-6ac6a33823f7,1,23,0.260909,0
542cd22c-ea80-4669-995b-6ac6a33823f7,1,24,0.013526,0
542cd22c-ea80-4669-995b-6ac6a33823f7,2,0,0.984878,1
542cd22c-ea80-4669-995b-6ac6a33823f7,2,1,0.021240,0
542cd22c-ea80-4669-995b-6ac6a33823f7,2,2,0.017253,0
542cd22c-ea80-4669-995b-6ac6a33823f7,2,3,0.029796,0
542cd22c-ea80-4669-995b-6ac6a33823f7,2,4,0.144902,0
542cd22c-ea80-4669-995b-6ac6a33823f7,2,5,0.016014,0
542cd22c-ea80-4669-995b-6ac6a33823f7,2,6,0.014017,0
542cd22c-ea80-4669-995b-6ac6a33823f7,2,7,0.869510,1
542cd22c-ea80-4669-995b-6ac6a33823f7,2,8,0.090097,0
542cd22c-ea80-4669-995b-6ac6a33823f7,2,9,0.030411,0
542cd22c-ea80-4669-995b-6ac6a33823f7,2,10,0.010849,0
542cd22c-ea80-4669-995b-6ac6a33823f7,2,11,0.014129,0
542cd22c-ea80-4669-995b-6ac6a33823f7,2,12,0.013879,0
542cd22c-ea80-4669-995b-6ac6a33823f7,2,13,0.016806,0
542cd22c-ea80-4669-995b-6ac6a33823f7,2,14,0.862025,1
542cd22c-ea80-4669-995b-6ac6a33823f7,2,15,0.014679,0
542cd22c-ea80-4669-995b-6ac6a33823f7,2,16,0.035544,0
542cd22c-ea80-4669-995b-6ac6a33823f7,2,17,0.056224,0
542cd22c-ea80-4669-995b-6ac6a33823f7,3,0,0.222185,0
542cd22c-ea80-4669-995b-6ac6a33823f7,3,1,0.161371,0
542cd22c-ea80-4669-995b-6ac6a33823f7,3,2,0.018601,0
542cd22c-ea80-4669-995b-6ac6a33823f7,3,3,0.013608,0
542cd22c-ea80-4669-995b-6ac6a33823f7,3,4,0.011895,0
542cd22c-ea80-4669-995b-6ac6a33823f7,3,5,0.019700,0
542cd22c-ea80-4669-995b-6ac6a33823f7,3,6,0.012664,0
542cd22c-ea80-4669-995b-6ac6a33823f7,3,7,0.013547,0
542cd22c-ea80-4669-995b-6ac6a33823f7,3,8,0.016526,0
542cd22c-ea80-4669-995b-6ac6a33823f7,3,9,0.011857,0
542cd22c-ea80-4669-995b-6ac6a33823f7,3,10,0.012234,0
542cd22c-ea80-4669-995b-6ac6a33823f7,3,11,0.017824,0
542cd22c-ea80-4669-995b-6ac6a33823f7,3,12,0.021423,0
542cd22c-ea80-4669-995b-6ac6a33823f7,3,13,0.045587,0
542cd22c-ea80-4669-995b-6ac6a33823f7,3,14,0.159768,0
542cd22c-ea80-4669-995b-6ac6a33823f7,3,15,0.185890,0
542cd22c-ea80-4669-995b-6ac6a33823f7,3,16,0.014980,0
542cd22c-ea80-4669-995b-6ac6a33823f7,3,17,0.050337,0
542cd22c-ea80-4669-995b-6ac6a33823f7,3,18,0.164251,0
542cd22c-ea80-4669-995b-6ac6a33823f7,3,19,0.042424,0
542cd22c-ea80-4669-995b-6ac6a33823f7,3,20,0.100609,0
542cd22c-ea80-4669-995b-6ac6a33823f7,3,21,0.036514,0
542cd22c-ea80-4669-995b-6ac6a33823f7,3,22,0.994039,1
542cd22c-ea80-4669-995b-6ac6a33823f7,3,23,0.019554,0
542cd22c-ea80-4669-995b-6ac6a33823f7,3,24,0.016287,0
542cd22c-ea80-4669-995b-6ac6a33823f7,3,25,0.020309,0
542cd22c-ea80-4669-995b-6ac6a33823f7,3,26,0.011440,0
542cd22c-ea80-4669-995b-6ac6a33823f7,3,27,0.081959,0
542cd22c-ea80-4669-995b-6ac6a33823f7,3,28,0.020771,0
542cd22c-ea80-4669-995b-6ac6a33823f7,3,29,0.066345,0
542cd22c-ea80-4669-995b-6ac6a33823f7,3,30,0.086122,0
542cd22c-ea80-4669-995b-6ac6a33823f7,3,31,0.018188,0
58f414e5-a122-49f5-819e-512d91069da5,1,0,0.094871,0
58f414e5-a122-49f5-819e-512d91069da5,1,1,0.017110,0
58f414e5-a122-49f5-819e-512d91069da5,1,2,0.017852,0
58f414e5-a122-49f5-819e-512d91069da5,1,3,0.028745,0
58f414e5-a122-49f5-819e-512d91069da5,1,4,0.014114,0
58f414e5-a122-49f5-819e-512d91069da5,1,5,0.048254,0
58f414e5-a122-49f5-819e-512d91069da5,1,6,0.032029,0
58f414e5-a122-49f5-819e-512d91069da5,1,7,0.014078,0
58f414e5-a122-49f5-819e-512d91069da5,1,8,0.012349,0
58f414e5-a122-49f5-819e-512d91069da5,1,9,0.015722,0
58f414e5-a122-49f5-819e-512d91069da5,1,10,0.030009,0
58f414e5-a122-49f5-819e-512d91069da5,1,11,0.015257,0
58f414e5-a122-49f5-819e-512d91069da5,1,12,0.032949,0
58f414e5-a122-49f5-819e-512d91069da5,1,13,0.016633,0
58f414e5-a122-49f5-819e-512d91069da5,1,14,0.063037,0
58f414e5-a122-49f5-819e-512d91069da5,1,15,0.037846,0
58f414e5-a122-49f5-819e-512d91069da5,1,16,0.015874,0
58f414e5-a122-49f5-819e-512d91069da5,1,17,0.024292,0
58f414e5-a122-49f5-819e-512d91069da5,1,18,0.185130,0
58f414e5-a122-49f5-819e-512d91069da5,1,19,0.018219,0
58f414e5-a122-49f5-819e-512d91069da5,1,20,0.254314,0
58f414e5-a122-49f5-819e-512d91069da5,1,21,0.133438,0
58f414e5-a122-49f5-819e-512d91069da5,1,22,0.218701,0
58f414e5-a122-49f5-819e-512d91069da5,1,23,0.026047,0
58f414e5-a122-49f5-819e-512d91069da5,1,24,0.030163,0
58f414e5-a122-49f5-819e-512d91069da5,1,25,0.016394,0
58f414e5-a122-49f5-819e-512d91069da5,1,26,0.019111,0
58f414e5-a122-49f5-819e-512d91069da5,1,27,0.019161,0
58f414e5-a122-49f5-819e-512d91069da5,1,28,0.020710,0
58f414e5-a122-49f5-819e-512d91069da5,1,29,0.013013,0
58f414e5-a122-49f5-819e-512d91069da5,1,30,0.014362,0
58f414e5-a122-49f5-819e-512d91069da5,1,31,0.017884,0
58f414e5-a122-49f5-819e-512d91069da5,1,32,0.016676,0
58f414e5-a122-49f5-819e-512d91069da5,1,33,0.093904,0
58f414e5-a122-49f5-819e-512d91069da5,1,34,0.024016,0
58f414e5-a122-49f5-819e-512d91069da5,1,35,0.038375,0
58f414e5-a122-49f5-819e-512d91069da5,2,0,0.258930,0
58f414e5-a122-49f5-819e-512d91069da5,2,1,0.018906,0
58f414e5-a122-49f5-819e-512d91069da5,2,2,0.723637,1
58f414e5-a122-49f5-819e-512d91069da5,2,3,0.045388,0
58f414e5-a122-49f5-819e-512d91069da5,2,4,0.084575,0
58f414e5-a122-49f5-819e-512d91069da5,2,5,0.020923,0
58f414e5-a122-49f5-819e-512d91069da5,2,6,0.128075,0
58f414e5-a122-49f5-819e-512d91069da5,2,7,0.032748,0
58f414e5-a122-49f5-819e-512d91069da5,2,8,0.034308,0
58f414e5-a122-49f5-819e-512d91069da5,2,9,0.023503,0
58f414e5-a122-49f5-819e-512d91069da5,2,10,0.020311,0
58f414e5-a122-49f5-819e-512d91069da5,2,11,0.016916,0
58f414e5-a122-49f5-819e-512d91069da5,2,12,0.022834,0
58f414e5-a122-49f5-819e-512d91069da5,2,13,0.017137,0
58f414e5-a122-49f5-819e-512d91069da5,2,14,0.022624,0
58f414e5-a122-49f5-819e-512d91069da5,2,15,0.766490,1
58f414e5-a122-49f5-819e-512d91069da5,2,16,0.695814,1
58f414e5-a122-49f5-819e-512d91069da5,2,17,0.013600,0
58f414e5-a122-49f5-819e-512d91069da5,2,18,0.052179,0
58f414e5-a122-49f5-819e-512d91069da5,2,19,0.529155,1
58f414e5-a122-49f5-819e-512d91069da5,2,20,0.098030,0
58f414e5-a122-49f5-819e-512d91069da5,2,21,0.017591,0
58f414e5-a122-49f5-819e-512d91069da5,2,22,0.091874,0
58f414e5-a122-49f5-819e-512d91069da5,2,23,0.370665,0
58f414e5-a122-49f5-819e-512d91069da5,2,24,0.941713,1
58f414e5-a122-49f5-819e-512d91069da5,2,25,0.813536,1
58f414e5-a122-49f5-819e-512d91069da5,2,26,0.029430,0
58f414e5-a122-49f5-819e-512d91069da5,2,27,0.992683,1
58f414e5-a122-49f5-819e-512d91069da5,2,28,0.506848,1
58f414e5-a122-49f5-819e-512d91069da5,2,29,0.036485,0
58f414e5-a122-49f5-819e-512d91069da5,2,30,0.048769,0
58f414e5-a122-49f5-819e-512d91069da5,2,31,0.883544,1
58f414e5-a122-49f5-819e-512d91069da5,2,32,0.083746,0
58f414e5-a122-49f5-819e-512d91069da5,2,33,0.034064,0
58f414e5-a122-49f5-819e-512d91069da5,2,34,0.057705,0
58f414e5-a122-49f5-819e-512d91069da5,2,35,0.029372,0
58f414e5-a122-49f5-819e-512d91069da5,2,36,0.019418,0
58f414e5-a122-49f5-819e-512d91069da5,2,37,0.022599,0
58f414e5-a122-49f5-819e-512d91069da5,2,38,0.407891,0
58f414e5-a122-49f5-819e-512d91069da5,2,39,0.014789,0
58f414e5-a122-49f5-819e-512d91069da5,2,40,0.022464,0
58f414e5-a122-49f5-819e-512d91069da5,2,41,0.014991,0
58f414e5-a122-49f5-819e-512d91069da5,2,42,0.650109,1
58f414e5-a122-49f5-819e-512d91069da5,2,43,0.020335,0
58f414e5-a122-49f5-819e-512d91069da5,2,44,0.016281,0
58f414e5-a122-49f5-819e-512d91069da5,2,45,0.024660,0
58f414e5-a122-49f5-819e-512d91069da5,2,46,0.016986,0
58f414e5-a122-49f5-819e-512d91069da5,2,47,0.077599,0
58f414e5-a122-49f5-819e-512d91069da5,2,48,0.987485,1
58f414e5-a122-49f5-819e-512d91069da5,2,49,0.183632,0
58f414e5-a122-49f5-819e-512d91069da5,2,50,0.030076,0
58f414e5-a122-49f5-819e-512d91069da5,2,51,0.019408,0
58f414e5-a122-49f5-819e-512d91069da5,2,52,0.051585,0
58f414e5-a122-49f5-819e-512d91069da5,2,53,0.023580,0
58f414e5-a122-49f5-819e-512d91069da5,2,54,0.027715,0
58f414e5-a122-49f5-819e-512d91069da5,2,55,0.040352,0
58f414e5-a122-49f5-819e-512d91069da5,2,56,0.022911,0
58f414e5-a122-49f5-819e-512d91069da5,2,57,0.050090,0
58f414e5-a122-49f5-819e-512d91069da5,2,58,0.211763,0
58f414e5-a122-49f5-819e-512d91069da5,2,59,0.033846,0
58f414e5-a122-49f5-819e-512d91069da5,2,60,0.249120,0
58f414e5-a122-49f5-819e-512d91069da5,2,61,0.062337,0
58f414e5-a122-49f5-819e-512d91069da5,2,62,0.014593,0
58f414e5-a122-49f5-819e-512d91069da5,2,63,0.029373,0
58f414e5-a122-49f5-819e-512d91069da5,2,64,0.025770,0
58f414e5-a122-49f5-819e-512d91069da5,3,0,0.022324,0
58f414e5-a122-49f5-819e-512d91069da5,3,1,0.014020,0
58f414e5-a122-49f5-819e-512d91069da5,3,2,0.016700,0
58f414e5-a122-49f5-819e-512d91069da5,3,3,0.014692,0
58f414e5-a122-49f5-819e-512d91069da5,3,4,0.014992,0
58f414e5-a122-49f5-819e-512d91069da5,3,5,0.013825,0
58f414e5-a122-49f5-819e-512d91069da5,3,6,0.012159,0
58f414e5-a122-49f5-819e-512d91069da5,3,7,0.016020,0
58f414e5-a122-49f5-819e-512d91069da5,3,8,0.020099,0
58f414e5-a122-49f5-819e-512d91069da5,3,9,0.013598,0
58f414e5-a122-49f5-819e-512d91069da5,3,10,0.016659,0
58f414e5-a122-49f5-819e-512d91069da5,3,11,0.027598,0
58f414e5-a122-49f5-819e-512d91069da5,3,12,0.019195,0
58f414e5-a122-49f5-819e-512d91069da5,3,13,0.026152,0
58f414e5-a122-49f5-819e-512d91069da5,3,14,0.021723,0
58f414e5-a122-49f5-819e-512d91069da5,3,15,0.013432,0
58f414e5-a122-49f5-819e-512d91069da5,3,16,0.014336,0
58f414e5-a122-49f5-819e-512d91069da5,3,17,0.017176,0
58f414e5-a122-49f5-819e-512d91069da5,3,18,0.020622,0
58f414e5-a122-49f5-819e-512d91069da5,3,19,0.018488,0
58f414e5-a122-49f5-819e-512d91069da5,3,20,0.021709,0
58f414e5-a122-49f5-819e-512d91069da5,3,21,0.013801,0
58f414e5-a122-49f5-819e-512d91069da5,3,22,0.023282,0
58f414e5-a122-49f5-819e-512d91069da5,3,23,0.013228,0
58f414e5-a122-49f5-819e-512d91069da5,3,24,0.012788,0
58f414e5-a122-49f5-819e-512d91069da5,3,25,0.012383,0
58f414e5-a122-49f5-819e-512d91069da5,3,26,0.012180,0
58f414e5-a122-49f5-819e-512d91069da5,3,27,0.067305,0
58f414e5-a122-49f5-819e-512d91069da5,3,28,0.018231,0
58f414e5-a122-49f5-819e-512d91069da5,3,29,0.015608,0
58f414e5-a122-49f5-819e-512d91069da5,3,30,0.017536,0
58f414e5-a122-49f5-819e-512d91069da5,3,31,0.017906,0
58f414e5-a122-49f5-819e-512d91069da5,3,32,0.020271,0
58f414e5-a122-49f5-819e-512d91069da5,3,33,0.017661,0
58f414e5-a122-49f5-819e-512d91069da5,3,34,0.018749,0
58f414e5-a122-49f5-819e-512d91069da5,3,35,0.016888,0
58f414e5-a122-49f5-819e-512d91069da5,3,36,0.015538,0
58f414e5-a122-49f5-819e-512d91069da5,3,37,0.020446,0
58f414e5-a122-49f5-819e-512d91069da5,3,38,0.017688,0
58f414e5-a122-49f5-819e-512d91069da5,3,39,0.015857,0
58f414e5-a122-49f5-819e-512d91069da5,3,40,0.014847,0
58f414e5-a122-49f5-819e-512d91069da5,3,41,0.027572,0
58f414e5-a122-49f5-819e-512d91069da5,3,42,0.013061,0
58f414e5-a122-49f5-819e-512d91069da5,3,43,0.022621,0
58f414e5-a122-49f5-819e-512d91069da5,3,44,0.011897,0
58f414e5-a122-49f5-819e-512d91069da5,3,45,0.015485,0
58f414e5-a122-49f5-819e-512d91069da5,3,46,0.019433,0
58f414e5-a122-49f5-819e-512d91069da5,3,47,0.024633,0
58f414e5-a122-49f5-819e-512d91069da5,3,48,0.013170,0
58f414e5-a122-49f5-819e-512d91069da5,3,49,0.013911,0
58f414e5-a122-49f5-819e-512d91069da5,3,50,0.018804,0
58f414e5-a122-49f5-819e-512d91069da5,3,51,0.014783,0
58f414e5-a122-49f5-819e-512d91069da5,3,52,0.018850,0
58f414e5-a122-49f5-819e-512d91069da5,3,53,0.016811,0
58f414e5-a122-49f5-819e-512d91069da5,3,54,0.013287,0
58f414e5-a122-49f5-819e-512d91069da5,3,55,0.044087,0
58f414e5-a122-49f5-819e-512d91069da5,3,56,0.125365,0
72fa9b13-4e59-4716-8df9-4c3580e7dddf,1,0,0.016000,0
72fa9b13-4e59-4716-8df9-4c3580e7dddf,1,1,0.018095,0
72fa9b13-4e59-4716-8df9-4c3580e7dddf,1,2,0.030818,0
72fa9b13-4e59-4716-8df9-4c3580e7dddf,1,3,0.013627,0
72fa9b13-4e59-4716-8df9-4c3580e7dddf,1,4,0.026806,0
72fa9b13-4e59-4716-8df9-4c3580e7dddf,1,5,0.026870,0
72fa9b13-4e59-4716-8df9-4c3580e7dddf,1,6,0.021329,0
72fa9b13-4e59-4716-8df9-4c3580e7dddf,1,7,0.937364,1
72fa9b13-4e59-4716-8df9-4c3580e7dddf,1,8,0.035376,0
72fa9b13-4e59-4716-8df9-4c3580e7dddf,1,9,0.029967,0
72fa9b13-4e59-4716-8df9-4c3580e7dddf,1,10,0.025331,0
72fa9b13-4e59-4716-8df9-4c3580e7dddf,1,11,0.260646,0
72fa9b13-4e59-4716-8df9-4c3580e7dddf,1,12,0.933780,1
72fa9b13-4e59-4716-8df9-4c3580e7dddf,1,13,0.251744,0
72fa9b13-4e59-4716-8df9-4c3580e7dddf,1,14,0.017264,0
72fa9b13-4e59-4716-8df9-4c3580e7dddf,1,15,0.063183,0
72fa9b13-4e59-4716-8df9-4c3580e7dddf,1,16,0.773351,1
72fa9b13-4e59-4716-8df9-4c3580e7dddf,1,17,0.048887,0
72fa9b13-4e59-4716-8df9-4c3580e7dddf,1,18,0.189691,0
72fa9b13-4e59-4716-8df9-4c3580e7dddf,1,19,0.032123,0
72fa9b13-4e59-4716-8df9-4c3580e7dddf,1,20,0.125828,0
72fa9b13-4e59-4716-8df9-4c3580e7dddf,1,21,0.028927,0
72fa9b13-4e59-4716-8df9-4c3580e7dddf,1,22,0.032902,0
72fa9b13-4e59-4716-8df9-4c3580e7dddf,1,23,0.035848,0
72fa9b13-4e59-4716-8df9-4c3580e7dddf,1,24,0.537804,1
72fa9b13-4e59-4716-8df9-4c3580e7dddf,1,25,0.535028,1
72fa9b13-4e59-4716-8df9-4c3580e7dddf,1,26,0.715702,1
72fa9b13-4e59-4716-8df9-4c3580e7dddf,1,27,0.019065,0
72fa9b13-4e59-4716-8df9-4c3580e7dddf,2,0,0.019762,0
72fa9b13-4e59-4716-8df9-4c3580e7dddf,2,1,0.012451,0
72fa9b13-4e59-4716-8df9-4c3580e7dddf,2,2,0.810714,1
72fa9b13-4e59-4716-8df9-4c3580e7dddf,2,3,0.037639,0
72fa9b13-4e59-4716-8df9-4c3580e7dddf,2,4,0.016620,0
72fa9b13-4e59-4716-8df9-4c3580e7dddf,2,5,0.018204,0
72fa9b13-4e59-4716-8df9-4c3580e7dddf,2,6,0.021574,0
72fa9b13-4e59-4716-8df9-4c3580e7dddf,2,7,0.283420,0
72fa9b13-4e59-4716-8df9-4c3580e7dddf,2,8,0.016568,0
72fa9b13-4e59-4716-8df9-4c3580e7dddf,2,9,0.023766,0
72fa9b13-4e59-4716-8df9-4c3580e7dddf,2,10,0.016170,0
72fa9b13-4e59-4716-8df9-4c3580e7dddf,2,11,0.021214,0
72fa9b13-4e59-4716-8df9-4c3580e7dddf,2,12,0.023137,0
72fa9b13-4e59-4716-8df9-4c3580e7dddf,3,0,0.014998,0
72fa9b13-4e59-4716-8df9-4c3580e7dddf,3,1,0.989551,1
72fa9b13-4e59-4716-8df9-4c3580e7dddf,3,2,0.020007,0
72fa9b13-4e59-4716-8df9-4c3580e7dddf,3,3,0.864845,1
72fa9b13-4e59-4716-8df9-4c3580e7dddf,3,4,0.018997,0
72fa9b13-4e59-4716-8df9-4c3580e7dddf,3,5,0.042482,0
72fa9b13-4e59-4716-8df9-4c3580e7dddf,3,6,0.034278,0
72fa9b13-4e59-4716-8df9-4c3580e7dddf,3,7,0.223950,0
72fa9b13-4e59-4716-8df9-4c3580e7dddf,3,8,0.014039,0
72fa9b13-4e59-4716-8df9-4c3580e7dddf,3,9,0.177037,0
72fa9b13-4e59-4716-8df9-4c3580e7dddf,3,10,0.192357,0
72fa9b13-4e59-4716-8df9-4c3580e7dddf,3,11,0.956767,1
72fa9b13-4e59-4716-8df9-4c3580e7dddf,3,12,0.043328,0
72fa9b13-4e59-4716-8df9-4c3580e7dddf,3,13,0.018993,0
72fa9b13-4e59-4716-8df9-4c3580e7dddf,3,14,0.014205,0
72fa9b13-4e59-4716-8df9-4c3580e7dddf,3,15,0.023087,0
72fa9b13-4e59-4716-8df9-4c3580e7dddf,3,16,0.014667,0
72fa9b13-4e59-4716-8df9-4c3580e7dddf,3,17,0.019891,0
72fa9b13-4e59-4716-8df9-4c3580e7dddf,3,18,0.039016,0
72fa9b13-4e59-4716-8df9-4c3580e7dddf,3,19,0.161322,0
72fa9b13-4e59-4716-8df9-4c3580e7dddf,3,20,0.015447,0
72fa9b13-4e59-4716-8df9-4c3580e7dddf,3,21,0.126035,0
72fa9b13-4e59-4716-8df9-4c3580e7dddf,3,22,0.018867,0
72fa9b13-4e59-4716-8df9-4c3580e7dddf,3,23,0.023575,0
72fa9b13-4e59-4716-8df9-4c3580e7dddf,3,24,0.011994,0
72fa9b13-4e59-4716-8df9-4c3580e7dddf,3,25,0.031175,0
72fa9b13-4e59-4716-8df9-4c3580e7dddf,3,26,0.035935,0
72fa9b13-4e59-4716-8df9-4c3580e7dddf,3,27,0.017461,0
72fa9b13-4e59-4716-8df9-4c3580e7dddf,3,28,0.016133,0
72fa9b13-4e59-4716-8df9-4c3580e7dddf,3,29,0.014009,0
72fa9b13-4e59-4716-8df9-4c3580e7dddf,3,30,0.011835,0
84b3c118-50d2-45a5-a91f-7ed95b5d0143,1,0,0.074445,0
84b3c118-50d2-45a5-a91f-7ed95b5d0143,1,1,0.526387,1
84b3c118-50d2-45a5-a91f-7ed95b5d0143,1,2,0.030191,0
84b3c118-50d2-45a5-a91f-7ed95b5d0143,1,3,0.033557,0
84b3c118-50d2-45a5-a91f-7ed95b5d0143,1,4,0.032676,0
84b3c118-50d2-45a5-a91f-7ed95b5d0143,1,5,0.082921,0
84b3c118-50d2-45a5-a91f-7ed95b5d0143,1,6,0.023846,0
84b3c118-50d2-45a5-a91f-7ed95b5d0143,1,7,0.166230,0
84b3c118-50d2-45a5-a91f-7ed95b5d0143,1,8,0.992362,1
84b3c118-50d2-45a5-a91f-7ed95b5d0143,1,9,0.059054,0
84b3c118-50d2-45a5-a91f-7ed95b5d0143,1,10,0.794119,1
84b3c118-50d2-45a5-a91f-7ed95b5d0143,1,11,0.148549,0
84b3c118-50d2-45a5-a91f-7ed95b5d0143,1,12,0.157031,0
84b3c118-50d2-45a5-a91f-7ed95b5d0143,1,13,0.029360,0
84b3c118-50d2-45a5-a91f-7ed95b5d0143,1,14,0.124565,0
84b3c118-50d2-45a5-a91f-7ed95b5d0143,1,15,0.243332,0
84b3c118-50d2-45a5-a91f-7ed95b5d0143,1,16,0.182405,0
84b3c118-50d2-45a5-a91f-7ed95b5d0143,1,17,0.406861,0
84b3c118-50d2-45a5-a91f-7ed95b5d0143,1,18,0.209989,0
84b3c118-50d2-45a5-a91f-7ed95b5d0143,1,19,0.064921,0
84b3c118-50d2-45a5-a91f-7ed95b5d0143,1,20,0.100178,0
84b3c118-50d2-45a5-a91f-7ed95b5d0143,1,21,0.065596,0
84b3c118-50d2-45a5-a91f-7ed95b5d0143,1,22,0.014668,0
84b3c118-50d2-45a5-a91f-7ed95b5d0143,1,23,0.214234,0
84b3c118-50d2-45a5-a91f-7ed95b5d0143,1,24,0.016552,0
84b3c118-50d2-45a5-a91f-7ed95b5d0143,1,25,0.025162,0
84b3c118-50d2-45a5-a91f-7ed95b5d0143,1,26,0.030713,0
84b3c118-50d2-45a5-a91f-7ed95b5d0143,1,27,0.027049,0
84b3c118-50d2-45a5-a91f-7ed95b5d0143,1,28,0.032230,0
84b3c118-50d2-45a5-a91f-7ed95b5d0143,1,29,0.023190,0
84b3c118-50d2-45a5-a91f-7ed95b5d0143,2,0,0.130317,0
84b3c118-50d2-45a5-a91f-7ed95b5d0143,2,1,0.739327,1
84b3c118-50d2-45a5-a91f-7ed95b5d0143,2,2,0.982689,1
84b3c118-50d2-45a5-a91f-7ed95b5d0143,2,3,0.098848,0
84b3c118-50d2-45a5-a91f-7ed95b5d0143,2,4,0.187371,0
84b3c118-50d2-45a5-a91f-7ed95b5d0143,2,5,0.208565,0
84b3c118-50d2-45a5-a91f-7ed95b5d0143,2,6,0.965840,1
84b3c118-50d2-45a5-a91f-7ed95b5d0143,2,7,0.317417,0
84b3c118-50d2-45a5-a91f-7ed95b5d0143,2,8,0.109363,0
84b3c118-50d2-45a5-a91f-7ed95b5d0143,2,9,0.458672,0
84b3c118-50d2-45a5-a91f-7ed95b5d0143,2,10,0.091771,0
84b3c118-50d2-45a5-a91f-7ed95b5d0143,2,11,0.989543,1
84b3c118-50d2-45a5-a91f-7ed95b5d0143,2,12,0.822252,1
84b3c118-50d2-45a5-a91f-7ed95b5d0143,2,13,0.172094,0
84b3c118-50d2-45a5-a91f-7ed95b5d0143,2,14,0.014642,0
84b3c118-50d2-45a5-a91f-7ed95b5d0143,2,15,0.019600,0
84b3c118-50d2-45a5-a91f-7ed95b5d0143,2,16,0.018224,0
84b3c118-50d2-45a5-a91f-7ed95b5d0143,2,17,0.025612,0
84b3c118-50d2-45a5-a91f-7ed95b5d0143,2,18,0.207890,0
84b3c118-50d2-45a5-a91f-7ed95b5d0143,2,19,0.022875,0
84b3c118-50d2-45a5-a91f-7ed95b5d0143,2,20,0.027038,0
84b3c118-50d2-45a5-a91f-7ed95b5d0143,2,21,0.025615,0
84b3c118-50d2-45a5-a91f-7ed95b5d0143,2,22,0.017187,0
84b3c118-50d2-45a5-a91f-7ed95b5d0143,2,23,0.011709,0
84b3c118-50d2-45a5-a91f-7ed95b5d0143,2,24,0.096700,0
84b3c118-50d2-45a5-a91f-7ed95b5d0143,2,25,0.015676,0
84b3c118-50d2-45a5-a91f-7ed95b5d0143,2,26,0.017177,0
84b3c118-50d2-45a5-a91f-7ed95b5d0143,2,27,0.017021,0
84b3c118-50d2-45a5-a91f-7ed95b5d0143,2,28,0.112880,0
84b3c118-50d2-45a5-a91f-7ed95b5d0143,2,29,0.025226,0
84b3c118-50d2-45a5-a91f-7ed95b5d0143,2,30,0.670616,1
84b3c118-50d2-45a5-a91f-7ed95b5d0143,2,31,0.204567,0
84b3c118-50d2-45a5-a91f-7ed95b5d0143,2,32,0.092931,0
84b3c118-50d2-45a5-a91f-7ed95b5d0143,2,33,0.700518,1
84b3c118-50d2-45a5-a91f-7ed95b5d0143,2,34,0.023200,0
84b3c118-50d2-45a5-a91f-7ed95b5d0143,2,35,0.058481,0
84b3c118-50d2-45a5-a91f-7ed95b5d0143,2,36,0.021866,0
84b3c118-50d2-45a5-a91f-7ed95b5d0143,2,37,0.014521,0
84b3c118-50d2-45a5-a91f-7ed95b5d0143,2,38,0.020049,0
84b3c118-50d2-45a5-a91f-7ed95b5d0143,2,39,0.015726,0
84b3c118-50d2-45a5-a91f-7ed95b5d0143,2,40,0.017503,0
84b3c118-50d2-45a5-a91f-7ed95b5d0143,2,41,0.015182,0
84b3c118-50d2-45a5-a91f-7ed95b5d0143,2,42,0.014329,0
84b3c118-50d2-45a5-a91f-7ed95b5d0143,2,43,0.184827,0
84b3c118-50d2-45a5-a91f-7ed95b5d0143,2,44,0.014957,0
84b3c118-50d2-45a5-a91f-7ed95b5d0143,2,45,0.013316,0
84b3c118-50d2-45a5-a91f-7ed95b5d0143,2,46,0.969957,1
84b3c118-50d2-45a5-a91f-7ed95b5d0143,2,47,0.053352,0
84b3c118-50d2-45a5-a91f-7ed95b5d0143,2,48,0.022430,0
84b3c118-50d2-45a5-a91f-7ed95b5d0143,2,49,0.090797,0
84b3c118-50d2-45a5-a91f-7ed95b5d0143,2,50,0.061837,0
84b3c118-50d2-45a5-a91f-7ed95b5d0143,2,51,0.959158,1
84b3c118-50d2-45a5-a91f-7ed95b5d0143,2,52,0.774192,1
84b3c118-50d2-45a5-a91f-7ed95b5d0143,2,53,0.985233,1
84b3c118-50d2-45a5-a91f-7ed95b5d0143,2,54,0.236303,0
84b3c118-50d2-45a5-a91f-7ed95b5d0143,2,55,0.032300,0
84b3c118-50d2-45a5-a91f-7ed95b5d0143,2,56,0.023596,0
84b3c118-50d2-45a5-a91f-7ed95b5d0143,2,57,0.014179,0
84b3c118-50d2-45a5-a91f-7ed95b5d0143,2,58,0.019320,0
84b3c118-50d2-45a5-a91f-7ed95b5d0143,2,59,0.018503,0
84b3c118-50d2-45a5-a91f-7ed95b5d0143,2,60,0.022939,0
84b3c118-50d2-45a5-a91f-7ed95b5d0143,2,61,0.022612,0
84b3c118-50d2-45a5-a91f-7ed95b5d0143,2,62,0.018513,0
84b3c118-50d2-45a5-a91f-7ed95b5d0143,2,63,0.037598,0
84b3c118-50d2-45a5-a91f-7ed95b5d0143,2,64,0.957837,1
84b3c118-50d2-45a5-a91f-7ed95b5d0143,2,65,0.943042,1
84b3c118-50d2-45a5-a91f-7ed95b5d0143,2,66,0.524057,1
84b3c118-50d2-45a5-a91f-7ed95b5d0143,2,67,0.053598,0
84b3c118-50d2-45a5-a91f-7ed95b5d0143,2,68,0.021665,0
84b3c118-50d2-45a5-a91f-7ed95b5d0143,2,69,0.014214,0
84b3c118-50d2-45a5-a91f-7ed95b5d0143,2,70,0.214870,0
84b3c118-50d2-45a5-a91f-7ed95b5d0143,2,71,0.326457,0
84b3c118-50d2-45a5-a91f-7ed95b5d0143,2,72,0.013098,0
84b3c118-50d2-45a5-a91f-7ed95b5d0143,3,0,0.059573,0
84b3c118-50d2-45a5-a91f-7ed95b5d0143,3,1,0.284349,0
84b3c118-50d2-45a5-a91f-7ed95b5d0143,3,2,0.048622,0
84b3c118-50d2-45a5-a91f-7ed95b5d0143,3,3,0.845919,1
84b3c118-50d2-45a5-a91f-7ed95b5d0143,3,4,0.023259,0
84b3c118-50d2-45a5-a91f-7ed95b5d0143,3,5,0.019132,0
84b3c118-50d2-45a5-a91f-7ed95b5d0143,3,6,0.070346,0
84b3c118-50d2-45a5-a91f-7ed95b5d0143,3,7,0.038502,0
be026bd1-52b1-4789-bfd3-3632af17b054,1,0,0.335131,0
be026bd1-52b1-4789-bfd3-3632af17b054,1,1,0.025732,0
be026bd1-52b1-4789-bfd3-3632af17b054,1,2,0.027560,0
be026bd1-52b1-4789-bfd3-3632af17b054,1,3,0.026565,0
be026bd1-52b1-4789-bfd3-3632af17b054,1,4,0.021483,0
be026bd1-52b1-4789-bfd3-3632af17b054,1,5,0.034080,0
be026bd1-52b1-4789-bfd3-3632af17b054,1,6,0.033780,0
be026bd1-52b1-4789-bfd3-3632af17b054,1,7,0.117726,0
be026bd1-52b1-4789-bfd3-3632af17b054,1,8,0.023518,0
be026bd1-52b1-4789-bfd3-3632af17b054,1,9,0.090443,0
be026bd1-52b1-4789-bfd3-3632af17b054,1,10,0.148338,0
be026bd1-52b1-4789-bfd3-3632af17b054,1,11,0.029462,0
be026bd1-52b1-4789-bfd3-3632af17b054,1,12,0.028110,0
be026bd1-52b1-4789-bfd3-3632af17b054,2,0,0.020482,0
be026bd1-52b1-4789-bfd3-3632af17b054,2,1,0.021325,0
be026bd1-52b1-4789-bfd3-3632af17b054,2,2,0.033533,0
be026bd1-52b1-4789-bfd3-3632af17b054,2,3,0.057306,0
be026bd1-52b1-4789-bfd3-3632af17b054,2,4,0.922735,1
be026bd1-52b1-4789-bfd3-3632af17b054,2,5,0.918048,1
be026bd1-52b1-4789-bfd3-3632af17b054,2,6,0.019165,0
be026bd1-52b1-4789-bfd3-3632af17b054,2,7,0.165102,0
be026bd1-52b1-4789-bfd3-3632af17b054,2,8,0.611635,1
be026bd1-52b1-4789-bfd3-3632af17b054,2,9,0.018825,0
be026bd1-52b1-4789-bfd3-3632af17b054,2,10,0.013121,0
be026bd1-52b1-4789-bfd3-3632af17b054,2,11,0.017498,0
be026bd1-52b1-4789-bfd3-3632af17b054,2,12,0.027397,0
be026bd1-52b1-4789-bfd3-3632af17b054,2,13,0.014776,0
be026bd1-52b1-4789-bfd3-3632af17b054,2,14,0.036826,0
be026bd1-52b1-4789-bfd3-3632af17b054,2,15,0.013585,0
be026bd1-52b1-4789-bfd3-3632af17b054,2,16,0.027827,0
be026bd1-52b1-4789-bfd3-3632af17b054,2,17,0.020808,0
be026bd1-52b1-4789-bfd3-3632af17b054,2,18,0.021542,0
be026bd1-52b1-4789-bfd3-3632af17b054,2,19,0.020238,0
be026bd1-52b1-4789-bfd3-3632af17b054,2,20,0.022568,0
be026bd1-52b1-4789-bfd3-3632af17b054,2,21,0.030577,0
be026bd1-52b1-4789-bfd3-3632af17b054,2,22,0.949269,1
be026bd1-52b1-4789-bfd3-3632af17b054,2,23,0.025848,0
be026bd1-52b1-4789-bfd3-3632af17b054,2,24,0.992710,1
be026bd1-52b1-4789-bfd3-3632af17b054,2,25,0.455049,0
be026bd1-52b1-4789-bfd3-3632af17b054,2,26,0.015759,0
be026bd1-52b1-4789-bfd3-3632af17b054,2,27,0.030848,0
be026bd1-52b1-4789-bfd3-3632af17b054,2,28,0.021794,0
be026bd1-52b1-4789-bfd3-3632af17b054,2,29,0.016592,0
be026bd1-52b1-4789-bfd3-3632af17b054,2,30,0.015868,0
be026bd1-52b1-4789-bfd3-3632af17b054,2,31,0.057549,0
be026bd1-52b1-4789-bfd3-3632af17b054,2,32,0.119155,0
be026bd1-52b1-4789-bfd3-3632af17b054,3,0,0.348700,0
be026bd1-52b1-4789-bfd3-3632af17b054,3,1,0.016044,0
be026bd1-52b1-4789-bfd3-3632af17b054,3,2,0.015064,0
be026bd1-52b1-4789-bfd3-3632af17b054,3,3,0.013314,0
be026bd1-52b1-4789-bfd3-3632af17b054,3,4,0.188080,0
be026bd1-52b1-4789-bfd3-3632af17b054,3,5,0.017033,0
be026bd1-52b1-4789-bfd3-3632af17b054,3,6,0.272255,0
be026bd1-52b1-4789-bfd3-3632af17b054,3,7,0.086539,0
be026bd1-52b1-4789-bfd3-3632af17b054,3,8,0.019167,0
be026bd1-52b1-4789-bfd3-3632af17b054,3,9,0.984270,1
be026bd1-52b1-4789-bfd3-3632af17b054,3,10,0.015201,0
be026bd1-52b1-4789-bfd3-3632af17b054,3,11,0.024006,0
be026bd1-52b1-4789-bfd3-3632af17b054,3,12,0.837890,1
be026bd1-52b1-4789-bfd3-3632af17b054,3,13,0.029539,0
be026bd1-52b1-4789-bfd3-3632af17b054,3,14,0.026679,0
be026bd1-52b1-4789-bfd3-3632af17b054,3,15,0.106491,0
be026bd1-52b1-4789-bfd3-3632af17b054,3,16,0.109303,0
be026bd1-52b1-4789-bfd3-3632af17b054,3,17,0.201323,0
be026bd1-52b1-4789-bfd3-3632af17b054,3,18,0.040009,0
be026bd1-52b1-4789-bfd3-3632af17b054,3,19,0.043798,0
be026bd1-52b1-4789-bfd3-3632af17b054,3,20,0.016430,0
be026bd1-52b1-4789-bfd3-3632af17b054,3,21,0.016907,0
be026bd1-52b1-4789-bfd3-3632af17b054,3,22,0.017214,0
be026bd1-52b1-4789-bfd3-3632af17b054,3,23,0.016721,0
be026bd1-52b1-4789-bfd3-3632af17b054,3,24,0.174198,0
be026bd1-52b1-4789-bfd3-3632af17b054,3,25,0.012821,0
be026bd1-52b1-4789-bfd3-3632af17b054,3,26,0.015221,0
be026bd1-52b1-4789-bfd3-3632af17b054,3,27,0.013935,0
be026bd1-52b1-4789-bfd3-3632af17b054,3,28,0.014712,0
d16050b3-979f-4834-90db-b8823691b87e,1,0,0.145522,0
d16050b3-979f-4834-90db-b8823691b87e,1,1,0.842460,1
d16050b3-979f-4834-90db-b8823691b87e,1,2,0.019620,0
d16050b3-979f-4834-90db-b8823691b87e,1,3,0.022395,0
d16050b3-979f-4834-90db-b8823691b87e,1,4,0.068429,0
d16050b3-979f-4834-90db-b8823691b87e,1,5,0.016575,0
d16050b3-979f-4834-90db-b8823691b87e,1,6,0.016009,0
d16050b3-979f-4834-90db-b8823691b87e,1,7,0.308435,0
d16050b3-979f-4834-90db-b8823691b87e,1,8,0.031566,0
d16050b3-979f-4834-90db-b8823691b87e,1,9,0.076198,0
d16050b3-979f-4834-90db-b8823691b87e,1,10,0.019041,0
d16050b3-979f-4834-90db-b8823691b87e,1,11,0.024503,0
d16050b3-979f-4834-90db-b8823691b87e,1,12,0.020676,0
d16050b3-979f-4834-90db-b8823691b87e,1,13,0.053787,0
d16050b3-979f-4834-90db-b8823691b87e,1,14,0.014110,0
d16050b3-979f-4834-90db-b8823691b87e,1,15,0.013592,0
d16050b3-979f-4834-90db-b8823691b87e,1,16,0.022551,0
d16050b3-979f-4834-90db-b8823691b87e,1,17,0.923878,1
d16050b3-979f-4834-90db-b8823691b87e,1,18,0.304073,0
d16050b3-979f-4834-90db-b8823691b87e,1,19,0.187054,0
d16050b3-979f-4834-90db-b8823691b87e,1,20,0.059740,0
d16050b3-979f-4834-90db-b8823691b87e,1,21,0.086408,0
d16050b3-979f-4834-90db-b8823691b87e,1,22,0.043092,0
d16050b3-979f-4834-90db-b8823691b87e,1,23,0.016225,0
d16050b3-979f-4834-90db-b8823691b87e,1,24,0.015092,0
d16050b3-979f-4834-90db-b8823691b87e,1,25,0.090353,0
d16050b3-979f-4834-90db-b8823691b87e,1,26,0.036747,0
d16050b3-979f-4834-90db-b8823691b87e,1,27,0.020056,0
d16050b3-979f-4834-90db-b8823691b87e,1,28,0.041744,0
d16050b3-979f-4834-90db-b8823691b87e,1,29,0.011824,0
d16050b3-979f-4834-90db-b8823691b87e,1,30,0.033020,0
d16050b3-979f-4834-90db-b8823691b87e,1,31,0.462002,0
d16050b3-979f-4834-90db-b8823691b87e,1,32,0.311951,0
d16050b3-979f-4834-90db-b8823691b87e,1,33,0.036637,0
d16050b3-979f-4834-90db-b8823691b87e,2,0,0.981425,1
d16050b3-979f-4834-90db-b8823691b87e,2,1,0.983175,1
d16050b3-979f-4834-90db-b8823691b87e,2,2,0.806737,1
d16050b3-979f-4834-90db-b8823691b87e,2,3,0.015974,0
d16050b3-979f-4834-90db-b8823691b87e,2,4,0.014419,0
d16050b3-979f-4834-90db-b8823691b87e,2,5,0.017480,0
d16050b3-979f-4834-90db-b8823691b87e,2,6,0.670384,1
d16050b3-979f-4834-90db-b8823691b87e,2,7,0.015592,0
d16050b3-979f-4834-90db-b8823691b87e,2,8,0.012323,0
d16050b3-979f-4834-90db-b8823691b87e,2,9,0.011949,0
d16050b3-979f-4834-90db-b8823691b87e,2,10,0.015624,0
d16050b3-979f-4834-90db-b8823691b87e,2,11,0.033184,0
d16050b3-979f-4834-90db-b8823691b87e,2,12,0.532984,1
d16050b3-979f-4834-90db-b8823691b87e,2,13,0.235128,0
d16050b3-979f-4834-90db-b8823691b87e,2,14,0.051889,0
d16050b3-979f-4834-90db-b8823691b87e,2,15,0.051892,0
d16050b3-979f-4834-90db-b8823691b87e,2,16,0.011780,0
d16050b3-979f-4834-90db-b8823691b87e,2,17,0.021904,0
d16050b3-979f-4834-90db-b8823691b87e,2,18,0.039309,0
d16050b3-979f-4834-90db-b8823691b87e,2,19,0.020218,0
d16050b3-979f-4834-90db-b8823691b87e,2,20,0.011593,0
d16050b3-979f-4834-90db-b8823691b87e,2,21,0.025508,0
d16050b3-979f-4834-90db-b8823691b87e,2,22,0.633295,1
d16050b3-979f-4834-90db-b8823691b87e,2,23,0.367359,0
d16050b3-979f-4834-90db-b8823691b87e,2,24,0.353438,0
d16050b3-979f-4834-90db-b8823691b87e,2,25,0.992429,1
d16050b3-979f-4834-90db-b8823691b87e,2,26,0.023812,0
d16050b3-979f-4834-90db-b8823691b87e,2,27,0.178780,0
d16050b3-979f-4834-90db-b8823691b87e,2,28,0.014668,0
d16050b3-979f-4834-90db-b8823691b87e,2,29,0.029276,0
d16050b3-979f-4834-90db-b8823691b87e,3,0,0.904235,1
d16050b3-979f-4834-90db-b8823691b87e,3,1,0.987015,1
d16050b3-979f-4834-90db-b8823691b87e,3,2,0.973016,1
d16050b3-979f-4834-90db-b8823691b87e,3,3,0.176055,0
d16050b3-979f-4834-90db-b8823691b87e,3,4,0.364241,0
d16050b3-979f-4834-90db-b8823691b87e,3,5,0.015458,0
d16050b3-979f-4834-90db-b8823691b87e,3,6,0.232538,0
d16050b3-979f-4834-90db-b8823691b87e,3,7,0.100289,0
d16050b3-979f-4834-90db-b8823691b87e,3,8,0.031927,0
d16050b3-979f-4834-90db-b8823691b87e,3,9,0.990839,1
d16050b3-979f-4834-90db-b8823691b87e,3,10,0.022335,0
d16050b3-979f-4834-90db-b8823691b87e,3,11,0.014403,0
d16050b3-979f-4834-90db-b8823691b87e,3,12,0.350914,0
d16050b3-979f-4834-90db-b8823691b87e,3,13,0.025457,0
d16050b3-979f-4834-90db-b8823691b87e,3,14,0.064396,0
d16050b3-979f-4834-90db-b8823691b87e,3,15,0.042699,0
dd1e6e3b-f36c-4064-8ef9-940984e9afa2,1,0,0.024043,0
dd1e6e3b-f36c-4064-8ef9-940984e9afa2,1,1,0.895730,1
dd1e6e3b-f36c-4064-8ef9-940984e9afa2,1,2,0.779711,1
dd1e6e3b-f36c-4064-8ef9-940984e9afa2,1,3,0.012942,0
dd1e6e3b-f36c-4064-8ef9-940984e9afa2,1,4,0.034910,0
dd1e6e3b-f36c-4064-8ef9-940984e9afa2,1,5,0.984490,1
dd1e6e3b-f36c-4064-8ef9-940984e9afa2,1,6,0.041124,0
dd1e6e3b-f36c-4064-8ef9-940984e9afa2,1,7,0.332803,0
dd1e6e3b-f36c-4064-8ef9-940984e9afa2,1,8,0.038622,0
dd1e6e3b-f36c-4064-8ef9-940984e9afa2,1,9,0.024411,0
dd1e6e3b-f36c-4064-8ef9-940984e9afa2,1,10,0.039142,0
dd1e6e3b-f36c-4064-8ef9-940984e9afa2,1,11,0.110334,0
dd1e6e3b-f36c-4064-8ef9-940984e9afa2,1,12,0.023273,0
dd1e6e3b-f36c-4064-8ef9-940984e9afa2,1,13,0.268227,0
dd1e6e3b-f36c-4064-8ef9-940984e9afa2,1,14,0.015451,0
dd1e6e3b-f36c-4064-8ef9-940984e9afa2,1,15,0.018714,0
dd1e6e3b-f36c-4064-8ef9-940984e9afa2,1,16,0.011665,0
dd1e6e3b-f36c-4064-8ef9-940984e9afa2,1,17,0.050365,0
dd1e6e3b-f36c-4064-8ef9-940984e9afa2,1,18,0.053726,0
dd1e6e3b-f36c-4064-8ef9-940984e9afa2,1,19,0.016645,0
dd1e6e3b-f36c-4064-8ef9-940984e9afa2,1,20,0.017383,0
dd1e6e3b-f36c-4064-8ef9-940984e9afa2,1,21,0.022568,0
dd1e6e3b-f36c-4064-8ef9-940984e9afa2,1,22,0.324069,0
dd1e6e3b-f36c-4064-8ef9-940984e9afa2,1,23,0.570930,1
dd1e6e3b-f36c-4064-8ef9-940984e9afa2,1,24,0.052596,0
dd1e6e3b-f36c-4064-8ef9-940984e9afa2,1,25,0.015734,0
dd1e6e3b-f36c-4064-8ef9-940984e9afa2,1,26,0.813281,1
dd1e6e3b-f36c-4064-8ef9-940984e9afa2,1,27,0.742253,1
dd1e6e3b-f36c-4064-8ef9-940984e9afa2,1,28,0.564417,1
dd1e6e3b-f36c-4064-8ef9-940984e9afa2,1,29,0.413021,0
dd1e6e3b-f36c-4064-8ef9-940984e9afa2,1,30,0.060586,0
dd1e6e3b-f36c-4064-8ef9-940984e9afa2,1,31,0.468228,0
dd1e6e3b-f36c-4064-8ef9-940984e9afa2,1,32,0.020857,0
dd1e6e3b-f36c-4064-8ef9-940984e9afa2,1,33,0.023829,0
dd1e6e3b-f36c-4064-8ef9-940984e9afa2,1,34,0.031622,0
dd1e6e3b-f36c-4064-8ef9-940984e9afa2,2,0,0.155361,0
dd1e6e3b-f36c-4064-8ef9-940984e9afa2,2,1,0.014896,0
dd1e6e3b-f36c-4064-8ef9-940984e9afa2,2,2,0.015933,0
dd1e6e3b-f36c-4064-8ef9-940984e9afa2,2,3,0.013005,0
dd1e6e3b-f36c-4064-8ef9-940984e9afa2,2,4,0.041736,0
dd1e6e3b-f36c-4064-8ef9-940984e9afa2,2,5,0.023659,0
dd1e6e3b-f36c-4064-8ef9-940984e9afa2,2,6,0.020284,0
dd1e6e3b-f36c-4064-8ef9-940984e9afa2,2,7,0.013801,0
dd1e6e3b-f36c-4064-8ef9-940984e9afa2,2,8,0.010626,0
dd1e6e3b-f36c-4064-8ef9-940984e9afa2,2,9,0.110930,0
dd1e6e3b-f36c-4064-8ef9-940984e9afa2,2,10,0.013530,0
dd1e6e3b-f36c-4064-8ef9-940984e9afa2,2,11,0.024044,0
dd1e6e3b-f36c-4064-8ef9-940984e9afa2,2,12,0.018710,0
dd1e6e3b-f36c-4064-8ef9-940984e9afa2,2,13,0.268227,0
dd1e6e3b-f36c-4064-8ef9-940984e9afa2,2,14,0.012589,0
dd1e6e3b-f36c-4064-8ef9-940984e9afa2,2,15,0.018131,0
dd1e6e3b-f36c-4064-8ef9-940984e9afa2,2,16,0.015983,0
dd1e6e3b-f36c-4064-8ef9-940984e9afa2,2,17,0.688579,1
dd1e6e3b-f36c-4064-8ef9-940984e9afa2,2,18,0.984459,1
dd1e6e3b-f36c-4064-8ef9-940984e9afa2,2,19,0.011687,0
dd1e6e3b-f36c-4064-8ef9-940984e9afa2,2,20,0.054849,0
dd1e6e3b-f36c-4064-8ef9-940984e9afa2,2,21,0.040013,0
dd1e6e3b-f36c-4064-8ef9-940984e9afa2,2,22,0.049996,0
dd1e6e3b-f36c-4064-8ef9-940984e9afa2,2,23,0.041869,0
dd1e6e3b-f36c-4064-8ef9-940984e9afa2,2,24,0.016029,0
dd1e6e3b-f36c-4064-8ef9-940984e9afa2,2,25,0.019207,0
dd1e6e3b-f36c-4064-8ef9-940984e9afa2,2,26,0.060800,0
dd1e6e3b-f36c-4064-8ef9-940984e9afa2,2,27,0.027648,0
dd1e6e3b-f36c-4064-8ef9-940984e9afa2,3,0,0.241443,0
dd1e6e3b-f36c-4064-8ef9-940984e9afa2,3,1,0.015735,0
dd1e6e3b-f36c-4064-8ef9-940984e9afa2,3,2,0.019746,0
dd1e6e3b-f36c-4064-8ef9-940984e9afa2,3,3,0.019641,0
dd1e6e3b-f36c-4064-8ef9-940984e9afa2,3,4,0.019320,0
dd1e6e3b-f36c-4064-8ef9-940984e9afa2,3,5,0.016920,0
dd1e6e3b-f36c-4064-8ef9-940984e9afa2,3,6,0.019444,0
dd1e6e3b-f36c-4064-8ef9-940984e9afa2,3,7,0.045911,0
dd1e6e3b-f36c-4064-8ef9-940984e9afa2,3,8,0.027010,0
dd1e6e3b-f36c-4064-8ef9-940984e9afa2,3,9,0.052902,0
dd1e6e3b-f36c-4064-8ef9-940984e9afa2,3,10,0.016890,0
dd1e6e3b-f36c-4064-8ef9-940984e9afa2,3,11,0.028788,0
dd1e6e3b-f36c-4064-8ef9-940984e9afa2,3,12,0.357861,0
dd1e6e3b-f36c-4064-8ef9-940984e9afa2,3,13,0.023835,0
dd1e6e3b-f36c-4064-8ef9-940984e9afa2,3,14,0.013115,0
dd1e6e3b-f36c-4064-8ef9-940984e9afa2,3,15,0.014582,0
dd1e6e3b-f36c-4064-8ef9-940984e9afa2,3,16,0.019266,0
dd1e6e3b-f36c-4064-8ef9-940984e9afa2,3,17,0.018581,0
dd1e6e3b-f36c-4064-8ef9-940984e9afa2,3,18,0.030205,0
dd1e6e3b-f36c-4064-8ef9-940984e9afa2,3,19,0.012956,0
dd1e6e3b-f36c-4064-8ef9-940984e9afa2,3,20,0.020388,0
dd1e6e3b-f36c-4064-8ef9-940984e9afa2,3,21,0.060068,0
dd1e6e3b-f36c-4064-8ef9-940984e9afa2,3,22,0.025965,0
dd1e6e3b-f36c-4064-8ef9-940984e9afa2,3,23,0.014073,0
dd1e6e3b-f36c-4064-8ef9-940984e9afa2,3,24,0.014069,0
dd1e6e3b-f36c-4064-8ef9-940984e9afa2,3,25,0.016921,0
df6a55fb-dfe5-4362-89a6-8c040d648a70,1,0,0.015069,0
df6a55fb-dfe5-4362-89a6-8c040d648a70,1,1,0.020018,0
df6a55fb-dfe5-4362-89a6-8c040d648a70,1,2,0.011773,0
df6a55fb-dfe5-4362-89a6-8c040d648a70,1,3,0.016007,0
df6a55fb-dfe5-4362-89a6-8c040d648a70,1,4,0.018726,0
df6a55fb-dfe5-4362-89a6-8c040d648a70,1,5,0.014616,0
df6a55fb-dfe5-4362-89a6-8c040d648a70,1,6,0.014337,0
df6a55fb-dfe5-4362-89a6-8c040d648a70,1,7,0.020765,0
df6a55fb-dfe5-4362-89a6-8c040d648a70,1,8,0.016533,0
df6a55fb-dfe5-4362-89a6-8c040d648a70,1,9,0.162069,0
df6a55fb-dfe5-4362-89a6-8c040d648a70,1,10,0.030673,0
df6a55fb-dfe5-4362-89a6-8c040d648a70,1,11,0.056193,0
df6a55fb-dfe5-4362-89a6-8c040d648a70,1,12,0.029864,0
df6a55fb-dfe5-4362-89a6-8c040d648a70,1,13,0.041282,0
df6a55fb-dfe5-4362-89a6-8c040d648a70,1,14,0.090662,0
df6a55fb-dfe5-4362-89a6-8c040d648a70,1,15,0.027714,0
df6a55fb-dfe5-4362-89a6-8c040d648a70,1,16,0.066145,0
df6a55fb-dfe5-4362-89a6-8c040d648a70,1,17,0.267669,0
df6a55fb-dfe5-4362-89a6-8c040d648a70,2,0,0.014588,0
df6a55fb-dfe5-4362-89a6-8c040d648a70,2,1,0.014917,0
df6a55fb-dfe5-4362-89a6-8c040d648a70,2,2,0.017942,0
df6a55fb-dfe5-4362-89a6-8c040d648a70,2,3,0.021191,0
df6a55fb-dfe5-4362-89a6-8c040d648a70,2,4,0.045040,0
df6a55fb-dfe5-4362-89a6-8c040d648a70,2,5,0.028705,0
df6a55fb-dfe5-4362-89a6-8c040d648a70,2,6,0.022853,0
df6a55fb-dfe5-4362-89a6-8c040d648a70,2,7,0.015836,0
df6a55fb-dfe5-4362-89a6-8c040d648a70,2,8,0.014532,0
df6a55fb-dfe5-4362-89a6-8c040d648a70,2,9,0.017726,0
df6a55fb-dfe5-4362-89a6-8c040d648a70,2,10,0.012310,0
df6a55fb-dfe5-4362-89a6-8c040d648a70,3,0,0.045851,0
df6a55fb-dfe5-4362-89a6-8c040d648a70,3,1,0.015770,0
df6a55fb-dfe5-4362-89a6-8c040d648a70,3,2,0.014284,0
df6a55fb-dfe5-4362-89a6-8c040d648a70,3,3,0.049474,0
df6a55fb-dfe5-4362-89a6-8c040d648a70,3,4,0.014306,0
df6a55fb-dfe5-4362-89a6-8c040d648a70,3,5,0.022573,0
df6a55fb-dfe5-4362-89a6-8c040d648a70,3,6,0.034658,0
df6a55fb-dfe5-4362-89a6-8c040d648a70,3,7,0.014491,0
df6a55fb-dfe5-4362-89a6-8c040d648a70,3,8,0.016662,0
df6a55fb-dfe5-4362-89a6-8c040d648a70,3,9,0.018791,0
df6a55fb-dfe5-4362-89a6-8c040d648a70,3,10,0.014558,0
df6a55fb-dfe5-4362-89a6-8c040d648a70,3,11,0.014841,0
df6a55fb-dfe5-4362-89a6-8c040d648a70,3,12,0.056567,0
df6a55fb-dfe5-4362-89a6-8c040d648a70,3,13,0.029226,0
df6a55fb-dfe5-4362-89a6-8c040d648a70,3,14,0.749216,1
df6a55fb-dfe5-4362-89a6-8c040d648a70,3,15,0.159636,0
df6a55fb-dfe5-4362-89a6-8c040d648a70,3,16,0.018180,0
df6a55fb-dfe5-4362-89a6-8c040d648a70,3,17,0.012368,0
df6a55fb-dfe5-4362-89a6-8c040d648a70,3,18,0.016620,0
df6a55fb-dfe5-4362-89a6-8c040d648a70,3,19,0.078424,0
df6a55fb-dfe5-4362-89a6-8c040d648a70,3,20,0.018298,0
df6a55fb-dfe5-4362-89a6-8c040d648a70,3,21,0.014709,0
01c59743-7082-44fc-8414-3c04126f470f,1,0,0.584486,1
01c59743-7082-44fc-8414-3c04126f470f,1,1,0.029079,0
01c59743-7082-44fc-8414-3c04126f470f,1,2,0.032642,0
01c59743-7082-44fc-8414-3c04126f470f,1,3,0.516627,1
01c59743-7082-44fc-8414-3c04126f470f,1,4,0.014684,0
01c59743-7082-44fc-8414-3c04126f470f,1,5,0.014034,0
01c59743-7082-44fc-8414-3c04126f470f,1,6,0.017060,0
01c59743-7082-44fc-8414-3c04126f470f,1,7,0.021011,0
01c59743-7082-44fc-8414-3c04126f470f,1,8,0.059466,0
01c59743-7082-44fc-8414-3c04126f470f,1,9,0.019637,0
01c59743-7082-44fc-8414-3c04126f470f,1,10,0.023504,0
01c59743-7082-44fc-8414-3c04126f470f,1,11,0.020863,0
01c59743-7082-44fc-8414-3c04126f470f,1,12,0.577398,1
01c59743-7082-44fc-8414-3c04126f470f,1,13,0.041108,0
01c59743-7082-44fc-8414-3c04126f470f,1,14,0.036346,0
01c59743-7082-44fc-8414-3c04126f470f,1,15,0.021239,0
01c59743-7082-44fc-8414-3c04126f470f,1,16,0.024042,0
01c59743-7082-44fc-8414-3c04126f470f,1,17,0.016308,0
01c59743-7082-44fc-8414-3c04126f470f,1,18,0.020587,0
01c59743-7082-44fc-8414-3c04126f470f,1,19,0.031564,0
01c59743-7082-44fc-8414-3c04126f470f,1,20,0.023492,0
01c59743-7082-44fc-8414-3c04126f470f,1,21,0.017458,0
01c59743-7082-44fc-8414-3c04126f470f,1,22,0.062467,0
01c59743-7082-44fc-8414-3c04126f470f,1,23,0.991320,1
01c59743-7082-44fc-8414-3c04126f470f,1,24,0.491285,0
01c59743-7082-44fc-8414-3c04126f470f,1,25,0.992180,1
01c59743-7082-44fc-8414-3c04126f470f,1,26,0.014694,0
01c59743-7082-44fc-8414-3c04126f470f,1,27,0.026410,0
01c59743-7082-44fc-8414-3c04126f470f,1,28,0.038285,0
01c59743-7082-44fc-8414-3c04126f470f,1,29,0.013437,0
01c59743-7082-44fc-8414-3c04126f470f,2,0,0.052749,0
01c59743-7082-44fc-8414-3c04126f470f,2,1,0.495994,0
01c59743-7082-44fc-8414-3c04126f470f,2,2,0.899608,1
01c59743-7082-44fc-8414-3c04126f470f,2,3,0.020711,0
01c59743-7082-44fc-8414-3c04126f470f,2,4,0.044780,0
01c59743-7082-44fc-8414-3c04126f470f,2,5,0.012981,0
01c59743-7082-44fc-8414-3c04126f470f,2,6,0.019453,0
01c59743-7082-44fc-8414-3c04126f470f,2,7,0.042159,0
01c59743-7082-44fc-8414-3c04126f470f,2,8,0.502117,1
01c59743-7082-44fc-8414-3c04126f470f,2,9,0.076606,0
01c59743-7082-44fc-8414-3c04126f470f,2,10,0.020590,0
01c59743-7082-44fc-8414-3c04126f470f,2,11,0.014953,0
01c59743-7082-44fc-8414-3c04126f470f,2,12,0.021445,0
01c59743-7082-44fc-8414-3c04126f470f,2,13,0.012023,0
01c59743-7082-44fc-8414-3c04126f470f,2,14,0.015310,0
01c59743-7082-44fc-8414-3c04126f470f,2,15,0.192385,0
01c59743-7082-44fc-8414-3c04126f470f,2,16,0.066312,0
01c59743-7082-44fc-8414-3c04126f470f,2,17,0.234149,0
01c59743-7082-44fc-8414-3c04126f470f,2,18,0.856837,1
01c59743-7082-44fc-8414-3c04126f470f,2,19,0.014197,0
01c59743-7082-44fc-8414-3c04126f470f,2,20,0.038924,0
01c59743-7082-44fc-8414-3c04126f470f,2,21,0.018138,0
01c59743-7082-44fc-8414-3c04126f470f,2,22,0.519865,1
01c59743-7082-44fc-8414-3c04126f470f,2,23,0.037887,0
01c59743-7082-44fc-8414-3c04126f470f,2,24,0.489717,0
01c59743-7082-44fc-8414-3c04126f470f,2,25,0.290989,0
01c59743-7082-44fc-8414-3c04126f470f,2,26,0.127003,0
01c59743-7082-44fc-8414-3c04126f470f,2,27,0.932122,1
01c59743-7082-44fc-8414-3c04126f470f,2,28,0.034335,0
01c59743-7082-44fc-8414-3c04126f470f,2,29,0.017128,0
01c59743-7082-44fc-8414-3c04126f470f,2,30,0.058755,0
01c59743-7082-44fc-8414-3c04126f470f,2,31,0.016818,0
01c59743-7082-44fc-8414-3c04126f470f,2,32,0.049053,0
01c59743-7082-44fc-8414-3c04126f470f,2,33,0.573338,1
01c59743-7082-44fc-8414-3c04126f470f,2,34,0.030356,0
01c59743-7082-44fc-8414-3c04126f470f,2,35,0.631187,1
01c59743-7082-44fc-8414-3c04126f470f,2,36,0.018233,0
01c59743-7082-44fc-8414-3c04126f470f,2,37,0.791140,1
01c59743-7082-44fc-8414-3c04126f470f,2,38,0.080727,0
01c59743-7082-44fc-8414-3c04126f470f,2,39,0.018466,0
01c59743-7082-44fc-8414-3c04126f470f,2,40,0.025842,0
01c59743-7082-44fc-8414-3c04126f470f,2,41,0.981171,1
01c59743-7082-44fc-8414-3c04126f470f,2,42,0.566003,1
01c59743-7082-44fc-8414-3c04126f470f,2,43,0.022474,0
01c59743-7082-44fc-8414-3c04126f470f,2,44,0.021187,0
01c59743-7082-44fc-8414-3c04126f470f,2,45,0.491484,0
01c59743-7082-44fc-8414-3c04126f470f,2,46,0.018343,0
01c59743-7082-44fc-8414-3c04126f470f,2,47,0.034198,0
01c59743-7082-44fc-8414-3c04126f470f,2,48,0.984787,1
01c59743-7082-44fc-8414-3c04126f470f,2,49,0.986900,1
01c59743-7082-44fc-8414-3c04126f470f,3,0,0.016754,0
01c59743-7082-44fc-8414-3c04126f470f,3,1,0.018532,0
01c59743-7082-44fc-8414-3c04126f470f,3,2,0.056457,0
01c59743-7082-44fc-8414-3c04126f470f,3,3,0.014302,0
01c59743-7082-44fc-8414-3c04126f470f,3,4,0.026047,0
01c59743-7082-44fc-8414-3c04126f470f,3,5,0.027181,0
01c59743-7082-44fc-8414-3c04126f470f,3,6,0.039250,0
01c59743-7082-44fc-8414-3c04126f470f,3,7,0.022659,0
01c59743-7082-44fc-8414-3c04126f470f,3,8,0.451789,0
01c59743-7082-44fc-8414-3c04126f470f,3,9,0.017498,0
01c59743-7082-44fc-8414-3c04126f470f,3,10,0.421610,0
01c59743-7082-44fc-8414-3c04126f470f,3,11,0.028088,0
01c59743-7082-44fc-8414-3c04126f470f,3,12,0.027516,0
01c59743-7082-44fc-8414-3c04126f470f,3,13,0.022579,0
01c59743-7082-44fc-8414-3c04126f470f,3,14,0.046566,0
01c59743-7082-44fc-8414-3c04126f470f,3,15,0.250781,0
01c59743-7082-44fc-8414-3c04126f470f,3,16,0.924009,1
01c59743-7082-44fc-8414-3c04126f470f,3,17,0.087769,0
01c59743-7082-44fc-8414-3c04126f470f,3,18,0.745482,1
01c59743-7082-44fc-8414-3c04126f470f,3,19,0.049997,0
01c59743-7082-44fc-8414-3c04126f470f,3,20,0.013897,0
01c59743-7082-44fc-8414-3c04126f470f,3,21,0.012963,0
01c59743-7082-44fc-8414-3c04126f470f,3,22,0.315914,0
01c59743-7082-44fc-8414-3c04126f470f,3,23,0.404084,0
01c59743-7082-44fc-8414-3c04126f470f,3,24,0.055509,0
01c59743-7082-44fc-8414-3c04126f470f,3,25,0.102302,0
01c59743-7082-44fc-8414-3c04126f470f,3,26,0.982116,1
01c59743-7082-44fc-8414-3c04126f470f,3,27,0.076587,0
01c59743-7082-44fc-8414-3c04126f470f,3,28,0.020458,0
01c59743-7082-44fc-8414-3c04126f470f,3,29,0.100858,0
01c59743-7082-44fc-8414-3c04126f470f,3,30,0.016080,0
01c59743-7082-44fc-8414-3c04126f470f,3,31,0.015305,0
06ffda2d-1caf-45ba-99e2-268aac1bf0e1,1,0,0.039652,0
06ffda2d-1caf-45ba-99e2-268aac1bf0e1,1,1,0.027208,0
06ffda2d-1caf-45ba-99e2-268aac1bf0e1,1,2,0.017763,0
06ffda2d-1caf-45ba-99e2-268aac1bf0e1,1,3,0.012410,0
06ffda2d-1caf-45ba-99e2-268aac1bf0e1,1,4,0.023671,0
06ffda2d-1caf-45ba-99e2-268aac1bf0e1,1,5,0.036803,0
06ffda2d-1caf-45ba-99e2-268aac1bf0e1,1,6,0.097420,0
06ffda2d-1caf-45ba-99e2-268aac1bf0e1,1,7,0.014374,0
06ffda2d-1caf-45ba-99e2-268aac1bf0e1,1,8,0.024009,0
06ffda2d-1caf-45ba-99e2-268aac1bf0e1,1,9,0.014916,0
06ffda2d-1caf-45ba-99e2-268aac1bf0e1,1,10,0.070890,0
06ffda2d-1caf-45ba-99e2-268aac1bf0e1,1,11,0.021211,0
06ffda2d-1caf-45ba-99e2-268aac1bf0e1,1,12,0.015042,0
06ffda2d-1caf-45ba-99e2-268aac1bf0e1,1,13,0.352402,0
06ffda2d-1caf-45ba-99e2-268aac1bf0e1,1,14,0.088154,0
06ffda2d-1caf-45ba-99e2-268aac1bf0e1,2,0,0.112185,0
06ffda2d-1caf-45ba-99e2-268aac1bf0e1,2,1,0.016434,0
06ffda2d-1caf-45ba-99e2-268aac1bf0e1,2,2,0.019776,0
06ffda2d-1caf-45ba-99e2-268aac1bf0e1,2,3,0.013043,0
06ffda2d-1caf-45ba-99e2-268aac1bf0e1,2,4,0.026948,0
06ffda2d-1caf-45ba-99e2-268aac1bf0e1,2,5,0.011381,0
06ffda2d-1caf-45ba-99e2-268aac1bf0e1,2,6,0.025352,0
06ffda2d-1caf-45ba-99e2-268aac1bf0e1,2,7,0.024894,0
06ffda2d-1caf-45ba-99e2-268aac1bf0e1,2,8,0.011067,0
06ffda2d-1caf-45ba-99e2-268aac1bf0e1,2,9,0.016909,0
06ffda2d-1caf-45ba-99e2-268aac1bf0e1,2,10,0.012580,0
06ffda2d-1caf-45ba-99e2-268aac1bf0e1,2,11,0.012641,0
06ffda2d-1caf-45ba-99e2-268aac1bf0e1,2,12,0.011468,0
06ffda2d-1caf-45ba-99e2-268aac1bf0e1,2,13,0.017860,0
06ffda2d-1caf-45ba-99e2-268aac1bf0e1,2,14,0.011408,0
06ffda2d-1caf-45ba-99e2-268aac1bf0e1,2,15,0.019423,0
06ffda2d-1caf-45ba-99e2-268aac1bf0e1,2,16,0.013077,0
06ffda2d-1caf-45ba-99e2-268aac1bf0e1,2,17,0.091731,0
06ffda2d-1caf-45ba-99e2-268aac1bf0e1,2,18,0.011322,0
06ffda2d-1caf-45ba-99e2-268aac1bf0e1,2,19,0.012731,0
06ffda2d-1caf-45ba-99e2-268aac1bf0e1,2,20,0.014425,0
06ffda2d-1caf-45ba-99e2-268aac1bf0e1,2,21,0.013009,0
06ffda2d-1caf-45ba-99e2-268aac1bf0e1,2,22,0.011910,0
06ffda2d-1caf-45ba-99e2-268aac1bf0e1,3,0,0.107638,0
06ffda2d-1caf-45ba-99e2-268aac1bf0e1,3,1,0.013779,0
06ffda2d-1caf-45ba-99e2-268aac1bf0e1,3,2,0.014805,0
06ffda2d-1caf-45ba-99e2-268aac1bf0e1,3,3,0.021019,0
06ffda2d-1caf-45ba-99e2-268aac1bf0e1,3,4,0.014391,0
06ffda2d-1caf-45ba-99e2-268aac1bf0e1,3,5,0.014754,0
06ffda2d-1caf-45ba-99e2-268aac1bf0e1,3,6,0.082284,0
06ffda2d-1caf-45ba-99e2-268aac1bf0e1,3,7,0.059043,0
06ffda2d-1caf-45ba-99e2-268aac1bf0e1,3,8,0.081549,0
06ffda2d-1caf-45ba-99e2-268aac1bf0e1,3,9,0.263900,0
06ffda2d-1caf-45ba-99e2-268aac1bf0e1,3,10,0.126313,0
06ffda2d-1caf-45ba-99e2-268aac1bf0e1,3,11,0.020058,0
06ffda2d-1caf-45ba-99e2-268aac1bf0e1,3,12,0.061442,0
06ffda2d-1caf-45ba-99e2-268aac1bf0e1,3,13,0.012567,0
06ffda2d-1caf-45ba-99e2-268aac1bf0e1,3,14,0.052020,0
06ffda2d-1caf-45ba-99e2-268aac1bf0e1,3,15,0.013514,0
06ffda2d-1caf-45ba-99e2-268aac1bf0e1,3,16,0.238734,0
06ffda2d-1caf-45ba-99e2-268aac1bf0e1,3,17,0.010868,0
06ffda2d-1caf-45ba-99e2-268aac1bf0e1,3,18,0.013218,0
06ffda2d-1caf-45ba-99e2-268aac1bf0e1,3,19,0.014452,0
06ffda2d-1caf-45ba-99e2-268aac1bf0e1,3,20,0.024024,0
06ffda2d-1caf-45ba-99e2-268aac1bf0e1,3,21,0.015728,0
06ffda2d-1caf-45ba-99e2-268aac1bf0e1,3,22,0.034703,0
1ed4f378-b9d4-43b8-8d50-53d0cc063332,1,0,0.992147,1
1ed4f378-b9d4-43b8-8d50-53d0cc063332,1,1,0.992684,1
1ed4f378-b9d4-43b8-8d50-53d0cc063332,1,2,0.875300,1
1ed4f378-b9d4-43b8-8d50-53d0cc063332,1,3,0.829691,1
1ed4f378-b9d4-43b8-8d50-53d0cc063332,1,4,0.662573,1
1ed4f378-b9d4-43b8-8d50-53d0cc063332,1,5,0.524478,1
1ed4f378-b9d4-43b8-8d50-53d0cc063332,1,6,0.284113,0
1ed4f378-b9d4-43b8-8d50-53d0cc063332,1,7,0.032075,0
1ed4f378-b9d4-43b8-8d50-53d0cc063332,1,8,0.112650,0
1ed4f378-b9d4-43b8-8d50-53d0cc063332,1,9,0.031612,0
1ed4f378-b9d4-43b8-8d50-53d0cc063332,1,10,0.840649,1
1ed4f378-b9d4-43b8-8d50-53d0cc063332,1,11,0.543869,1
1ed4f378-b9d4-43b8-8d50-53d0cc063332,1,12,0.033781,0
1ed4f378-b9d4-43b8-8d50-53d0cc063332,1,13,0.283494,0
1ed4f378-b9d4-43b8-8d50-53d0cc063332,1,14,0.732047,1
1ed4f378-b9d4-43b8-8d50-53d0cc063332,1,15,0.182040,0
1ed4f378-b9d4-43b8-8d50-53d0cc063332,1,16,0.214946,0
1ed4f378-b9d4-43b8-8d50-53d0cc063332,1,17,0.025137,0
1ed4f378-b9d4-43b8-8d50-53d0cc063332,1,18,0.041449,0
1ed4f378-b9d4-43b8-8d50-53d0cc063332,1,19,0.270910,0
1ed4f378-b9d4-43b8-8d50-53d0cc063332,1,20,0.223784,0
1ed4f378-b9d4-43b8-8d50-53d0cc063332,1,21,0.675648,1
1ed4f378-b9d4-43b8-8d50-53d0cc063332,1,22,0.014877,0
1ed4f378-b9d4-43b8-8d50-53d0cc063332,1,23,0.961620,1
1ed4f378-b9d4-43b8-8d50-53d0cc063332,1,24,0.145728,0
1ed4f378-b9d4-43b8-8d50-53d0cc063332,1,25,0.015750,0
1ed4f378-b9d4-43b8-8d50-53d0cc063332,1,26,0.023315,0
1ed4f378-b9d4-43b8-8d50-53d0cc063332,1,27,0.337420,0
1ed4f378-b9d4-43b8-8d50-53d0cc063332,1,28,0.855223,1
1ed4f378-b9d4-43b8-8d50-53d0cc063332,2,0,0.988110,1
1ed4f378-b9d4-43b8-8d50-53d0cc063332,2,1,0.870442,1
1ed4f378-b9d4-43b8-8d50-53d0cc063332,2,2,0.859362,1
1ed4f378-b9d4-43b8-8d50-53d0cc063332,2,3,0.295653,0
1ed4f378-b9d4-43b8-8d50-53d0cc063332,2,4,0.426113,0
1ed4f378-b9d4-43b8-8d50-53d0cc063332,2,5,0.018403,0
1ed4f378-b9d4-43b8-8d50-53d0cc063332,2,6,0.967841,1
1ed4f378-b9d4-43b8-8d50-53d0cc063332,2,7,0.067622,0
1ed4f378-b9d4-43b8-8d50-53d0cc063332,2,8,0.991601,1
1ed4f378-b9d4-43b8-8d50-53d0cc063332,2,9,0.218023,0
1ed4f378-b9d4-43b8-8d50-53d0cc063332,2,10,0.562160,1
1ed4f378-b9d4-43b8-8d50-53d0cc063332,2,11,0.990443,1
1ed4f378-b9d4-43b8-8d50-53d0cc063332,2,12,0.764745,1
1ed4f378-b9d4-43b8-8d50-53d0cc063332,2,13,0.052539,0
1ed4f378-b9d4-43b8-8d50-53d0cc063332,2,14,0.981750,1
1ed4f378-b9d4-43b8-8d50-53d0cc063332,2,15,0.926252,1
1ed4f378-b9d4-43b8-8d50-53d0cc063332,2,16,0.977820,1
1ed4f378-b9d4-43b8-8d50-53d0cc063332,2,17,0.043286,0
1ed4f378-b9d4-43b8-8d50-53d0cc063332,2,18,0.870703,1
1ed4f378-b9d4-43b8-8d50-53d0cc063332,2,19,0.021314,0
1ed4f378-b9d4-43b8-8d50-53d0cc063332,2,20,0.112585,0
1ed4f378-b9d4-43b8-8d50-53d0cc063332,2,21,0.082442,0
1ed4f378-b9d4-43b8-8d50-53d0cc063332,2,22,0.983557,1
1ed4f378-b9d4-43b8-8d50-53d0cc063332,2,23,0.214102,0
1ed4f378-b9d4-43b8-8d50-53d0cc063332,2,24,0.011507,0
1ed4f378-b9d4-43b8-8d50-53d0cc063332,2,25,0.013808,0
1ed4f378-b9d4-43b8-8d50-53d0cc063332,2,26,0.023150,0
1ed4f378-b9d4-43b8-8d50-53d0cc063332,2,27,0.026302,0
1ed4f378-b9d4-43b8-8d50-53d0cc063332,2,28,0.345092,0
1ed4f378-b9d4-43b8-8d50-53d0cc063332,2,29,0.131457,0
1ed4f378-b9d4-43b8-8d50-53d0cc063332,2,30,0.910393,1
1ed4f378-b9d4-43b8-8d50-53d0cc063332,2,31,0.079809,0
1ed4f378-b9d4-43b8-8d50-53d0cc063332,2,32,0.018798,0
1ed4f378-b9d4-43b8-8d50-53d0cc063332,2,33,0.013728,0
1ed4f378-b9d4-43b8-8d50-53d0cc063332,2,34,0.020645,0
1ed4f378-b9d4-43b8-8d50-53d0cc063332,2,35,0.062955,0
1ed4f378-b9d4-43b8-8d50-53d0cc063332,2,36,0.608024,1
1ed4f378-b9d4-43b8-8d50-53d0cc063332,2,37,0.969930,1
1ed4f378-b9d4-43b8-8d50-53d0cc063332,2,38,0.025132,0
1ed4f378-b9d4-43b8-8d50-53d0cc063332,2,39,0.032897,0
1ed4f378-b9d4-43b8-8d50-53d0cc063332,2,40,0.044133,0
1ed4f378-b9d4-43b8-8d50-53d0cc063332,2,41,0.953393,1
1ed4f378-b9d4-43b8-8d50-53d0cc063332,2,42,0.014538,0
1ed4f378-b9d4-43b8-8d50-53d0cc063332,2,43,0.693493,1
1ed4f378-b9d4-43b8-8d50-53d0cc063332,2,44,0.018793,0
1ed4f378-b9d4-43b8-8d50-53d0cc063332,3,0,0.989572,1
1ed4f378-b9d4-43b8-8d50-53d0cc063332,3,1,0.018134,0
1ed4f378-b9d4-43b8-8d50-53d0cc063332,3,2,0.986000,1
1ed4f378-b9d4-43b8-8d50-53d0cc063332,3,3,0.987638,1
1ed4f378-b9d4-43b8-8d50-53d0cc063332,3,4,0.966859,1
1ed4f378-b9d4-43b8-8d50-53d0cc063332,3,5,0.035842,0
1ed4f378-b9d4-43b8-8d50-53d0cc063332,3,6,0.052739,0
1ed4f378-b9d4-43b8-8d50-53d0cc063332,3,7,0.865526,1
1ed4f378-b9d4-43b8-8d50-53d0cc063332,3,8,0.882943,1
1ed4f378-b9d4-43b8-8d50-53d0cc063332,3,9,0.014413,0
1ed4f378-b9d4-43b8-8d50-53d0cc063332,3,10,0.452440,0
1ed4f378-b9d4-43b8-8d50-53d0cc063332,3,11,0.017364,0
1ed4f378-b9d4-43b8-8d50-53d0cc063332,3,12,0.024391,0
1ed4f378-b9d4-43b8-8d50-53d0cc063332,3,13,0.024280,0
1ed4f378-b9d4-43b8-8d50-53d0cc063332,3,14,0.021956,0
1ed4f378-b9d4-43b8-8d50-53d0cc063332,3,15,0.064232,0
1ed4f378-b9d4-43b8-8d50-53d0cc063332,3,16,0.972706,1
1ed4f378-b9d4-43b8-8d50-53d0cc063332,3,17,0.031503,0
1ed4f378-b9d4-43b8-8d50-53d0cc063332,3,18,0.018188,0
1f99798f-2b60-4ecb-b5f4-4aa7991e8ace,1,0,0.017970,0
1f99798f-2b60-4ecb-b5f4-4aa7991e8ace,1,1,0.033292,0
1f99798f-2b60-4ecb-b5f4-4aa7991e8ace,1,2,0.018928,0
1f99798f-2b60-4ecb-b5f4-4aa7991e8ace,1,3,0.014393,0
1f99798f-2b60-4ecb-b5f4-4aa7991e8ace,1,4,0.013792,0
1f99798f-2b60-4ecb-b5f4-4aa7991e8ace,1,5,0.011946,0
1f99798f-2b60-4ecb-b5f4-4aa7991e8ace,1,6,0.015538,0
1f99798f-2b60-4ecb-b5f4-4aa7991e8ace,1,7,0.018313,0
1f99798f-2b60-4ecb-b5f4-4aa7991e8ace,1,8,0.035838,0
1f99798f-2b60-4ecb-b5f4-4aa7991e8ace,1,9,0.013922,0
1f99798f-2b60-4ecb-b5f4-4aa7991e8ace,1,10,0.022678,0
1f99798f-2b60-4ecb-b5f4-4aa7991e8ace,1,11,0.023909,0
1f99798f-2b60-4ecb-b5f4-4aa7991e8ace,1,12,0.013146,0
1f99798f-2b60-4ecb-b5f4-4aa7991e8ace,1,13,0.016349,0
1f99798f-2b60-4ecb-b5f4-4aa7991e8ace,1,14,0.012774,0
1f99798f-2b60-4ecb-b5f4-4aa7991e8ace,1,15,0.013405,0
1f99798f-2b60-4ecb-b5f4-4aa7991e8ace,1,16,0.125011,0
1f99798f-2b60-4ecb-b5f4-4aa7991e8ace,1,17,0.017824,0
1f99798f-2b60-4ecb-b5f4-4aa7991e8ace,1,18,0.026265,0
1f99798f-2b60-4ecb-b5f4-4aa7991e8ace,1,19,0.036793,0
1f99798f-2b60-4ecb-b5f4-4aa7991e8ace,1,20,0.278867,0
1f99798f-2b60-4ecb-b5f4-4aa7991e8ace,1,21,0.028524,0
1f99798f-2b60-4ecb-b5f4-4aa7991e8ace,1,22,0.018572,0
1f99798f-2b60-4ecb-b5f4-4aa7991e8ace,1,23,0.015635,0
1f99798f-2b60-4ecb-b5f4-4aa7991e8ace,1,24,0.016423,0
1f99798f-2b60-4ecb-b5f4-4aa7991e8ace,1,25,0.012751,0
1f99798f-2b60-4ecb-b5f4-4aa7991e8ace,1,26,0.014755,0
1f99798f-2b60-4ecb-b5f4-4aa7991e8ace,1,27,0.014077,0
1f99798f-2b60-4ecb-b5f4-4aa7991e8ace,1,28,0.059734,0
1f99798f-2b60-4ecb-b5f4-4aa7991e8ace,1,29,0.018091,0
1f99798f-2b60-4ecb-b5f4-4aa7991e8ace,1,30,0.018104,0
1f99798f-2b60-4ecb-b5f4-4aa7991e8ace,1,31,0.044020,0
1f99798f-2b60-4ecb-b5f4-4aa7991e8ace,1,32,0.588807,1
1f99798f-2b60-4ecb-b5f4-4aa7991e8ace,1,33,0.989053,1
1f99798f-2b60-4ecb-b5f4-4aa7991e8ace,2,0,0.021060,0
1f99798f-2b60-4ecb-b5f4-4aa7991e8ace,2,1,0.016892,0
1f99798f-2b60-4ecb-b5f4-4aa7991e8ace,2,2,0.020749,0
1f99798f-2b60-4ecb-b5f4-4aa7991e8ace,2,3,0.021699,0
1f99798f-2b60-4ecb-b5f4-4aa7991e8ace,2,4,0.012598,0
1f99798f-2b60-4ecb-b5f4-4aa7991e8ace,2,5,0.014727,0
1f99798f-2b60-4ecb-b5f4-4aa7991e8ace,2,6,0.013260,0
1f99798f-2b60-4ecb-b5f4-4aa7991e8ace,2,7,0.020356,0
1f99798f-2b60-4ecb-b5f4-4aa7991e8ace,2,8,0.031026,0
1f99798f-2b60-4ecb-b5f4-4aa7991e8ace,2,9,0.018258,0
1f99798f-2b60-4ecb-b5f4-4aa7991e8ace,2,10,0.015013,0
1f99798f-2b60-4ecb-b5f4-4aa7991e8ace,2,11,0.038693,0
1f99798f-2b60-4ecb-b5f4-4aa7991e8ace,2,12,0.017271,0
1f99798f-2b60-4ecb-b5f4-4aa7991e8ace,2,13,0.054760,0
1f99798f-2b60-4ecb-b5f4-4aa7991e8ace,2,14,0.050769,0
1f99798f-2b60-4ecb-b5f4-4aa7991e8ace,2,15,0.027762,0
1f99798f-2b60-4ecb-b5f4-4aa7991e8ace,2,16,0.017619,0
1f99798f-2b60-4ecb-b5f4-4aa7991e8ace,2,17,0.099555,0
1f99798f-2b60-4ecb-b5f4-4aa7991e8ace,2,18,0.028313,0
1f99798f-2b60-4ecb-b5f4-4aa7991e8ace,2,19,0.018532,0
1f99798f-2b60-4ecb-b5f4-4aa7991e8ace,2,20,0.011103,0
1f99798f-2b60-4ecb-b5f4-4aa7991e8ace,2,21,0.012906,0
1f99798f-2b60-4ecb-b5f4-4aa7991e8ace,2,22,0.012011,0
1f99798f-2b60-4ecb-b5f4-4aa7991e8ace,2,23,0.013331,0
1f99798f-2b60-4ecb-b5f4-4aa7991e8ace,2,24,0.012117,0
1f99798f-2b60-4ecb-b5f4-4aa7991e8ace,2,25,0.012462,0
1f99798f-2b60-4ecb-b5f4-4aa7991e8ace,2,26,0.013156,0
1f99798f-2b60-4ecb-b5f4-4aa7991e8ace,2,27,0.016694,0
1f99798f-2b60-4ecb-b5f4-4aa7991e8ace,2,28,0.021294,0
1f99798f-2b60-4ecb-b5f4-4aa7991e8ace,2,29,0.030804,0
1f99798f-2b60-4ecb-b5f4-4aa7991e8ace,2,30,0.013944,0
1f99798f-2b60-4ecb-b5f4-4aa7991e8ace,2,31,0.012541,0
1f99798f-2b60-4ecb-b5f4-4aa7991e8ace,2,32,0.064277,0
1f99798f-2b60-4ecb-b5f4-4aa7991e8ace,2,33,0.028265,0
1f99798f-2b60-4ecb-b5f4-4aa7991e8ace,2,34,0.021850,0
1f99798f-2b60-4ecb-b5f4-4aa7991e8ace,2,35,0.018487,0
1f99798f-2b60-4ecb-b5f4-4aa7991e8ace,2,36,0.010805,0
1f99798f-2b60-4ecb-b5f4-4aa7991e8ace,2,37,0.014930,0
1f99798f-2b60-4ecb-b5f4-4aa7991e8ace,2,38,0.023337,0
1f99798f-2b60-4ecb-b5f4-4aa7991e8ace,2,39,0.011957,0
1f99798f-2b60-4ecb-b5f4-4aa7991e8ace,3,0,0.016568,0
1f99798f-2b60-4ecb-b5f4-4aa7991e8ace,3,1,0.012981,0
1f99798f-2b60-4ecb-b5f4-4aa7991e8ace,3,2,0.019572,0
1f99798f-2b60-4ecb-b5f4-4aa7991e8ace,3,3,0.021017,0
1f99798f-2b60-4ecb-b5f4-4aa7991e8ace,3,4,0.021115,0
1f99798f-2b60-4ecb-b5f4-4aa7991e8ace,3,5,0.034780,0
1f99798f-2b60-4ecb-b5f4-4aa7991e8ace,3,6,0.039225,0
1f99798f-2b60-4ecb-b5f4-4aa7991e8ace,3,7,0.016254,0
1f99798f-2b60-4ecb-b5f4-4aa7991e8ace,3,8,0.564258,1
1f99798f-2b60-4ecb-b5f4-4aa7991e8ace,3,9,0.885869,1
1f99798f-2b60-4ecb-b5f4-4aa7991e8ace,3,10,0.038156,0
1f99798f-2b60-4ecb-b5f4-4aa7991e8ace,3,11,0.017135,0
1f99798f-2b60-4ecb-b5f4-4aa7991e8ace,3,12,0.013555,0
1f99798f-2b60-4ecb-b5f4-4aa7991e8ace,3,13,0.012948,0
1f99798f-2b60-4ecb-b5f4-4aa7991e8ace,3,14,0.018103,0
1f99798f-2b60-4ecb-b5f4-4aa7991e8ace,3,15,0.937243,1
1f99798f-2b60-4ecb-b5f4-4aa7991e8ace,3,16,0.896261,1
1f99798f-2b60-4ecb-b5f4-4aa7991e8ace,3,17,0.016432,0
1f99798f-2b60-4ecb-b5f4-4aa7991e8ace,3,18,0.011987,0
1f99798f-2b60-4ecb-b5f4-4aa7991e8ace,3,19,0.022257,0
1f99798f-2b60-4ecb-b5f4-4aa7991e8ace,3,20,0.014838,0
1f99798f-2b60-4ecb-b5f4-4aa7991e8ace,3,21,0.017220,0
1f99798f-2b60-4ecb-b5f4-4aa7991e8ace,3,22,0.012535,0
1f99798f-2b60-4ecb-b5f4-4aa7991e8ace,3,23,0.017241,0
1f99798f-2b60-4ecb-b5f4-4aa7991e8ace,3,24,0.012063,0
1f99798f-2b60-4ecb-b5f4-4aa7991e8ace,3,25,0.016569,0
1f99798f-2b60-4ecb-b5f4-4aa7991e8ace,3,26,0.021415,0
1f99798f-2b60-4ecb-b5f4-4aa7991e8ace,3,27,0.012685,0
1f99798f-2b60-4ecb-b5f4-4aa7991e8ace,3,28,0.010953,0
1f99798f-2b60-4ecb-b5f4-4aa7991e8ace,3,29,0.015992,0
1f99798f-2b60-4ecb-b5f4-4aa7991e8ace,3,30,0.044342,0
1f99798f-2b60-4ecb-b5f4-4aa7991e8ace,3,31,0.031227,0
1f99798f-2b60-4ecb-b5f4-4aa7991e8ace,3,32,0.011582,0
1f99798f-2b60-4ecb-b5f4-4aa7991e8ace,3,33,0.022905,0
1f99798f-2b60-4ecb-b5f4-4aa7991e8ace,3,34,0.014541,0
1f99798f-2b60-4ecb-b5f4-4aa7991e8ace,3,35,0.015108,0
1f99798f-2b60-4ecb-b5f4-4aa7991e8ace,3,36,0.011532,0
2a3fde8a-082a-4d8f-9567-f7e8366c0200,1,0,0.039942,0
2a3fde8a-082a-4d8f-9567-f7e8366c0200,1,1,0.029067,0
2a3fde8a-082a-4d8f-9567-f7e8366c0200,1,2,0.017326,0
2a3fde8a-082a-4d8f-9567-f7e8366c0200,1,3,0.013127,0
2a3fde8a-082a-4d8f-9567-f7e8366c0200,1,4,0.016818,0
2a3fde8a-082a-4d8f-9567-f7e8366c0200,1,5,0.017146,0
2a3fde8a-082a-4d8f-9567-f7e8366c0200,1,6,0.046228,0
2a3fde8a-082a-4d8f-9567-f7e8366c0200,1,7,0.016626,0
2a3fde8a-082a-4d8f-9567-f7e8366c0200,1,8,0.988395,1
2a3fde8a-082a-4d8f-9567-f7e8366c0200,1,9,0.155512,0
2a3fde8a-082a-4d8f-9567-f7e8366c0200,1,10,0.166390,0
2a3fde8a-082a-4d8f-9567-f7e8366c0200,1,11,0.985576,1
2a3fde8a-082a-4d8f-9567-f7e8366c0200,1,12,0.741065,1
2a3fde8a-082a-4d8f-9567-f7e8366c0200,1,13,0.989641,1
2a3fde8a-082a-4d8f-9567-f7e8366c0200,1,14,0.600766,1
2a3fde8a-082a-4d8f-9567-f7e8366c0200,1,15,0.573178,1
2a3fde8a-082a-4d8f-9567-f7e8366c0200,1,16,0.026687,0
2a3fde8a-082a-4d8f-9567-f7e8366c0200,1,17,0.018724,0
2a3fde8a-082a-4d8f-9567-f7e8366c0200,1,18,0.103458,0
2a3fde8a-082a-4d8f-9567-f7e8366c0200,1,19,0.047843,0
2a3fde8a-082a-4d8f-9567-f7e8366c0200,1,20,0.045343,0
2a3fde8a-082a-4d8f-9567-f7e8366c0200,1,21,0.083937,0
2a3fde8a-082a-4d8f-9567-f7e8366c0200,1,22,0.036045,0
2a3fde8a-082a-4d8f-9567-f7e8366c0200,1,23,0.022674,0
2a3fde8a-082a-4d8f-9567-f7e8366c0200,1,24,0.905746,1
2a3fde8a-082a-4d8f-9567-f7e8366c0200,1,25,0.202191,0
2a3fde8a-082a-4d8f-9567-f7e8366c0200,1,26,0.893419,1
2a3fde8a-082a-4d8f-9567-f7e8366c0200,1,27,0.340104,0
2a3fde8a-082a-4d8f-9567-f7e8366c0200,1,28,0.964526,1
2a3fde8a-082a-4d8f-9567-f7e8366c0200,1,29,0.022457,0
2a3fde8a-082a-4d8f-9567-f7e8366c0200,1,30,0.374314,0
2a3fde8a-082a-4d8f-9567-f7e8366c0200,1,31,0.027361,0
2a3fde8a-082a-4d8f-9567-f7e8366c0200,1,32,0.012094,0
2a3fde8a-082a-4d8f-9567-f7e8366c0200,1,33,0.155994,0
2a3fde8a-082a-4d8f-9567-f7e8366c0200,1,34,0.083837,0
2a3fde8a-082a-4d8f-9567-f7e8366c0200,1,35,0.208608,0
2a3fde8a-082a-4d8f-9567-f7e8366c0200,1,36,0.017793,0
2a3fde8a-082a-4d8f-9567-f7e8366c0200,1,37,0.019995,0
2a3fde8a-082a-4d8f-9567-f7e8366c0200,2,0,0.046340,0
2a3fde8a-082a-4d8f-9567-f7e8366c0200,2,1,0.985884,1
2a3fde8a-082a-4d8f-9567-f7e8366c0200,2,2,0.014483,0
2a3fde8a-082a-4d8f-9567-f7e8366c0200,2,3,0.025915,0
2a3fde8a-082a-4d8f-9567-f7e8366c0200,2,4,0.199205,0
2a3fde8a-082a-4d8f-9567-f7e8366c0200,2,5,0.017170,0
2a3fde8a-082a-4d8f-9567-f7e8366c0200,2,6,0.027440,0
2a3fde8a-082a-4d8f-9567-f7e8366c0200,2,7,0.011473,0
2a3fde8a-082a-4d8f-9567-f7e8366c0200,2,8,0.013413,0
2a3fde8a-082a-4d8f-9567-f7e8366c0200,2,9,0.012654,0
2a3fde8a-082a-4d8f-9567-f7e8366c0200,2,10,0.013408,0
2a3fde8a-082a-4d8f-9567-f7e8366c0200,2,11,0.263469,0
2a3fde8a-082a-4d8f-9567-f7e8366c0200,2,12,0.018636,0
2a3fde8a-082a-4d8f-9567-f7e8366c0200,2,13,0.022902,0
2a3fde8a-082a-4d8f-9567-f7e8366c0200,2,14,0.015796,0
2a3fde8a-082a-4d8f-9567-f7e8366c0200,2,15,0.042794,0
2a3fde8a-082a-4d8f-9567-f7e8366c0200,2,16,0.112260,0
2a3fde8a-082a-4d8f-9567-f7e8366c0200,2,17,0.061092,0
2a3fde8a-082a-4d8f-9567-f7e8366c0200,2,18,0.020782,0
2a3fde8a-082a-4d8f-9567-f7e8366c0200,2,19,0.045912,0
2a3fde8a-082a-4d8f-9567-f7e8366c0200,2,20,0.013982,0
2a3fde8a-082a-4d8f-9567-f7e8366c0200,2,21,0.012510,0
2a3fde8a-082a-4d8f-9567-f7e8366c0200,2,22,0.011872,0
2a3fde8a-082a-4d8f-9567-f7e8366c0200,2,23,0.572372,1
2a3fde8a-082a-4d8f-9567-f7e8366c0200,2,24,0.014087,0
2a3fde8a-082a-4d8f-9567-f7e8366c0200,2,25,0.993775,1
2a3fde8a-082a-4d8f-9567-f7e8366c0200,2,26,0.102629,0
2a3fde8a-082a-4d8f-9567-f7e8366c0200,2,27,0.018551,0
2a3fde8a-082a-4d8f-9567-f7e8366c0200,2,28,0.019982,0
2a3fde8a-082a-4d8f-9567-f7e8366c0200,2,29,0.017999,0
2a3fde8a-082a-4d8f-9567-f7e8366c0200,2,30,0.015324,0
2a3fde8a-082a-4d8f-9567-f7e8366c0200,2,31,0.039981,0
2a3fde8a-082a-4d8f-9567-f7e8366c0200,2,32,0.019314,0
2a3fde8a-082a-4d8f-9567-f7e8366c0200,2,33,0.027744,0
2a3fde8a-082a-4d8f-9567-f7e8366c0200,2,34,0.014470,0
2a3fde8a-082a-4d8f-9567-f7e8366c0200,2,35,0.021042,0
2a3fde8a-082a-4d8f-9567-f7e8366c0200,2,36,0.011954,0
2a3fde8a-082a-4d8f-9567-f7e8366c0200,2,37,0.016254,0
2a3fde8a-082a-4d8f-9567-f7e8366c0200,2,38,0.011152,0
2a3fde8a-082a-4d8f-9567-f7e8366c0200,2,39,0.011400,0
2a3fde8a-082a-4d8f-9567-f7e8366c0200,2,40,0.167875,0
2a3fde8a-082a-4d8f-9567-f7e8366c0200,2,41,0.064519,0
2a3fde8a-082a-4d8f-9567-f7e8366c0200,2,42,0.028660,0
2a3fde8a-082a-4d8f-9567-f7e8366c0200,2,43,0.017626,0
2a3fde8a-082a-4d8f-9567-f7e8366c0200,2,44,0.025217,0
2a3fde8a-082a-4d8f-9567-f7e8366c0200,2,45,0.035954,0
2a3fde8a-082a-4d8f-9567-f7e8366c0200,2,46,0.033344,0
2a3fde8a-082a-4d8f-9567-f7e8366c0200,2,47,0.014088,0
2a3fde8a-082a-4d8f-9567-f7e8366c0200,2,48,0.023231,0
2a3fde8a-082a-4d8f-9567-f7e8366c0200,2,49,0.031684,0
2a3fde8a-082a-4d8f-9567-f7e8366c0200,3,0,0.019829,0
2a3fde8a-082a-4d8f-9567-f7e8366c0200,3,1,0.013551,0
2a3fde8a-082a-4d8f-9567-f7e8366c0200,3,2,0.345528,0
2a3fde8a-082a-4d8f-9567-f7e8366c0200,3,3,0.157620,0
2a3fde8a-082a-4d8f-9567-f7e8366c0200,3,4,0.016327,0
2a3fde8a-082a-4d8f-9567-f7e8366c0200,3,5,0.769710,1
2a3fde8a-082a-4d8f-9567-f7e8366c0200,3,6,0.964753,1
2a3fde8a-082a-4d8f-9567-f7e8366c0200,3,7,0.096522,0
2a3fde8a-082a-4d8f-9567-f7e8366c0200,3,8,0.012961,0
2a3fde8a-082a-4d8f-9567-f7e8366c0200,3,9,0.019865,0
2a3fde8a-082a-4d8f-9567-f7e8366c0200,3,10,0.029678,0
2a3fde8a-082a-4d8f-9567-f7e8366c0200,3,11,0.176866,0
2a3fde8a-082a-4d8f-9567-f7e8366c0200,3,12,0.029822,0
2a3fde8a-082a-4d8f-9567-f7e8366c0200,3,13,0.166850,0
2a3fde8a-082a-4d8f-9567-f7e8366c0200,3,14,0.017164,0
2a3fde8a-082a-4d8f-9567-f7e8366c0200,3,15,0.042066,0
2a3fde8a-082a-4d8f-9567-f7e8366c0200,3,16,0.010834,0
2a3fde8a-082a-4d8f-9567-f7e8366c0200,3,17,0.057598,0
87609973-bd58-42a5-96e2-ee5aa47433f5,1,0,0.988777,1
87609973-bd58-42a5-96e2-ee5aa47433f5,1,1,0.978093,1
87609973-bd58-42a5-96e2-ee5aa47433f5,1,2,0.215240,0
87609973-bd58-42a5-96e2-ee5aa47433f5,1,3,0.769760,1
87609973-bd58-42a5-96e2-ee5aa47433f5,1,4,0.068319,0
87609973-bd58-42a5-96e2-ee5aa47433f5,1,5,0.046232,0
87609973-bd58-42a5-96e2-ee5aa47433f5,1,6,0.991641,1
87609973-bd58-42a5-96e2-ee5aa47433f5,1,7,0.188426,0
87609973-bd58-42a5-96e2-ee5aa47433f5,1,8,0.024084,0
87609973-bd58-42a5-96e2-ee5aa47433f5,1,9,0.612312,1
87609973-bd58-42a5-96e2-ee5aa47433f5,1,10,0.020078,0
87609973-bd58-42a5-96e2-ee5aa47433f5,1,11,0.014621,0
87609973-bd58-42a5-96e2-ee5aa47433f5,1,12,0.061986,0
87609973-bd58-42a5-96e2-ee5aa47433f5,1,13,0.013475,0
87609973-bd58-42a5-96e2-ee5aa47433f5,1,14,0.013868,0
87609973-bd58-42a5-96e2-ee5aa47433f5,1,15,0.014070,0
87609973-bd58-42a5-96e2-ee5aa47433f5,1,16,0.016102,0
87609973-bd58-42a5-96e2-ee5aa47433f5,1,17,0.013607,0
87609973-bd58-42a5-96e2-ee5aa47433f5,1,18,0.017224,0
87609973-bd58-42a5-96e2-ee5aa47433f5,2,0,0.878883,1
87609973-bd58-42a5-96e2-ee5aa47433f5,2,1,0.451860,0
87609973-bd58-42a5-96e2-ee5aa47433f5,2,2,0.602219,1
87609973-bd58-42a5-96e2-ee5aa47433f5,2,3,0.823947,1
87609973-bd58-42a5-96e2-ee5aa47433f5,2,4,0.037216,0
87609973-bd58-42a5-96e2-ee5aa47433f5,2,5,0.041412,0
87609973-bd58-42a5-96e2-ee5aa47433f5,2,6,0.013629,0
87609973-bd58-42a5-96e2-ee5aa47433f5,2,7,0.016369,0
87609973-bd58-42a5-96e2-ee5aa47433f5,2,8,0.047382,0
87609973-bd58-42a5-96e2-ee5aa47433f5,2,9,0.033886,0
87609973-bd58-42a5-96e2-ee5aa47433f5,2,10,0.906849,1
87609973-bd58-42a5-96e2-ee5aa47433f5,2,11,0.011428,0
87609973-bd58-42a5-96e2-ee5aa47433f5,2,12,0.016672,0
87609973-bd58-42a5-96e2-ee5aa47433f5,2,13,0.078749,0
87609973-bd58-42a5-96e2-ee5aa47433f5,2,14,0.014968,0
87609973-bd58-42a5-96e2-ee5aa47433f5,2,15,0.015451,0
87609973-bd58-42a5-96e2-ee5aa47433f5,2,16,0.019779,0
87609973-bd58-42a5-96e2-ee5aa47433f5,2,17,0.022003,0
87609973-bd58-42a5-96e2-ee5aa47433f5,3,0,0.957479,1
87609973-bd58-42a5-96e2-ee5aa47433f5,3,1,0.671481,1
87609973-bd58-42a5-96e2-ee5aa47433f5,3,2,0.608025,1
87609973-bd58-42a5-96e2-ee5aa47433f5,3,3,0.013214,0
87609973-bd58-42a5-96e2-ee5aa47433f5,3,4,0.045513,0
87609973-bd58-42a5-96e2-ee5aa47433f5,3,5,0.989926,1
87609973-bd58-42a5-96e2-ee5aa47433f5,3,6,0.028892,0
87609973-bd58-42a5-96e2-ee5aa47433f5,3,7,0.275377,0
87609973-bd58-42a5-96e2-ee5aa47433f5,3,8,0.231425,0
87609973-bd58-42a5-96e2-ee5aa47433f5,3,9,0.040048,0
ad409798-ee94-4436-92c5-92669193be14,1,0,0.458086,0
ad409798-ee94-4436-92c5-92669193be14,1,1,0.111666,0
ad409798-ee94-4436-92c5-92669193be14,1,2,0.020337,0
ad409798-ee94-4436-92c5-92669193be14,1,3,0.945443,1
ad409798-ee94-4436-92c5-92669193be14,1,4,0.263841,0
ad409798-ee94-4436-92c5-92669193be14,1,5,0.030905,0
ad409798-ee94-4436-92c5-92669193be14,1,6,0.019104,0
ad409798-ee94-4436-92c5-92669193be14,1,7,0.014535,0
ad409798-ee94-4436-92c5-92669193be14,1,8,0.025444,0
ad409798-ee94-4436-92c5-92669193be14,1,9,0.045548,0
ad409798-ee94-4436-92c5-92669193be14,1,10,0.016201,0
ad409798-ee94-4436-92c5-92669193be14,1,11,0.014085,0
ad409798-ee94-4436-92c5-92669193be14,1,12,0.180601,0
ad409798-ee94-4436-92c5-92669193be14,1,13,0.012416,0
ad409798-ee94-4436-92c5-92669193be14,1,14,0.730223,1
ad409798-ee94-4436-92c5-92669193be14,1,15,0.072841,0
ad409798-ee94-4436-92c5-92669193be14,1,16,0.013456,0
ad409798-ee94-4436-92c5-92669193be14,1,17,0.210861,0
ad409798-ee94-4436-92c5-92669193be14,1,18,0.204980,0
ad409798-ee94-4436-92c5-92669193be14,1,19,0.689392,1
ad409798-ee94-4436-92c5-92669193be14,1,20,0.966255,1
ad409798-ee94-4436-92c5-92669193be14,1,21,0.042294,0
ad409798-ee94-4436-92c5-92669193be14,1,22,0.131016,0
ad409798-ee94-4436-92c5-92669193be14,2,0,0.033430,0
ad409798-ee94-4436-92c5-92669193be14,2,1,0.413001,0
ad409798-ee94-4436-92c5-92669193be14,2,2,0.035063,0
ad409798-ee94-4436-92c5-92669193be14,2,3,0.043277,0
ad409798-ee94-4436-92c5-92669193be14,2,4,0.024310,0
ad409798-ee94-4436-92c5-92669193be14,2,5,0.052201,0
ad409798-ee94-4436-92c5-92669193be14,2,6,0.173795,0
ad409798-ee94-4436-92c5-92669193be14,2,7,0.788693,1
ad409798-ee94-4436-92c5-92669193be14,2,8,0.597418,1
ad409798-ee94-4436-92c5-92669193be14,2,9,0.367255,0
ad409798-ee94-4436-92c5-92669193be14,2,10,0.022349,0
ad409798-ee94-4436-92c5-92669193be14,2,11,0.750071,1
ad409798-ee94-4436-92c5-92669193be14,2,12,0.014513,0
ad409798-ee94-4436-92c5-92669193be14,2,13,0.023677,0
ad409798-ee94-4436-92c5-92669193be14,2,14,0.025805,0
ad409798-ee94-4436-92c5-92669193be14,2,15,0.019254,0
ad409798-ee94-4436-92c5-92669193be14,2,16,0.062981,0
ad409798-ee94-4436-92c5-92669193be14,2,17,0.916325,1
ad409798-ee94-4436-92c5-92669193be14,2,18,0.460803,0
ad409798-ee94-4436-92c5-92669193be14,2,19,0.131016,0
ad409798-ee94-4436-92c5-92669193be14,3,0,0.982739,1
ad409798-ee94-4436-92c5-92669193be14,3,1,0.598462,1
ad409798-ee94-4436-92c5-92669193be14,3,2,0.067929,0
ad409798-ee94-4436-92c5-92669193be14,3,3,0.148151,0
ad409798-ee94-4436-92c5-92669193be14,3,4,0.789577,1
ad409798-ee94-4436-92c5-92669193be14,3,5,0.987751,1
ad409798-ee94-4436-92c5-92669193be14,3,6,0.957975,1
c6a0e65c-4f8b-41de-8200-cd700f683c64,1,0,0.512918,1
c6a0e65c-4f8b-41de-8200-cd700f683c64,1,1,0.752180,1
c6a0e65c-4f8b-41de-8200-cd700f683c64,1,2,0.066003,0
c6a0e65c-4f8b-41de-8200-cd700f683c64,1,3,0.023232,0
c6a0e65c-4f8b-41de-8200-cd700f683c64,1,4,0.022021,0
c6a0e65c-4f8b-41de-8200-cd700f683c64,1,5,0.025115,0
c6a0e65c-4f8b-41de-8200-cd700f683c64,1,6,0.017730,0
c6a0e65c-4f8b-41de-8200-cd700f683c64,1,7,0.025591,0
c6a0e65c-4f8b-41de-8200-cd700f683c64,1,8,0.025962,0
c6a0e65c-4f8b-41de-8200-cd700f683c64,1,9,0.021821,0
c6a0e65c-4f8b-41de-8200-cd700f683c64,1,10,0.027303,0
c6a0e65c-4f8b-41de-8200-cd700f683c64,1,11,0.045269,0
c6a0e65c-4f8b-41de-8200-cd700f683c64,1,12,0.793484,1
c6a0e65c-4f8b-41de-8200-cd700f683c64,1,13,0.016449,0
c6a0e65c-4f8b-41de-8200-cd700f683c64,1,14,0.013319,0
c6a0e65c-4f8b-41de-8200-cd700f683c64,1,15,0.032359,0
c6a0e65c-4f8b-41de-8200-cd700f683c64,1,16,0.065232,0
c6a0e65c-4f8b-41de-8200-cd700f683c64,1,17,0.274869,0
c6a0e65c-4f8b-41de-8200-cd700f683c64,1,18,0.985884,1
c6a0e65c-4f8b-41de-8200-cd700f683c64,1,19,0.034469,0
c6a0e65c-4f8b-41de-8200-cd700f683c64,1,20,0.026716,0
c6a0e65c-4f8b-41de-8200-cd700f683c64,1,21,0.025332,0
c6a0e65c-4f8b-41de-8200-cd700f683c64,1,22,0.184246,0
c6a0e65c-4f8b-41de-8200-cd700f683c64,1,23,0.600713,1
c6a0e65c-4f8b-41de-8200-cd700f683c64,1,24,0.026726,0
c6a0e65c-4f8b-41de-8200-cd700f683c64,1,25,0.017562,0
c6a0e65c-4f8b-41de-8200-cd700f683c64,2,0,0.519768,1
c6a0e65c-4f8b-41de-8200-cd700f683c64,2,1,0.020094,0
c6a0e65c-4f8b-41de-8200-cd700f683c64,2,2,0.034557,0
c6a0e65c-4f8b-41de-8200-cd700f683c64,2,3,0.153127,0
c6a0e65c-4f8b-41de-8200-cd700f683c64,2,4,0.077431,0
c6a0e65c-4f8b-41de-8200-cd700f683c64,2,5,0.016320,0
c6a0e65c-4f8b-41de-8200-cd700f683c64,2,6,0.025450,0
c6a0e65c-4f8b-41de-8200-cd700f683c64,2,7,0.271657,0
c6a0e65c-4f8b-41de-8200-cd700f683c64,2,8,0.022819,0
c6a0e65c-4f8b-41de-8200-cd700f683c64,2,9,0.023884,0
c6a0e65c-4f8b-41de-8200-cd700f683c64,2,10,0.025835,0
c6a0e65c-4f8b-41de-8200-cd700f683c64,2,11,0.029627,0
c6a0e65c-4f8b-41de-8200-cd700f683c64,2,12,0.082420,0
c6a0e65c-4f8b-41de-8200-cd700f683c64,2,13,0.020820,0
c6a0e65c-4f8b-41de-8200-cd700f683c64,2,14,0.023396,0
c6a0e65c-4f8b-41de-8200-cd700f683c64,2,15,0.021815,0
c6a0e65c-4f8b-41de-8200-cd700f683c64,2,16,0.024434,0
c6a0e65c-4f8b-41de-8200-cd700f683c64,2,17,0.017429,0
c6a0e65c-4f8b-41de-8200-cd700f683c64,2,18,0.042535,0
c6a0e65c-4f8b-41de-8200-cd700f683c64,2,19,0.970546,1
c6a0e65c-4f8b-41de-8200-cd700f683c64,2,20,0.627557,1
c6a0e65c-4f8b-41de-8200-cd700f683c64,2,21,0.022395,0
c6a0e65c-4f8b-41de-8200-cd700f683c64,2,22,0.016225,0
c6a0e65c-4f8b-41de-8200-cd700f683c64,2,23,0.016391,0
c6a0e65c-4f8b-41de-8200-cd700f683c64,2,24,0.018331,0
c6a0e65c-4f8b-41de-8200-cd700f683c64,2,25,0.015197,0
c6a0e65c-4f8b-41de-8200-cd700f683c64,2,26,0.021447,0
c6a0e65c-4f8b-41de-8200-cd700f683c64,2,27,0.021100,0
c6a0e65c-4f8b-41de-8200-cd700f683c64,2,28,0.025363,0
c6a0e65c-4f8b-41de-8200-cd700f683c64,3,0,0.018727,0
c6a0e65c-4f8b-41de-8200-cd700f683c64,3,1,0.015396,0
c6a0e65c-4f8b-41de-8200-cd700f683c64,3,2,0.040298,0
c6a0e65c-4f8b-41de-8200-cd700f683c64,3,3,0.137752,0
c6a0e65c-4f8b-41de-8200-cd700f683c64,3,4,0.257945,0
c6a0e65c-4f8b-41de-8200-cd700f683c64,3,5,0.024160,0
c6a0e65c-4f8b-41de-8200-cd700f683c64,3,6,0.940421,1
c6a0e65c-4f8b-41de-8200-cd700f683c64,3,7,0.052770,0
c6a0e65c-4f8b-41de-8200-cd700f683c64,3,8,0.014501,0
c6a0e65c-4f8b-41de-8200-cd700f683c64,3,9,0.023354,0
c6a0e65c-4f8b-41de-8200-cd700f683c64,3,10,0.411235,0
c6a0e65c-4f8b-41de-8200-cd700f683c64,3,11,0.017284,0
c6a0e65c-4f8b-41de-8200-cd700f683c64,3,12,0.210017,0
c6a0e65c-4f8b-41de-8200-cd700f683c64,3,13,0.024561,0
c6a0e65c-4f8b-41de-8200-cd700f683c64,3,14,0.139910,0
c6a0e65c-4f8b-41de-8200-cd700f683c64,3,15,0.026588,0
c6a0e65c-4f8b-41de-8200-cd700f683c64,3,16,0.018376,0
c6a0e65c-4f8b-41de-8200-cd700f683c64,3,17,0.019879,0
c6a0e65c-4f8b-41de-8200-cd700f683c64,3,18,0.133079,0
c6a0e65c-4f8b-41de-8200-cd700f683c64,3,19,0.965926,1
c6a0e65c-4f8b-41de-8200-cd700f683c64,3,20,0.052116,0
eb17fa36-89f2-4d0b-8133-7bb4682228e1,1,0,0.017072,0
eb17fa36-89f2-4d0b-8133-7bb4682228e1,1,1,0.014494,0
eb17fa36-89f2-4d0b-8133-7bb4682228e1,1,2,0.015963,0
eb17fa36-89f2-4d0b-8133-7bb4682228e1,1,3,0.021160,0
eb17fa36-89f2-4d0b-8133-7bb4682228e1,1,4,0.016718,0
eb17fa36-89f2-4d0b-8133-7bb4682228e1,1,5,0.053695,0
eb17fa36-89f2-4d0b-8133-7bb4682228e1,1,6,0.145017,0
eb17fa36-89f2-4d0b-8133-7bb4682228e1,1,7,0.784905,1
eb17fa36-89f2-4d0b-8133-7bb4682228e1,1,8,0.011704,0
eb17fa36-89f2-4d0b-8133-7bb4682228e1,1,9,0.043704,0
eb17fa36-89f2-4d0b-8133-7bb4682228e1,1,10,0.012137,0
eb17fa36-89f2-4d0b-8133-7bb4682228e1,1,11,0.042517,0
eb17fa36-89f2-4d0b-8133-7bb4682228e1,1,12,0.260225,0
eb17fa36-89f2-4d0b-8133-7bb4682228e1,1,13,0.020499,0
eb17fa36-89f2-4d0b-8133-7bb4682228e1,1,14,0.015287,0
eb17fa36-89f2-4d0b-8133-7bb4682228e1,1,15,0.028829,0
eb17fa36-89f2-4d0b-8133-7bb4682228e1,2,0,0.014173,0
eb17fa36-89f2-4d0b-8133-7bb4682228e1,2,1,0.012976,0
eb17fa36-89f2-4d0b-8133-7bb4682228e1,2,2,0.016669,0
eb17fa36-89f2-4d0b-8133-7bb4682228e1,2,3,0.013754,0
eb17fa36-89f2-4d0b-8133-7bb4682228e1,2,4,0.025629,0
eb17fa36-89f2-4d0b-8133-7bb4682228e1,2,5,0.014192,0
eb17fa36-89f2-4d0b-8133-7bb4682228e1,2,6,0.019718,0
eb17fa36-89f2-4d0b-8133-7bb4682228e1,2,7,0.040374,0
eb17fa36-89f2-4d0b-8133-7bb4682228e1,2,8,0.960609,1
eb17fa36-89f2-4d0b-8133-7bb4682228e1,2,9,0.249247,0
eb17fa36-89f2-4d0b-8133-7bb4682228e1,2,10,0.014518,0
eb17fa36-89f2-4d0b-8133-7bb4682228e1,2,11,0.022245,0
eb17fa36-89f2-4d0b-8133-7bb4682228e1,2,12,0.056660,0
eb17fa36-89f2-4d0b-8133-7bb4682228e1,2,13,0.211394,0
eb17fa36-89f2-4d0b-8133-7bb4682228e1,2,14,0.047395,0
eb17fa36-89f2-4d0b-8133-7bb4682228e1,2,15,0.882500,1
eb17fa36-89f2-4d0b-8133-7bb4682228e1,2,16,0.015851,0
eb17fa36-89f2-4d0b-8133-7bb4682228e1,2,17,0.025788,0
eb17fa36-89f2-4d0b-8133-7bb4682228e1,2,18,0.027087,0
eb17fa36-89f2-4d0b-8133-7bb4682228e1,2,19,0.017575,0
eb17fa36-89f2-4d0b-8133-7bb4682228e1,2,20,0.059409,0
eb17fa36-89f2-4d0b-8133-7bb4682228e1,2,21,0.013471,0
eb17fa36-89f2-4d0b-8133-7bb4682228e1,2,22,0.019382,0
eb17fa36-89f2-4d0b-8133-7bb4682228e1,2,23,0.093078,0
eb17fa36-89f2-4d0b-8133-7bb4682228e1,2,24,0.039466,0
eb17fa36-89f2-4d0b-8133-7bb4682228e1,2,25,0.068093,0
eb17fa36-89f2-4d0b-8133-7bb4682228e1,2,26,0.027218,0
eb17fa36-89f2-4d0b-8133-7bb4682228e1,2,27,0.021142,0
eb17fa36-89f2-4d0b-8133-7bb4682228e1,2,28,0.017231,0
eb17fa36-89f2-4d0b-8133-7bb4682228e1,2,29,0.023952,0
eb17fa36-89f2-4d0b-8133-7bb4682228e1,2,30,0.016660,0
eb17fa36-89f2-4d0b-8133-7bb4682228e1,2,31,0.010712,0
eb17fa36-89f2-4d0b-8133-7bb4682228e1,3,0,0.016979,0
eb17fa36-89f2-4d0b-8133-7bb4682228e1,3,1,0.012297,0
eb17fa36-89f2-4d0b-8133-7bb4682228e1,3,2,0.014001,0
eb17fa36-89f2-4d0b-8133-7bb4682228e1,3,3,0.052664,0
eb17fa36-89f2-4d0b-8133-7bb4682228e1,3,4,0.019361,0
eb17fa36-89f2-4d0b-8133-7bb4682228e1,3,5,0.021046,0
eb17fa36-89f2-4d0b-8133-7bb4682228e1,3,6,0.266841,0
eb17fa36-89f2-4d0b-8133-7bb4682228e1,3,7,0.018567,0
eb17fa36-89f2-4d0b-8133-7bb4682228e1,3,8,0.012446,0
eb17fa36-89f2-4d0b-8133-7bb4682228e1,3,9,0.072002,0
eb17fa36-89f2-4d0b-8133-7bb4682228e1,3,10,0.051540,0
eb17fa36-89f2-4d0b-8133-7bb4682228e1,3,11,0.335344,0
eb17fa36-89f2-4d0b-8133-7bb4682228e1,3,12,0.276642,0
eb17fa36-89f2-4d0b-8133-7bb4682228e1,3,13,0.017724,0
eb17fa36-89f2-4d0b-8133-7bb4682228e1,3,14,0.015913,0
eb17fa36-89f2-4d0b-8133-7bb4682228e1,3,15,0.019951,0
eb17fa36-89f2-4d0b-8133-7bb4682228e1,3,16,0.018183,0
eb17fa36-89f2-4d0b-8133-7bb4682228e1,3,17,0.048335,0
f688c56d-7fae-42ef-b7f7-7db207b58d27,1,0,0.031965,0
f688c56d-7fae-42ef-b7f7-7db207b58d27,1,1,0.660852,1
f688c56d-7fae-42ef-b7f7-7db207b58d27,1,2,0.029794,0
f688c56d-7fae-42ef-b7f7-7db207b58d27,1,3,0.965837,1
f688c56d-7fae-42ef-b7f7-7db207b58d27,1,4,0.333000,0
f688c56d-7fae-42ef-b7f7-7db207b58d27,1,5,0.970428,1
f688c56d-7fae-42ef-b7f7-7db207b58d27,1,6,0.023133,0
f688c56d-7fae-42ef-b7f7-7db207b58d27,1,7,0.150563,0
f688c56d-7fae-42ef-b7f7-7db207b58d27,1,8,0.084989,0
f688c56d-7fae-42ef-b7f7-7db207b58d27,1,9,0.027501,0
f688c56d-7fae-42ef-b7f7-7db207b58d27,1,10,0.177889,0
f688c56d-7fae-42ef-b7f7-7db207b58d27,1,11,0.069635,0
f688c56d-7fae-42ef-b7f7-7db207b58d27,1,12,0.168102,0
f688c56d-7fae-42ef-b7f7-7db207b58d27,1,13,0.047531,0
f688c56d-7fae-42ef-b7f7-7db207b58d27,1,14,0.057420,0
f688c56d-7fae-42ef-b7f7-7db207b58d27,1,15,0.026831,0
f688c56d-7fae-42ef-b7f7-7db207b58d27,1,16,0.295063,0
f688c56d-7fae-42ef-b7f7-7db207b58d27,1,17,0.023884,0
f688c56d-7fae-42ef-b7f7-7db207b58d27,1,18,0.640532,1
f688c56d-7fae-42ef-b7f7-7db207b58d27,1,19,0.016773,0
f688c56d-7fae-42ef-b7f7-7db207b58d27,1,20,0.021605,0
f688c56d-7fae-42ef-b7f7-7db207b58d27,1,21,0.166272,0
f688c56d-7fae-42ef-b7f7-7db207b58d27,1,22,0.032130,0
f688c56d-7fae-42ef-b7f7-7db207b58d27,1,23,0.839981,1
f688c56d-7fae-42ef-b7f7-7db207b58d27,1,24,0.020277,0
f688c56d-7fae-42ef-b7f7-7db207b58d27,1,25,0.024608,0
f688c56d-7fae-42ef-b7f7-7db207b58d27,1,26,0.035890,0
f688c56d-7fae-42ef-b7f7-7db207b58d27,2,0,0.988588,1
f688c56d-7fae-42ef-b7f7-7db207b58d27,2,1,0.306161,0
f688c56d-7fae-42ef-b7f7-7db207b58d27,2,2,0.181395,0
f688c56d-7fae-42ef-b7f7-7db207b58d27,2,3,0.017808,0
f688c56d-7fae-42ef-b7f7-7db207b58d27,2,4,0.102070,0
f688c56d-7fae-42ef-b7f7-7db207b58d27,2,5,0.019885,0
f688c56d-7fae-42ef-b7f7-7db207b58d27,2,6,0.015807,0
f688c56d-7fae-42ef-b7f7-7db207b58d27,2,7,0.063003,0
f688c56d-7fae-42ef-b7f7-7db207b58d27,2,8,0.830109,1
f688c56d-7fae-42ef-b7f7-7db207b58d27,2,9,0.069557,0
f688c56d-7fae-42ef-b7f7-7db207b58d27,2,10,0.264111,0
f688c56d-7fae-42ef-b7f7-7db207b58d27,2,11,0.020893,0
f688c56d-7fae-42ef-b7f7-7db207b58d27,2,12,0.277830,0
f688c56d-7fae-42ef-b7f7-7db207b58d27,2,13,0.902952,1
f688c56d-7fae-42ef-b7f7-7db207b58d27,2,14,0.631585,1
f688c56d-7fae-42ef-b7f7-7db207b58d27,2,15,0.019979,0
f688c56d-7fae-42ef-b7f7-7db207b58d27,2,16,0.230930,0
f688c56d-7fae-42ef-b7f7-7db207b58d27,2,17,0.051626,0
f688c56d-7fae-42ef-b7f7-7db207b58d27,2,18,0.013848,0
f688c56d-7fae-42ef-b7f7-7db207b58d27,2,19,0.024036,0
f688c56d-7fae-42ef-b7f7-7db207b58d27,2,20,0.023260,0
f688c56d-7fae-42ef-b7f7-7db207b58d27,2,21,0.014835,0
f688c56d-7fae-42ef-b7f7-7db207b58d27,2,22,0.064815,0
f688c56d-7fae-42ef-b7f7-7db207b58d27,2,23,0.022513,0
f688c56d-7fae-42ef-b7f7-7db207b58d27,2,24,0.500626,1
f688c56d-7fae-42ef-b7f7-7db207b58d27,2,25,0.076567,0
f688c56d-7fae-42ef-b7f7-7db207b58d27,2,26,0.122873,0
f688c56d-7fae-42ef-b7f7-7db207b58d27,2,27,0.040031,0
f688c56d-7fae-42ef-b7f7-7db207b58d27,2,28,0.020821,0
f688c56d-7fae-42ef-b7f7-7db207b58d27,2,29,0.036996,0
f688c56d-7fae-42ef-b7f7-7db207b58d27,2,30,0.421497,0
f688c56d-7fae-42ef-b7f7-7db207b58d27,2,31,0.108404,0
f688c56d-7fae-42ef-b7f7-7db207b58d27,2,32,0.037041,0
f688c56d-7fae-42ef-b7f7-7db207b58d27,2,33,0.129526,0
f688c56d-7fae-42ef-b7f7-7db207b58d27,2,34,0.355121,0
f688c56d-7fae-42ef-b7f7-7db207b58d27,2,35,0.017314,0
f688c56d-7fae-42ef-b7f7-7db207b58d27,2,36,0.016620,0
f688c56d-7fae-42ef-b7f7-7db207b58d27,2,37,0.952470,1
f688c56d-7fae-42ef-b7f7-7db207b58d27,2,38,0.022366,0
f688c56d-7fae-42ef-b7f7-7db207b58d27,2,39,0.024138,0
f688c56d-7fae-42ef-b7f7-7db207b58d27,2,40,0.014191,0
f688c56d-7fae-42ef-b7f7-7db207b58d27,2,41,0.095525,0
f688c56d-7fae-42ef-b7f7-7db207b58d27,3,0,0.039251,0
f688c56d-7fae-42ef-b7f7-7db207b58d27,3,1,0.019354,0
f688c56d-7fae-42ef-b7f7-7db207b58d27,3,2,0.077424,0
f688c56d-7fae-42ef-b7f7-7db207b58d27,3,3,0.058520,0
f688c56d-7fae-42ef-b7f7-7db207b58d27,3,4,0.023508,0
f688c56d-7fae-42ef-b7f7-7db207b58d27,3,5,0.070679,0
f688c56d-7fae-42ef-b7f7-7db207b58d27,3,6,0.078251,0
f688c56d-7fae-42ef-b7f7-7db207b58d27,3,7,0.983251,1
f688c56d-7fae-42ef-b7f7-7db207b58d27,3,8,0.011517,0
f688c56d-7fae-42ef-b7f7-7db207b58d27,3,9,0.948006,1
f688c56d-7fae-42ef-b7f7-7db207b58d27,3,10,0.030834,0
f688c56d-7fae-42ef-b7f7-7db207b58d27,3,11,0.981083,1
f688c56d-7fae-42ef-b7f7-7db207b58d27,3,12,0.881847,1
f688c56d-7fae-42ef-b7f7-7db207b58d27,3,13,0.168037,0
f688c56d-7fae-42ef-b7f7-7db207b58d27,3,14,0.015937,0
f688c56d-7fae-42ef-b7f7-7db207b58d27,3,15,0.020309,0
f688c56d-7fae-42ef-b7f7-7db207b58d27,3,16,0.990813,1
f688c56d-7fae-42ef-b7f7-7db207b58d27,3,17,0.569770,1
f688c56d-7fae-42ef-b7f7-7db207b58d27,3,18,0.015369,0
f688c56d-7fae-42ef-b7f7-7db207b58d27,3,19,0.068065,0
f688c56d-7fae-42ef-b7f7-7db207b58d27,3,20,0.019395,0
f688c56d-7fae-42ef-b7f7-7db207b58d27,3,21,0.046579,0
f688c56d-7fae-42ef-b7f7-7db207b58d27,3,22,0.015823,0
f688c56d-7fae-42ef-b7f7-7db207b58d27,3,23,0.015972,0
f688c56d-7fae-42ef-b7f7-7db207b58d27,3,24,0.034683,0
f688c56d-7fae-42ef-b7f7-7db207b58d27,3,25,0.112400,0
f688c56d-7fae-42ef-b7f7-7db207b58d27,3,26,0.021987,0
f688c56d-7fae-42ef-b7f7-7db207b58d27,3,27,0.075667,0
f688c56d-7fae-42ef-b7f7-7db207b58d27,3,28,0.056750,0
f688c56d-7fae-42ef-b7f7-7db207b58d27,3,29,0.222070,0
f688c56d-7fae-42ef-b7f7-7db207b58d27,3,30,0.987375,1
f688c56d-7fae-42ef-b7f7-7db207b58d27,3,31,0.013753,0
0d10341a-9dba-4374-a524-814c300d1611,1,0,0.187372,0
0d10341a-9dba-4374-a524-814c300d1611,1,1,0.037757,0
0d10341a-9dba-4374-a524-814c300d1611,1,2,0.015200,0
0d10341a-9dba-4374-a524-814c300d1611,1,3,0.363367,0
0d10341a-9dba-4374-a524-814c300d1611,1,4,0.071880,0
0d10341a-9dba-4374-a524-814c300d1611,1,5,0.017753,0
0d10341a-9dba-4374-a524-814c300d1611,1,6,0.075259,0
0d10341a-9dba-4374-a524-814c300d1611,1,7,0.815541,1
0d10341a-9dba-4374-a524-814c300d1611,1,8,0.026825,0
0d10341a-9dba-4374-a524-814c300d1611,1,9,0.047973,0
0d10341a-9dba-4374-a524-814c300d1611,1,10,0.012394,0
0d10341a-9dba-4374-a524-814c300d1611,1,11,0.014793,0
0d10341a-9dba-4374-a524-814c300d1611,1,12,0.016303,0
0d10341a-9dba-4374-a524-814c300d1611,1,13,0.018116,0
0d10341a-9dba-4374-a524-814c300d1611,1,14,0.010705,0
0d10341a-9dba-4374-a524-814c300d1611,1,15,0.020206,0
0d10341a-9dba-4374-a524-814c300d1611,1,16,0.024122,0
0d10341a-9dba-4374-a524-814c300d1611,1,17,0.023517,0
0d10341a-9dba-4374-a524-814c300d1611,1,18,0.027450,0
0d10341a-9dba-4374-a524-814c300d1611,1,19,0.035689,0
0d10341a-9dba-4374-a524-814c300d1611,1,20,0.023175,0
0d10341a-9dba-4374-a524-814c300d1611,1,21,0.022441,0
0d10341a-9dba-4374-a524-814c300d1611,1,22,0.065845,0
0d10341a-9dba-4374-a524-814c300d1611,1,23,0.120216,0
0d10341a-9dba-4374-a524-814c300d1611,1,24,0.014876,0
0d10341a-9dba-4374-a524-814c300d1611,1,25,0.965674,1
0d10341a-9dba-4374-a524-814c300d1611,1,26,0.047838,0
0d10341a-9dba-4374-a524-814c300d1611,1,27,0.029741,0
0d10341a-9dba-4374-a524-814c300d1611,1,28,0.557454,1
0d10341a-9dba-4374-a524-814c300d1611,1,29,0.038902,0
0d10341a-9dba-4374-a524-814c300d1611,1,30,0.018232,0
0d10341a-9dba-4374-a524-814c300d1611,1,31,0.212846,0
0d10341a-9dba-4374-a524-814c300d1611,1,32,0.435203,0
0d10341a-9dba-4374-a524-814c300d1611,1,33,0.024906,0
0d10341a-9dba-4374-a524-814c300d1611,1,34,0.120678,0
0d10341a-9dba-4374-a524-814c300d1611,1,35,0.191714,0
0d10341a-9dba-4374-a524-814c300d1611,1,36,0.190940,0
0d10341a-9dba-4374-a524-814c300d1611,1,37,0.028843,0
0d10341a-9dba-4374-a524-814c300d1611,2,0,0.208378,0
0d10341a-9dba-4374-a524-814c300d1611,2,1,0.128151,0
0d10341a-9dba-4374-a524-814c300d1611,2,2,0.017646,0
0d10341a-9dba-4374-a524-814c300d1611,2,3,0.012984,0
0d10341a-9dba-4374-a524-814c300d1611,2,4,0.022004,0
0d10341a-9dba-4374-a524-814c300d1611,2,5,0.245783,0
0d10341a-9dba-4374-a524-814c300d1611,2,6,0.029224,0
0d10341a-9dba-4374-a524-814c300d1611,2,7,0.017780,0
0d10341a-9dba-4374-a524-814c300d1611,2,8,0.122469,0
0d10341a-9dba-4374-a524-814c300d1611,2,9,0.906995,1
0d10341a-9dba-4374-a524-814c300d1611,2,10,0.742071,1
0d10341a-9dba-4374-a524-814c300d1611,2,11,0.028768,0
0d10341a-9dba-4374-a524-814c300d1611,2,12,0.032655,0
0d10341a-9dba-4374-a524-814c300d1611,2,13,0.027842,0
0d10341a-9dba-4374-a524-814c300d1611,2,14,0.018699,0
0d10341a-9dba-4374-a524-814c300d1611,2,15,0.876200,1
0d10341a-9dba-4374-a524-814c300d1611,2,16,0.022740,0
0d10341a-9dba-4374-a524-814c300d1611,2,17,0.023084,0
0d10341a-9dba-4374-a524-814c300d1611,2,18,0.022765,0
0d10341a-9dba-4374-a524-814c300d1611,2,19,0.032360,0
0d10341a-9dba-4374-a524-814c300d1611,2,20,0.101916,0
0d10341a-9dba-4374-a524-814c300d1611,2,21,0.119168,0
0d10341a-9dba-4374-a524-814c300d1611,2,22,0.012700,0
0d10341a-9dba-4374-a524-814c300d1611,2,23,0.019695,0
0d10341a-9dba-4374-a524-814c300d1611,2,24,0.021900,0
0d10341a-9dba-4374-a524-814c300d1611,2,25,0.096296,0
0d10341a-9dba-4374-a524-814c300d1611,2,26,0.191920,0
0d10341a-9dba-4374-a524-814c300d1611,2,27,0.023016,0
0d10341a-9dba-4374-a524-814c300d1611,2,28,0.027947,0
0d10341a-9dba-4374-a524-814c300d1611,2,29,0.061424,0
0d10341a-9dba-4374-a524-814c300d1611,2,30,0.017257,0
0d10341a-9dba-4374-a524-814c300d1611,2,31,0.212639,0
0d10341a-9dba-4374-a524-814c300d1611,2,32,0.023367,0
0d10341a-9dba-4374-a524-814c300d1611,2,33,0.030837,0
0d10341a-9dba-4374-a524-814c300d1611,2,34,0.018503,0
0d10341a-9dba-4374-a524-814c300d1611,2,35,0.638678,1
0d10341a-9dba-4374-a524-814c300d1611,2,36,0.586914,1
0d10341a-9dba-4374-a524-814c300d1611,2,37,0.031087,0
0d10341a-9dba-4374-a524-814c300d1611,2,38,0.041290,0
0d10341a-9dba-4374-a524-814c300d1611,2,39,0.022286,0
0d10341a-9dba-4374-a524-814c300d1611,2,40,0.915845,1
0d10341a-9dba-4374-a524-814c300d1611,2,41,0.369772,0
0d10341a-9dba-4374-a524-814c300d1611,2,42,0.349323,0
0d10341a-9dba-4374-a524-814c300d1611,2,43,0.776907,1
0d10341a-9dba-4374-a524-814c300d1611,2,44,0.183051,0
0d10341a-9dba-4374-a524-814c300d1611,2,45,0.922789,1
0d10341a-9dba-4374-a524-814c300d1611,2,46,0.015221,0
0d10341a-9dba-4374-a524-814c300d1611,2,47,0.939155,1
0d10341a-9dba-4374-a524-814c300d1611,2,48,0.083233,0
0d10341a-9dba-4374-a524-814c300d1611,2,49,0.030880,0
0d10341a-9dba-4374-a524-814c300d1611,2,50,0.372023,0
0d10341a-9dba-4374-a524-814c300d1611,2,51,0.974413,1
0d10341a-9dba-4374-a524-814c300d1611,2,52,0.014008,0
0d10341a-9dba-4374-a524-814c300d1611,2,53,0.011854,0
0d10341a-9dba-4374-a524-814c300d1611,2,54,0.052249,0
0d10341a-9dba-4374-a524-814c300d1611,3,0,0.180464,0
0d10341a-9dba-4374-a524-814c300d1611,3,1,0.054514,0
0d10341a-9dba-4374-a524-814c300d1611,3,2,0.028865,0
0d10341a-9dba-4374-a524-814c300d1611,3,3,0.031632,0
0d10341a-9dba-4374-a524-814c300d1611,3,4,0.018323,0
0d10341a-9dba-4374-a524-814c300d1611,3,5,0.015839,0
0d10341a-9dba-4374-a524-814c300d1611,3,6,0.062776,0
0d10341a-9dba-4374-a524-814c300d1611,3,7,0.205309,0
0d10341a-9dba-4374-a524-814c300d1611,3,8,0.031795,0
0d10341a-9dba-4374-a524-814c300d1611,3,9,0.018109,0
0d10341a-9dba-4374-a524-814c300d1611,3,10,0.974600,1
0d10341a-9dba-4374-a524-814c300d1611,3,11,0.749230,1
0d10341a-9dba-4374-a524-814c300d1611,3,12,0.125023,0
0d10341a-9dba-4374-a524-814c300d1611,3,13,0.017091,0
0d10341a-9dba-4374-a524-814c300d1611,3,14,0.056025,0
0d10341a-9dba-4374-a524-814c300d1611,3,15,0.024244,0
0d10341a-9dba-4374-a524-814c300d1611,3,16,0.026207,0
0d10341a-9dba-4374-a524-814c300d1611,3,17,0.028634,0
0d10341a-9dba-4374-a524-814c300d1611,3,18,0.978495,1
0d10341a-9dba-4374-a524-814c300d1611,3,19,0.991411,1
0d10341a-9dba-4374-a524-814c300d1611,3,20,0.018360,0
0d10341a-9dba-4374-a524-814c300d1611,3,21,0.897255,1
0d10341a-9dba-4374-a524-814c300d1611,3,22,0.025948,0
0d10341a-9dba-4374-a524-814c300d1611,3,23,0.474516,0
0d10341a-9dba-4374-a524-814c300d1611,3,24,0.048841,0
0d10341a-9dba-4374-a524-814c300d1611,3,25,0.027171,0
0d10341a-9dba-4374-a524-814c300d1611,3,26,0.948073,1
0d10341a-9dba-4374-a524-814c300d1611,3,27,0.275833,0
0d10341a-9dba-4374-a524-814c300d1611,3,28,0.012400,0
0d10341a-9dba-4374-a524-814c300d1611,3,29,0.061346,0
1e41e98b-9ac1-441d-b2c2-19d8f730c74a,1,0,0.043510,0
1e41e98b-9ac1-441d-b2c2-19d8f730c74a,1,1,0.018249,0
1e41e98b-9ac1-441d-b2c2-19d8f730c74a,1,2,0.013420,0
1e41e98b-9ac1-441d-b2c2-19d8f730c74a,1,3,0.021802,0
1e41e98b-9ac1-441d-b2c2-19d8f730c74a,1,4,0.014034,0
1e41e98b-9ac1-441d-b2c2-19d8f730c74a,1,5,0.014526,0
1e41e98b-9ac1-441d-b2c2-19d8f730c74a,1,6,0.033549,0
1e41e98b-9ac1-441d-b2c2-19d8f730c74a,1,7,0.038702,0
1e41e98b-9ac1-441d-b2c2-19d8f730c74a,1,8,0.838088,1
1e41e98b-9ac1-441d-b2c2-19d8f730c74a,1,9,0.017537,0
1e41e98b-9ac1-441d-b2c2-19d8f730c74a,1,10,0.032505,0
1e41e98b-9ac1-441d-b2c2-19d8f730c74a,1,11,0.016983,0
1e41e98b-9ac1-441d-b2c2-19d8f730c74a,1,12,0.018257,0
1e41e98b-9ac1-441d-b2c2-19d8f730c74a,1,13,0.023239,0
1e41e98b-9ac1-441d-b2c2-19d8f730c74a,1,14,0.022141,0
1e41e98b-9ac1-441d-b2c2-19d8f730c74a,1,15,0.016087,0
1e41e98b-9ac1-441d-b2c2-19d8f730c74a,1,16,0.017995,0
1e41e98b-9ac1-441d-b2c2-19d8f730c74a,1,17,0.036515,0
1e41e98b-9ac1-441d-b2c2-19d8f730c74a,1,18,0.116649,0
1e41e98b-9ac1-441d-b2c2-19d8f730c74a,1,19,0.304625,0
1e41e98b-9ac1-441d-b2c2-19d8f730c74a,1,20,0.026879,0
1e41e98b-9ac1-441d-b2c2-19d8f730c74a,1,21,0.021176,0
1e41e98b-9ac1-441d-b2c2-19d8f730c74a,1,22,0.064629,0
1e41e98b-9ac1-441d-b2c2-19d8f730c74a,1,23,0.131016,0
1e41e98b-9ac1-441d-b2c2-19d8f730c74a,2,0,0.037630,0
1e41e98b-9ac1-441d-b2c2-19d8f730c74a,2,1,0.066151,0
1e41e98b-9ac1-441d-b2c2-19d8f730c74a,2,2,0.018002,0
1e41e98b-9ac1-441d-b2c2-19d8f730c74a,2,3,0.126157,0
1e41e98b-9ac1-441d-b2c2-19d8f730c74a,2,4,0.099423,0
1e41e98b-9ac1-441d-b2c2-19d8f730c74a,2,5,0.048972,0
1e41e98b-9ac1-441d-b2c2-19d8f730c74a,2,6,0.045837,0
1e41e98b-9ac1-441d-b2c2-19d8f730c74a,2,7,0.410811,0
1e41e98b-9ac1-441d-b2c2-19d8f730c74a,2,8,0.217823,0
1e41e98b-9ac1-441d-b2c2-19d8f730c74a,2,9,0.990967,1
1e41e98b-9ac1-441d-b2c2-19d8f730c74a,2,10,0.987141,1
1e41e98b-9ac1-441d-b2c2-19d8f730c74a,2,11,0.988113,1
1e41e98b-9ac1-441d-b2c2-19d8f730c74a,2,12,0.883799,1
1e41e98b-9ac1-441d-b2c2-19d8f730c74a,2,13,0.081384,0
1e41e98b-9ac1-441d-b2c2-19d8f730c74a,2,14,0.862209,1
1e41e98b-9ac1-441d-b2c2-19d8f730c74a,2,15,0.012629,0
1e41e98b-9ac1-441d-b2c2-19d8f730c74a,2,16,0.016451,0
1e41e98b-9ac1-441d-b2c2-19d8f730c74a,2,17,0.032824,0
1e41e98b-9ac1-441d-b2c2-19d8f730c74a,2,18,0.079593,0
1e41e98b-9ac1-441d-b2c2-19d8f730c74a,2,19,0.969260,1
1e41e98b-9ac1-441d-b2c2-19d8f730c74a,2,20,0.532277,1
1e41e98b-9ac1-441d-b2c2-19d8f730c74a,2,21,0.018837,0
1e41e98b-9ac1-441d-b2c2-19d8f730c74a,2,22,0.024207,0
1e41e98b-9ac1-441d-b2c2-19d8f730c74a,2,23,0.019667,0
1e41e98b-9ac1-441d-b2c2-19d8f730c74a,2,24,0.012711,0
1e41e98b-9ac1-441d-b2c2-19d8f730c74a,2,25,0.019729,0
1e41e98b-9ac1-441d-b2c2-19d8f730c74a,2,26,0.017429,0
1e41e98b-9ac1-441d-b2c2-19d8f730c74a,2,27,0.034076,0
1e41e98b-9ac1-441d-b2c2-19d8f730c74a,2,28,0.017627,0
1e41e98b-9ac1-441d-b2c2-19d8f730c74a,2,29,0.024569,0
1e41e98b-9ac1-441d-b2c2-19d8f730c74a,2,30,0.014489,0
1e41e98b-9ac1-441d-b2c2-19d8f730c74a,2,31,0.015082,0
1e41e98b-9ac1-441d-b2c2-19d8f730c74a,2,32,0.020720,0
1e41e98b-9ac1-441d-b2c2-19d8f730c74a,2,33,0.438264,0
1e41e98b-9ac1-441d-b2c2-19d8f730c74a,2,34,0.793753,1
1e41e98b-9ac1-441d-b2c2-19d8f730c74a,2,35,0.010995,0
1e41e98b-9ac1-441d-b2c2-19d8f730c74a,2,36,0.039681,0
1e41e98b-9ac1-441d-b2c2-19d8f730c74a,2,37,0.013241,0
1e41e98b-9ac1-441d-b2c2-19d8f730c74a,2,38,0.979854,1
1e41e98b-9ac1-441d-b2c2-19d8f730c74a,2,39,0.017011,0
1e41e98b-9ac1-441d-b2c2-19d8f730c74a,2,40,0.069675,0
1e41e98b-9ac1-441d-b2c2-19d8f730c74a,2,41,0.056228,0
1e41e98b-9ac1-441d-b2c2-19d8f730c74a,2,42,0.025604,0
1e41e98b-9ac1-441d-b2c2-19d8f730c74a,2,43,0.040544,0
1e41e98b-9ac1-441d-b2c2-19d8f730c74a,2,44,0.014701,0
1e41e98b-9ac1-441d-b2c2-19d8f730c74a,2,45,0.024492,0
1e41e98b-9ac1-441d-b2c2-19d8f730c74a,2,46,0.040857,0
1e41e98b-9ac1-441d-b2c2-19d8f730c74a,2,47,0.023131,0
1e41e98b-9ac1-441d-b2c2-19d8f730c74a,2,48,0.037791,0
1e41e98b-9ac1-441d-b2c2-19d8f730c74a,2,49,0.066017,0
1e41e98b-9ac1-441d-b2c2-19d8f730c74a,2,50,0.036893,0
1e41e98b-9ac1-441d-b2c2-19d8f730c74a,2,51,0.025830,0
1e41e98b-9ac1-441d-b2c2-19d8f730c74a,2,52,0.018622,0
1e41e98b-9ac1-441d-b2c2-19d8f730c74a,2,53,0.684343,1
1e41e98b-9ac1-441d-b2c2-19d8f730c74a,2,54,0.379051,0
1e41e98b-9ac1-441d-b2c2-19d8f730c74a,2,55,0.964685,1
1e41e98b-9ac1-441d-b2c2-19d8f730c74a,2,56,0.041977,0
1e41e98b-9ac1-441d-b2c2-19d8f730c74a,2,57,0.041921,0
1e41e98b-9ac1-441d-b2c2-19d8f730c74a,2,58,0.552858,1
1e41e98b-9ac1-441d-b2c2-19d8f730c74a,2,59,0.011961,0
1e41e98b-9ac1-441d-b2c2-19d8f730c74a,2,60,0.038496,0
1e41e98b-9ac1-441d-b2c2-19d8f730c74a,3,0,0.145146,0
1e41e98b-9ac1-441d-b2c2-19d8f730c74a,3,1,0.020088,0
1e41e98b-9ac1-441d-b2c2-19d8f730c74a,3,2,0.010666,0
1e41e98b-9ac1-441d-b2c2-19d8f730c74a,3,3,0.016713,0
1e41e98b-9ac1-441d-b2c2-19d8f730c74a,3,4,0.599052,1
1e41e98b-9ac1-441d-b2c2-19d8f730c74a,3,5,0.132479,0
1e41e98b-9ac1-441d-b2c2-19d8f730c74a,3,6,0.358624,0
1e41e98b-9ac1-441d-b2c2-19d8f730c74a,3,7,0.113712,0
1e41e98b-9ac1-441d-b2c2-19d8f730c74a,3,8,0.095367,0
1e41e98b-9ac1-441d-b2c2-19d8f730c74a,3,9,0.013662,0
1e41e98b-9ac1-441d-b2c2-19d8f730c74a,3,10,0.021521,0
1e41e98b-9ac1-441d-b2c2-19d8f730c74a,3,11,0.015205,0
1e41e98b-9ac1-441d-b2c2-19d8f730c74a,3,12,0.030479,0
1e41e98b-9ac1-441d-b2c2-19d8f730c74a,3,13,0.073662,0
1e41e98b-9ac1-441d-b2c2-19d8f730c74a,3,14,0.592974,1
1e41e98b-9ac1-441d-b2c2-19d8f730c74a,3,15,0.015496,0
2f3e86b6-8443-47bd-9cd3-491c90a59fe9,1,0,0.017542,0
2f3e86b6-8443-47bd-9cd3-491c90a59fe9,1,1,0.054634,0
2f3e86b6-8443-47bd-9cd3-491c90a59fe9,1,2,0.836803,1
2f3e86b6-8443-47bd-9cd3-491c90a59fe9,1,3,0.024228,0
2f3e86b6-8443-47bd-9cd3-491c90a59fe9,1,4,0.087824,0
2f3e86b6-8443-47bd-9cd3-491c90a59fe9,1,5,0.078624,0
2f3e86b6-8443-47bd-9cd3-491c90a59fe9,1,6,0.026770,0
2f3e86b6-8443-47bd-9cd3-491c90a59fe9,1,7,0.221249,0
2f3e86b6-8443-47bd-9cd3-491c90a59fe9,1,8,0.043779,0
2f3e86b6-8443-47bd-9cd3-491c90a59fe9,1,9,0.044476,0
2f3e86b6-8443-47bd-9cd3-491c90a59fe9,1,10,0.438533,0
2f3e86b6-8443-47bd-9cd3-491c90a59fe9,1,11,0.096463,0
2f3e86b6-8443-47bd-9cd3-491c90a59fe9,1,12,0.499776,0
2f3e86b6-8443-47bd-9cd3-491c90a59fe9,1,13,0.042585,0
2f3e86b6-8443-47bd-9cd3-491c90a59fe9,1,14,0.247958,0
2f3e86b6-8443-47bd-9cd3-491c90a59fe9,1,15,0.042639,0
2f3e86b6-8443-47bd-9cd3-491c90a59fe9,1,16,0.919512,1
2f3e86b6-8443-47bd-9cd3-491c90a59fe9,1,17,0.401717,0
2f3e86b6-8443-47bd-9cd3-491c90a59fe9,1,18,0.019477,0
2f3e86b6-8443-47bd-9cd3-491c90a59fe9,1,19,0.051325,0
2f3e86b6-8443-47bd-9cd3-491c90a59fe9,1,20,0.089398,0
2f3e86b6-8443-47bd-9cd3-491c90a59fe9,1,21,0.017532,0
2f3e86b6-8443-47bd-9cd3-491c90a59fe9,1,22,0.111881,0
2f3e86b6-8443-47bd-9cd3-491c90a59fe9,1,23,0.043194,0
2f3e86b6-8443-47bd-9cd3-491c90a59fe9,1,24,0.040708,0
2f3e86b6-8443-47bd-9cd3-491c90a59fe9,1,25,0.017830,0
2f3e86b6-8443-47bd-9cd3-491c90a59fe9,1,26,0.017556,0
2f3e86b6-8443-47bd-9cd3-491c90a59fe9,1,27,0.023424,0
2f3e86b6-8443-47bd-9cd3-491c90a59fe9,2,0,0.015186,0
2f3e86b6-8443-47bd-9cd3-491c90a59fe9,2,1,0.101143,0
2f3e86b6-8443-47bd-9cd3-491c90a59fe9,2,2,0.011872,0
2f3e86b6-8443-47bd-9cd3-491c90a59fe9,2,3,0.017298,0
2f3e86b6-8443-47bd-9cd3-491c90a59fe9,2,4,0.018592,0
2f3e86b6-8443-47bd-9cd3-491c90a59fe9,2,5,0.027588,0
2f3e86b6-8443-47bd-9cd3-491c90a59fe9,2,6,0.037405,0
2f3e86b6-8443-47bd-9cd3-491c90a59fe9,2,7,0.046513,0
2f3e86b6-8443-47bd-9cd3-491c90a59fe9,2,8,0.017472,0
2f3e86b6-8443-47bd-9cd3-491c90a59fe9,2,9,0.042566,0
2f3e86b6-8443-47bd-9cd3-491c90a59fe9,2,10,0.669132,1
2f3e86b6-8443-47bd-9cd3-491c90a59fe9,2,11,0.211276,0
2f3e86b6-8443-47bd-9cd3-491c90a59fe9,2,12,0.193073,0
2f3e86b6-8443-47bd-9cd3-491c90a59fe9,2,13,0.058741,0
2f3e86b6-8443-47bd-9cd3-491c90a59fe9,2,14,0.821603,1
2f3e86b6-8443-47bd-9cd3-491c90a59fe9,2,15,0.119651,0
2f3e86b6-8443-47bd-9cd3-491c90a59fe9,2,16,0.023926,0
2f3e86b6-8443-47bd-9cd3-491c90a59fe9,2,17,0.129186,0
2f3e86b6-8443-47bd-9cd3-491c90a59fe9,2,18,0.014850,0
2f3e86b6-8443-47bd-9cd3-491c90a59fe9,3,0,0.049706,0
2f3e86b6-8443-47bd-9cd3-491c90a59fe9,3,1,0.127371,0
2f3e86b6-8443-47bd-9cd3-491c90a59fe9,3,2,0.014421,0
2f3e86b6-8443-47bd-9cd3-491c90a59fe9,3,3,0.134919,0
2f3e86b6-8443-47bd-9cd3-491c90a59fe9,3,4,0.170453,0
2f3e86b6-8443-47bd-9cd3-491c90a59fe9,3,5,0.084807,0
2f3e86b6-8443-47bd-9cd3-491c90a59fe9,3,6,0.020214,0
2f3e86b6-8443-47bd-9cd3-491c90a59fe9,3,7,0.977312,1
2f3e86b6-8443-47bd-9cd3-491c90a59fe9,3,8,0.050331,0
2f3e86b6-8443-47bd-9cd3-491c90a59fe9,3,9,0.022702,0
2f3e86b6-8443-47bd-9cd3-491c90a59fe9,3,10,0.471674,0
2f3e86b6-8443-47bd-9cd3-491c90a59fe9,3,11,0.075992,0
2f3e86b6-8443-47bd-9cd3-491c90a59fe9,3,12,0.015549,0
2f3e86b6-8443-47bd-9cd3-491c90a59fe9,3,13,0.016081,0
2f3e86b6-8443-47bd-9cd3-491c90a59fe9,3,14,0.075513,0
2f3e86b6-8443-47bd-9cd3-491c90a59fe9,3,15,0.039817,0
2f3e86b6-8443-47bd-9cd3-491c90a59fe9,3,16,0.013579,0
2f3e86b6-8443-47bd-9cd3-491c90a59fe9,3,17,0.982309,1
2f3e86b6-8443-47bd-9cd3-491c90a59fe9,3,18,0.019226,0
2f3e86b6-8443-47bd-9cd3-491c90a59fe9,3,19,0.054162,0
2f3e86b6-8443-47bd-9cd3-491c90a59fe9,3,20,0.011831,0
2f3e86b6-8443-47bd-9cd3-491c90a59fe9,3,21,0.017176,0
2f3e86b6-8443-47bd-9cd3-491c90a59fe9,3,22,0.025161,0
2f3e86b6-8443-47bd-9cd3-491c90a59fe9,3,23,0.025481,0
2f3e86b6-8443-47bd-9cd3-491c90a59fe9,3,24,0.979692,1
2f3e86b6-8443-47bd-9cd3-491c90a59fe9,3,25,0.985658,1
2f3e86b6-8443-47bd-9cd3-491c90a59fe9,3,26,0.254346,0
3ae35b16-7f7f-4a5e-9f24-5ce724106a73,1,0,0.580163,1
3ae35b16-7f7f-4a5e-9f24-5ce724106a73,1,1,0.334193,0
3ae35b16-7f7f-4a5e-9f24-5ce724106a73,1,2,0.015323,0
3ae35b16-7f7f-4a5e-9f24-5ce724106a73,1,3,0.061954,0
3ae35b16-7f7f-4a5e-9f24-5ce724106a73,1,4,0.046327,0
3ae35b16-7f7f-4a5e-9f24-5ce724106a73,1,5,0.023554,0
3ae35b16-7f7f-4a5e-9f24-5ce724106a73,1,6,0.295960,0
3ae35b16-7f7f-4a5e-9f24-5ce724106a73,1,7,0.980426,1
3ae35b16-7f7f-4a5e-9f24-5ce724106a73,1,8,0.041996,0
3ae35b16-7f7f-4a5e-9f24-5ce724106a73,1,9,0.170594,0
3ae35b16-7f7f-4a5e-9f24-5ce724106a73,1,10,0.011483,0
3ae35b16-7f7f-4a5e-9f24-5ce724106a73,1,11,0.019492,0
3ae35b16-7f7f-4a5e-9f24-5ce724106a73,1,12,0.030134,0
3ae35b16-7f7f-4a5e-9f24-5ce724106a73,1,13,0.016664,0
3ae35b16-7f7f-4a5e-9f24-5ce724106a73,1,14,0.013585,0
3ae35b16-7f7f-4a5e-9f24-5ce724106a73,1,15,0.012489,0
3ae35b16-7f7f-4a5e-9f24-5ce724106a73,1,16,0.015712,0
3ae35b16-7f7f-4a5e-9f24-5ce724106a73,1,17,0.058250,0
3ae35b16-7f7f-4a5e-9f24-5ce724106a73,1,18,0.012949,0
3ae35b16-7f7f-4a5e-9f24-5ce724106a73,1,19,0.014592,0
3ae35b16-7f7f-4a5e-9f24-5ce724106a73,1,20,0.015891,0
3ae35b16-7f7f-4a5e-9f24-5ce724106a73,1,21,0.037271,0
3ae35b16-7f7f-4a5e-9f24-5ce724106a73,1,22,0.068268,0
3ae35b16-7f7f-4a5e-9f24-5ce724106a73,1,23,0.963638,1
3ae35b16-7f7f-4a5e-9f24-5ce724106a73,1,24,0.104592,0
3ae35b16-7f7f-4a5e-9f24-5ce724106a73,1,25,0.191765,0
3ae35b16-7f7f-4a5e-9f24-5ce724106a73,1,26,0.106848,0
3ae35b16-7f7f-4a5e-9f24-5ce724106a73,1,27,0.949708,1
3ae35b16-7f7f-4a5e-9f24-5ce724106a73,1,28,0.013406,0
3ae35b16-7f7f-4a5e-9f24-5ce724106a73,1,29,0.891841,1
3ae35b16-7f7f-4a5e-9f24-5ce724106a73,1,30,0.102010,0
3ae35b16-7f7f-4a5e-9f24-5ce724106a73,1,31,0.352485,0
3ae35b16-7f7f-4a5e-9f24-5ce724106a73,1,32,0.053308,0
3ae35b16-7f7f-4a5e-9f24-5ce724106a73,1,33,0.022847,0
3ae35b16-7f7f-4a5e-9f24-5ce724106a73,1,34,0.055909,0
3ae35b16-7f7f-4a5e-9f24-5ce724106a73,1,35,0.933096,1
3ae35b16-7f7f-4a5e-9f24-5ce724106a73,2,0,0.222072,0
3ae35b16-7f7f-4a5e-9f24-5ce724106a73,2,1,0.036450,0
3ae35b16-7f7f-4a5e-9f24-5ce724106a73,2,2,0.351398,0
3ae35b16-7f7f-4a5e-9f24-5ce724106a73,2,3,0.289887,0
3ae35b16-7f7f-4a5e-9f24-5ce724106a73,2,4,0.013139,0
3ae35b16-7f7f-4a5e-9f24-5ce724106a73,2,5,0.082681,0
3ae35b16-7f7f-4a5e-9f24-5ce724106a73,2,6,0.152296,0
3ae35b16-7f7f-4a5e-9f24-5ce724106a73,2,7,0.980704,1
3ae35b16-7f7f-4a5e-9f24-5ce724106a73,2,8,0.037914,0
3ae35b16-7f7f-4a5e-9f24-5ce724106a73,2,9,0.065252,0
3ae35b16-7f7f-4a5e-9f24-5ce724106a73,2,10,0.018869,0
3ae35b16-7f7f-4a5e-9f24-5ce724106a73,2,11,0.013218,0
3ae35b16-7f7f-4a5e-9f24-5ce724106a73,2,12,0.010014,0
3ae35b16-7f7f-4a5e-9f24-5ce724106a73,2,13,0.034433,0
3ae35b16-7f7f-4a5e-9f24-5ce724106a73,2,14,0.015560,0
3ae35b16-7f7f-4a5e-9f24-5ce724106a73,2,15,0.028336,0
3ae35b16-7f7f-4a5e-9f24-5ce724106a73,2,16,0.093972,0
3ae35b16-7f7f-4a5e-9f24-5ce724106a73,2,17,0.840937,1
3ae35b16-7f7f-4a5e-9f24-5ce724106a73,2,18,0.319736,0
3ae35b16-7f7f-4a5e-9f24-5ce724106a73,2,19,0.095317,0
3ae35b16-7f7f-4a5e-9f24-5ce724106a73,2,20,0.853094,1
3ae35b16-7f7f-4a5e-9f24-5ce724106a73,2,21,0.142145,0
3ae35b16-7f7f-4a5e-9f24-5ce724106a73,2,22,0.032850,0
3ae35b16-7f7f-4a5e-9f24-5ce724106a73,2,23,0.034774,0
3ae35b16-7f7f-4a5e-9f24-5ce724106a73,2,24,0.451408,0
3ae35b16-7f7f-4a5e-9f24-5ce724106a73,2,25,0.037335,0
3ae35b16-7f7f-4a5e-9f24-5ce724106a73,2,26,0.018487,0
3ae35b16-7f7f-4a5e-9f24-5ce724106a73,2,27,0.020107,0
3ae35b16-7f7f-4a5e-9f24-5ce724106a73,2,28,0.041422,0
3ae35b16-7f7f-4a5e-9f24-5ce724106a73,2,29,0.024612,0
3ae35b16-7f7f-4a5e-9f24-5ce724106a73,2,30,0.038965,0
3ae35b16-7f7f-4a5e-9f24-5ce724106a73,2,31,0.233780,0
3ae35b16-7f7f-4a5e-9f24-5ce724106a73,2,32,0.027331,0
3ae35b16-7f7f-4a5e-9f24-5ce724106a73,2,33,0.032302,0
3ae35b16-7f7f-4a5e-9f24-5ce724106a73,2,34,0.089855,0
3ae35b16-7f7f-4a5e-9f24-5ce724106a73,2,35,0.025464,0
3ae35b16-7f7f-4a5e-9f24-5ce724106a73,2,36,0.022167,0
3ae35b16-7f7f-4a5e-9f24-5ce724106a73,2,37,0.103339,0
3ae35b16-7f7f-4a5e-9f24-5ce724106a73,2,38,0.194818,0
3ae35b16-7f7f-4a5e-9f24-5ce724106a73,3,0,0.112886,0
3ae35b16-7f7f-4a5e-9f24-5ce724106a73,3,1,0.927808,1
3ae35b16-7f7f-4a5e-9f24-5ce724106a73,3,2,0.022353,0
3ae35b16-7f7f-4a5e-9f24-5ce724106a73,3,3,0.194768,0
3ae35b16-7f7f-4a5e-9f24-5ce724106a73,3,4,0.898459,1
3ae35b16-7f7f-4a5e-9f24-5ce724106a73,3,5,0.016880,0
3ae35b16-7f7f-4a5e-9f24-5ce724106a73,3,6,0.021976,0
3ae35b16-7f7f-4a5e-9f24-5ce724106a73,3,7,0.406776,0
3ae35b16-7f7f-4a5e-9f24-5ce724106a73,3,8,0.711284,1
3ae35b16-7f7f-4a5e-9f24-5ce724106a73,3,9,0.908514,1
3ae35b16-7f7f-4a5e-9f24-5ce724106a73,3,10,0.047867,0
3ae35b16-7f7f-4a5e-9f24-5ce724106a73,3,11,0.943080,1
3ae35b16-7f7f-4a5e-9f24-5ce724106a73,3,12,0.037970,0
3ae35b16-7f7f-4a5e-9f24-5ce724106a73,3,13,0.977103,1
3ae35b16-7f7f-4a5e-9f24-5ce724106a73,3,14,0.015587,0
3ae35b16-7f7f-4a5e-9f24-5ce724106a73,3,15,0.135564,0
3ae35b16-7f7f-4a5e-9f24-5ce724106a73,3,16,0.691195,1
3ae35b16-7f7f-4a5e-9f24-5ce724106a73,3,17,0.037260,0
3ae35b16-7f7f-4a5e-9f24-5ce724106a73,3,18,0.059813,0
3ae35b16-7f7f-4a5e-9f24-5ce724106a73,3,19,0.277338,0
3ae35b16-7f7f-4a5e-9f24-5ce724106a73,3,20,0.901158,1
3ae35b16-7f7f-4a5e-9f24-5ce724106a73,3,21,0.035261,0
3ae35b16-7f7f-4a5e-9f24-5ce724106a73,3,22,0.016657,0
3ae35b16-7f7f-4a5e-9f24-5ce724106a73,3,23,0.137970,0
3ae35b16-7f7f-4a5e-9f24-5ce724106a73,3,24,0.022035,0
3ae35b16-7f7f-4a5e-9f24-5ce724106a73,3,25,0.053722,0
3ae35b16-7f7f-4a5e-9f24-5ce724106a73,3,26,0.026472,0
3ae35b16-7f7f-4a5e-9f24-5ce724106a73,3,27,0.082467,0
3ae35b16-7f7f-4a5e-9f24-5ce724106a73,3,28,0.030575,0
3ae35b16-7f7f-4a5e-9f24-5ce724106a73,3,29,0.037534,0
3ae35b16-7f7f-4a5e-9f24-5ce724106a73,3,30,0.016152,0
3ae35b16-7f7f-4a5e-9f24-5ce724106a73,3,31,0.021976,0
3ae35b16-7f7f-4a5e-9f24-5ce724106a73,3,32,0.026655,0
3ae35b16-7f7f-4a5e-9f24-5ce724106a73,3,33,0.218132,0
3ae35b16-7f7f-4a5e-9f24-5ce724106a73,3,34,0.014533,0
3ae35b16-7f7f-4a5e-9f24-5ce724106a73,3,35,0.013991,0
3ae35b16-7f7f-4a5e-9f24-5ce724106a73,3,36,0.011342,0
3ae35b16-7f7f-4a5e-9f24-5ce724106a73,3,37,0.017385,0
3ae35b16-7f7f-4a5e-9f24-5ce724106a73,3,38,0.063810,0
3ae35b16-7f7f-4a5e-9f24-5ce724106a73,3,39,0.029377,0
3ae35b16-7f7f-4a5e-9f24-5ce724106a73,3,40,0.015372,0
3ae35b16-7f7f-4a5e-9f24-5ce724106a73,3,41,0.014044,0
3ae35b16-7f7f-4a5e-9f24-5ce724106a73,3,42,0.863178,1
3ae35b16-7f7f-4a5e-9f24-5ce724106a73,3,43,0.993552,1
3ae35b16-7f7f-4a5e-9f24-5ce724106a73,3,44,0.056085,0
3ae35b16-7f7f-4a5e-9f24-5ce724106a73,3,45,0.021280,0
3ae35b16-7f7f-4a5e-9f24-5ce724106a73,3,46,0.016423,0
3ae35b16-7f7f-4a5e-9f24-5ce724106a73,3,47,0.014241,0
3ae35b16-7f7f-4a5e-9f24-5ce724106a73,3,48,0.023073,0
3ae35b16-7f7f-4a5e-9f24-5ce724106a73,3,49,0.020318,0
3ae35b16-7f7f-4a5e-9f24-5ce724106a73,3,50,0.461373,0
3ae35b16-7f7f-4a5e-9f24-5ce724106a73,3,51,0.355111,0
3ae35b16-7f7f-4a5e-9f24-5ce724106a73,3,52,0.085104,0
3ae35b16-7f7f-4a5e-9f24-5ce724106a73,3,53,0.016409,0
3ae35b16-7f7f-4a5e-9f24-5ce724106a73,3,54,0.037119,0
3ae35b16-7f7f-4a5e-9f24-5ce724106a73,3,55,0.938238,1
3ae35b16-7f7f-4a5e-9f24-5ce724106a73,3,56,0.013846,0
3ae35b16-7f7f-4a5e-9f24-5ce724106a73,3,57,0.113036,0
3ae35b16-7f7f-4a5e-9f24-5ce724106a73,3,58,0.024162,0
3ae35b16-7f7f-4a5e-9f24-5ce724106a73,3,59,0.577783,1
3ae35b16-7f7f-4a5e-9f24-5ce724106a73,3,60,0.036331,0
3ae35b16-7f7f-4a5e-9f24-5ce724106a73,3,61,0.168666,0
3ae35b16-7f7f-4a5e-9f24-5ce724106a73,3,62,0.078689,0
3ae35b16-7f7f-4a5e-9f24-5ce724106a73,3,63,0.027960,0
3ae35b16-7f7f-4a5e-9f24-5ce724106a73,3,64,0.010826,0
3ae35b16-7f7f-4a5e-9f24-5ce724106a73,3,65,0.027339,0
3ae35b16-7f7f-4a5e-9f24-5ce724106a73,3,66,0.819458,1
3ae35b16-7f7f-4a5e-9f24-5ce724106a73,3,67,0.025670,0
3ae35b16-7f7f-4a5e-9f24-5ce724106a73,3,68,0.866452,1
3ae35b16-7f7f-4a5e-9f24-5ce724106a73,3,69,0.740179,1
3ae35b16-7f7f-4a5e-9f24-5ce724106a73,3,70,0.865554,1
3ae35b16-7f7f-4a5e-9f24-5ce724106a73,3,71,0.022276,0
3ae35b16-7f7f-4a5e-9f24-5ce724106a73,3,72,0.011039,0
3ae35b16-7f7f-4a5e-9f24-5ce724106a73,3,73,0.017998,0
3ae35b16-7f7f-4a5e-9f24-5ce724106a73,3,74,0.017605,0
3ae35b16-7f7f-4a5e-9f24-5ce724106a73,3,75,0.040163,0
70c75d68-bf65-46a6-a822-15c23d77a275,1,0,0.291784,0
70c75d68-bf65-46a6-a822-15c23d77a275,1,1,0.016882,0
70c75d68-bf65-46a6-a822-15c23d77a275,1,2,0.056519,0
70c75d68-bf65-46a6-a822-15c23d77a275,1,3,0.953282,1
70c75d68-bf65-46a6-a822-15c23d77a275,1,4,0.237365,0
70c75d68-bf65-46a6-a822-15c23d77a275,1,5,0.115412,0
70c75d68-bf65-46a6-a822-15c23d77a275,1,6,0.037004,0
70c75d68-bf65-46a6-a822-15c23d77a275,1,7,0.054774,0
70c75d68-bf65-46a6-a822-15c23d77a275,1,8,0.121877,0
70c75d68-bf65-46a6-a822-15c23d77a275,1,9,0.882441,1
70c75d68-bf65-46a6-a822-15c23d77a275,1,10,0.993738,1
70c75d68-bf65-46a6-a822-15c23d77a275,1,11,0.209911,0
70c75d68-bf65-46a6-a822-15c23d77a275,1,12,0.869179,1
70c75d68-bf65-46a6-a822-15c23d77a275,1,13,0.150973,0
70c75d68-bf65-46a6-a822-15c23d77a275,1,14,0.482921,0
70c75d68-bf65-46a6-a822-15c23d77a275,1,15,0.054898,0
70c75d68-bf65-46a6-a822-15c23d77a275,1,16,0.015623,0
70c75d68-bf65-46a6-a822-15c23d77a275,1,17,0.056851,0
70c75d68-bf65-46a6-a822-15c23d77a275,1,18,0.031474,0
70c75d68-bf65-46a6-a822-15c23d77a275,1,19,0.021982,0
70c75d68-bf65-46a6-a822-15c23d77a275,1,20,0.452939,0
70c75d68-bf65-46a6-a822-15c23d77a275,1,21,0.994283,1
70c75d68-bf65-46a6-a822-15c23d77a275,1,22,0.240375,0
70c75d68-bf65-46a6-a822-15c23d77a275,1,23,0.982210,1
70c75d68-bf65-46a6-a822-15c23d77a275,1,24,0.991437,1
70c75d68-bf65-46a6-a822-15c23d77a275,1,25,0.125451,0
70c75d68-bf65-46a6-a822-15c23d77a275,1,26,0.155007,0
70c75d68-bf65-46a6-a822-15c23d77a275,1,27,0.965435,1
70c75d68-bf65-46a6-a822-15c23d77a275,1,28,0.013957,0
70c75d68-bf65-46a6-a822-15c23d77a275,1,29,0.763062,1
70c75d68-bf65-46a6-a822-15c23d77a275,1,30,0.903048,1
70c75d68-bf65-46a6-a822-15c23d77a275,1,31,0.137461,0
70c75d68-bf65-46a6-a822-15c23d77a275,1,32,0.090947,0
70c75d68-bf65-46a6-a822-15c23d77a275,1,33,0.189936,0
70c75d68-bf65-46a6-a822-15c23d77a275,1,34,0.195883,0
70c75d68-bf65-46a6-a822-15c23d77a275,1,35,0.038953,0
70c75d68-bf65-46a6-a822-15c23d77a275,1,36,0.030062,0
70c75d68-bf65-46a6-a822-15c23d77a275,1,37,0.040079,0
70c75d68-bf65-46a6-a822-15c23d77a275,1,38,0.067801,0
70c75d68-bf65-46a6-a822-15c23d77a275,1,39,0.022866,0
70c75d68-bf65-46a6-a822-15c23d77a275,1,40,0.858226,1
70c75d68-bf65-46a6-a822-15c23d77a275,1,41,0.394913,0
70c75d68-bf65-46a6-a822-15c23d77a275,1,42,0.100952,0
70c75d68-bf65-46a6-a822-15c23d77a275,1,43,0.044880,0
70c75d68-bf65-46a6-a822-15c23d77a275,1,44,0.472684,0
70c75d68-bf65-46a6-a822-15c23d77a275,1,45,0.973679,1
70c75d68-bf65-46a6-a822-15c23d77a275,1,46,0.094770,0
70c75d68-bf65-46a6-a822-15c23d77a275,1,47,0.016778,0
70c75d68-bf65-46a6-a822-15c23d77a275,1,48,0.175205,0
70c75d68-bf65-46a6-a822-15c23d77a275,1,49,0.149473,0
70c75d68-bf65-46a6-a822-15c23d77a275,1,50,0.029977,0
70c75d68-bf65-46a6-a822-15c23d77a275,1,51,0.027131,0
70c75d68-bf65-46a6-a822-15c23d77a275,1,52,0.016561,0
70c75d68-bf65-46a6-a822-15c23d77a275,1,53,0.124653,0
70c75d68-bf65-46a6-a822-15c23d77a275,1,54,0.059100,0
70c75d68-bf65-46a6-a822-15c23d77a275,1,55,0.022730,0
70c75d68-bf65-46a6-a822-15c23d77a275,1,56,0.058826,0
70c75d68-bf65-46a6-a822-15c23d77a275,1,57,0.291905,0
70c75d68-bf65-46a6-a822-15c23d77a275,1,58,0.363222,0
70c75d68-bf65-46a6-a822-15c23d77a275,1,59,0.054456,0
70c75d68-bf65-46a6-a822-15c23d77a275,1,60,0.102971,0
70c75d68-bf65-46a6-a822-15c23d77a275,1,61,0.169490,0
70c75d68-bf65-46a6-a822-15c23d77a275,1,62,0.131016,0
70c75d68-bf65-46a6-a822-15c23d77a275,2,0,0.138757,0
70c75d68-bf65-46a6-a822-15c23d77a275,2,1,0.058580,0
70c75d68-bf65-46a6-a822-15c23d77a275,2,2,0.157965,0
70c75d68-bf65-46a6-a822-15c23d77a275,2,3,0.042885,0
70c75d68-bf65-46a6-a822-15c23d77a275,2,4,0.016922,0
70c75d68-bf65-46a6-a822-15c23d77a275,2,5,0.022213,0
70c75d68-bf65-46a6-a822-15c23d77a275,2,6,0.946387,1
70c75d68-bf65-46a6-a822-15c23d77a275,2,7,0.332213,0
70c75d68-bf65-46a6-a822-15c23d77a275,2,8,0.194483,0
70c75d68-bf65-46a6-a822-15c23d77a275,2,9,0.176510,0
70c75d68-bf65-46a6-a822-15c23d77a275,2,10,0.014513,0
70c75d68-bf65-46a6-a822-15c23d77a275,2,11,0.147835,0
70c75d68-bf65-46a6-a822-15c23d77a275,2,12,0.017293,0
70c75d68-bf65-46a6-a822-15c23d77a275,2,13,0.021401,0
70c75d68-bf65-46a6-a822-15c23d77a275,2,14,0.095275,0
70c75d68-bf65-46a6-a822-15c23d77a275,2,15,0.387072,0
70c75d68-bf65-46a6-a822-15c23d77a275,2,16,0.032887,0
70c75d68-bf65-46a6-a822-15c23d77a275,2,17,0.032505,0
70c75d68-bf65-46a6-a822-15c23d77a275,2,18,0.369330,0
70c75d68-bf65-46a6-a822-15c23d77a275,2,19,0.021906,0
70c75d68-bf65-46a6-a822-15c23d77a275,2,20,0.909140,1
70c75d68-bf65-46a6-a822-15c23d77a275,2,21,0.066620,0
70c75d68-bf65-46a6-a822-15c23d77a275,2,22,0.041724,0
70c75d68-bf65-46a6-a822-15c23d77a275,2,23,0.020594,0
70c75d68-bf65-46a6-a822-15c23d77a275,2,24,0.022822,0
70c75d68-bf65-46a6-a822-15c23d77a275,2,25,0.028339,0
70c75d68-bf65-46a6-a822-15c23d77a275,2,26,0.029416,0
70c75d68-bf65-46a6-a822-15c23d77a275,2,27,0.045006,0
70c75d68-bf65-46a6-a822-15c23d77a275,2,28,0.074538,0
70c75d68-bf65-46a6-a822-15c23d77a275,2,29,0.963919,1
70c75d68-bf65-46a6-a822-15c23d77a275,2,30,0.025367,0
70c75d68-bf65-46a6-a822-15c23d77a275,2,31,0.058695,0
70c75d68-bf65-46a6-a822-15c23d77a275,2,32,0.961888,1
70c75d68-bf65-46a6-a822-15c23d77a275,2,33,0.118575,0
70c75d68-bf65-46a6-a822-15c23d77a275,2,34,0.014379,0
70c75d68-bf65-46a6-a822-15c23d77a275,2,35,0.640943,1
70c75d68-bf65-46a6-a822-15c23d77a275,2,36,0.044897,0
70c75d68-bf65-46a6-a822-15c23d77a275,2,37,0.479719,0
70c75d68-bf65-46a6-a822-15c23d77a275,2,38,0.019658,0
70c75d68-bf65-46a6-a822-15c23d77a275,2,39,0.050278,0
70c75d68-bf65-46a6-a822-15c23d77a275,2,40,0.808896,1
70c75d68-bf65-46a6-a822-15c23d77a275,2,41,0.020285,0
70c75d68-bf65-46a6-a822-15c23d77a275,2,42,0.022413,0
70c75d68-bf65-46a6-a822-15c23d77a275,2,43,0.051987,0
70c75d68-bf65-46a6-a822-15c23d77a275,2,44,0.020237,0
70c75d68-bf65-46a6-a822-15c23d77a275,2,45,0.017846,0
70c75d68-bf65-46a6-a822-15c23d77a275,2,46,0.015463,0
70c75d68-bf65-46a6-a822-15c23d77a275,2,47,0.032626,0
70c75d68-bf65-46a6-a822-15c23d77a275,2,48,0.219862,0
70c75d68-bf65-46a6-a822-15c23d77a275,2,49,0.056991,0
70c75d68-bf65-46a6-a822-15c23d77a275,2,50,0.055828,0
70c75d68-bf65-46a6-a822-15c23d77a275,2,51,0.015110,0
70c75d68-bf65-46a6-a822-15c23d77a275,2,52,0.054693,0
70c75d68-bf65-46a6-a822-15c23d77a275,2,53,0.040295,0
70c75d68-bf65-46a6-a822-15c23d77a275,2,54,0.052687,0
70c75d68-bf65-46a6-a822-15c23d77a275,2,55,0.923185,1
70c75d68-bf65-46a6-a822-15c23d77a275,2,56,0.026795,0
70c75d68-bf65-46a6-a822-15c23d77a275,2,57,0.275666,0
70c75d68-bf65-46a6-a822-15c23d77a275,2,58,0.025669,0
70c75d68-bf65-46a6-a822-15c23d77a275,2,59,0.803898,1
70c75d68-bf65-46a6-a822-15c23d77a275,3,0,0.370735,0
70c75d68-bf65-46a6-a822-15c23d77a275,3,1,0.905219,1
70c75d68-bf65-46a6-a822-15c23d77a275,3,2,0.033100,0
70c75d68-bf65-46a6-a822-15c23d77a275,3,3,0.015254,0
70c75d68-bf65-46a6-a822-15c23d77a275,3,4,0.067366,0
70c75d68-bf65-46a6-a822-15c23d77a275,3,5,0.936251,1
70c75d68-bf65-46a6-a822-15c23d77a275,3,6,0.993503,1
70c75d68-bf65-46a6-a822-15c23d77a275,3,7,0.059591,0
70c75d68-bf65-46a6-a822-15c23d77a275,3,8,0.082012,0
70c75d68-bf65-46a6-a822-15c23d77a275,3,9,0.031668,0
70c75d68-bf65-46a6-a822-15c23d77a275,3,10,0.017878,0
70c75d68-bf65-46a6-a822-15c23d77a275,3,11,0.185559,0
70c75d68-bf65-46a6-a822-15c23d77a275,3,12,0.022537,0
70c75d68-bf65-46a6-a822-15c23d77a275,3,13,0.495135,0
70c75d68-bf65-46a6-a822-15c23d77a275,3,14,0.037878,0
70c75d68-bf65-46a6-a822-15c23d77a275,3,15,0.849977,1
70c75d68-bf65-46a6-a822-15c23d77a275,3,16,0.700459,1
86e6e27d-1440-4879-8b13-0dd2d89f7281,1,0,0.570800,1
86e6e27d-1440-4879-8b13-0dd2d89f7281,1,1,0.991994,1
86e6e27d-1440-4879-8b13-0dd2d89f7281,1,2,0.958703,1
86e6e27d-1440-4879-8b13-0dd2d89f7281,1,3,0.421542,0
86e6e27d-1440-4879-8b13-0dd2d89f7281,1,4,0.936431,1
86e6e27d-1440-4879-8b13-0dd2d89f7281,1,5,0.014843,0
86e6e27d-1440-4879-8b13-0dd2d89f7281,1,6,0.903944,1
86e6e27d-1440-4879-8b13-0dd2d89f7281,1,7,0.337630,0
86e6e27d-1440-4879-8b13-0dd2d89f7281,1,8,0.988710,1
86e6e27d-1440-4879-8b13-0dd2d89f7281,1,9,0.027880,0
86e6e27d-1440-4879-8b13-0dd2d89f7281,1,10,0.041171,0
86e6e27d-1440-4879-8b13-0dd2d89f7281,1,11,0.027908,0
86e6e27d-1440-4879-8b13-0dd2d89f7281,1,12,0.020645,0
86e6e27d-1440-4879-8b13-0dd2d89f7281,1,13,0.102204,0
86e6e27d-1440-4879-8b13-0dd2d89f7281,1,14,0.020058,0
86e6e27d-1440-4879-8b13-0dd2d89f7281,1,15,0.047523,0
86e6e27d-1440-4879-8b13-0dd2d89f7281,1,16,0.984142,1
86e6e27d-1440-4879-8b13-0dd2d89f7281,1,17,0.081626,0
86e6e27d-1440-4879-8b13-0dd2d89f7281,1,18,0.499597,0
86e6e27d-1440-4879-8b13-0dd2d89f7281,1,19,0.958697,1
86e6e27d-1440-4879-8b13-0dd2d89f7281,1,20,0.102153,0
86e6e27d-1440-4879-8b13-0dd2d89f7281,1,21,0.011700,0
86e6e27d-1440-4879-8b13-0dd2d89f7281,1,22,0.036673,0
86e6e27d-1440-4879-8b13-0dd2d89f7281,1,23,0.459235,0
86e6e27d-1440-4879-8b13-0dd2d89f7281,1,24,0.038540,0
86e6e27d-1440-4879-8b13-0dd2d89f7281,1,25,0.016775,0
86e6e27d-1440-4879-8b13-0dd2d89f7281,1,26,0.977287,1
86e6e27d-1440-4879-8b13-0dd2d89f7281,1,27,0.599440,1
86e6e27d-1440-4879-8b13-0dd2d89f7281,1,28,0.914444,1
86e6e27d-1440-4879-8b13-0dd2d89f7281,1,29,0.021522,0
86e6e27d-1440-4879-8b13-0dd2d89f7281,1,30,0.026326,0
86e6e27d-1440-4879-8b13-0dd2d89f7281,1,31,0.455980,0
86e6e27d-1440-4879-8b13-0dd2d89f7281,1,32,0.050731,0
86e6e27d-1440-4879-8b13-0dd2d89f7281,1,33,0.014413,0
86e6e27d-1440-4879-8b13-0dd2d89f7281,1,34,0.022867,0
86e6e27d-1440-4879-8b13-0dd2d89f7281,1,35,0.058126,0
86e6e27d-1440-4879-8b13-0dd2d89f7281,1,36,0.059802,0
86e6e27d-1440-4879-8b13-0dd2d89f7281,1,37,0.333453,0
86e6e27d-1440-4879-8b13-0dd2d89f7281,1,38,0.316645,0
86e6e27d-1440-4879-8b13-0dd2d89f7281,1,39,0.305402,0
86e6e27d-1440-4879-8b13-0dd2d89f7281,1,40,0.023972,0
86e6e27d-1440-4879-8b13-0dd2d89f7281,1,41,0.067683,0
86e6e27d-1440-4879-8b13-0dd2d89f7281,1,42,0.023257,0
86e6e27d-1440-4879-8b13-0dd2d89f7281,1,43,0.817601,1
86e6e27d-1440-4879-8b13-0dd2d89f7281,1,44,0.023129,0
86e6e27d-1440-4879-8b13-0dd2d89f7281,1,45,0.254519,0
86e6e27d-1440-4879-8b13-0dd2d89f7281,1,46,0.055038,0
86e6e27d-1440-4879-8b13-0dd2d89f7281,1,47,0.030973,0
86e6e27d-1440-4879-8b13-0dd2d89f7281,1,48,0.081224,0
86e6e27d-1440-4879-8b13-0dd2d89f7281,1,49,0.019548,0
86e6e27d-1440-4879-8b13-0dd2d89f7281,1,50,0.015489,0
86e6e27d-1440-4879-8b13-0dd2d89f7281,1,51,0.028566,0
86e6e27d-1440-4879-8b13-0dd2d89f7281,1,52,0.017488,0
86e6e27d-1440-4879-8b13-0dd2d89f7281,1,53,0.046057,0
86e6e27d-1440-4879-8b13-0dd2d89f7281,1,54,0.017561,0
86e6e27d-1440-4879-8b13-0dd2d89f7281,1,55,0.019334,0
86e6e27d-1440-4879-8b13-0dd2d89f7281,1,56,0.035125,0
86e6e27d-1440-4879-8b13-0dd2d89f7281,1,57,0.031109,0
86e6e27d-1440-4879-8b13-0dd2d89f7281,1,58,0.707600,1
86e6e27d-1440-4879-8b13-0dd2d89f7281,2,0,0.254337,0
86e6e27d-1440-4879-8b13-0dd2d89f7281,2,1,0.195610,0
86e6e27d-1440-4879-8b13-0dd2d89f7281,2,2,0.981723,1
86e6e27d-1440-4879-8b13-0dd2d89f7281,2,3,0.985813,1
86e6e27d-1440-4879-8b13-0dd2d89f7281,2,4,0.181982,0
86e6e27d-1440-4879-8b13-0dd2d89f7281,2,5,0.043193,0
86e6e27d-1440-4879-8b13-0dd2d89f7281,2,6,0.019482,0
86e6e27d-1440-4879-8b13-0dd2d89f7281,2,7,0.019784,0
86e6e27d-1440-4879-8b13-0dd2d89f7281,2,8,0.032187,0
86e6e27d-1440-4879-8b13-0dd2d89f7281,2,9,0.031887,0
86e6e27d-1440-4879-8b13-0dd2d89f7281,2,10,0.033644,0
86e6e27d-1440-4879-8b13-0dd2d89f7281,2,11,0.013559,0
86e6e27d-1440-4879-8b13-0dd2d89f7281,2,12,0.060937,0
86e6e27d-1440-4879-8b13-0dd2d89f7281,2,13,0.193519,0
86e6e27d-1440-4879-8b13-0dd2d89f7281,2,14,0.920715,1
86e6e27d-1440-4879-8b13-0dd2d89f7281,2,15,0.475944,0
86e6e27d-1440-4879-8b13-0dd2d89f7281,2,16,0.019297,0
86e6e27d-1440-4879-8b13-0dd2d89f7281,2,17,0.039789,0
86e6e27d-1440-4879-8b13-0dd2d89f7281,2,18,0.084447,0
86e6e27d-1440-4879-8b13-0dd2d89f7281,2,19,0.039193,0
86e6e27d-1440-4879-8b13-0dd2d89f7281,2,20,0.022936,0
86e6e27d-1440-4879-8b13-0dd2d89f7281,2,21,0.023312,0
86e6e27d-1440-4879-8b13-0dd2d89f7281,2,22,0.108992,0
86e6e27d-1440-4879-8b13-0dd2d89f7281,3,0,0.334378,0
86e6e27d-1440-4879-8b13-0dd2d89f7281,3,1,0.353572,0
86e6e27d-1440-4879-8b13-0dd2d89f7281,3,2,0.019151,0
86e6e27d-1440-4879-8b13-0dd2d89f7281,3,3,0.031642,0
86e6e27d-1440-4879-8b13-0dd2d89f7281,3,4,0.016384,0
86e6e27d-1440-4879-8b13-0dd2d89f7281,3,5,0.014081,0
86e6e27d-1440-4879-8b13-0dd2d89f7281,3,6,0.981390,1
86e6e27d-1440-4879-8b13-0dd2d89f7281,3,7,0.107069,0
86e6e27d-1440-4879-8b13-0dd2d89f7281,3,8,0.037881,0
86e6e27d-1440-4879-8b13-0dd2d89f7281,3,9,0.016985,0
86e6e27d-1440-4879-8b13-0dd2d89f7281,3,10,0.627128,1
86e6e27d-1440-4879-8b13-0dd2d89f7281,3,11,0.033141,0
86e6e27d-1440-4879-8b13-0dd2d89f7281,3,12,0.902857,1
86e6e27d-1440-4879-8b13-0dd2d89f7281,3,13,0.055448,0
86e6e27d-1440-4879-8b13-0dd2d89f7281,3,14,0.409566,0
86e6e27d-1440-4879-8b13-0dd2d89f7281,3,15,0.015203,0
86e6e27d-1440-4879-8b13-0dd2d89f7281,3,16,0.526422,1
aab91277-8d56-4844-a581-45630f873f49,1,0,0.043022,0
aab91277-8d56-4844-a581-45630f873f49,1,1,0.037644,0
aab91277-8d56-4844-a581-45630f873f49,1,2,0.107984,0
aab91277-8d56-4844-a581-45630f873f49,1,3,0.082872,0
aab91277-8d56-4844-a581-45630f873f49,1,4,0.531400,1
aab91277-8d56-4844-a581-45630f873f49,1,5,0.028335,0
aab91277-8d56-4844-a581-45630f873f49,1,6,0.014772,0
aab91277-8d56-4844-a581-45630f873f49,1,7,0.024861,0
aab91277-8d56-4844-a581-45630f873f49,1,8,0.014748,0
aab91277-8d56-4844-a581-45630f873f49,1,9,0.020932,0
aab91277-8d56-4844-a581-45630f873f49,1,10,0.012516,0
aab91277-8d56-4844-a581-45630f873f49,1,11,0.545786,1
aab91277-8d56-4844-a581-45630f873f49,1,12,0.032691,0
aab91277-8d56-4844-a581-45630f873f49,1,13,0.097817,0
aab91277-8d56-4844-a581-45630f873f49,1,14,0.034115,0
aab91277-8d56-4844-a581-45630f873f49,1,15,0.014380,0
aab91277-8d56-4844-a581-45630f873f49,1,16,0.028830,0
aab91277-8d56-4844-a581-45630f873f49,1,17,0.021843,0
aab91277-8d56-4844-a581-45630f873f49,1,18,0.025148,0
aab91277-8d56-4844-a581-45630f873f49,1,19,0.015204,0
aab91277-8d56-4844-a581-45630f873f49,1,20,0.032745,0
aab91277-8d56-4844-a581-45630f873f49,1,21,0.023631,0
aab91277-8d56-4844-a581-45630f873f49,1,22,0.035766,0
aab91277-8d56-4844-a581-45630f873f49,1,23,0.015000,0
aab91277-8d56-4844-a581-45630f873f49,1,24,0.981139,1
aab91277-8d56-4844-a581-45630f873f49,1,25,0.976188,1
aab91277-8d56-4844-a581-45630f873f49,1,26,0.956541,1
aab91277-8d56-4844-a581-45630f873f49,1,27,0.982686,1
aab91277-8d56-4844-a581-45630f873f49,1,28,0.057421,0
aab91277-8d56-4844-a581-45630f873f49,1,29,0.020580,0
aab91277-8d56-4844-a581-45630f873f49,1,30,0.018180,0
aab91277-8d56-4844-a581-45630f873f49,1,31,0.063086,0
aab91277-8d56-4844-a581-45630f873f49,1,32,0.018993,0
aab91277-8d56-4844-a581-45630f873f49,1,33,0.022857,0
aab91277-8d56-4844-a581-45630f873f49,1,34,0.032520,0
aab91277-8d56-4844-a581-45630f873f49,1,35,0.021604,0
aab91277-8d56-4844-a581-45630f873f49,1,36,0.019712,0
aab91277-8d56-4844-a581-45630f873f49,1,37,0.021614,0
aab91277-8d56-4844-a581-45630f873f49,1,38,0.014007,0
aab91277-8d56-4844-a581-45630f873f49,1,39,0.428597,0
aab91277-8d56-4844-a581-45630f873f49,1,40,0.018753,0
aab91277-8d56-4844-a581-45630f873f49,1,41,0.100384,0
aab91277-8d56-4844-a581-45630f873f49,1,42,0.610468,1
aab91277-8d56-4844-a581-45630f873f49,1,43,0.272882,0
aab91277-8d56-4844-a581-45630f873f49,1,44,0.121259,0
aab91277-8d56-4844-a581-45630f873f49,1,45,0.253741,0
aab91277-8d56-4844-a581-45630f873f49,1,46,0.016850,0
aab91277-8d56-4844-a581-45630f873f49,1,47,0.023227,0
aab91277-8d56-4844-a581-45630f873f49,1,48,0.018977,0
aab91277-8d56-4844-a581-45630f873f49,1,49,0.273029,0
aab91277-8d56-4844-a581-45630f873f49,1,50,0.941050,1
aab91277-8d56-4844-a581-45630f873f49,2,0,0.068166,0
aab91277-8d56-4844-a581-45630f873f49,2,1,0.016192,0
aab91277-8d56-4844-a581-45630f873f49,2,2,0.829054,1
aab91277-8d56-4844-a581-45630f873f49,2,3,0.017164,0
aab91277-8d56-4844-a581-45630f873f49,2,4,0.040422,0
aab91277-8d56-4844-a581-45630f873f49,2,5,0.021959,0
aab91277-8d56-4844-a581-45630f873f49,2,6,0.014662,0
aab91277-8d56-4844-a581-45630f873f49,2,7,0.082293,0
aab91277-8d56-4844-a581-45630f873f49,2,8,0.054612,0
aab91277-8d56-4844-a581-45630f873f49,2,9,0.150146,0
aab91277-8d56-4844-a581-45630f873f49,2,10,0.519846,1
aab91277-8d56-4844-a581-45630f873f49,2,11,0.013382,0
aab91277-8d56-4844-a581-45630f873f49,2,12,0.015405,0
aab91277-8d56-4844-a581-45630f873f49,2,13,0.021750,0
aab91277-8d56-4844-a581-45630f873f49,2,14,0.089709,0
aab91277-8d56-4844-a581-45630f873f49,2,15,0.055739,0
aab91277-8d56-4844-a581-45630f873f49,2,16,0.340164,0
aab91277-8d56-4844-a581-45630f873f49,2,17,0.046202,0
aab91277-8d56-4844-a581-45630f873f49,2,18,0.019407,0
aab91277-8d56-4844-a581-45630f873f49,2,19,0.034624,0
aab91277-8d56-4844-a581-45630f873f49,2,20,0.614356,1
aab91277-8d56-4844-a581-45630f873f49,2,21,0.136731,0
aab91277-8d56-4844-a581-45630f873f49,2,22,0.904540,1
aab91277-8d56-4844-a581-45630f873f49,2,23,0.761421,1
aab91277-8d56-4844-a581-45630f873f49,2,24,0.088202,0
aab91277-8d56-4844-a581-45630f873f49,2,25,0.014526,0
aab91277-8d56-4844-a581-45630f873f49,2,26,0.684622,1
aab91277-8d56-4844-a581-45630f873f49,2,27,0.020140,0
aab91277-8d56-4844-a581-45630f873f49,2,28,0.011730,0
aab91277-8d56-4844-a581-45630f873f49,2,29,0.024232,0
aab91277-8d56-4844-a581-45630f873f49,2,30,0.184534,0
aab91277-8d56-4844-a581-45630f873f49,2,31,0.034834,0
aab91277-8d56-4844-a581-45630f873f49,2,32,0.020782,0
aab91277-8d56-4844-a581-45630f873f49,2,33,0.017576,0
aab91277-8d56-4844-a581-45630f873f49,2,34,0.020986,0
aab91277-8d56-4844-a581-45630f873f49,2,35,0.018000,0
aab91277-8d56-4844-a581-45630f873f49,2,36,0.053219,0
aab91277-8d56-4844-a581-45630f873f49,2,37,0.024594,0
aab91277-8d56-4844-a581-45630f873f49,2,38,0.019538,0
aab91277-8d56-4844-a581-45630f873f49,2,39,0.025611,0
aab91277-8d56-4844-a581-45630f873f49,2,40,0.014278,0
aab91277-8d56-4844-a581-45630f873f49,3,0,0.094927,0
aab91277-8d56-4844-a581-45630f873f49,3,1,0.022268,0
aab91277-8d56-4844-a581-45630f873f49,3,2,0.011757,0
aab91277-8d56-4844-a581-45630f873f49,3,3,0.028193,0
aab91277-8d56-4844-a581-45630f873f49,3,4,0.026197,0
aab91277-8d56-4844-a581-45630f873f49,3,5,0.028620,0
aab91277-8d56-4844-a581-45630f873f49,3,6,0.025631,0
aab91277-8d56-4844-a581-45630f873f49,3,7,0.079261,0
aab91277-8d56-4844-a581-45630f873f49,3,8,0.020958,0
aab91277-8d56-4844-a581-45630f873f49,3,9,0.018792,0
aab91277-8d56-4844-a581-45630f873f49,3,10,0.026720,0
aab91277-8d56-4844-a581-45630f873f49,3,11,0.016102,0
aab91277-8d56-4844-a581-45630f873f49,3,12,0.025320,0
aab91277-8d56-4844-a581-45630f873f49,3,13,0.014847,0
aab91277-8d56-4844-a581-45630f873f49,3,14,0.019762,0
aab91277-8d56-4844-a581-45630f873f49,3,15,0.063897,0
aab91277-8d56-4844-a581-45630f873f49,3,16,0.050520,0
aab91277-8d56-4844-a581-45630f873f49,3,17,0.019196,0
aab91277-8d56-4844-a581-45630f873f49,3,18,0.014878,0
aab91277-8d56-4844-a581-45630f873f49,3,19,0.025008,0
aab91277-8d56-4844-a581-45630f873f49,3,20,0.026042,0
aab91277-8d56-4844-a581-45630f873f49,3,21,0.022538,0
b7021938-ff8d-42ea-adec-5704c0b65237,1,0,0.818569,1
b7021938-ff8d-42ea-adec-5704c0b65237,1,1,0.549773,1
b7021938-ff8d-42ea-adec-5704c0b65237,1,2,0.081242,0
b7021938-ff8d-42ea-adec-5704c0b65237,1,3,0.026600,0
b7021938-ff8d-42ea-adec-5704c0b65237,1,4,0.101953,0
b7021938-ff8d-42ea-adec-5704c0b65237,1,5,0.022496,0
b7021938-ff8d-42ea-adec-5704c0b65237,1,6,0.575800,1
b7021938-ff8d-42ea-adec-5704c0b65237,1,7,0.990327,1
b7021938-ff8d-42ea-adec-5704c0b65237,1,8,0.614166,1
b7021938-ff8d-42ea-adec-5704c0b65237,1,9,0.045829,0
b7021938-ff8d-42ea-adec-5704c0b65237,1,10,0.989426,1
b7021938-ff8d-42ea-adec-5704c0b65237,1,11,0.072037,0
b7021938-ff8d-42ea-adec-5704c0b65237,1,12,0.168307,0
b7021938-ff8d-42ea-adec-5704c0b65237,1,13,0.024589,0
b7021938-ff8d-42ea-adec-5704c0b65237,1,14,0.017024,0
b7021938-ff8d-42ea-adec-5704c0b65237,1,15,0.603197,1
b7021938-ff8d-42ea-adec-5704c0b65237,1,16,0.944122,1
b7021938-ff8d-42ea-adec-5704c0b65237,1,17,0.518062,1
b7021938-ff8d-42ea-adec-5704c0b65237,1,18,0.044886,0
b7021938-ff8d-42ea-adec-5704c0b65237,1,19,0.032233,0
b7021938-ff8d-42ea-adec-5704c0b65237,1,20,0.015960,0
b7021938-ff8d-42ea-adec-5704c0b65237,1,21,0.017250,0
b7021938-ff8d-42ea-adec-5704c0b65237,1,22,0.143087,0
b7021938-ff8d-42ea-adec-5704c0b65237,1,23,0.015892,0
b7021938-ff8d-42ea-adec-5704c0b65237,1,24,0.225567,0
b7021938-ff8d-42ea-adec-5704c0b65237,1,25,0.071038,0
b7021938-ff8d-42ea-adec-5704c0b65237,1,26,0.130562,0
b7021938-ff8d-42ea-adec-5704c0b65237,2,0,0.224506,0
b7021938-ff8d-42ea-adec-5704c0b65237,2,1,0.055770,0
b7021938-ff8d-42ea-adec-5704c0b65237,2,2,0.918195,1
b7021938-ff8d-42ea-adec-5704c0b65237,2,3,0.881235,1
b7021938-ff8d-42ea-adec-5704c0b65237,2,4,0.143666,0
b7021938-ff8d-42ea-adec-5704c0b65237,2,5,0.973464,1
b7021938-ff8d-42ea-adec-5704c0b65237,2,6,0.315133,0
b7021938-ff8d-42ea-adec-5704c0b65237,2,7,0.972821,1
b7021938-ff8d-42ea-adec-5704c0b65237,2,8,0.958920,1
b7021938-ff8d-42ea-adec-5704c0b65237,2,9,0.010968,0
b7021938-ff8d-42ea-adec-5704c0b65237,2,10,0.032308,0
b7021938-ff8d-42ea-adec-5704c0b65237,2,11,0.476994,0
b7021938-ff8d-42ea-adec-5704c0b65237,2,12,0.105638,0
b7021938-ff8d-42ea-adec-5704c0b65237,2,13,0.455163,0
b7021938-ff8d-42ea-adec-5704c0b65237,2,14,0.941817,1
b7021938-ff8d-42ea-adec-5704c0b65237,2,15,0.582433,1
b7021938-ff8d-42ea-adec-5704c0b65237,2,16,0.196710,0
b7021938-ff8d-42ea-adec-5704c0b65237,2,17,0.947078,1
b7021938-ff8d-42ea-adec-5704c0b65237,2,18,0.992640,1
b7021938-ff8d-42ea-adec-5704c0b65237,2,19,0.990195,1
b7021938-ff8d-42ea-adec-5704c0b65237,2,20,0.994491,1
b7021938-ff8d-42ea-adec-5704c0b65237,2,21,0.096863,0
b7021938-ff8d-42ea-adec-5704c0b65237,2,22,0.014069,0
b7021938-ff8d-42ea-adec-5704c0b65237,2,23,0.596779,1
b7021938-ff8d-42ea-adec-5704c0b65237,2,24,0.083539,0
b7021938-ff8d-42ea-adec-5704c0b65237,2,25,0.665271,1
b7021938-ff8d-42ea-adec-5704c0b65237,2,26,0.018950,0
b7021938-ff8d-42ea-adec-5704c0b65237,2,27,0.033027,0
b7021938-ff8d-42ea-adec-5704c0b65237,2,28,0.012096,0
b7021938-ff8d-42ea-adec-5704c0b65237,2,29,0.111786,0
b7021938-ff8d-42ea-adec-5704c0b65237,2,30,0.073439,0
b7021938-ff8d-42ea-adec-5704c0b65237,2,31,0.584192,1
b7021938-ff8d-42ea-adec-5704c0b65237,2,32,0.103506,0
b7021938-ff8d-42ea-adec-5704c0b65237,2,33,0.014722,0
b7021938-ff8d-42ea-adec-5704c0b65237,2,34,0.020557,0
b7021938-ff8d-42ea-adec-5704c0b65237,2,35,0.277598,0
b7021938-ff8d-42ea-adec-5704c0b65237,2,36,0.068657,0
b7021938-ff8d-42ea-adec-5704c0b65237,2,37,0.350950,0
b7021938-ff8d-42ea-adec-5704c0b65237,2,38,0.944501,1
b7021938-ff8d-42ea-adec-5704c0b65237,2,39,0.088210,0
b7021938-ff8d-42ea-adec-5704c0b65237,2,40,0.962193,1
b7021938-ff8d-42ea-adec-5704c0b65237,2,41,0.776154,1
b7021938-ff8d-42ea-adec-5704c0b65237,2,42,0.126235,0
b7021938-ff8d-42ea-adec-5704c0b65237,2,43,0.020177,0
b7021938-ff8d-42ea-adec-5704c0b65237,2,44,0.991655,1
b7021938-ff8d-42ea-adec-5704c0b65237,2,45,0.010896,0
b7021938-ff8d-42ea-adec-5704c0b65237,2,46,0.632493,1
b7021938-ff8d-42ea-adec-5704c0b65237,3,0,0.025893,0
b7021938-ff8d-42ea-adec-5704c0b65237,3,1,0.021563,0
b7021938-ff8d-42ea-adec-5704c0b65237,3,2,0.019903,0
b7021938-ff8d-42ea-adec-5704c0b65237,3,3,0.016459,0
b7021938-ff8d-42ea-adec-5704c0b65237,3,4,0.810122,1
b7021938-ff8d-42ea-adec-5704c0b65237,3,5,0.022361,0
b7021938-ff8d-42ea-adec-5704c0b65237,3,6,0.196850,0
b7021938-ff8d-42ea-adec-5704c0b65237,3,7,0.619005,1
b7021938-ff8d-42ea-adec-5704c0b65237,3,8,0.343410,0
b7021938-ff8d-42ea-adec-5704c0b65237,3,9,0.157798,0
b7021938-ff8d-42ea-adec-5704c0b65237,3,10,0.059651,0
b7021938-ff8d-42ea-adec-5704c0b65237,3,11,0.986717,1
b7021938-ff8d-42ea-adec-5704c0b65237,3,12,0.018049,0
b7021938-ff8d-42ea-adec-5704c0b65237,3,13,0.068734,0
b7021938-ff8d-42ea-adec-5704c0b65237,3,14,0.030033,0
b7021938-ff8d-42ea-adec-5704c0b65237,3,15,0.077873,0
b7021938-ff8d-42ea-adec-5704c0b65237,3,16,0.014782,0
b7021938-ff8d-42ea-adec-5704c0b65237,3,17,0.221720,0
c9e4d35f-aeae-462b-a8bf-e08d09a93b6e,1,0,0.019917,0
c9e4d35f-aeae-462b-a8bf-e08d09a93b6e,1,1,0.106985,0
c9e4d35f-aeae-462b-a8bf-e08d09a93b6e,1,2,0.151058,0
c9e4d35f-aeae-462b-a8bf-e08d09a93b6e,1,3,0.121789,0
c9e4d35f-aeae-462b-a8bf-e08d09a93b6e,1,4,0.030601,0
c9e4d35f-aeae-462b-a8bf-e08d09a93b6e,1,5,0.052138,0
c9e4d35f-aeae-462b-a8bf-e08d09a93b6e,1,6,0.029381,0
c9e4d35f-aeae-462b-a8bf-e08d09a93b6e,1,7,0.022787,0
c9e4d35f-aeae-462b-a8bf-e08d09a93b6e,1,8,0.030247,0
c9e4d35f-aeae-462b-a8bf-e08d09a93b6e,1,9,0.019188,0
c9e4d35f-aeae-462b-a8bf-e08d09a93b6e,1,10,0.012577,0
c9e4d35f-aeae-462b-a8bf-e08d09a93b6e,1,11,0.022306,0
c9e4d35f-aeae-462b-a8bf-e08d09a93b6e,1,12,0.022396,0
c9e4d35f-aeae-462b-a8bf-e08d09a93b6e,1,13,0.048028,0
c9e4d35f-aeae-462b-a8bf-e08d09a93b6e,1,14,0.964465,1
c9e4d35f-aeae-462b-a8bf-e08d09a93b6e,1,15,0.028831,0
c9e4d35f-aeae-462b-a8bf-e08d09a93b6e,1,16,0.019485,0
c9e4d35f-aeae-462b-a8bf-e08d09a93b6e,1,17,0.012468,0
c9e4d35f-aeae-462b-a8bf-e08d09a93b6e,1,18,0.131016,0
c9e4d35f-aeae-462b-a8bf-e08d09a93b6e,2,0,0.022188,0
c9e4d35f-aeae-462b-a8bf-e08d09a93b6e,2,1,0.015607,0
c9e4d35f-aeae-462b-a8bf-e08d09a93b6e,2,2,0.018714,0
c9e4d35f-aeae-462b-a8bf-e08d09a93b6e,2,3,0.047859,0
c9e4d35f-aeae-462b-a8bf-e08d09a93b6e,2,4,0.071335,0
c9e4d35f-aeae-462b-a8bf-e08d09a93b6e,2,5,0.916760,1
c9e4d35f-aeae-462b-a8bf-e08d09a93b6e,2,6,0.283644,0
c9e4d35f-aeae-462b-a8bf-e08d09a93b6e,2,7,0.050305,0
c9e4d35f-aeae-462b-a8bf-e08d09a93b6e,2,8,0.012552,0
c9e4d35f-aeae-462b-a8bf-e08d09a93b6e,2,9,0.015557,0
c9e4d35f-aeae-462b-a8bf-e08d09a93b6e,2,10,0.013452,0
c9e4d35f-aeae-462b-a8bf-e08d09a93b6e,2,11,0.020060,0
c9e4d35f-aeae-462b-a8bf-e08d09a93b6e,2,12,0.017092,0
c9e4d35f-aeae-462b-a8bf-e08d09a93b6e,2,13,0.020048,0
c9e4d35f-aeae-462b-a8bf-e08d09a93b6e,2,14,0.041190,0
c9e4d35f-aeae-462b-a8bf-e08d09a93b6e,2,15,0.043082,0
c9e4d35f-aeae-462b-a8bf-e08d09a93b6e,2,16,0.012188,0
c9e4d35f-aeae-462b-a8bf-e08d09a93b6e,2,17,0.101083,0
c9e4d35f-aeae-462b-a8bf-e08d09a93b6e,2,18,0.032935,0
c9e4d35f-aeae-462b-a8bf-e08d09a93b6e,2,19,0.017923,0
c9e4d35f-aeae-462b-a8bf-e08d09a93b6e,2,20,0.020408,0
c9e4d35f-aeae-462b-a8bf-e08d09a93b6e,2,21,0.016431,0
c9e4d35f-aeae-462b-a8bf-e08d09a93b6e,2,22,0.032517,0
c9e4d35f-aeae-462b-a8bf-e08d09a93b6e,2,23,0.025953,0
c9e4d35f-aeae-462b-a8bf-e08d09a93b6e,2,24,0.018623,0
c9e4d35f-aeae-462b-a8bf-e08d09a93b6e,2,25,0.012448,0
c9e4d35f-aeae-462b-a8bf-e08d09a93b6e,2,26,0.012803,0
c9e4d35f-aeae-462b-a8bf-e08d09a93b6e,2,27,0.015484,0
c9e4d35f-aeae-462b-a8bf-e08d09a93b6e,2,28,0.035564,0
c9e4d35f-aeae-462b-a8bf-e08d09a93b6e,2,29,0.011933,0
c9e4d35f-aeae-462b-a8bf-e08d09a93b6e,2,30,0.016216,0
c9e4d35f-aeae-462b-a8bf-e08d09a93b6e,2,31,0.016332,0
c9e4d35f-aeae-462b-a8bf-e08d09a93b6e,2,32,0.024363,0
c9e4d35f-aeae-462b-a8bf-e08d09a93b6e,2,33,0.092524,0
c9e4d35f-aeae-462b-a8bf-e08d09a93b6e,2,34,0.026541,0
c9e4d35f-aeae-462b-a8bf-e08d09a93b6e,2,35,0.117857,0
c9e4d35f-aeae-462b-a8bf-e08d09a93b6e,2,36,0.043047,0
c9e4d35f-aeae-462b-a8bf-e08d09a93b6e,2,37,0.014713,0
c9e4d35f-aeae-462b-a8bf-e08d09a93b6e,3,0,0.039514,0
c9e4d35f-aeae-462b-a8bf-e08d09a93b6e,3,1,0.018668,0
c9e4d35f-aeae-462b-a8bf-e08d09a93b6e,3,2,0.019406,0
c9e4d35f-aeae-462b-a8bf-e08d09a93b6e,3,3,0.398600,0
c9e4d35f-aeae-462b-a8bf-e08d09a93b6e,3,4,0.050101,0
c9e4d35f-aeae-462b-a8bf-e08d09a93b6e,3,5,0.021925,0
c9e4d35f-aeae-462b-a8bf-e08d09a93b6e,3,6,0.026025,0
c9e4d35f-aeae-462b-a8bf-e08d09a93b6e,3,7,0.016999,0
c9e4d35f-aeae-462b-a8bf-e08d09a93b6e,3,8,0.030705,0
c9e4d35f-aeae-462b-a8bf-e08d09a93b6e,3,9,0.011586,0
c9e4d35f-aeae-462b-a8bf-e08d09a93b6e,3,10,0.020222,0
c9e4d35f-aeae-462b-a8bf-e08d09a93b6e,3,11,0.933708,1
c9e4d35f-aeae-462b-a8bf-e08d09a93b6e,3,12,0.037032,0
c9e4d35f-aeae-462b-a8bf-e08d09a93b6e,3,13,0.268503,0
c9e4d35f-aeae-462b-a8bf-e08d09a93b6e,3,14,0.024245,0
c9e4d35f-aeae-462b-a8bf-e08d09a93b6e,3,15,0.037897,0
c9e4d35f-aeae-462b-a8bf-e08d09a93b6e,3,16,0.032258,0
c9e4d35f-aeae-462b-a8bf-e08d09a93b6e,3,17,0.107557,0
c9e4d35f-aeae-462b-a8bf-e08d09a93b6e,3,18,0.033496,0
c9e4d35f-aeae-462b-a8bf-e08d09a93b6e,3,19,0.018734,0
c9e4d35f-aeae-462b-a8bf-e08d09a93b6e,3,20,0.051845,0
c9e4d35f-aeae-462b-a8bf-e08d09a93b6e,3,21,0.041644,0
e71d149d-0426-43f0-87e8-8c611dad7205,1,0,0.179893,0
e71d149d-0426-43f0-87e8-8c611dad7205,1,1,0.025855,0
e71d149d-0426-43f0-87e8-8c611dad7205,1,2,0.935829,1
e71d149d-0426-43f0-87e8-8c611dad7205,1,3,0.174389,0
e71d149d-0426-43f0-87e8-8c611dad7205,1,4,0.271886,0
e71d149d-0426-43f0-87e8-8c611dad7205,1,5,0.025384,0
e71d149d-0426-43f0-87e8-8c611dad7205,1,6,0.023770,0
e71d149d-0426-43f0-87e8-8c611dad7205,1,7,0.025521,0
e71d149d-0426-43f0-87e8-8c611dad7205,1,8,0.030871,0
e71d149d-0426-43f0-87e8-8c611dad7205,1,9,0.021466,0
e71d149d-0426-43f0-87e8-8c611dad7205,1,10,0.071860,0
e71d149d-0426-43f0-87e8-8c611dad7205,1,11,0.205138,0
e71d149d-0426-43f0-87e8-8c611dad7205,1,12,0.036899,0
e71d149d-0426-43f0-87e8-8c611dad7205,1,13,0.163829,0
e71d149d-0426-43f0-87e8-8c611dad7205,1,14,0.015577,0
e71d149d-0426-43f0-87e8-8c611dad7205,1,15,0.020080,0
e71d149d-0426-43f0-87e8-8c611dad7205,1,16,0.013855,0
e71d149d-0426-43f0-87e8-8c611dad7205,1,17,0.018447,0
e71d149d-0426-43f0-87e8-8c611dad7205,1,18,0.033693,0
e71d149d-0426-43f0-87e8-8c611dad7205,1,19,0.150303,0
e71d149d-0426-43f0-87e8-8c611dad7205,1,20,0.135844,0
e71d149d-0426-43f0-87e8-8c611dad7205,1,21,0.205683,0
e71d149d-0426-43f0-87e8-8c611dad7205,1,22,0.985542,1
e71d149d-0426-43f0-87e8-8c611dad7205,1,23,0.394748,0
e71d149d-0426-43f0-87e8-8c611dad7205,1,24,0.034048,0
e71d149d-0426-43f0-87e8-8c611dad7205,1,25,0.097209,0
e71d149d-0426-43f0-87e8-8c611dad7205,1,26,0.019254,0
e71d149d-0426-43f0-87e8-8c611dad7205,1,27,0.019968,0
e71d149d-0426-43f0-87e8-8c611dad7205,2,0,0.045583,0
e71d149d-0426-43f0-87e8-8c611dad7205,2,1,0.014567,0
e71d149d-0426-43f0-87e8-8c611dad7205,2,2,0.365130,0
e71d149d-0426-43f0-87e8-8c611dad7205,2,3,0.033269,0
e71d149d-0426-43f0-87e8-8c611dad7205,2,4,0.060000,0
e71d149d-0426-43f0-87e8-8c611dad7205,2,5,0.014162,0
e71d149d-0426-43f0-87e8-8c611dad7205,2,6,0.246033,0
e71d149d-0426-43f0-87e8-8c611dad7205,2,7,0.469147,0
e71d149d-0426-43f0-87e8-8c611dad7205,2,8,0.093470,0
e71d149d-0426-43f0-87e8-8c611dad7205,2,9,0.922778,1
e71d149d-0426-43f0-87e8-8c611dad7205,2,10,0.015965,0
e71d149d-0426-43f0-87e8-8c611dad7205,2,11,0.082650,0
e71d149d-0426-43f0-87e8-8c611dad7205,2,12,0.016166,0
e71d149d-0426-43f0-87e8-8c611dad7205,2,13,0.935100,1
e71d149d-0426-43f0-87e8-8c611dad7205,2,14,0.065177,0
e71d149d-0426-43f0-87e8-8c611dad7205,2,15,0.016796,0
e71d149d-0426-43f0-87e8-8c611dad7205,2,16,0.019491,0
e71d149d-0426-43f0-87e8-8c611dad7205,2,17,0.814667,1
e71d149d-0426-43f0-87e8-8c611dad7205,2,18,0.024358,0
e71d149d-0426-43f0-87e8-8c611dad7205,2,19,0.019187,0
e71d149d-0426-43f0-87e8-8c611dad7205,3,0,0.352693,0
e71d149d-0426-43f0-87e8-8c611dad7205,3,1,0.017861,0
e71d149d-0426-43f0-87e8-8c611dad7205,3,2,0.034802,0
e71d149d-0426-43f0-87e8-8c611dad7205,3,3,0.017222,0
e71d149d-0426-43f0-87e8-8c611dad7205,3,4,0.023031,0
e71d149d-0426-43f0-87e8-8c611dad7205,3,5,0.020866,0
e71d149d-0426-43f0-87e8-8c611dad7205,3,6,0.030581,0
e71d149d-0426-43f0-87e8-8c611dad7205,3,7,0.042689,0
e71d149d-0426-43f0-87e8-8c611dad7205,3,8,0.047395,0
e71d149d-0426-43f0-87e8-8c611dad7205,3,9,0.032708,0
e71d149d-0426-43f0-87e8-8c611dad7205,3,10,0.027578,0
e71d149d-0426-43f0-87e8-8c611dad7205,3,11,0.024536,0
e71d149d-0426-43f0-87e8-8c611dad7205,3,12,0.026080,0
e71d149d-0426-43f0-87e8-8c611dad7205,3,13,0.027645,0
e71d149d-0426-43f0-87e8-8c611dad7205,3,14,0.015163,0
e71d149d-0426-43f0-87e8-8c611dad7205,3,15,0.016719,0
e71d149d-0426-43f0-87e8-8c611dad7205,3,16,0.014866,0
e71d149d-0426-43f0-87e8-8c611dad7205,3,17,0.017103,0
e71d149d-0426-43f0-87e8-8c611dad7205,3,18,0.016682,0
e71d149d-0426-43f0-87e8-8c611dad7205,3,19,0.040776,0
e71d149d-0426-43f0-87e8-8c611dad7205,3,20,0.096157,0
