word,mean_abs_shap,mean_shap,count
heartlessness,0.7672851327806711,0.7672851327806711,1
flippantly,0.6344421135727316,0.6344421135727316,1
lashed,0.4837222024798393,0.4837222024798393,1
antisemitic.,0.4799182843416929,0.4799182843416929,1
dubious,0.4655807241409396,0.4655807241409396,1
flippancy,0.4524725587107241,0.4524725587107241,1
nasty,0.40546080842614174,0.40546080842614174,1
blasted,0.38372170998870087,0.38372170998870087,1
junkies,0.37682334100827575,0.37682334100827575,1
sandbag,0.3680885173380375,0.3680885173380375,1
guzzling,0.3638334373943508,0.3638334373943508,1
predominantly,0.33880832325667143,0.33880832325667143,1
gruesome,0.3387801083154045,0.3387801083154045,1
mobs,0.3372465050779283,0.3372465050779283,1
"throes,",0.3292953912168741,0.3292953912168741,1
astonishing,0.32814653823152184,0.32814653823152184,1
monkey,0.31973942508921027,0.31973942508921027,1
astute,0.31956381909549236,0.31956381909549236,1
"unbelievable,",0.3063951497897506,0.3063951497897506,1
quaint,0.2991351213422604,0.2991351213422604,1
archivist,0.2986172966193408,0.2986172966193408,1
illegal,0.288310128293233,0.288310128293233,2
fumbling,0.2805667882785201,0.2805667882785201,1
unfortunately,0.2750467950478196,0.2750467950478196,1
transphobic,0.2729317657649517,0.2729317657649517,1
claimed,0.2652698931051418,0.2652698931051418,3
berated,0.24519300790658843,0.24519300790658843,1
bizarre,0.24409796518739313,0.24409796518739313,2
outright,0.2435336442431435,0.2435336442431435,1
walloped,0.23518559243530035,0.23518559243530035,1
racist,0.23357947077602148,0.23357947077602148,1
glossy,0.23338146274909377,0.23338146274909377,1
pretending,0.23307504137046636,0.23307504137046636,1
ardently,0.2310233328025788,0.2310233328025788,1
vicious,0.21603707363829017,0.21603707363829017,1
hipsters,0.21206139354035258,0.21206139354035258,1
mocking,0.21142438473179936,0.21142438473179936,1
foul,0.2107326805125922,0.2107326805125922,1
brutal,0.2091149577172473,0.2091149577172473,1
ideology,0.2084648218523297,0.2084648218523297,2
foaming,0.20241939462721348,0.20241939462721348,1
misogyny,0.195754315238446,0.195754315238446,1
fierce,0.19416907080449164,0.19416907080449164,1
extraordinarily,0.18747842707671225,0.18747842707671225,1
because’’,0.1869507528608665,0.1869507528608665,1
mouthed,0.18540988396853209,0.18540988396853209,1
"restrictions,",0.1839380046663185,0.1839380046663185,1
mockery,0.18103215661473,0.18103215661473,2
claiming,0.18001085659489036,0.18001085659489036,2
mouth,0.17930989188607782,0.17930989188607782,1
propaganda,0.1791419885121286,0.1791419885121286,1
ghouls,0.17506803246214986,0.17506803246214986,1
d),0.17481378947074216,0.17481378947074216,1
big,0.16889814473688602,0.16889814473688602,1
aliens.,0.16515331208938733,0.16515331208938733,1
lied,0.16402330435812473,0.16402330435812473,1
bombshell:,0.16311651305295527,0.16311651305295527,1
busting,0.16052688332274556,0.16052688332274556,1
"unfortunately,",0.1603509337020417,0.1603509337020417,2
erupting,0.15967505052685738,0.15967505052685738,1
liberal’’,0.15965483321342616,0.15965483321342616,1
claimed.,0.1593395640763144,0.1593395640763144,1
conspiracy,0.15896978365878264,0.15896978365878264,2
idiotic,0.15547212841920555,0.15547212841920555,1
depression.,0.15469717932865024,0.15469717932865024,1
leftists,0.152801276057116,0.152801276057116,3
ridiculous,0.1526144732693758,0.1526144732693758,1
opponents,0.15252038720063865,-0.15252038720063865,1
"racism,",0.14795295428484678,0.14795295428484678,1
massive,0.14762238695596655,0.14762238695596655,3
propel,0.14724048599600792,0.14724048599600792,1
claim,0.14556570568657481,0.14556570568657481,5
fanatics,0.14375326215910414,0.14375326215910414,1
himself,0.14329474791884422,0.14329474791884422,1
repeats,0.1418514046818018,0.1418514046818018,1
vaunted,0.1398713276721537,0.1398713276721537,1
prioritize,0.13760019093751907,-0.13760019093751907,1
deeply,0.1374839146155864,0.1374839146155864,1
dichotomy,0.1365571664646268,0.1365571664646268,1
saluting,0.1351703634718433,0.1351703634718433,1
limelight,0.13349108956754208,0.13349108956754208,1
attacked,0.13317303772782907,0.13317303772782907,1
false,0.1314655967677633,0.1314655967677633,2
subversive,0.13109703222289681,0.13109703222289681,1
demonizing,0.13089163228869438,0.13089163228869438,1
disaster,0.1301362735943662,0.1301362735943662,1
fascism.,0.12986117787659168,0.12986117787659168,1
criminalized.,0.1278666114168508,0.1278666114168508,1
people’’,0.12774965073913336,0.12774965073913336,1
throes,0.12668919057718345,0.12668919057718345,1
business.,0.1262333290806661,0.1262333290806661,2
drastic,0.12603776354143129,0.12603776354143129,3
nationalism.,0.1258109096282472,0.1258109096282472,1
trolls,0.12376960925757885,0.12376960925757885,1
"oppressive,",0.12352629418351821,0.12352629418351821,1
unready,0.1232810141518712,0.1232810141518712,1
fervently,0.12266721995547414,0.12266721995547414,1
monsters,0.12265987298451364,0.12265987298451364,1
called,0.12227599638447696,0.11436250725029302,7
claims,0.12045275685280406,0.12045275685280406,6
left',0.1175422789528966,0.1175422789528966,1
a““””,0.11702579393750057,0.11702579393750057,1
ordeal.,0.11651137975665429,0.11651137975665429,1
sickening,0.1152741244683663,0.1152741244683663,1
misogynistic,0.11467392398044468,0.11467392398044468,1
megaphonefor,0.11403285219178845,0.11403285219178845,1
"england,",0.11367996037006378,-0.11367996037006378,1
"dangerously,",0.11346403394127264,0.11346403394127264,1
"consulate,",0.11287667083864411,0.11287667083864411,1
establishment.,0.1125445500947535,0.1125445500947535,1
disguised,0.11231559654697776,0.11231559654697776,1
pedophiles,0.1122414720399926,0.1122414720399926,1
shutdown,0.11028294075513259,0.11028294075513259,1
death.,0.10953162199851868,0.10953162199851868,2
purportedly,0.10941402026219293,0.10941402026219293,1
coddle,0.10809915512800217,0.10809915512800217,1
primate,0.10772716058861642,-0.10772716058861642,1
july,0.10756304208189249,-0.10756304208189249,1
mainstream,0.10727496781403682,0.10727496781403682,3
goddamn,0.10643010586500168,0.10643010586500168,1
celebrity,0.1061400295002386,0.1061400295002386,1
elites.,0.10551797409513683,0.10551797409513683,1
lecturing,0.10452732443809509,0.10452732443809509,1
theologically,0.10410425160080194,0.10410425160080194,1
dandy,0.10405116120819002,0.10405116120819002,1
bounty,0.10341696254909039,0.10341696254909039,1
"grandpas,",0.1025738419944441,-0.1025738419944441,1
watchdogs,0.10152855558941762,0.10152855558941762,1
americans’’,0.1009076335134783,0.1009076335134783,1
kurz,0.10069909645244479,-0.10069909645244479,1
rush,0.09945956155812989,0.09945956155812989,1
gobble,0.09935242123901844,0.09935242123901844,1
supremacy,0.09909962309757248,0.09909962309757248,2
terrorists.,0.09897713921964169,0.09897713921964169,1
lack,0.09870160650461912,0.09870160650461912,1
"resembles""",0.09846767247654498,0.09846767247654498,1
"so,",0.09713461436331272,0.09713461436331272,1
"irrelevant,",0.09690862687615057,0.09690862687615057,1
bastard,0.09665729710832238,0.09665729710832238,1
ashamed,0.09496110579930246,0.09496110579930246,1
radical,0.0946448948687046,0.0946448948687046,3
vow,0.09454052336513996,-0.09454052336513996,1
parents.,0.0943548921495676,-0.0943548921495676,1
"dissent,",0.09424921311438084,-0.09424921311438084,1
"birmingham,",0.09422674737704385,-0.09422674737704385,1
sexism,0.09413775493535999,0.09413775493535999,1
asking,0.09401983092539012,-0.09401983092539012,1
highlights,0.09384670434519649,-0.09384670434519649,1
sweep,0.0937753552570939,0.0937753552570939,1
unwelcome,0.09376430348493159,0.09376430348493159,1
"control,",0.09369491858718296,0.09369491858718296,1
bjp).,0.09354499820619822,-0.09354499820619822,1
armed,0.09346573962830007,0.09346573962830007,2
"tag,",0.09328455130259196,-0.09328455130259196,1
poisonings,0.0928040633443743,0.0928040633443743,1
perverted,0.09213000815361738,0.09213000815361738,1
abusive,0.09211155635282575,0.09211155635282575,1
vehemently,0.09190803175442852,0.09190803175442852,1
best,0.09165667928755283,-0.09165667928755283,1
increases,0.0914362445473671,-0.0914362445473671,1
polls,0.09037388558499515,-0.07984112459234893,2
liberal,0.09036121393243471,0.09036121393243471,2
establishments,0.08982210495353987,0.08982210495353987,1
internet,0.08909625746309757,0.08909625746309757,2
totally,0.0888076254632324,0.0888076254632324,1
"endless,",0.08861060409496227,0.08861060409496227,1
slammed,0.0881566645340154,0.0881566645340154,1
home.””,0.08756513782551117,0.08756513782551117,1
terrorists,0.08717012757202611,0.08717012757202611,1
about’’,0.08700210507959127,0.08700210507959127,1
shoot,0.08613365306518972,0.08613365306518972,1
booklet,0.08601617394015193,-0.08601617394015193,1
bigots,0.08592166875799497,0.08592166875799497,1
actto,0.08565326360985637,-0.08565326360985637,1
is““””,0.0851044648334325,0.0851044648334325,1
enoughand,0.08459761265354851,-0.08459761265354851,1
worryingly,0.08437362592667341,0.08437362592667341,1
mob,0.08411536874648716,0.08411536874648716,1
"agenda,",0.08379562059417367,0.08379562059417367,1
fanfare,0.08335896860808134,0.08335896860808134,1
portmans,0.08330887230113149,-0.08330887230113149,1
asserted,0.08302660216577351,0.08302660216577351,1
five,0.08290441619465128,-0.08290441619465128,1
infested,0.08231947600531081,0.08231947600531081,1
exploitation,0.082316851883661,0.082316851883661,1
unscripted,0.08169327406212687,0.08169327406212687,1
widespread,0.08080691161255042,0.08080691161255042,1
demagogues,0.0807702480815351,0.0807702480815351,1
liberals,0.08018512722314793,0.08018512722314793,2
barely),0.07949654466938227,0.07949654466938227,1
exactly,0.07937584219810863,0.07937584219810863,1
hostage),0.07909884094260633,0.07909884094260633,1
"uganda,",0.07899063488002867,-0.07899063488002867,1
accomplished,0.07870204781647772,-0.07870204781647772,1
avowed,0.07800656735288122,0.07800656735288122,1
hatred.,0.07742361103767878,0.07742361103767878,1
tragic,0.0771052603560843,0.0771052603560843,1
ideology.,0.07692273494859153,0.07692273494859153,1
feral,0.07653352672544618,0.07653352672544618,1
step,0.07637651171535254,-0.07637651171535254,1
abortions.,0.07626043586060405,0.07626043586060405,1
madness,0.07588201551698148,0.07588201551698148,1
fantasy.,0.07541778358808231,0.07541778358808231,1
disturbing,0.07477493611319612,0.07477493611319612,1
memoranda,0.07471288577653468,-0.07471288577653468,1
woke,0.07403677769914446,0.07403677769914446,3
s.””,0.07399529285196747,0.07399529285196747,1
comical,0.07341934192097849,0.07341934192097849,1
been““””,0.07341768797487021,0.07341768797487021,1
"america,",0.0732133003262182,0.0732133003262182,1
should““,0.07283968655836015,-0.07283968655836015,1
contorted,0.07275012647733092,0.07275012647733092,1
"causes,",0.07262755738338456,-0.07262755738338456,1
2015““,0.0724818300222978,-0.0724818300222978,1
line,0.0723140238551423,-0.0723140238551423,1
partisan,0.07211868704244909,0.07211868704244909,2
messages,0.07206491148099303,0.07206491148099303,1
fascistic,0.07205652913007025,0.07205652913007025,1
extremism,0.07203701743856072,0.07203701743856072,1
of““,0.07196601054498128,0.07196601054498128,1
reopen,0.07178971724351868,-0.07178971724351868,1
it’’s,0.07154850475490093,0.07154850475490093,1
"region,",0.07091614431701601,-0.07091614431701601,1
plan.,0.07084863120689988,-0.07084863120689988,1
appearance.’’,0.07075127746377673,0.07075127746377673,1
flopping,0.07046636892482638,0.07046636892482638,1
socialism.,0.07032624785123126,0.07032624785123126,1
"had,",0.07019919902086258,0.07019919902086258,1
icon,0.0698320078663528,0.0698320078663528,1
"states,""",0.06979769216074298,-0.06979769216074298,1
"sotomayor,",0.06958254519850016,-0.06958254519850016,1
"qanon,",0.06936483830213547,-0.06936483830213547,1
"later.""",0.06897266732994467,-0.06897266732994467,1
"politicians,",0.0683434506257375,0.0683434506257375,1
have““””,0.0679885658952925,0.0679885658952925,1
shit””,0.06740540976946552,0.06740540976946552,1
"shortages,",0.06690965797234741,-0.06690965797234741,1
downplayed,0.06652701546304993,0.06652701546304993,1
disgusting,0.06645899103023112,0.06645899103023112,1
child””,0.06640633766849835,0.06640633766849835,1
violent,0.06621245632968134,0.06621245632968134,1
burned,0.06614208285463974,0.06614208285463974,1
rebuked,0.06556127965450287,-0.06556127965450287,1
"peace,””",0.06461895005777478,0.06461895005777478,1
"demonstrated,",0.06433840673416852,0.06433840673416852,1
threatens,0.06387862749397755,0.06387862749397755,1
continues,0.06378793347702252,0.04983089911128285,3
juggernaut,0.06347524777187832,0.06347524777187832,1
arbitrary,0.0634660895448178,0.0634660895448178,1
zenecas,0.06339392411367348,-0.06339392411367348,1
total,0.06329337208881043,0.05361084562609904,2
facing““””,0.06248523504473269,0.06248523504473269,1
nods,0.062448896234855056,0.062448896234855056,1
stories.,0.06212602260832985,0.06212602260832985,1
"unpopular,",0.06205971632152796,0.06205971632152796,1
pandemic.,0.06205278061112607,0.06205278061112607,2
"meanwhile,",0.0619921216275543,0.0619921216275543,1
was““,0.06176353129558265,0.06176353129558265,1
political,0.06159027309309838,0.06159027309309838,8
dehumanizing,0.06157320644706488,0.06157320644706488,1
controversial,0.06089481319355258,0.06089481319355258,2
irans,0.06074746500235051,-0.06074746500235051,1
activist,0.06027546249485264,0.06027546249485264,2
tweeted““,0.0595957210753113,-0.0595957210753113,1
celebritys,0.05946769111324102,0.05946769111324102,1
cult.,0.0591579726697611,0.0591579726697611,1
"policies,",0.05877821147441864,0.05877821147441864,1
spread.,0.05872882046444597,0.05872882046444597,1
expensive,0.058570925146341324,0.058570925146341324,1
media,0.05836408897746532,0.05836408897746532,7
services,0.05809600232169032,-0.05809600232169032,1
bundys,0.05802625752985477,0.05802625752985477,1
hearted,0.058010109301124296,0.058010109301124296,1
despite’’,0.05782430898398161,0.05782430898398161,1
totalitarian,0.05756624635647643,0.05756624635647643,1
reelection,0.05745052406564355,-0.05745052406564355,1
seem,0.05743487272411585,0.05743487272411585,1
criminalization,0.05731803202070296,0.05731803202070296,1
allegedly,0.057251276361057535,0.057251276361057535,2
breitbart,0.056974870909471065,0.056974870909471065,1
hailing,0.05693165957927704,0.05693165957927704,1
2019.””,0.056732626461113496,0.056732626461113496,1
"sadly,",0.05673130243226435,0.05673130243226435,1
"year,",0.05671097774757072,-0.05671097774757072,1
reality,0.056431901982674997,0.056431901982674997,1
came.””,0.05638878674556812,0.05638878674556812,1
background,0.05619469587691128,-0.05619469587691128,1
shows.,0.056149879160026714,-0.056149879160026714,1
apology,0.05613965482916683,0.05613965482916683,1
scared,0.056109887573661074,0.056109887573661074,1
apparently,0.05602137922930221,0.05602137922930221,1
calling““,0.05540959117934108,0.05540959117934108,1
theatrical,0.05521309468895197,0.05521309468895197,1
neck.,0.055185280119379364,0.055185280119379364,1
operate.,0.05501114980434067,-0.05501114980434067,1
the’’,0.054948927155320154,0.05285867447626562,8
fidel’’,0.05470747962993171,0.05470747962993171,1
dog.,0.0544200318865478,0.0544200318865478,1
lecture.,0.05409595787059515,0.05409595787059515,1
nationalist,0.053896362728084485,0.053896362728084485,1
bursting,0.053811507765203714,0.053811507765203714,1
created,0.053733828477561474,-0.053733828477561474,1
charge,0.05344385374337435,-0.05344385374337435,1
"point,",0.05337785634522636,0.05337785634522636,1
violently,0.05327953939558938,0.05327953939558938,1
utah,0.053166889352723956,-0.053166889352723956,1
party,0.053142412724129916,0.053142412724129916,2
regard,0.053074390860274434,0.053074390860274434,1
"nixon,",0.0529765806471308,0.0529765806471308,1
p.,0.05283281626179814,-0.05283281626179814,1
oversized,0.05220008874312043,0.05220008874312043,1
legs,0.05215205007698387,0.05215205007698387,1
senate.,0.05210988353937864,0.05210988353937864,1
nationalism,0.0519506416388876,0.0519506416388876,2
absolutely,0.05193211093407474,0.05193211093407474,2
point.,0.05185082596726716,0.05185082596726716,1
party(,0.05175325218908211,-0.04242334441446732,2
insurgents.,0.051629109175077514,0.051629109175077514,1
catastropheif,0.051547810435295105,0.051547810435295105,1
left,0.05151725100571819,0.04670015324746477,6
now.,0.051501206793112764,0.0042930113739289705,2
huge,0.051171247847378254,0.051171247847378254,1
like,0.0511122087151801,0.0511122087151801,9
medias,0.05109988944604993,0.05109988944604993,1
eugenicists,0.0506735954965864,0.0506735954965864,1
completely,0.05043113619710008,0.05043113619710008,1
moscow,0.05035449398565106,0.05035449398565106,2
"censorship,",0.0498281866312027,0.0498281866312027,1
mock,0.04979215766952345,0.04979215766952345,1
movie““,0.0497149863280356,0.0497149863280356,1
intimidate,0.04965484435670078,0.04965484435670078,1
ravings,0.049620872012832586,0.049620872012832586,1
to““””,0.049575309298864015,0.0439391173901101,2
"moreover,",0.04952449026997342,0.04952449026997342,1
banning,0.049427714464919906,-0.049427714464919906,1
fun,0.049364069709554315,0.049364069709554315,1
trump.,0.04923781578351433,0.04923781578351433,2
"orders,",0.049199203709657816,0.049199203709657816,2
unsustainable.,0.04889625738514891,0.04889625738514891,1
drink,0.048886144533753395,0.048886144533753395,1
academic,0.04886578395962715,0.04886578395962715,2
minds.,0.048854220658540726,-0.048854220658540726,1
sonia,0.048761011101305485,-0.048761011101305485,1
specifically,0.04863932335283607,0.04863932335283607,1
owners.,0.04847547776686649,0.04847547776686649,1
kutcher,0.04836554848589003,-0.04836554848589003,1
"roe,””",0.048326932171004866,0.048326932171004866,1
not““””,0.048106528319684524,0.011282428600160137,2
pornand,0.04791975373934422,0.04791975373934422,1
touting’’,0.04788448395601545,0.04788448395601545,1
blasting,0.04787553891591314,0.04787553891591314,1
popularity,0.047875038580968976,0.047875038580968976,1
politically,0.04769585018511861,0.04769585018511861,1
downand,0.04767793628076712,0.04767793628076712,1
activists,0.04762179142950723,0.04575473033667852,3
times,0.04758002143353224,0.04758002143353224,1
rocks.,0.047535454122615714,0.047535454122615714,1
collapsed.,0.04737317654733345,0.04737317654733345,1
supremacy.,0.04712743281076352,0.04712743281076352,1
ernsts,0.04704441432841122,0.04704441432841122,1
duel.,0.046994660049676895,0.046994660049676895,1
demanded,0.04692891668140267,-0.04692891668140267,2
gaffes,0.04692771152726241,0.04692771152726241,1
conservative,0.04678475010552488,0.04678475010552488,2
migrants,0.04674094678208495,0.020779906117093908,3
lgbt,0.04665137855668685,0.04665137855668685,1
this’’,0.046645349357277155,0.046645349357277155,1
sanders,0.04663427469010154,-0.04663427469010154,1
expression.’’,0.046625579176752856,0.046625579176752856,1
cant,0.04660716044184353,0.04660716044184353,1
voters,0.046548059675842524,-0.046548059675842524,1
clear,0.04652489139698446,-0.04652489139698446,1
science,0.04645757432111359,0.04645757432111359,2
sight,0.04639429715462029,0.04639429715462029,1
mean,0.04623341364786029,-0.023468563426285984,2
of’’,0.04617099866754823,0.04164187800312552,5
fsb,0.04615854378789663,-0.04615854378789663,1
politics,0.046065208269283175,0.046065208269283175,1
it’’,0.0460534876175715,0.0460534876175715,2
university,0.04602219376413684,-0.04602219376413684,1
everything,0.04593201931283781,0.04593201931283781,1
"online,",0.045741272841890654,0.045741272841890654,1
hell,0.04544775700196624,0.04544775700196624,1
"vaccine.""",0.045404129195958376,0.045404129195958376,1
theories,0.04540050274781173,0.04540050274781173,2
to’’,0.045257665449753404,0.045257665449753404,1
"saying,““",0.04517523243792004,0.04517523243792004,1
disarray.,0.04494247119873762,0.04494247119873762,1
needs,0.04494086746126413,-0.04494086746126413,1
cuts.,0.044940698674569526,0.044940698674569526,1
institution,0.044915555976331234,0.044915555976331234,1
"behavior,",0.04481511074118316,0.04481511074118316,1
gone,0.044775363846888974,0.044775363846888974,2
"denunciation,",0.044775040820240974,0.044775040820240974,1
seems,0.04477146055017199,0.04477146055017199,2
"terrifying,",0.044757050151626274,0.044757050151626274,1
"melons,",0.044717274885624644,0.044717274885624644,1
insistence,0.04457417712546885,0.04457417712546885,1
revelation,0.044435268035158515,0.044435268035158515,1
thessaloniki,0.04434297978878021,-0.04434297978878021,1
pledge,0.0442720043938607,-0.0442720043938607,1
orthodox,0.044141859747469425,0.044141859747469425,1
liable,0.044052210287190974,0.044052210287190974,1
cuba.,0.04380188406711178,0.04380188406711178,1
and””,0.043795347317312355,0.043795347317312355,1
as““,0.043739561324140856,0.043739561324140856,1
"however,",0.0435711912534855,0.0435711912534855,3
subordinated,0.04355715013419588,0.04355715013419588,1
refugees,0.04353177019705375,0.04353177019705375,1
businessman,0.04340476218300561,0.04340476218300561,2
is””,0.043402684949493654,-0.01583653453659887,2
weaponizing,0.04319057219613392,0.04319057219613392,1
"laws,",0.043082954650301306,-0.043082954650301306,1
ain,0.0430623609572649,0.0430623609572649,1
private,0.0429219122355183,0.0429219122355183,1
agitators,0.042919228996404185,0.042919228996404185,1
watching,0.042832694947719574,-0.03802427649497986,2
whirlwind,0.04265808745653236,0.04265808745653236,1
male’’,0.04262825788464397,0.04262825788464397,1
pathological,0.042558309807003855,0.042558309807003855,1
dangling,0.042541875003371386,-0.042541875003371386,1
that’’,0.042484142762773174,0.042484142762773174,1
christine,0.04242237446208795,-0.04242237446208795,1
argued,0.04242114978842437,-0.04242114978842437,1
virginia,0.042415676172822714,-0.042415676172822714,2
"media,",0.04236393320477671,0.04236393320477671,1
basic,0.04229005184024572,0.04229005184024572,1
present.,0.042003027917373745,0.042003027917373745,1
"ignorant,",0.04194658723038931,0.04194658723038931,1
actually,0.04189573381753529,0.04189573381753529,1
persecutions,0.04189011745620519,0.04189011745620519,1
with““,0.04188421067415869,0.04188421067415869,2
monday,0.04181413926805059,-0.04181413926805059,6
clarify.,0.04175383442391952,0.04175383442391952,1
decide,0.04151669540442526,-0.04151669540442526,1
journalists,0.04142893458166244,0.04142893458166244,1
offering,0.041410260600969195,-0.041410260600969195,1
virus.,0.041355086490511894,0.041355086490511894,1
ling,0.04133667227708631,0.04133667227708631,1
"channel,",0.04116625674068927,-0.04116625674068927,1
resembling,0.041091813902872115,0.041091813902872115,1
"black,""",0.04100421443581581,-0.04100421443581581,1
took,0.04099022247828543,-0.018201538904880483,3
emerges,0.04096746905706823,0.04096746905706823,1
engagement,0.04095096909441054,-0.04095096909441054,1
simultaneously,0.0409186698962003,0.0409186698962003,1
"i,",0.0409004339016974,-0.0409004339016974,1
perhaps,0.04086103069130331,0.04086103069130331,2
weve,0.040783626260235906,0.040783626260235906,1
compliant,0.040780515611792606,0.040780515611792606,2
clarke,0.040760304720606655,-0.040760304720606655,1
centres,0.04075961345030616,-0.04075961345030616,1
whirlpool,0.040642231097444886,-0.040642231097444886,1
so,0.04048363487611256,0.029989042128376855,11
acceptable,0.04044897994026542,-0.04044897994026542,1
congresswomen,0.04032655233251197,-0.04032655233251197,1
78,0.04031839151866734,-0.04031839151866734,2
constant,0.040017146436083645,0.040017146436083645,1
getting,0.03999855514017067,0.03999855514017067,2
ignore,0.0399712179787457,0.0399712179787457,1
hellbent,0.03996067200343879,0.03996067200343879,1
girlsand,0.03990383660420775,-0.03990383660420775,1
among,0.039875895233445924,-0.03693164061903314,5
to(,0.03961497665538142,0.03961497665538142,1
travel.,0.03953206849594911,0.03953206849594911,1
failed,0.03937457917645652,0.03937457917645652,5
quarters,0.03934174432652071,-0.03934174432652071,1
feature,0.03922181378584355,-0.03922181378584355,1
impossible.,0.03920616597558061,0.03920616597558061,1
matter.,0.03913501161150634,-0.03913501161150634,1
friend,0.03907722607254982,0.03907722607254982,1
shtick,0.0390149608720094,0.0390149608720094,1
scheming,0.038968734443187714,0.038968734443187714,1
episode,0.03892886801622808,0.03892886801622808,1
toxic,0.03883003525865766,0.03883003525865766,1
terengganu,0.038768874326099954,-0.038768874326099954,1
essentially:,0.03869320831394621,0.03869320831394621,1
obamacare,0.03854128358264764,0.036987887571255366,3
various,0.03849267176701687,0.03849267176701687,2
sale,0.038342667859978974,-0.038342667859978974,1
negotiate,0.0383424651550336,-0.0383424651550336,1
soros,0.038313291035592556,0.038313291035592556,1
buttigieg(,0.03817485660935442,-0.03817485660935442,1
should,0.038110703529257856,-0.038110703529257856,2
strangled,0.03806407505180687,0.03806407505180687,1
ownantifa,0.03804819844663143,-0.03804819844663143,1
summer’’s,0.038007927049572274,0.038007927049572274,1
basement,0.037987182413538295,0.037987182413538295,1
merril,0.037967703571277,-0.037967703571277,1
travel,0.03787747361153985,-0.03495239049273854,2
correctness,0.03786039212718606,0.03786039212718606,1
act.””,0.03785223855326573,0.03785223855326573,1
extremists,0.037736867392873935,0.037736867392873935,1
italy,0.03759679797157231,-0.03759679797157231,1
women.,0.037572265928611154,0.037572265928611154,2
educating,0.03753736848011613,0.03753736848011613,1
trap,0.037505122425500304,0.037505122425500304,2
facebook,0.037435132112087946,-0.037435132112087946,1
universal,0.03734721732325852,-0.03734721732325852,1
ingrained,0.03723045176971559,0.03723045176971559,1
rich.,0.03716515524623295,0.03716515524623295,1
uganda,0.03712980629255374,-0.03712980629255374,1
behavior.,0.037112659541890025,0.037112659541890025,1
"trump,",0.03710463213782037,0.028606499817247888,3
"right,",0.03702152810654499,0.03702152810654499,2
care.,0.037010252165297665,-0.037010252165297665,1
"coronavirus,",0.036941712722182274,0.036941712722182274,1
bites.,0.036920256395306855,0.036920256395306855,1
flames.,0.036919066682457924,0.036919066682457924,1
audits.,0.036790964024310764,0.036790964024310764,1
"october,",0.03678154629111911,-0.03678154629111911,2
parties,0.03673491772497073,-0.03673491772497073,1
theyre,0.0366982135866933,0.0366982135866933,1
"wealthy,",0.03665618629505237,0.03665618629505237,1
following,0.03640134979330469,-0.03640134979330469,2
invariably,0.036356490717402525,0.036356490717402525,1
especially,0.036321419291198254,0.036321419291198254,1
undermine’’,0.03615896439656527,0.03615896439656527,1
wedded,0.036080797487455935,0.036080797487455935,1
silence,0.036046191770583394,0.036046191770583394,2
gender,0.036039126213066854,0.036039126213066854,1
months.,0.03583225038730436,0.03583225038730436,1
research,0.035742325974362235,-0.035742325974362235,1
devoted,0.03573471459094435,0.03573471459094435,1
trumps,0.03561862899421193,0.03486757024638128,15
cents.,0.03553933626972139,-0.03553933626972139,1
shame.,0.03540413443531309,0.03540413443531309,1
minneapolis,0.035250668771120465,-0.035250668771120465,2
"analysts,",0.035250529646873474,0.035250529646873474,1
vitriol,0.0350625253139207,0.0350625253139207,1
targeted,0.034804096639466785,0.034804096639466785,1
biden,0.03470521719987681,-0.03432733725617817,10
unconscionable,0.03463250443649789,0.03463250443649789,1
pence,0.03460894386128833,0.028328666222902633,3
misguided””,0.0346026032098702,0.0346026032098702,1
confronted,0.03459290484897792,0.03459290484897792,1
"monday,",0.034585106636707975,0.034585106636707975,2
these,0.03447101246741967,0.03447101246741967,5
chaos,0.034453883697278795,0.034453883697278795,2
opposes,0.03443063795566559,-0.03443063795566559,1
farms,0.03442467888170439,-0.03442467888170439,1
bureaucrats,0.034382314840331676,0.034382314840331676,1
violence,0.03437884818413295,-0.028646862920140848,2
mining,0.03430859600415542,0.03430859600415542,1
town,0.03428902843087498,0.023609320387347702,3
dominatingthe,0.03428886511496135,0.03428886511496135,1
trade.,0.034197342338868314,0.034197342338868314,1
vaccine,0.03411722270130556,0.033842172186715494,3
wing,0.03405191619480444,0.03405191619480444,4
judge,0.034012216764191784,-0.034012216764191784,1
contempt,0.0339888974920743,0.0339888974920743,1
seen.,0.0339189273349586,0.0339189273349586,1
sacrosanct.,0.03380975499749184,0.03380975499749184,1
contradict,0.033755991336268686,0.033755991336268686,1
38,0.0336296777240932,-0.0336296777240932,1
"hoge,",0.033590739859001975,-0.033590739859001975,1
mafia,0.03357907307023804,0.03357907307023804,1
group,0.03356758269648205,-0.03356758269648205,5
survivedabortion.,0.033509365510609415,0.033509365510609415,1
dissenters,0.03343636107941469,0.03343636107941469,1
time.,0.033411628256241485,-0.033411628256241485,1
peacefully.,0.03340086527168751,-0.03340086527168751,1
democrats,0.03335364106099683,0.024682856175199296,11
and’’,0.03333206093628649,0.03333206093628649,1
hawley,0.03332047932781279,-0.03332047932781279,1
panel,0.033295318872357406,-0.033295318872357406,1
freebenefits,0.033272431523073465,0.033272431523073465,1
largest,0.033237656210466024,-0.033237656210466024,2
flag,0.03322104271501303,-0.03322104271501303,1
falsely,0.03317373222671449,0.03317373222671449,1
increasingly,0.03313385043293238,0.03313385043293238,1
insisted,0.03312644420657307,0.03312644420657307,2
lgbt””,0.03311579153479005,0.03311579153479005,1
followers.,0.03310706944515308,0.03310706944515308,1
effectively,0.03309963893843815,0.03309963893843815,1
father,0.03308901651429811,0.02707200636255688,2
large,0.03288508418093746,-0.03288508418093746,2
uneven,0.032863676470393934,0.032863676470393934,1
households,0.03286021266831085,-0.03286021266831085,1
recommendations,0.032796223589684814,-0.032796223589684814,1
complicitin,0.03270092498074981,0.03270092498074981,1
floyd,0.03248522707468105,-0.03248522707468105,2
us:,0.03247844660654664,0.03247844660654664,1
professor,0.03246666304767132,-0.03246666304767132,1
dominated,0.03243715843806664,0.03243715843806664,1
banned,0.032425065961433575,0.032425065961433575,2
politicize,0.03238354687623325,0.03238354687623325,1
chaotic,0.03235990437678993,0.03235990437678993,1
bad,0.03234741720370948,0.03234741720370948,1
"them,’’",0.03230808272824756,0.03230808272824756,1
vaccine.,0.032279929534221694,-0.032279929534221694,1
marianne,0.03220056730788201,-0.03220056730788201,1
"checks,",0.03215953474864364,-0.03215953474864364,1
fears.,0.03215291528474717,0.03215291528474717,1
"league,",0.03205710833260257,-0.03205710833260257,1
came,0.03198605286888778,-0.03198605286888778,2
tv,0.031953099494179085,-0.031953099494179085,1
massachusetts.,0.031951178885286764,-0.031951178885286764,1
democratshalf,0.03193580342589744,0.03193580342589744,1
destruction,0.03188159030396491,0.03188159030396491,2
"flation,””",0.03186239282201443,0.03186239282201443,1
apologized,0.03178482397925109,0.03178482397925109,1
"narrative,",0.031604742941757046,0.031604742941757046,1
statement,0.0315695146098733,-0.0315695146098733,1
another,0.031517814844846725,0.031517814844846725,2
pandemic,0.03149158430211185,0.03149158430211185,6
minors,0.03147240192629397,0.03147240192629397,1
"device,",0.031446906815593444,-0.031446906815593444,1
lots,0.03140361392870546,0.03140361392870546,1
kind,0.03137579467147589,0.03137579467147589,2
sob,0.03133748557108144,0.03133748557108144,1
accused,0.03132895355564401,-0.002538562660585298,3
engaging,0.03131233435124159,0.03131233435124159,1
gabbard(,0.03130558496341109,-0.03130558496341109,1
"said,",0.031216580187901855,-0.031216580187901855,1
shades,0.031194080249406397,0.031194080249406397,1
this,0.031183727016754568,0.031160211592885186,17
experts.,0.031137011169145502,0.031137011169145502,1
"disability,",0.031118978552209835,-0.031118978552209835,1
founders.’’,0.031112021163460755,0.031112021163460755,1
slaoui,0.031062436290085316,-0.031062436290085316,1
cells.””,0.03096855055274708,0.03096855055274708,1
colin,0.030962445090670945,-0.030190802551349444,2
herself,0.030945931047123548,0.0307879530688903,2
america,0.030928584687462467,0.027758026907226816,7
massoumeh,0.030861012854690395,0.030861012854690395,1
"texas,",0.03084907867014408,-0.03084907867014408,1
"saturday,",0.030842469935305414,-0.030842469935305414,1
billion,0.030808266682045844,-0.030808266682045844,2
history.,0.030796041091283165,0.030796041091283165,2
seizing,0.030790570774115622,0.030790570774115622,1
wealthy,0.030786823946982622,0.030786823946982622,1
black’’,0.03074506897246465,0.03074506897246465,1
"usage,",0.03068730032795833,0.03068730032795833,1
"miller,",0.030590389389544725,-0.030590389389544725,1
smashed,0.03057593489730997,0.03057593489730997,1
correct,0.03056128805037588,0.03056128805037588,1
pricey,0.03055947662020723,0.03055947662020723,1
jail,0.0305063835112378,0.0305063835112378,1
carolinas,0.03050378430634737,-0.03050378430634737,1
countrys,0.030502665089443326,0.030502665089443326,1
environmentalism,0.03026895851103796,0.03026895851103796,1
2010,0.030202680616639555,-0.030202680616639555,1
denominations,0.030047508887946606,0.030047508887946606,1
"broadly,",0.02994984978189071,0.02994984978189071,1
researchers,0.029895007493905723,-0.029895007493905723,2
ashton,0.02983748773112893,-0.02983748773112893,1
news,0.029835428219909466,0.029835428219909466,6
all.,0.02980263861827552,0.02980263861827552,1
trafficking,0.02978546171863046,0.02978546171863046,1
defendants,0.029764301675770963,-0.029764301675770963,1
viral.,0.02974480794121822,0.02974480794121822,1
infrastructure.,0.02972584865277722,0.02972584865277722,1
"mecca,",0.029686949781275222,-0.029686949781275222,1
communities,0.02967744825097422,0.0003437605531265338,3
exchanges.,0.029617931600660084,0.029617931600660084,1
walking,0.02961610397323966,0.02961610397323966,1
serving,0.02959225327672007,0.02959225327672007,1
busybody,0.029576278198510407,0.029576278198510407,1
say,0.02956109414420401,-0.02956109414420401,3
swiss,0.029525572123626873,-0.029525572123626873,1
across,0.029475280572937447,-0.02804061673010611,7
explanation:,0.029471274930983782,0.029471274930983782,1
pessimism,0.029401096303693273,0.029401096303693273,1
prosecuted,0.029333250131458044,0.029333250131458044,1
instructed,0.029315666561680182,-0.029315666561680182,1
plane,0.029303407606979213,0.029303407606979213,1
alleged,0.029290830716490746,0.029290830716490746,1
"sunday,",0.029209954431280494,-0.029209954431280494,1
shift,0.029189759283326566,-0.029189759283326566,1
sensitivity,0.02918253024108708,0.02918253024108708,1
familiar,0.029158348217606544,0.029158348217606544,1
close,0.02915701235178858,-0.02915701235178858,1
lies,0.02911523694638163,0.02157166914548725,2
human,0.0290821292437613,0.0290821292437613,1
400,0.02900711918482557,-0.02900711918482557,1
trots,0.028935828944668174,0.028935828944668174,1
bloomberg,0.028909813176142052,-0.028909813176142052,2
"thursday,",0.028850076990935336,-0.022915208206934858,2
board,0.028789115604013205,0.028789115604013205,1
is’’,0.028748107375577092,0.028748107375577092,1
starved,0.02874318299850879,0.02874318299850879,1
"lawmakers,",0.028737236202384032,-0.028737236202384032,1
for””,0.028724594460800293,0.028724594460800293,1
teaching,0.028678184549789876,-0.028678184549789876,1
americans.,0.028629835706898102,0.028629835706898102,2
control.,0.028615272883325812,-0.028615272883325812,1
"here,",0.028550385342290006,0.028550385342290006,1
nothing,0.02854655605430404,0.02854655605430404,1
becoming,0.028517432510852814,0.028517432510852814,2
far,0.028511455175094003,0.015023670284636016,4
month,0.02849609707482159,-0.02849609707482159,1
apple,0.02848391840234399,-0.02848391840234399,1
censorious,0.02841454278677702,0.02841454278677702,1
fan,0.028330969624221325,-0.028330969624221325,1
about,0.028292845518387597,0.0224374402043296,12
cortez,0.02828768031163649,0.02828768031163649,1
reporters,0.02826539797189815,0.015124108840774914,2
2020,0.028203504829434678,-0.028203504829434678,2
circus,0.028173909212152164,0.028173909212152164,1
"forgetfulness,",0.028169862926006317,0.028169862926006317,1
drive,0.028108390467241406,0.028108390467241406,1
progressives,0.028103802585974336,0.028103802585974336,1
legally,0.02810219512321055,0.02810219512321055,1
regulation.,0.02809076583944261,0.02809076583944261,1
settlement,0.028075287180642287,-0.028075287180642287,1
loosen,0.028052775422111154,-0.028052775422111154,1
tape.,0.028030285029672086,0.028030285029672086,1
"course,",0.028003709080318608,0.028003709080318608,1
defending,0.027990245987894014,0.027990245987894014,1
clash,0.027970234164968133,0.027970234164968133,1
systemic,0.027950377336570194,0.027950377336570194,1
choice,0.027903156199802954,0.027903156199802954,3
dehumanized,0.027852172756360635,0.027852172756360635,1
executives.,0.027725603198632598,0.027725603198632598,1
eliminate,0.02772408537566662,-0.02772408537566662,1
policy,0.0277188162629803,0.023961603331069153,3
"million,",0.02765064494839559,-0.02765064494839559,1
leaders,0.02761083352379501,-0.02761083352379501,3
such,0.027599525008311806,0.027599525008311806,4
"party,",0.027504860935732723,0.027504860935732723,2
on’’,0.027476960327476263,0.027476960327476263,1
"world,",0.027417743663924438,-0.027417743663924438,2
leaders.,0.0274091730825603,0.0274091730825603,1
results,0.027347481809556484,-0.027347481809556484,1
whims,0.027276522247120738,0.027276522247120738,1
era,0.02725306652331104,0.01763813723033915,2
politicians,0.027217117726104335,0.027217117726104335,2
thats,0.02718325052410364,0.02718325052410364,1
administrations,0.027162902970728767,0.027162902970728767,2
"scott,",0.02697213676292449,-0.02697213676292449,1
amid,0.02693948110875984,-0.02693948110875984,1
quote,0.026896213414147496,0.026896213414147496,1
reported,0.02688545675482601,-0.02688545675482601,1
child,0.02686256961379614,0.02686256961379614,1
feared,0.026832164187605183,0.026832164187605183,1
amini,0.026807020884007215,-0.026807020884007215,1
gathered,0.026752450910862535,-0.026752450910862535,1
consider,0.026702705770730972,-0.026702705770730972,1
million,0.026656643338760156,-0.026656643338760156,3
engineer,0.02663608407601714,0.02663608407601714,1
after’’,0.026627653208863622,0.026627653208863622,1
"daughters,",0.026576094795018435,-0.026576094795018435,1
"moms,",0.026499874889850616,0.026499874889850616,1
own.,0.02647957888742288,-0.02647957888742288,1
safeguards,0.026456622988916934,0.026456622988916934,1
protests,0.02642416224944533,-0.020391413170277487,8
iran’’s,0.026416754932142794,-0.026416754932142794,1
"crime,",0.026395175119184634,0.026395175119184634,1
west.,0.026370227336883545,0.026370227336883545,1
masculinity,0.02627035347171701,0.02627035347171701,1
fsa,0.026237711892463267,-0.026237711892463267,1
grinding,0.0261303472914733,0.0261303472914733,1
doses,0.026127124418659758,0.026127124418659758,1
signed,0.026101601542904973,-0.026101601542904973,1
upon,0.02607438585255295,0.02607438585255295,1
harris,0.026060510193929076,-0.026060510193929076,1
bagh,0.025995133744020543,-0.025995133744020543,1
donald’’,0.025922817810039436,0.024564186044569527,7
even,0.025724513664180687,0.025724513664180687,10
calling,0.025710687196503084,0.025710687196503084,2
34,0.025682093358288208,-0.025682093358288208,1
ocasio,0.025671984958039087,0.025671984958039087,1
wrongdoing.,0.025666591711342335,0.025666591711342335,1
wednesday,0.025640289545453224,-0.025640289545453224,3
creates,0.02563766040839255,0.02563766040839255,1
fever,0.025547334776175292,0.025547334776175292,1
"others,",0.025544910012589146,-0.025544910012589146,1
astra’’,0.02546599220174054,-0.02546599220174054,1
notion,0.02536175982095301,0.02536175982095301,1
presidency.,0.025354587994811557,0.025354587994811557,2
while,0.025348428680029296,0.01988726457514401,7
debt,0.02531870539366667,-0.02531870539366667,3
only““””,0.025294077882011025,0.025294077882011025,1
"payments,",0.025219523081822053,-0.025219523081822053,1
pete,0.02520658657886088,-0.02520658657886088,1
would,0.02519498888282717,-0.02278348073043169,19
shot,0.025147379958070815,-0.025147379958070815,1
ca),0.0250654685410804,-0.0250654685410804,1
alphabet,0.02499267493840307,-0.02499267493840307,1
castros,0.02498499596757548,0.02498499596757548,1
trauma.,0.02489903278183192,0.02489903278183192,1
protection,0.024849614925915375,0.024849614925915375,2
middle,0.024822406401179487,0.02352039191148082,2
every,0.0247838992832933,0.020968898841126175,4
christians.,0.02471957661327906,0.02471957661327906,1
prosecutors,0.024657147703692317,-0.024657147703692317,1
rich,0.02465420032274865,0.02465420032274865,1
washing,0.02464109210219855,0.02464109210219855,1
launched.,0.02463788300519809,0.02463788300519809,1
lockdown,0.024570900847255772,0.024570900847255772,3
sports,0.024495447985827923,0.024495447985827923,1
presidents,0.02446901286020875,-0.02446901286020875,1
spiers,0.024423364793793076,-0.024423364793793076,1
reuters),0.02434586748624077,-0.02434586748624077,1
partly,0.02433997974731028,0.02433997974731028,1
ability,0.024333196226507425,0.024333196226507425,1
who,0.02421834248042465,0.014009740126082413,24
executive,0.02421064282922695,0.010170839765730001,2
goes,0.024178883371253807,0.024178883371253807,1
too,0.02417703881868832,0.004464195753885201,3
streamer,0.024152321621243443,0.024152321621243443,1
op.,0.024046321803083023,0.024046321803083023,1
eight,0.024037292154389434,-0.024037292154389434,2
"nominations,",0.024002688488967364,0.024002688488967364,1
lynching,0.023979024828544686,0.023979024828544686,1
empowered,0.02386170574463904,0.02386170574463904,1
"march,",0.023802338058077212,-0.023802338058077212,2
civic,0.023802159894974185,-0.023802159894974185,1
sex,0.02376977522012398,0.02376977522012398,3
confirmation,0.023715199592212837,0.023715199592212837,1
courthouse,0.02370779018383473,-0.02370779018383473,1
destroy,0.023634316259995104,0.023634316259995104,1
"lens,",0.023610457312315702,0.023610457312315702,1
said,0.023573570146111954,-0.023562247180576923,12
places,0.023504301897870998,0.023504301897870998,1
1,0.023482004271095827,-0.023482004271095827,2
sunday,0.023459263786207885,-0.023459263786207885,1
but““,0.02342388535117997,0.02342388535117997,1
several,0.023414959335544456,-0.023414959335544456,3
unlike,0.023370107785532515,0.023370107785532515,1
bidens,0.02329045650549233,0.02329045650549233,1
heart.,0.023193617273742955,0.023193617273742955,1
mandated,0.0231842706600825,0.0231842706600825,1
"blm,",0.02318013769884904,-0.02318013769884904,1
"left,",0.023106821202155618,0.023106821202155618,1
"shanghai,",0.023093848054607707,-0.023093848054607707,1
womens,0.02308148920484301,-0.016381776723493304,2
"tesla,’’",0.02306438036935611,-0.02306438036935611,1
gaggle,0.022958806529641156,0.022958806529641156,1
swayamsevak,0.02285394117213753,-0.02285394117213753,1
sense,0.02277331193909049,0.02277331193909049,1
franchise,0.02271705004386604,0.02271705004386604,1
hospital,0.022668080714841683,-0.022668080714841683,1
lockdowns,0.02265876904129982,0.02265876904129982,1
uphill,0.02265563848588688,-0.02265563848588688,2
male,0.022572581889107823,0.022572581889107823,1
arabia,0.022490414208732545,-0.022490414208732545,1
most,0.02246769421743995,-0.01400691487328492,5
microorganisms,0.022453166195191443,-0.022453166195191443,1
threat,0.022445077762573158,0.022445077762573158,2
deemed,0.022437671075264613,0.022437671075264613,1
invoked,0.022417379543185234,0.022417379543185234,1
next,0.022415420289949646,-0.013135825034363995,2
writing,0.022414383478462696,-0.022414383478462696,1
speeches,0.022356369765475392,0.022356369765475392,1
"ohio,",0.022328581920980164,-0.022328581920980164,1
skills,0.022250311682000756,0.022250311682000756,1
feb,0.022244407055684583,-0.022244407055684583,1
racism,0.02221315703354776,0.02221315703354776,2
"30,",0.022192671817416944,-0.022192671817416944,1
discrimination,0.022184698842465878,-0.022184698842465878,1
provoked,0.022169843936959904,0.022169843936959904,1
quickly,0.022131939651444554,0.022131939651444554,1
sars),0.022116978759489335,-0.022116978759489335,1
democrat,0.022094981089079133,0.022094981089079133,2
refuse,0.022044342117927346,0.022044342117927346,2
opponent,0.02202244708314538,0.02202244708314538,1
building,0.022022020004482733,-0.022022020004482733,3
response,0.021941351145505907,0.01862782862347861,2
disenfranchised,0.021845895098522305,0.021845895098522305,1
eu,0.021801667637191713,-0.021801667637191713,1
encouraging,0.02179398585576564,-0.02179398585576564,1
trump,0.02178873610272143,0.019553539251318697,35
said.,0.021781880990602076,-0.021781880990602076,2
criminalizing,0.021774311136040423,0.021774311136040423,1
default,0.021753845503553748,0.021753845503553748,1
senior,0.021747763501480222,-0.021747763501480222,2
four,0.02174607055887969,-0.01775149937586489,6
islamic,0.021736194845288992,-0.021736194845288992,1
abortion,0.021735872262019507,0.0208531985598208,11
vladimir,0.02170767568583999,-0.02170767568583999,1
vastly,0.021670925547368824,0.021670925547368824,1
impartiallydischarging,0.021636959274902064,0.021636959274902064,1
americans,0.021629972325172275,0.021629972325172275,3
grannies,0.02156772096846048,0.02156772096846048,1
restrictions,0.021561820592199053,-0.021561820592199053,1
basics,0.02154018640216878,0.02154018640216878,1
favorite,0.021539224311709404,-0.021539224311709404,1
old,0.021505184274347916,0.01055631485521897,6
texas,0.02148503452190198,-0.02148503452190198,2
kavanaugh,0.02145835120851795,0.02145835120851795,1
obvious,0.021439930059326193,0.021439930059326193,1
online,0.02137622539885342,0.02137622539885342,1
tulsi,0.021372087020426988,-0.021372087020426988,1
promotion,0.021351356166773118,0.021351356166773118,1
"buffalo,",0.021325346051404872,-0.021325346051404872,1
rashtriya,0.02131246824892842,-0.02131246824892842,1
roiling,0.021308310329914093,0.021308310329914093,1
born,0.02130646025761962,0.02130646025761962,1
humor.,0.021298774238675836,0.021298774238675836,1
dispersed,0.02128935238579288,0.02128935238579288,1
outdated,0.021267915843054652,0.021267915843054652,1
business,0.021257465283030613,0.020783245669011616,6
pittsburgh,0.02121548729649346,-0.02121548729649346,1
were,0.021210988641164646,-0.014176110825846317,8
juneteenth,0.021208897485242535,-0.021208897485242535,2
whatever,0.02117229027337291,0.02117229027337291,2
friday,0.021167419910974178,-0.020882137645579252,8
male““””,0.021150697142417938,0.021150697142417938,1
extent,0.021084904321469367,0.021084904321469367,2
on+,0.021065569017082453,-0.021065569017082453,1
managing,0.02104805658260981,0.02104805658260981,1
outbreak:,0.021028452552855015,0.021028452552855015,1
"schools,",0.021016637546320757,0.021016637546320757,1
junk,0.02101448431078877,0.02101448431078877,1
mahsa,0.020939132664352655,-0.020939132664352655,1
painfully,0.020868859820378324,0.020868859820378324,1
republican,0.020828516237529446,0.018998595183030844,8
fully,0.020813797771309813,0.020813797771309813,1
acquittal,0.020799545229723056,0.020799545229723056,1
criticism,0.020697527666253827,-0.017586432102745256,5
war,0.020689129681241782,0.020689129681241782,1
"children,",0.02064334945753217,-0.02064334945753217,1
"elections,",0.02063612419773232,-0.02063612419773232,1
humans.,0.020635147368358003,0.020635147368358003,1
percent,0.020602871910131607,-0.020602871910131607,3
shotgun,0.020547773514408618,0.020547773514408618,1
show,0.020545695870301254,-0.01704984108980853,4
convey,0.0205347107257694,0.0205347107257694,1
"activist,",0.02049678827946385,-0.02049678827946385,1
"c.,",0.020486978389432326,-0.020486978389432326,1
successive,0.02040106461693843,0.02040106461693843,1
family,0.020394390138487022,-0.020394390138487022,1
1998.,0.020375085552223025,-0.020375085552223025,1
improvements,0.02032888727262616,-0.02032888727262616,1
continues:““,0.020320880359836986,0.020320880359836986,1
added,0.02030062169679219,-0.02030062169679219,1
saturday,0.020292744622660917,-0.020292744622660917,2
crime,0.020254988751063744,0.020254988751063744,2
"outside,",0.020193267680172412,0.020193267680172412,1
underscored,0.020159002926711942,-0.020159002926711942,2
out,0.020105947565792034,0.018423214410638097,9
weeks,0.02008774677233305,-0.02008774677233305,2
land.,0.020079677085029994,-0.020079677085029994,1
spread,0.02006541383054583,0.01202133573058517,3
governor,0.019985546445241198,-0.019985546445241198,2
news.,0.019975886136914294,0.019975886136914294,1
controlling,0.01995918796941017,0.01699109385178114,2
supremacist,0.019931255421117663,0.019931255421117663,1
"eynollahi,",0.01989590726970207,-0.01989590726970207,1
thus,0.019873929675668478,0.019873929675668478,1
allegations,0.019846070793573745,0.01600495426391717,2
only,0.019838967549731024,0.014695359757752158,4
anti,0.01983575447352139,0.019760194352190025,8
2011,0.01982828737735482,-0.01982828737735482,1
estimated,0.019784889983323714,-0.019784889983323714,1
"neighborhood,",0.019780460113127316,-0.019780460113127316,1
lyndon,0.019755114470363447,0.019755114470363447,1
dozen,0.01975370943546295,-0.01975370943546295,1
25,0.019678516146571685,-0.019678516146571685,1
highly,0.01966263245724674,0.01966263245724674,2
michael,0.019658359145978466,-0.019658359145978466,2
2004.,0.01958984245235721,-0.01958984245235721,1
anything,0.019582562787575995,0.019582562787575995,2
brand,0.019550654670008674,0.019550654670008674,1
corporations,0.019544703944120556,0.019544703944120556,2
game/,0.01954074762761593,0.01954074762761593,1
unpreparedlooking,0.01954074762761593,0.01954074762761593,1
homophobia,0.01950035416521132,0.01950035416521132,1
serious,0.019486849345932047,0.019486849345932047,2
already,0.019444806454379834,-0.007860939307849752,4
115,0.019432225381024182,-0.019432225381024182,1
deal,0.01941554535088673,0.009906096224687843,3
sotomayors,0.01939157078907426,0.01939157078907426,1
trying,0.019368236884474754,0.019368236884474754,1
via,0.01936529844533652,-0.01936529844533652,1
"explanations,",0.019322063773870468,0.019322063773870468,1
"directors,",0.019314206670969725,-0.019314206670969725,1
two,0.019280068195248967,-0.018567570074983886,8
medical,0.019261298526544124,-0.019261298526544124,1
"ammunition,",0.019234284098880984,-0.019234284098880984,1
"decades,",0.019190544644609477,0.019190544644609477,1
agents,0.0191499013453722,-0.0191499013453722,1
their,0.01912727530972053,0.018297477195870146,22
saudi,0.019123118254356086,-0.019123118254356086,1
believed.,0.019078675776208733,0.019078675776208733,1
"sangh,",0.019049155050776735,-0.019049155050776735,1
"lagarde,",0.019019923980037372,-0.019019923980037372,1
cleanup,0.018979427327091496,-0.018979427327091496,1
parliament,0.018978052830789238,-0.018978052830789238,1
"taxes,",0.01892577327477435,0.01892577327477435,1
democrats.,0.018897992558777332,0.018897992558777332,1
rep.,0.0188829620110078,0.018415161993147598,3
programspre,0.01881991184846912,-0.01881991184846912,1
islam””,0.018806193838827312,-0.018806193838827312,1
"week,’’",0.01880060986150056,-0.01880060986150056,1
mcconnell,0.018791024827144363,-0.018791024827144363,1
more,0.018780009977792996,-0.0058463302358526675,15
very,0.018733614323926822,-0.018733614323926822,1
brief,0.01870752964168787,0.01870752964168787,1
son,0.018691974409323717,-0.018691974409323717,1
using,0.01868464151630178,0.01868464151630178,2
"election,",0.018618213012814522,-0.018618213012814522,1
peace.,0.01858352885271112,0.01858352885271112,1
ban,0.01852361167160173,-0.01852361167160173,3
strict,0.018512666256477434,0.018512666256477434,3
"month,",0.01850664413844546,-0.01850664413844546,1
"district,",0.01848162996715733,-0.01848162996715733,1
"spirits,",0.01846299258371194,0.01846299258371194,1
week,0.018390544396566434,0.018390544396566434,2
"riots,",0.018377740693708452,0.018377740693708452,1
dads,0.018355099484324455,0.018355099484324455,1
become,0.018321826114528577,0.018321826114528577,3
many,0.018319292608131137,0.004726637210179534,5
saudi’’,0.018307426509757835,0.018307426509757835,1
slave,0.018305467545158334,0.018198043056246307,3
proposed,0.018273007939569652,0.018273007939569652,1
thiefs,0.01816705901486178,0.01816705901486178,1
soleimani,0.018139632950936048,-0.018139632950936048,1
trump’’s,0.018082523136399686,0.018082523136399686,1
hearing,0.018080268365641434,0.018080268365641434,1
truthers,0.018072447413578628,0.018072447413578628,1
novel,0.01806686463709356,0.01806686463709356,1
just,0.018037271410335762,0.018037271410335762,9
annexed,0.018020818539662288,0.018020818539662288,1
pressure,0.0180102033361506,-0.0180102033361506,1
groups,0.018007986226843464,-0.018007986226843464,3
together,0.018004720049378063,0.018004720049378063,1
conditions,0.017992781416978687,-0.017992781416978687,1
"management,",0.01799033331917599,-0.01799033331917599,1
means,0.017966745773985705,0.01176632671289284,3
allowing,0.017966203595278785,0.017966203595278785,2
"live,",0.017948944199209414,-0.017948944199209414,1
during,0.017912104186412797,-0.016548373072285523,8
girlsschool,0.01786944810331303,-0.01786944810331303,1
"biden,",0.017859465533563088,-0.017859465533563088,1
s.,0.017852461846008423,-0.017852461846008423,16
fatally,0.017841325723566115,-0.017841325723566115,1
becomes,0.017814376026702425,0.017814376026702425,1
harassment,0.017798657863485542,0.017798657863485542,1
george,0.01767439354289934,0.01712325069974497,3
confederate,0.017673191206995398,-0.017673191206995398,1
markets,0.017665258211888035,-0.017665258211888035,1
vaccines,0.01763136996499573,0.01763136996499573,2
promised,0.017629423369986137,0.017629423369986137,1
wife,0.01762269150155286,0.01762269150155286,1
appeared,0.017618220760985945,0.017618220760985945,2
"top,",0.01761738583445549,0.01761738583445549,1
green,0.0175777145710844,0.016435845124688635,4
spent,0.017575479368679224,0.017575479368679224,1
"general,",0.01755684361948321,-0.01755684361948321,2
"week,",0.01755468076508906,-0.01755468076508906,3
than$,0.01752745347662962,-0.011082239690170224,2
reformist,0.017513807838488566,0.017513807838488566,1
"paso,",0.017498772048080962,-0.017498772048080962,1
schmidt,0.0174984575714916,-0.0174984575714916,1
rejoicing,0.017462587083822916,0.017462587083822916,1
seen,0.01745591778308153,-0.01745591778308153,1
investors,0.017443205494140336,-0.017443205494140336,1
15(,0.017417405067513197,-0.017417405067513197,1
directly,0.017392899844950686,0.017392899844950686,1
fail,0.01738258605966201,0.01738258605966201,1
"minister,",0.017354281308750313,-0.017354281308750313,1
states,0.01735195218069878,-0.013782191334047367,10
corbyn,0.017329622292891145,-0.017329622292891145,1
approximately,0.017326717083859775,0.017326717083859775,1
will,0.017308374467550024,-0.0028370104904528333,23
solidarity,0.017298875260166824,-0.017298875260166824,1
losers,0.017268151785670358,0.017268151785670358,1
sons,0.01723693747771904,-0.01723693747771904,1
no,0.01719465983240673,0.01719465983240673,5
space,0.01719298493117094,-0.01719298493117094,1
immediate,0.01714729539429148,-0.01714729539429148,1
hope,0.017102032667025924,-0.017102032667025924,1
nationalisation,0.0170775482298008,0.0170775482298008,1
numbers,0.017064678870762386,0.017064678870762386,2
geography,0.017030951905656944,0.017030951905656944,1
mission,0.01702140737324953,0.01702140737324953,1
country,0.01700386766502301,-0.0057001756732851,4
action,0.01694212800357491,0.01694212800357491,1
once,0.016931927514174935,0.016761145616173107,3
our,0.01691352568515059,0.015046159811835323,3
thwart,0.016912715455803733,0.016912715455803733,1
rushed,0.016861132559521746,0.016861132559521746,1
"columbia,",0.016837513278005645,-0.016837513278005645,1
denmark,0.016781730053480715,-0.016781730053480715,1
"years,",0.01677810804667099,-0.01677810804667099,3
safety,0.016764176863944158,0.013289814902236685,2
figure,0.01673668820876628,-0.01673668820876628,1
affirmation,0.016710854027993403,0.016710854027993403,1
department,0.016702321264892815,-0.016702321264892815,1
made,0.016698033011440808,-0.01267520525919584,6
again,0.016645168885588646,0.016645168885588646,2
companies,0.016598135220686882,-0.007733948440111886,3
mega,0.016583519987761974,0.016583519987761974,1
twisted,0.01657559785526246,0.01657559785526246,1
"will,",0.016550411377102135,0.016550411377102135,1
"country,",0.01653034146875143,-0.01653034146875143,1
year,0.016503510213433166,-0.015333643187888157,13
"pandemic,",0.01647860370576382,0.01647860370576382,1
also,0.01647679911019012,-0.013576479456143726,11
capture,0.016434805234894156,-0.016434805234894156,1
centrist,0.016432953532785177,0.016432953532785177,1
operations,0.016402038695689822,0.016402038695689822,1
chance,0.016356731997802854,-0.016356731997802854,1
everyone,0.016353879612413982,0.016353879612413982,1
"1,",0.0163447427097708,-0.0163447427097708,1
activity.,0.01633092202246189,0.01633092202246189,1
"virus,",0.016327726965149243,0.016327726965149243,1
death,0.016316890123213676,0.008624038621580263,8
falling.,0.016296736740817625,0.016296736740817625,1
cities.,0.016263548284769058,0.016263548284769058,1
child.,0.01626072992803529,0.01626072992803529,2
"monitor,",0.01625448833219707,-0.01625448833219707,1
funded,0.016248536140968405,0.016248536140968405,1
mention,0.01619320921599865,0.01619320921599865,1
comes,0.016168108992278576,0.016168108992278576,1
the““,0.016134288905913192,0.016134288905913192,2
unlikely,0.016120451668809568,0.016120451668809568,1
sweeping,0.016042760793130755,0.016042760793130755,2
barred,0.01602233936622118,-0.01602233936622118,2
first,0.016015877782367807,-0.008195821725860777,5
inc.,0.016011209227144718,-0.016011209227144718,1
"confusion,",0.01596727827563882,0.01596727827563882,1
requires,0.01596007440239191,-0.01596007440239191,1
"august,",0.015952002722769976,-0.015952002722769976,1
"democrats,",0.01593556921044835,-0.0060508805063713075,3
national,0.015928158293206228,-0.015928158293206228,2
system,0.015907330829779513,0.011195049721411325,2
yet,0.01589292127025565,0.01589292127025565,3
"over,",0.01588396339987715,-0.01588396339987715,1
"tv,",0.015841796877793968,0.015841796877793968,2
sharia,0.01582860737107694,0.01582860737107694,1
commentary.,0.015828516334295273,0.015828516334295273,1
holiest,0.015822320024017244,0.015822320024017244,1
home,0.01580137865608916,0.013469415493399048,2
4,0.015777322638314217,-0.015777322638314217,1
condemning,0.015768701242367653,-0.01280007161073048,2
hearing.,0.01576608586280296,0.01576608586280296,1
inclusivesex,0.01573308216981017,0.01573308216981017,1
student,0.015716425492428243,-0.015716425492428243,2
smuggler.,0.015713443181344443,0.015713443181344443,1
thursday,0.01571198036738982,-0.01571198036738982,2
diversity,0.015696470718830825,0.015696470718830825,2
clumps,0.01567362361321492,0.01567362361321492,1
corporate,0.01567205044578899,0.014354279138906688,3
example,0.015668910462409258,0.015668910462409258,1
of',0.01566833332180977,0.01566833332180977,1
argentina,0.0156269243452698,-0.0156269243452698,1
nunes(,0.015566032878788456,-0.015566032878788456,1
note,0.01554624130949378,-0.01554624130949378,1
annexed.,0.015516356215812266,-0.015516356215812266,1
tuesday,0.0154830063644719,-0.0154830063644719,6
black,0.015473193606677732,0.005372647567336181,8
grants,0.015427386188613517,0.015427386188613517,1
latin,0.015426210360601544,-0.015426210360601544,1
did,0.015401543174188452,0.003215825095789374,4
"floyd,",0.01539852552426358,-0.01539852552426358,1
rise,0.01539826778979558,-0.01539826778979558,1
half,0.015344218845712021,-0.015344218845712021,2
money,0.015333745279349387,0.015333745279349387,1
"""i",0.015317512210458517,-0.01252748304978013,2
putin,0.015299809431391103,-0.015299809431391103,1
coronavirus,0.015294131237924277,-0.005579136869716604,19
eco,0.015259220730513334,0.015259220730513334,1
how,0.01524457676957051,0.010280735546811706,7
shocking,0.015232229006609747,0.015232229006609747,1
democratic,0.015227258584553155,0.005270918899642109,6
global,0.015224746914879819,-0.000832963755653639,4
"kaaba,",0.015194329045092065,-0.015194329045092065,1
it,0.015193731386071125,0.011385855201065087,22
"magazines,",0.015192581084556879,-0.015192581084556879,1
18,0.015190676710889896,-0.015190676710889896,2
higher,0.015186663682106883,-0.015186663682106883,1
supporting,0.015181313268840313,0.015181313268840313,1
working,0.01516135854916157,0.01516135854916157,1
families.,0.01512184027935658,0.01512184027935658,2
arabias,0.01511408764248093,0.01511408764248093,1
nervous,0.01510963422091057,0.01510963422091057,1
faithfully,0.015102833607012317,0.015102833607012317,1
chinas,0.015077112099318448,0.012086759601962975,3
garbage,0.015073592192493379,-0.015073592192493379,1
announced,0.015059483195849073,-0.013323647968354635,8
color,0.015006869033511196,-0.015006869033511196,1
strongly,0.014983415836468339,0.014983415836468339,1
sabotage,0.014982428351816322,0.014982428351816322,1
population,0.014963284232062357,0.007593197800913853,3
turn,0.014955059945350513,0.009669112652773038,2
that,0.014911754953157325,0.007704525269586428,80
an,0.014877762597124831,0.0007038850111975132,27
hate,0.014834058216145037,0.014834058216145037,4
reason,0.014830050291493535,-0.014830050291493535,1
wave,0.01479964175571998,0.01479964175571998,1
slash,0.014799159750427036,0.014799159750427036,1
you,0.014785119541181578,0.014785119541181578,6
chokeholds,0.014783008389973214,0.014783008389973214,1
be,0.014763141703703481,0.006473241269047539,32
fertilization.,0.014722528401762249,-0.014722528401762249,1
ists,0.014717740832235326,0.014717740832235326,2
withdraw,0.014715572935529053,-0.014715572935529053,1
issued,0.014707438206824009,-0.011009276811091696,4
reprisal,0.01467358089783894,0.01467358089783894,1
data,0.014645058151689313,0.014645058151689313,1
companys,0.01464494944860538,0.01464494944860538,1
for““,0.014615795561777695,0.014615795561777695,1
all,0.014586454365899455,0.014564653391463765,9
bharatiya,0.014586080653241015,-0.014586080653241015,1
alexandria,0.014576572289859707,0.014576572289859707,1
last,0.014574752014860073,-0.011532500565671537,13
its,0.014552552289130667,0.01063662432237098,23
"officers,",0.014546339189456331,0.014546339189456331,1
theyve,0.014542431741432807,0.014542431741432807,2
incitement,0.014534208574332297,0.014534208574332297,1
13,0.01453316950937733,-0.01453316950937733,1
politics.,0.014498940612556355,0.014498940612556355,1
into,0.014441597775881516,0.010608459446283703,15
own,0.014437744958111301,0.014437744958111301,1
"slog""",0.014435431361198424,0.014435431361198424,1
served,0.014427282293844554,-0.014119164174836543,2
legal,0.01440364470343209,0.004057484924689763,2
explaining,0.014376021747011691,0.014376021747011691,1
films,0.014357467996887863,-0.014357467996887863,1
want,0.014310987941909261,0.014310987941909261,3
jafar,0.01430996204726398,-0.01430996204726398,1
justice,0.014307412318885326,-0.014307412318885326,1
being,0.014301921793922302,-0.009066452117550711,5
heat,0.014292947249487042,0.014292947249487042,1
thousands,0.014280827227048576,-0.014280827227048576,2
transgender,0.014275775922994529,0.01192662330521714,4
those,0.01426681763205602,0.014051213594332262,5
"lessons,",0.014262835046143403,-0.014262835046143403,1
president,0.014250725334828252,-0.01163309475697006,31
donetsk,0.014247796337197846,-0.014247796337197846,1
when,0.014243957093067994,-0.0034947163405489967,11
seized,0.014147455454804003,0.014147455454804003,1
authorities““,0.014137088041752578,-0.014137088041752578,1
fourth,0.014125374611467123,-0.014125374611467123,2
"fishkill,",0.01411418104544282,0.01411418104544282,1
washington,0.014111443306319416,0.014111443306319416,1
the,0.014109333897810663,0.00947136087846326,375
qasem,0.014103049412369728,-0.014103049412369728,1
age,0.014101134555503016,0.010395460912869092,2
been,0.014086676312323654,0.004927960755094259,12
robert’’,0.014085706357145684,0.014085706357145684,1
superior,0.014041877933777869,0.014041877933777869,1
"8.%,",0.01404174892619873,-0.01404174892619873,1
observer,0.014040288515388966,0.014040288515388966,1
sexually,0.014013308129506186,-0.014013308129506186,1
anticipating,0.014009169535711408,0.014009169535711408,1
agenda,0.01398549654321479,0.01398549654321479,2
d.,0.013979421695694327,-0.013979421695694327,1
car.,0.013965907382468383,0.013965907382468383,1
platform.,0.01395575030085941,-0.01395575030085941,1
goal.,0.013934378698468208,0.013934378698468208,1
registered,0.013932484842371196,-0.013932484842371196,1
bolster,0.013898579170927405,-0.0073250706773251295,2
"2003,",0.013896405670998825,-0.013896405670998825,1
push,0.013869775692000985,-0.013869775692000985,1
visit,0.013868954052062085,0.013868954052062085,2
"closely,",0.013846646445110824,0.013846646445110824,1
"to""",0.01383550504617619,0.01383550504617619,1
front,0.013788822577528965,-0.013452391106208477,4
forced,0.013767219427973033,0.013767219427973033,1
euro,0.013763361610472202,-0.013763361610472202,1
indiana,0.013701916032005101,-0.013701916032005101,1
candidates,0.013699581031687558,0.013699581031687558,1
series,0.013670068001374602,0.013670068001374602,2
"britain,",0.013644424453377723,-0.013644424453377723,1
associated,0.013619887564952174,0.013619887564952174,1
immigrants,0.013606971711851656,0.013606971711851656,1
hatred,0.013564246415626258,0.013564246415626258,1
"kahl,",0.013560766374747103,-0.013560766374747103,1
police,0.013559878525148786,-0.0032007275755492996,10
company,0.013555971614550799,-0.013555971614550799,2
understanding,0.013547832146286964,0.013547832146286964,1
're,0.013520494735400592,0.013520494735400592,1
criticized,0.013511034194380045,-0.01328756648581475,2
inexpensive,0.013492290972776357,0.013492290972776357,1
goods,0.013492290972776357,0.013492290972776357,1
republicans,0.013468279887149418,0.01286071014792689,5
study,0.013465466880006716,-0.013465466880006716,2
thinks,0.013465203577652574,0.013465203577652574,1
outlets,0.013452429557219148,0.013452429557219148,1
cte,0.013445067334742773,-0.013445067334742773,1
cents,0.01342840283177793,-0.01342840283177793,1
class,0.013428320749274764,0.00888875389743286,2
makers,0.013393691566307098,-0.013393691566307098,1
beck,0.013370619411123734,0.013370619411123734,1
socially,0.013367322273552418,0.013367322273552418,1
tuesday’’,0.013355745002627373,0.013355745002627373,1
recalled’’,0.013348560773483297,0.013348560773483297,1
stage,0.01333941284996959,-0.01333941284996959,1
30more,0.013298989157192409,-0.013298989157192409,1
wall,0.013294105418026447,0.013294105418026447,1
regret,0.013293464647087836,-0.013293464647087836,1
quinn,0.013292526709847152,0.013292526709847152,1
reuters,0.013276346307247878,-0.013276346307247878,1
but,0.013273653148023729,0.012185667095253674,14
come.,0.013237487524747849,0.013237487524747849,1
"event,",0.013222195332249005,-0.013222195332249005,1
filled,0.013215073723007332,0.013215073723007332,1
yale,0.013185679912567139,0.013185679912567139,1
successful,0.013176338312526544,0.013176338312526544,1
helping,0.013164079579938617,0.013164079579938617,1
airport,0.01314928846633328,-0.01314928846633328,1
rifles,0.01310762392434602,-0.01310762392434602,2
directed,0.01310663262847811,-0.012142917141318321,2
issues,0.013101810175511572,0.013101810175511572,1
does,0.013090128596458169,0.013090128596458169,3
he,0.013057626836661076,0.005331593695572432,25
delhi,0.01304566638233761,-0.01304566638233761,1
gun,0.013036799888747435,0.006651008397651216,5
and,0.013020269791037273,0.006953037593748418,152
uighurs,0.013011756944111908,0.013011756944111908,1
walmart,0.012989574868697673,-0.012989574868697673,1
"christianity,",0.01296682585962117,-0.01296682585962117,1
"friday,",0.012946639243247253,-0.012946639243247253,1
six,0.012932149734946767,-0.012932149734946767,2
caught,0.012929563934449106,0.012929563934449106,2
capitol,0.012920653492134684,-0.012920653492134684,2
caned,0.012920027133077383,-0.012920027133077383,1
labor,0.012867373051294298,0.01139246003995477,3
"fauci,",0.012853773562358572,-0.012853773562358572,1
"school,",0.012849802209530026,-0.009467942675109954,2
dr.,0.01284657302312553,0.01284657302312553,2
judicial,0.012820792151615024,0.012820792151615024,1
enforce,0.01281665952410549,-0.01281665952410549,1
to,0.01280871396396369,0.0003231109776089902,222
paris,0.012803036952391267,-0.012803036952391267,1
"is,",0.012786778355283395,0.012786778355283395,1
true,0.01278611154041507,0.01278611154041507,1
enact.,0.012783633021726493,0.012783633021726493,1
winners,0.012768952393686618,0.012768952393686618,1
imposing,0.012764354702085257,0.012764354702085257,1
ukraine,0.01275589245848269,-0.01275589245848269,2
"10,",0.012745620398264792,-0.012745620398264792,1
resorted,0.012744683888740838,0.012744683888740838,1
end,0.012741429151350847,-0.009936057028976984,3
immunologist,0.012731768556603084,0.012731768556603084,1
"yearwood,",0.01272054947912693,-0.01272054947912693,1
elections,0.012709500006167218,-0.012709500006167218,1
attempting,0.012689657625742257,0.012689657625742257,1
iowa,0.012658639691977037,-0.012658639691977037,1
past,0.012619407173515933,0.012424330659014809,4
works,0.012606286119176623,0.012606286119176623,1
moment.,0.012593126390129328,0.012593126390129328,1
birth,0.012584406125824898,0.012584406125824898,1
white,0.012567888685833691,0.008972319429196927,16
mosque,0.0125648315588478,-0.0125648315588478,1
rights,0.012556296840285686,-0.0006559254572761819,7
court,0.01253228159621358,-0.01253228159621358,1
defeat',0.012510969303548336,0.012510969303548336,1
umbrellas,0.012502525094896555,-0.012502525094896555,1
bad.,0.012493031642710168,0.012493031642710168,1
plans,0.012485026352806017,0.004467909777304158,2
10.%,0.012462465725361537,-0.012462465725361537,1
irna,0.012429841359456382,-0.012429841359456382,1
his’’,0.012424313579685986,0.012424313579685986,2
presidential,0.012402646702248603,-0.012402646702248603,3
"iffs,",0.01239420123775268,0.01239420123775268,1
earn,0.012384224915876985,-0.012384224915876985,1
woman,0.01236976485233754,-0.01236976485233754,1
22,0.012366502155297592,-0.012366502155297592,4
reporting,0.012364296785866221,0.012364296785866221,1
north’’,0.012363227200694382,-0.012363227200694382,1
campaign,0.012358509816695003,-0.003228306022938341,5
"travel,",0.012358405422197564,-0.012358405422197564,1
"all,",0.012350012242453745,-0.009762662873478031,2
mandatory““,0.012338983616791666,0.012338983616791666,1
"weeks,",0.01233100185969046,-0.01233100185969046,1
continued,0.01231637701857835,-0.01231637701857835,1
his,0.012303405520310434,0.010642194375823283,37
qunun,0.012299650714599661,-0.012299650714599661,1
women,0.012296478449883203,-0.010802396097246527,11
jawaharlal,0.012296418193727732,-0.012296418193727732,1
was,0.01228183934195664,0.004493387731873405,18
terrible,0.012235737747202317,0.012235737747202317,1
mcconnell(,0.01221126550808549,-0.01221126550808549,1
deliver,0.012209882028400898,-0.012209882028400898,1
planned,0.0121811602730304,-0.0121811602730304,1
have,0.012179378540354408,0.00393755914794259,37
whose,0.012171645648777485,-0.012171645648777485,1
disciplined,0.012164104095427319,-0.012164104095427319,1
inc,0.012160957674495876,-0.012160957674495876,1
"27,",0.012148326262831688,-0.012148326262831688,1
losing,0.012129811756312846,0.012129811756312846,1
racial,0.01211675429841745,0.007706051912477791,6
decided,0.012059672159098443,0.012059672159098443,1
soak,0.012051308394542763,0.012051308394542763,1
losses,0.012033109260179723,-0.012033109260179723,1
stores,0.012009587526942292,-0.012009587526942292,2
jeremy,0.012006652541458607,-0.012006652541458607,1
democracy,0.012004951543141422,0.012004951543141422,2
adams,0.011997716268524528,-0.011997716268524528,1
fetuses,0.011961905611678958,0.011961905611678958,1
unable,0.011943413332725564,0.011943413332725564,2
wales,0.011939923040335998,-0.011939923040335998,1
"opponents,",0.011924260528758168,0.011924260528758168,1
elected,0.011916576016561261,0.011916576016561261,2
4with,0.011889069457538426,-0.011889069457538426,1
respond,0.01188376866048202,-0.01188376866048202,1
people,0.01187559747977331,0.006532588907711281,11
't,0.011837250367277348,0.00706451033909965,3
focus,0.011835312994662672,-0.011835312994662672,1
"president,",0.011798638043304284,0.0016395199423034981,2
lawmakers,0.011788840498835768,-0.006664571540979893,6
including,0.011781091953542013,0.001160002547063341,5
american,0.011769117556256791,0.004667528488348718,9
power,0.011767044601693862,0.011767044601693862,2
after,0.011762689223081662,-0.00873068801147291,17
religious,0.011747534131052706,0.002983904246127966,4
paul,0.011743546230718493,-0.011743546230718493,1
20more,0.011718874393651883,-0.011718874393651883,1
persecution,0.011715453273519506,0.011715453273519506,2
whether,0.011714764007113196,-0.011714764007113196,3
battle,0.01169308545838969,-0.010873727585860322,2
ever,0.011673981745150826,0.011673981745150826,1
vows,0.011640729546169973,0.011640729546169973,1
carbon,0.011638872185721993,-0.011638872185721993,1
poured,0.011631878616753966,-0.011631878616753966,1
of,0.011617717899882089,0.008356173089261206,195
"around%,",0.011613644659519196,-0.011613644659519196,1
they,0.011611517085700386,0.01026258565236195,26
enough,0.011604823971477647,-0.004967097002857675,4
still,0.011579143520747681,0.0009345795354983281,6
platform,0.011568068146395187,0.011568068146395187,1
sexual,0.011563160456717014,0.011563160456717014,1
extreme,0.011555682809557766,0.011555682809557766,1
probe,0.011552647171774878,-0.011552647171774878,1
burn,0.0115354941226542,0.0115354941226542,1
hyper,0.011531732822410188,0.011531732822410188,1
fuel,0.011521568507628723,0.011521568507628723,2
vocal,0.01151506872182446,0.01151506872182446,1
stand,0.011502570938318968,0.011502570938318968,1
diligence,0.011487558681087999,0.011487558681087999,1
lives,0.011486838228209683,0.010218206316506166,4
stop,0.011486450769007206,-0.011486450769007206,1
jury,0.011481480265501887,-0.011481480265501887,1
guard,0.011479253202731557,-0.011479253202731557,1
down,0.011461038507210712,0.008611001827133199,5
foot,0.01145700557390228,-0.01145700557390228,1
related,0.011418023117585108,-0.0020888666331302375,2
any’’,0.011407143582211253,0.011407143582211253,1
anticipated,0.011384765850380063,-0.011384765850380063,1
for,0.011378968948104296,0.003007943708857678,85
amendment,0.011372873180614406,0.011372873180614406,1
sound,0.011350877789987458,0.011350877789987458,1
donate,0.011342722631525248,-0.007228425412904471,2
life:,0.01133907150610217,-0.01133907150610217,1
eager,0.011331967621420821,0.011331967621420821,1
immediately,0.011330828245263547,-0.011330828245263547,1
beyond,0.01131540894922283,0.01131540894922283,3
style,0.011314765016625946,-0.011314765016625946,1
tasked,0.011314421863339487,0.011314421863339487,1
i,0.011310231652269178,-0.011310231652269178,2
muellers,0.011305851412471384,-0.011305851412471384,1
"tuesday,",0.011303447128739208,-0.011303447128739208,2
broken,0.011294896427095372,0.007744037465884062,3
tax,0.011281187102006422,0.00010861256699417764,10
reviewed,0.011270309041719884,-0.011270309041719884,1
members.,0.011259750640463261,-0.011259750640463261,1
declared,0.011236113554332405,0.011236113554332405,1
winning,0.011215082369744778,-0.011215082369744778,1
pay,0.011203394574275652,0.0035362714146491524,4
mosques,0.011184492730535567,-0.011184492730535567,1
muslim,0.011174884835897486,0.008838923795366778,6
have%,0.011169147095642984,-0.011169147095642984,1
"electorate,",0.011164022267904954,0.011164022267904954,1
well,0.011147730223213631,0.00970569691206846,3
argument,0.011141725990455598,0.011141725990455598,2
million.,0.011135932119075386,0.011135932119075386,1
california’’s,0.011133980571425388,0.011133980571425388,1
overturn,0.011132008454296738,0.011132008454296738,2
"mccorvey,““",0.01112650361444269,-0.01112650361444269,1
risk,0.01112588110845536,0.01112588110845536,1
initially,0.011123159318231046,-0.011123159318231046,1
three,0.011118245179920147,-0.0030118133725288015,5
dollar,0.011112770735053346,-0.011112770735053346,2
"johnson,",0.011109452731417196,0.011109452731417196,1
much,0.011107045597912344,0.011107045597912344,4
preview,0.011103581171482801,-0.011103581171482801,1
mike,0.011097531882114708,-0.0004948597634211183,2
if,0.01109079017572785,-0.0032763713335766218,8
"guns,",0.011079857537212471,-0.011079857537212471,1
tuesday.,0.011078068350245445,-0.011078068350245445,1
"studies,",0.011072538784217267,-0.011072538784217267,1
meet,0.011040048324503005,-0.011040048324503005,1
girl,0.010979332063081009,0.010979332063081009,1
attempt,0.010960412329624003,0.010960412329624003,3
are,0.01095953032072422,0.0027726144580598536,34
an’’,0.010948189941700548,0.010948189941700548,1
40with,0.010929808020591736,-0.010929808020591736,1
had,0.010924989810165837,-0.002219982054753031,10
say’’,0.010919217004398392,0.010919217004398392,1
never,0.010907634161412716,0.010907634161412716,1
crisis.,0.010895494531307903,0.010895494531307903,1
policy.,0.010885376749294146,0.010885376749294146,1
hiv,0.010866276395972818,-0.010866276395972818,1
ordered,0.010856427485123277,-0.010856427485123277,1
arrival,0.010834988672286272,-0.010834988672286272,1
checkout.,0.010828833969398625,-0.010828833969398625,1
el,0.010812048179407915,-0.010812048179407915,1
primary,0.010806801699800417,-0.010806801699800417,1
rank,0.010786980157718062,-0.010786980157718062,1
9,0.01075968686491251,-0.01075968686491251,1
children.,0.01075274704877908,-0.01075274704877908,1
as%,0.010734324626779805,-0.010734324626779805,1
saving,0.010722544975578785,0.010722544975578785,1
bought,0.010711978713516146,0.010711978713516146,1
"holiday""—",0.010693887698774537,0.010693887698774537,1
"china,",0.010675665018858298,-0.010675665018858298,1
conservatives,0.010671975136960322,0.004600665486191935,2
likely,0.010626671877382407,-0.008966247534537772,6
wake,0.010615624429192394,-0.010615624429192394,1
election,0.01060897466700731,-0.01060897466700731,3
has,0.010608512872206868,-0.0014464804251905097,34
open,0.010607214391763722,-0.010607214391763722,4
's,0.010585962247536695,0.004196179599366642,19
case,0.010571621254914336,0.010571621254914336,2
role,0.010566473240032792,0.010566473240032792,1
vowed,0.01056345395045355,-0.01056345395045355,1
legislative,0.010547213023528457,0.010547213023528457,1
outbreak.,0.010532971411677344,0.010532971411677344,2
disabilities,0.010531457082834095,-0.010531457082834095,1
social,0.01051943259603633,0.009302770969796093,10
hold,0.010482957784571692,-0.0042343717198349345,5
or,0.010456071600769919,-0.0009530216256833788,20
obama,0.010452375567651221,0.010452375567651221,4
pacific,0.010425392480101436,-0.010425392480101436,1
end.,0.010421446876393424,0.010421446876393424,1
irs,0.010415204180136436,0.009693711600619171,2
attorney,0.010413929587230086,0.010413929587230086,1
emissions,0.01040186417521909,-0.01040186417521909,2
bible,0.010401337640359998,0.010401337640359998,1
pharmaceutical,0.010393688104187067,0.010393688104187067,1
report,0.01037873152953883,-0.01037873152953883,5
lafayette,0.010302132170181721,-0.010302132170181721,1
doing,0.010299989237282524,0.0060179366529352525,3
crowd.,0.010298707988113165,0.010298707988113165,1
abuse,0.010290357714984566,-0.010290357714984566,1
battleground,0.010284697290361775,0.010284697290361775,1
crimes,0.010277058801148087,0.010277058801148087,2
think,0.010269024407363728,0.006993356158829525,3
female.,0.010266850780074796,-0.010266850780074796,1
advertising,0.010265438720428696,-0.010265438720428696,1
address,0.01023791078866149,-0.00639246846937264,2
dress,0.010230051632970572,-0.010230051632970572,1
code,0.010230051632970572,-0.010230051632970572,1
square.,0.010184412718647055,0.010184412718647055,1
live,0.01017685979604721,0.01017685979604721,1
distancing,0.0101715737383902,0.0101715737383902,3
make,0.010164628286051908,0.0029179546910690557,7
24,0.010153816513290318,-0.010153816513290318,2
swat,0.010130155505612493,-0.010130155505612493,1
exagger,0.010114737329006727,0.010114737329006727,1
ating,0.010114737329006727,0.010114737329006727,1
rally,0.010113552623592755,-0.010113552623592755,1
resilient,0.010110200266353786,0.010110200266353786,1
"well,",0.010105579812079667,0.010105579812079667,1
problem,0.010104142129421234,-0.010104142129421234,1
students,0.010080832693457716,-0.010080832693457716,2
dangers,0.010075975907966495,0.010075975907966495,1
page,0.010047049092827364,-0.010047049092827364,1
inside,0.010038595346526968,0.010038595346526968,1
sparked,0.010028017492732032,0.010028017492732032,2
began,0.010025880648754537,-0.010025880648754537,1
as,0.010013775448916268,0.0049722541313310656,44
responsible,0.010010702813697326,0.010010702813697326,1
gut,0.010005509849482527,0.010005509849482527,2
health,0.010001924860774091,-0.007960995727356661,9
a,0.00999778294029724,0.0019364377671381304,148
suggesting,0.009988373378291726,0.009988373378291726,1
may,0.009984284195676917,-0.004510263790658138,7
officials,0.009970695499214343,-0.009970695499214343,2
units.,0.009956675877963957,0.009956675877963957,1
must,0.009956352985822238,0.009956352985822238,1
"plan,",0.009953017186905657,-0.009953017186905657,2
swarmed,0.009949006955139339,0.009949006955139339,1
united,0.009938967732402186,-0.005987071284713844,3
finalizing,0.009938875384007891,-0.009938875384007891,1
portland,0.009937132010236382,-0.009937132010236382,1
advance,0.009931819280609488,-0.003524414962157607,2
thursday.,0.009929538888132408,-0.0005252189080541333,3
road,0.009922639932483435,0.009922639932483435,1
coverage,0.009891725761311438,-0.005372285352981028,4
"lie,",0.009881477492551008,0.009881477492551008,1
contains,0.009859758778475225,0.009859758778475225,1
west,0.009850424520360926,0.009850424520360926,1
children,0.009831098467111587,-0.0031640247752269105,4
against,0.009828454553455133,0.0008474261391497799,11
industry,0.009823783359024674,0.009823783359024674,2
belief,0.009815089794297127,0.009415092216693753,2
representatives,0.009812059969408439,-0.009812059969408439,2
fond,0.009803690871922299,0.009803690871922299,1
senate,0.009803573455428705,-0.0007014115011164303,2
stricter,0.009803253575228155,-0.009803253575228155,1
experimental,0.00979447919720163,-0.00979447919720163,1
illegitimate,0.009779228483405865,0.009779228483405865,1
proceedings,0.009775480546522886,-0.009775480546522886,1
indian,0.009750104530082484,-0.009750104530082484,1
bribe;,0.009743037771571565,0.009743037771571565,1
days,0.009737425231504821,0.004299409734614363,6
point,0.00973426247946918,-0.003333068685606122,2
a’’,0.00972990770431163,-0.007205094532835504,2
fans,0.009715711668832228,0.009715711668832228,2
turning,0.009703464107587934,0.009703464107587934,2
tulsa,0.009696611381300232,-0.009696611381300232,1
nick’’,0.009673632772083019,-0.009673632772083019,1
achievementin,0.009668684498007812,-0.009668684498007812,1
election.,0.009668606947220507,0.0022282705912810004,2
countries.,0.009662951406512764,-0.009662951406512764,2
"men,",0.009646531815330189,-0.009646531815330189,1
ryan,0.00964164943434298,-0.00964164943434298,1
ecb,0.009627069346606731,-0.009627069346606731,1
russia,0.009600198366180328,0.009600198366180328,2
red,0.009570757718110043,0.009570757718110043,2
pledged,0.009569444315275177,-0.0031203851976897568,2
new,0.009568508813204146,0.0026969054466709423,16
group.,0.009561300111402358,0.009561300111402358,1
cms),0.009552495321258903,-0.009552495321258903,1
rest,0.009542426904330829,0.009542426904330829,2
is,0.009534826089475661,0.001944547770068658,43
idea,0.009527161018922925,0.009527161018922925,1
original,0.009527161018922925,0.009527161018922925,1
expired,0.009525871292377511,-0.009525871292377511,1
dollars,0.009515673096757382,0.009515673096757382,1
backlash.,0.009511945148309072,0.009511945148309072,1
evidence,0.009510004257952625,0.005214109487662261,2
burden,0.009506007190793753,-0.009506007190793753,1
right,0.009480088104032966,0.008847606338715584,9
over,0.009480005940521589,0.006969624512352861,14
prosecutor,0.009435990437244376,-0.009435990437244376,1
attacks,0.009432553953956813,0.009432553953956813,2
"ladder,’’",0.009425561723333819,0.009425561723333819,1
cesspool,0.009417925495654345,0.009417925495654345,1
documentary,0.009410908510727059,-0.009410908510727059,2
virus,0.009405513889699553,-0.009405513889699553,2
species,0.009403684564555686,-0.009403684564555686,1
could,0.00940242328894808,-0.008735793392641042,7
protesters,0.009370236885863253,-0.0004573036677255812,6
it.,0.009347880659907153,0.009347880659907153,1
isis,0.009346302740741521,0.009346302740741521,1
"regulation,",0.009324592227737107,0.009324592227737107,1
britain,0.009323496953584254,-0.009323496953584254,1
california,0.009316525565615545,-0.009316525565615545,1
southern,0.009316525565615545,-0.009316525565615545,1
climate,0.009315945562862214,0.0036203180262375442,3
census.,0.00930490528532703,-0.00930490528532703,1
one,0.009296256740291579,-0.0052544831453631,15
reductions,0.009294657502323389,-0.009294657502323389,1
unleashed,0.009282715123845264,-0.009282715123845264,1
"washington,",0.009276985035588345,-0.009276985035588345,1
gallup,0.009268555557355285,-0.009268555557355285,1
hour,0.009266541038024505,0.009266541038024505,2
businesses,0.009235602888068007,-0.007208493065610084,2
men,0.009232835355010538,0.005928523194151032,2
"jones,",0.009220978245139122,-0.009220978245139122,1
phrase,0.009216416743583977,0.009216416743583977,1
closed,0.009212635806761682,-0.009212635806761682,1
womans,0.009211576987235319,0.009211576987235319,1
"resolution,",0.009207173949107528,-0.009207173949107528,1
"legislature""",0.009196579937512677,-0.009196579937512677,1
"example,",0.009193687854955595,-0.009193687854955595,1
foreign,0.009188500698655844,0.009188500698655844,1
suspected,0.009175062761642039,0.009175062761642039,1
chicago,0.009170598996570333,-0.009170598996570333,2
than,0.00916505906291289,-0.0032168081008141537,12
"unrest,",0.009154896003504593,0.009154896003504593,1
royal,0.009147645381744951,-0.009147645381744951,1
riots,0.009145074058324099,0.009145074058324099,1
congress.,0.009138353168964386,0.009138353168964386,1
ones,0.009137664455920458,0.009137664455920458,1
government,0.009129048380002912,0.005774728961045011,5
discuss,0.009125962271355093,-0.009125962271355093,1
comment.,0.0091240816982463,0.0091240816982463,1
mother,0.009120142669416964,0.009120142669416964,1
because,0.009118854603788673,0.009118854603788673,3
"will""",0.009117732290178537,0.009117732290178537,1
why,0.00909465977747459,-0.004516913599218242,4
"reserves,",0.009077310647505025,-0.009077310647505025,1
bracket,0.009076896356418729,0.009076896356418729,1
generally,0.009069830101604262,0.009069830101604262,1
janata,0.009065455040349389,-0.009065455040349389,1
debate,0.00904767287041371,0.00904767287041371,2
physical,0.009045467420946807,-0.009045467420946807,1
citing,0.009042653953656554,0.009042653953656554,1
culture,0.009029963041554175,0.009029963041554175,2
we,0.009021598850393681,0.005758255442613366,12
investigate,0.009016570053063333,-0.009016570053063333,1
donald,0.008995549728045754,0.004845376915589546,11
day,0.008990451554806593,-0.008990451554806593,4
greek,0.00898788112681359,-0.00898788112681359,1
him.,0.008987755801839133,0.008987755801839133,1
square,0.008982073690276593,-0.008982073690276593,1
fracking,0.008978117984952405,0.008978117984952405,2
performance.,0.008975819389646252,0.008975819389646252,1
making,0.008975805875916894,0.008975805875916894,1
single,0.008974983980546573,0.008974983980546573,2
twitter,0.008971406819505824,0.0018208420111073386,2
know,0.008955681882798671,0.008955681882798671,1
director,0.008953653863922814,-0.008953653863922814,2
wires,0.00895310475025326,-0.00895310475025326,1
bee,0.00892029485354821,-0.00892029485354821,1
financial,0.008918324554212053,-0.008918324554212053,1
u.,0.008913215225369305,-0.007331610222551275,17
what,0.008907488531951963,0.008730470757183986,7
journal,0.0088807615554995,-0.0088807615554995,3
understood,0.008876511459483913,-0.008876511459483913,1
telling,0.008863606026196586,0.008863606026196586,4
"force,",0.008859689716884025,0.001161739273026349,2
offices,0.008857362903654575,-0.008857362903654575,1
eastern,0.008848666473447035,-0.008848666473447035,2
cities,0.008846584241837263,0.008846584241837263,1
custody,0.008844808888776848,-0.008844808888776848,3
"hurt,””",0.00882613278278527,0.00882613278278527,1
top,0.008813492953777313,-0.008813492953777313,3
accusing,0.008801808915185658,0.008801808915185658,1
vice,0.008786366195577617,-0.0056862609074729,5
immured,0.008786291815340519,0.008786291815340519,1
celebrities,0.008776447364541057,-0.003324771147275057,2
market,0.008758599607972428,-0.008758599607972428,1
"times,",0.008735277353682451,0.008735277353682451,1
us,0.008726456977268874,0.0010316049362729448,4
quran,0.008703530114446464,-0.008703530114446464,1
house’’,0.008700230275280774,-0.008700230275280774,1
searching,0.008697130484506488,-0.008697130484506488,1
meeting,0.008679038321133703,-0.008679038321133703,1
"complied,",0.008669351351757844,0.008669351351757844,1
tool,0.008668724059437711,0.008668724059437711,1
grounds,0.008651536388788373,-0.008651536388788373,1
key,0.00863781594671309,-0.00863781594671309,1
shaheen,0.008631038346460888,-0.008631038346460888,1
not,0.008625905610271184,-0.005588311085216816,17
worried,0.008611946181521158,0.008611946181521158,1
house,0.008610932882080622,-0.006820293345418389,10
revenue,0.008600191385873283,-0.008600191385873283,1
williamson,0.00859942560782656,-0.00859942560782656,1
spreads,0.008599219533304373,-0.008599219533304373,1
2017,0.008598729153163731,-0.008598729153163731,1
devin,0.008594783355614968,0.008594783355614968,1
won,0.008588164337561465,-0.008520226544351318,2
fauci,0.008575419432205581,-0.004101326691640043,3
christian,0.008574852031448648,0.004899181109646128,5
benefit’’,0.00856117370292648,0.00856117370292648,1
world,0.008549178758865251,0.005184943527574576,6
recent,0.008547717550148567,-0.008547717550148567,2
french,0.008544991931153668,-0.008544991931153668,2
older,0.008534141350537539,0.008534141350537539,1
citizens.,0.0085291653776016,0.0085291653776016,1
murder,0.008511307470911703,0.008511307470911703,1
teenage,0.008503320306772366,-0.008503320306772366,1
which,0.008502537832570012,0.003567858635988822,13
uk,0.0085007471966787,-0.0085007471966787,1
44,0.008500067284330726,-0.008500067284330726,1
other,0.008498779556106194,-0.002962024064898896,3
least,0.008482280803414491,0.008482280803414491,1
with,0.008469805076271032,-0.0009359935309278394,35
separations,0.008457818334656102,0.008457818334656102,1
at,0.008449185043488615,-0.003325332209322855,24
on,0.008444491739822183,-0.00272888482204469,73
less,0.008436194522521243,0.008436194522521243,1
in’’,0.00840734361083291,0.00840734361083291,1
economy,0.008383553449618523,0.008383553449618523,3
grande,0.008380264975130558,-0.008380264975130558,1
truthers.,0.00837297471506255,0.00837297471506255,1
regions,0.008361094573047012,0.008361094573047012,1
held,0.008355638768989593,-0.008355638768989593,1
faith,0.008331125082137684,0.008331125082137684,1
from,0.008319138263564408,-0.00022917027495007457,36
reproductive””,0.008308082397672393,0.008308082397672393,1
expert,0.008302116686419574,0.008302116686419574,3
health.,0.008293831643338006,0.008293831643338006,1
triggered,0.00829281115494225,0.00829281115494225,1
sen.’’,0.00828740163706243,-0.00828740163706243,1
ocean,0.008271005470305681,-0.008271005470305681,1
china,0.00826893977743263,-0.0024060799235788486,2
seeking,0.008233217929955572,-0.008233217929955572,1
valley,0.008229147642850876,-0.008229147642850876,1
signal,0.00822816661093384,-0.00822816661093384,1
rio,0.008215750567615032,-0.008215750567615032,1
hepple.,0.008193426113575698,0.008193426113575698,1
what:,0.008171278983354568,0.008171278983354568,1
"earn,",0.0081561334275951,-0.0081561334275951,1
000,0.008126300759613514,-0.008126300759613514,2
ballots,0.008108517397583151,-0.008108517397583151,1
alive,0.008096722265084585,0.008096722265084585,1
admiration,0.008088842189560333,0.008088842189560333,1
nationalists,0.008087948663160205,0.008087948663160205,2
tier,0.008084438081520299,0.008084438081520299,1
keep,0.008076023763061047,-0.004670745085288605,2
tactical,0.008067572108385237,-0.008067572108385237,1
deny,0.00806543231010437,-0.00806543231010437,1
released,0.008061830856604502,-0.008061830856604502,1
according,0.00805411828312782,-0.00788120772700668,7
separating,0.008048403022043845,0.008048403022043845,1
marked,0.008048207403837958,-0.008048207403837958,1
bit,0.008045291556761815,0.008045291556761815,1
surrounding,0.00801162493548223,0.00801162493548223,1
exploration,0.008004765666555613,0.008004765666555613,1
patch,0.008000833545035372,-0.008000833545035372,1
became,0.008000511093996465,-0.008000511093996465,1
backs,0.007996785751636032,0.007996785751636032,2
critics,0.007993865880139527,-0.007993865880139527,2
then,0.007979167685844004,0.007979167685844004,5
iran,0.007977140481151375,-0.007977140481151375,2
conversion,0.007975665619596839,0.007975665619596839,1
each,0.007973606407176703,-0.007973606407176703,1
60,0.007972480485612459,-0.007972480485612459,3
gas,0.007958780988008672,-0.004788819220959253,3
might,0.007958046160638332,-0.007958046160638332,1
hands,0.007949337405575947,0.007949337405575947,1
"campaign,",0.007944733602926135,-0.007944733602926135,1
years,0.007940049227290151,-0.003830617103274793,5
injuring,0.0079106808892296,-0.0079106808892296,1
state,0.007909774195887,0.0015189867482394983,6
believe,0.007903663166707344,0.002693189033215829,2
ebtekar,0.007903172571520161,-0.007903172571520161,1
the$,0.007900300732051784,0.007900300732051784,1
city,0.007876625188925703,-0.003267929020304499,4
sit,0.007869276771089062,-0.007869276771089062,1
endorsed,0.007868803397286683,-0.007868803397286683,1
female,0.007858701797221044,-0.007858701797221044,3
anthony,0.007857605777386638,-0.007857605777386638,2
republic,0.00785235077937079,0.00785235077937079,1
"incident,",0.007836081744365704,-0.0065013191711235175,2
june,0.007833780767396093,-0.007833780767396093,1
novembers,0.007812441966962069,-0.007812441966962069,1
them,0.007811226624128895,0.006394430633098095,12
difficult,0.007783335051499307,-0.007783335051499307,1
lgbtrights,0.007778995204716921,0.007778995204716921,1
urban,0.00777761428616941,-0.00777761428616941,1
steve,0.007776780752465129,-0.007776780752465129,1
historical,0.007769713085144759,0.007769713085144759,1
analysis,0.007769090100191533,0.007769090100191533,2
dad,0.007761924702208489,-0.007761924702208489,1
migrant,0.0077596487860907525,0.0077596487860907525,1
looking,0.007756830775178969,0.007756830775178969,1
fees,0.007751434407241287,-0.007751434407241287,1
"rules,",0.007750551713009675,0.007750551713009675,1
though,0.007741050599330538,0.007741050599330538,2
cross,0.007740658288821578,-0.007740658288821578,1
tear,0.007731025394085529,0.007731025394085529,4
vitro,0.007727816933766007,-0.007727816933766007,1
message,0.007723943702876568,0.007723943702876568,1
ruggia,0.00772046761897703,-0.00772046761897703,1
outspoken,0.007706170214251394,-0.007706170214251394,1
infectious,0.007687899408795471,0.006892698925055032,2
communist,0.007686816722465058,0.007686816722465058,1
charitable,0.00768342730589211,0.00768342730589211,1
tweet,0.0076773876789957285,-0.0076773876789957285,1
in,0.007668099391351787,-0.0024530822181435,148
frequently,0.007667383934474654,0.007667383934474654,1
none,0.007663906177982599,-0.0008149920860194559,2
public,0.007642613369195412,0.007642613369195412,5
collecting,0.007634264358785003,-0.007634264358785003,1
ireland,0.007625752727368048,-0.007625752727368048,1
counter,0.007621515053324401,-0.007621515053324401,1
order,0.007614597880756409,0.0019996170583273477,4
approved,0.0075819325090075535,-0.0075819325090075535,1
generate,0.0075790652190335095,0.0075790652190335095,1
subjects,0.007566514424979687,-0.007566514424979687,1
assault,0.007563762735420217,-0.007563762735420217,1
park,0.007553762476891279,-0.007553762476891279,1
staunch,0.007535418204497546,0.007535418204497546,1
"degree,",0.007530171719069282,-0.007530171719069282,1
movies,0.007519766375873355,0.005316522957513198,3
go,0.007515533811209151,0.00440114448460835,5
lines,0.007492163933541936,0.00045887804493152835,2
prohibit,0.007486022293700704,-0.007486022293700704,1
service,0.0074804178439080715,-0.0074804178439080715,1
populations,0.00747726961853914,-0.00747726961853914,1
poll,0.007471007294952869,-0.007471007294952869,1
mans,0.007470329641364515,-0.007470329641364515,2
comments,0.007454445799036572,0.007454445799036572,2
by,0.007434510635433478,0.0031112685219063024,27
cards?,0.007429367024451494,0.007429367024451494,1
10,0.007419417786877602,-0.007419417786877602,2
earlier,0.007411980714338522,-0.007411980714338522,2
espn,0.007381598348729312,-0.007381598348729312,1
car,0.007373781816568226,-0.007373781816568226,1
both,0.007368485957461719,0.00047841647756285965,3
answer,0.007366313133388758,-0.007366313133388758,1
tactics:,0.007332890527322888,0.007332890527322888,1
mainly,0.007315860264689515,0.007315860264689515,1
contagion.,0.007309226094124218,-0.007309226094124218,1
kill,0.007307623252494348,0.007307623252494348,1
opened,0.007300217694137245,-0.007300217694137245,1
orientation,0.0072870225246463504,0.0072870225246463504,1
pre,0.007280890480615199,-0.007280890480615199,1
rahaf,0.007276040450152423,-0.007276040450152423,1
filing,0.007274919333091626,-0.007274919333091626,1
households.,0.007273259015184723,-0.007273259015184723,1
sentenced,0.00727106467820704,-0.00727106467820704,2
general,0.007265428081154823,-0.007265428081154823,1
intent,0.007250605616718531,-0.007250605616718531,1
"comfortable,",0.00722834136750963,-0.00722834136750963,1
squeezing,0.007222014973656489,0.007222014973656489,1
giveaways,0.007219558733234566,0.007219558733234566,1
part,0.0072103325260600174,0.0072103325260600174,2
prime,0.007191242466519941,0.0024150363453719313,2
shooting,0.007181283668614924,-0.007181283668614924,1
administration,0.00717558818421322,0.003133686620647352,4
victory,0.007158586489385926,0.007158586489385926,2
americas,0.007156008233626683,0.007156008233626683,1
applauded&’’,0.007155036786571145,0.007155036786571145,1
recognize,0.0071548575651831925,-0.0071548575651831925,1
taxes,0.007142918254573721,-0.00147297595362283,2
international,0.007115060912578234,-0.007115060912578234,1
reverse,0.0071037973975762725,0.0071037973975762725,1
controls,0.007082770578563213,-0.007082770578563213,1
donors,0.007071678293868899,-0.007071678293868899,1
isnt,0.00705709651897115,0.00705709651897115,2
harlot,0.007054061628878117,0.007054061628878117,1
almost,0.007047256198711693,0.007047256198711693,1
supreme,0.007033828012127843,0.007033828012127843,1
former,0.007018848135058471,0.0015285789993157322,8
now,0.007016769409736818,0.005786050710802166,8
recorded,0.007013453746913001,-0.007013453746913001,1
away,0.006987534911156847,-0.0005545357528787395,2
revolution,0.006960903537798335,0.006960903537798335,1
izing,0.006960903537798335,0.006960903537798335,1
economy’’,0.006959295837266252,0.006959295837266252,1
federal,0.006955590457098611,-0.003717399921126611,6
audiences,0.0069511593086645,0.0069511593086645,2
real,0.006940090894957126,0.006940090894957126,2
mohammad,0.0069233153481036425,-0.0069233153481036425,1
there,0.006922412780113518,0.006922412780113518,2
use,0.006903773393914706,0.0054393074645500885,5
presence,0.0068923820508643985,0.0068923820508643985,1
"mean,",0.006890957476571202,-0.006890957476571202,1
joe,0.006887871253785971,-0.0016977170887564458,5
individual,0.006887312791032064,0.006887312791032064,1
day.,0.0068845710643059155,-0.0068845710643059155,2
permanent.,0.006884401912490527,0.006884401912490527,1
2to,0.006876330745096007,-0.006876330745096007,1
announcement,0.0068625842531522116,0.0068625842531522116,1
"reopen""",0.006845801975578069,-0.006845801975578069,1
request,0.006831184204202145,-0.006831184204202145,1
lives.,0.006830825365315645,-0.006830825365315645,1
aims,0.006830235128290951,-0.006830235128290951,1
strength,0.006812471974020203,-0.006812471974020203,1
economy.,0.006810557355544884,0.006810557355544884,1
provide,0.006764446405257192,0.006764446405257192,1
goal,0.006759545165510685,-0.006759545165510685,2
admit,0.006740164876516376,0.006740164876516376,1
great,0.00671569345286116,-0.00671569345286116,1
governors,0.006715131244349359,0.006715131244349359,3
plan,0.006706970976665616,0.006706970976665616,2
narendra,0.00669898560486867,-0.00669898560486867,1
swedish,0.00669756520073861,-0.00669756520073861,1
brings,0.006681814567289419,0.006681814567289419,1
begun,0.006668068468570709,0.006668068468570709,1
network,0.006660321378149092,-0.006660321378149092,1
addressed,0.006659476493950933,-0.006659476493950933,1
jackson,0.006647535553202033,-0.006647535553202033,1
always,0.006625882023945451,0.006625882023945451,2
advocates,0.006618119510895912,-0.004562814630538462,3
off,0.006603918310406337,0.0013568729235206745,3
advocate,0.0065974440870129256,0.0065974440870129256,1
objects,0.006593523936468985,0.006593523936468985,1
violence.,0.006573307596974902,0.006573307596974902,1
owners,0.006573123814693342,-0.006573123814693342,2
military,0.006567827319183077,0.006567827319183077,2
done,0.006566279667562672,0.006566279667562672,2
dear,0.0065533919259905815,0.0065533919259905815,1
york.,0.006542235263623297,-0.006542235263623297,1
oscar,0.006540057559808096,-0.006540057559808096,1
man,0.006533280846529773,-0.005143311440146395,2
enforcement,0.006522715710380474,0.00454785252831499,3
decision.,0.006520796877642471,-0.006520796877642471,1
opposition,0.00651739991735667,0.00651739991735667,1
repeat,0.006506405165418982,0.006506405165418982,1
interference,0.006496987398290499,0.005686897607096895,2
hoped.,0.006485325425411716,0.006485325425411716,1
indicted,0.00648236262019385,-0.00648236262019385,1
candidate,0.0064728002781320555,-0.0063037737835857826,2
polling,0.006446448649512604,-0.006446448649512604,1
tour,0.006442866383752387,0.006442866383752387,1
harm,0.006433873000787571,0.006433873000787571,2
controversy,0.006431329995393753,-0.006431329995393753,1
science.,0.006427524533743659,-0.006427524533743659,1
task,0.0064259601063646025,0.0064259601063646025,2
governments,0.006405346813456466,-0.006405346813456466,1
setting,0.006387780944351107,-0.006387780944351107,1
result,0.0063748720567673445,0.0063748720567673445,1
emotional,0.006362853203124056,0.006362853203124056,2
ahead,0.0063510775475555835,-0.004561723449215707,3
little,0.0063364375259086034,0.004678990170225642,4
congress,0.006330751092173159,0.006330751092173159,1
run,0.006327512746793218,0.006174061374622397,2
sher,0.006296643227826627,0.006296643227826627,1
vying,0.006278489716351032,0.006278489716351032,1
"distancing,",0.006275985234727462,0.006275985234727462,1
infants,0.0062697719161709155,0.0062697719161709155,1
viable,0.0062697719161709155,0.0062697719161709155,1
minister,0.006264671005607982,-0.006264671005607982,1
ky.),0.006258706096559763,-0.006258706096559763,1
taken,0.006249747355468571,-0.0002775251632556319,2
her,0.006237781330852647,-0.00045087006594053377,8
pushing,0.006228522552798192,0.006228522552798192,1
see,0.006221982292257823,0.006221982292257823,1
courts,0.006206256658991887,-0.006206256658991887,1
streets,0.006206046191177198,0.006206046191177198,2
"infants,",0.006200463355829318,0.006200463355829318,1
adopt,0.0061985751361741375,-0.0061985751361741375,2
street,0.00618377048522234,0.00618377048522234,1
raleigh,0.006164443174687525,-0.006164443174687525,1
halftime,0.0061560540149609225,-0.0061560540149609225,1
chinese,0.0061355947288878575,-0.0025220190839415103,4
football,0.0061295260536661815,-0.0035753749793262356,3
unpopular,0.006125288084149361,0.006125288084149361,1
discussion,0.006123853448246206,0.006123853448246206,1
medicare,0.006118142870421122,-0.0027472173692547675,5
official,0.006114081635199014,-0.0033275536368674937,3
rights(,0.006099591428079666,0.006099591428079666,1
headscarves,0.006089142872951925,-0.006089142872951925,1
firearms,0.006077019788790494,-0.006077019788790494,1
like!,0.006065466130773227,0.006065466130773227,1
london,0.006063359835284895,-0.006063359835284895,2
marshae,0.006051518954336643,-0.006051518954336643,1
"far,",0.006046116553867857,-0.006046116553867857,1
holiday,0.006039971676987729,-0.006039971676987729,1
"conference,",0.006038135926549634,-0.006038135926549634,1
citizenship,0.006036930572008714,-0.006036930572008714,1
"man,",0.0060331865679472685,-0.0060331865679472685,1
modi,0.006018480481413592,-0.006018480481413592,1
care,0.006015840223632179,-0.0029668810051412154,5
reports,0.006011592035065405,-0.006011592035065405,2
hand,0.006007327884435654,0.006007327884435654,1
your,0.006006956100463867,-0.006006956100463867,1
bread,0.006004724248001973,0.006004724248001973,1
defends,0.006004724248001973,0.006004724248001973,1
fbi,0.0060011776513420045,-0.0060011776513420045,1
consistenton,0.005990194855257869,-0.005990194855257869,1
near,0.005977163065431847,-0.0054076566930032445,3
safety.',0.005963618836055199,0.005963618836055199,1
vehicles,0.005928565078647807,-0.005928565078647807,1
teen,0.005926756886765361,-0.005926756886765361,1
february,0.005910241324454546,-0.005910241324454546,1
covering,0.005906611412333755,-0.005906611412333755,1
change,0.005895127778381317,-0.005895127778381317,3
post,0.005888524814508855,0.005888524814508855,1
violation,0.005882186349481344,0.005882186349481344,1
premium,0.005863416000335877,-0.005863416000335877,1
"morning,",0.005852163738260667,-0.005852163738260667,1
significant,0.005848780604234586,-0.005848780604234586,2
passing,0.005826013837940991,0.005826013837940991,1
ignoring,0.005824387581510977,0.005824387581510977,1
andreyah,0.0058194054290652275,0.0058194054290652275,1
matter,0.00579617699175807,-0.00579617699175807,2
images,0.005788583355024457,0.005788583355024457,1
generating,0.005788583355024457,0.005788583355024457,1
pro,0.0057883804637790335,-0.0022062353971252224,4
latest,0.005788360955193639,0.005788360955193639,1
target,0.005788360955193639,0.005788360955193639,1
schools,0.0057827292010188104,-0.0057827292010188104,1
relinquishment,0.005762071465142071,0.005762071465142071,1
shows,0.005754874398310979,0.005754874398310979,2
supporters,0.00574073602761576,-0.00574073602761576,3
crowd,0.00572236895095557,0.00572236895095557,1
people.,0.005714342998717689,-0.005714342998717689,1
nearly,0.005709231578124066,-0.001591073809235933,5
"europe,",0.005699866296102604,-0.005699866296102604,1
set,0.005698120213987684,-0.005698120213987684,2
tested,0.005687123157026624,0.004426642095727468,2
august,0.005683755314049239,-0.005683755314049239,1
sometimes,0.0056570905027911065,0.0056570905027911065,1
2018,0.005656469543464482,-0.005656469543464482,1
services(,0.005655667744576931,-0.005655667744576931,1
depressed,0.005643008121599753,0.005643008121599753,1
published,0.005638522813872745,-0.005638522813872745,2
hard,0.005634155076997423,0.005634155076997423,1
economic,0.005606753654622783,0.005606753654622783,2
position,0.00556849612427565,0.00556849612427565,2
nomination,0.005564184639037454,-0.005564184639037454,2
overseas,0.005556617979891598,-0.005556617979891598,1
respiratory,0.005530028637925474,-0.005530028637925474,1
count,0.005523345437585234,-0.005523345437585234,2
standards,0.005522982566617429,-0.005522982566617429,1
organization,0.005515885124969784,-0.005515885124969784,2
couples,0.005512322755142425,-0.005512322755142425,1
lesbian,0.005512322755142425,-0.005512322755142425,1
caucus,0.005505794540254606,-0.005505794540254606,1
condemned,0.005504148954059929,0.005504148954059929,1
taking,0.005490703508257866,-0.005490703508257866,1
documented,0.005481931054964662,0.005481931054964662,1
life,0.00547126685985579,0.0024215485855865367,4
holy,0.00546750396357051,-0.00546750396357051,1
flooded,0.005459335366530078,0.005459335366530078,1
progress,0.005446204089093953,-0.0012081525172106923,2
represented,0.005440902314148843,-0.005440902314148843,1
positions.,0.005440784757956862,0.005440784757956862,1
call,0.005440076595793168,0.005440076595793168,1
get,0.005414779730706357,-0.0026216447589662143,5
war.,0.005410445402026347,0.005410445402026347,1
"day,",0.00540757142007351,0.00540757142007351,1
put,0.005395007692277432,-0.005395007692277432,1
young,0.005390811973484233,-0.00325704671558924,2
detection,0.005383263156120362,-0.005383263156120362,1
"that,",0.0053793249962230515,-0.0053793249962230515,1
protecting,0.00536202331502721,0.00536202331502721,1
resistance,0.005354346794774756,-0.005354346794774756,1
medicaid,0.005338095638915778,-0.0021507623934349605,2
port,0.005330480585273887,-0.005330480585273887,1
brooklyn,0.005320722237229347,0.005320722237229347,1
7,0.005318710601164235,-0.005318710601164235,2
election““’’,0.005315038872251232,0.005315038872251232,1
loans.,0.005311826942488551,0.005311826942488551,1
lifers,0.005302752704178785,0.005302752704178785,1
towed,0.005298997225639011,-0.005298997225639011,1
ago.,0.005297319206320459,-0.005297319206320459,1
particularly,0.005292848451063037,0.005292848451063037,1
compound.,0.005292762620914457,0.005292762620914457,1
"company,",0.005287198996585276,-0.005287198996585276,1
take,0.0052765883026748076,0.0023785776187044876,3
india,0.005276047382696879,-0.005276047382696879,1
usa,0.005262503478055199,-0.005262503478055199,1
free,0.005261092853402066,-0.0024415389044632196,3
covid,0.005258547059166683,0.0008084548225320837,3
under,0.005247835474384991,-0.004460749688384502,7
leonardo,0.0052293436601758,-0.0052293436601758,1
borders.,0.005225248169153929,0.005225248169153929,1
shadows,0.005224844751258691,0.005224844751258691,1
championship,0.005198972299695015,-0.005198972299695015,1
fist,0.005197152681648731,0.005197152681648731,1
some,0.0051941411262225005,0.00028362231047141174,9
actor,0.0051503051072359085,-0.0051503051072359085,1
"2025,",0.005136012357090497,-0.005136012357090497,1
find,0.0051303139386979476,-0.0028530198417323098,2
back,0.005113708104868248,-0.00033177204587644515,6
shown,0.005111990987788886,0.005111990987788886,1
tracks,0.005103705218061805,0.005103705218061805,1
security,0.005096107469923001,-0.0029198281856438637,4
alarm,0.00509018592258618,0.00509018592258618,2
existing,0.005086903343908489,-0.005086903343908489,1
"presidency,",0.005084361558078559,0.005084361558078559,1
powers,0.0050784638760901024,-0.00026493053509542026,2
need,0.005076667190425926,0.005076667190425926,1
approval,0.005073574720881879,-0.004229908692650497,2
place,0.0050599782957465615,-0.0050524148860244785,3
"death,",0.005057166796177626,-0.005057166796177626,1
r,0.00505707469086961,-0.00505707469086961,2
among’’,0.005053137011777658,0.005053137011777658,1
movie,0.005047107994970348,-0.005047107994970348,1
nehru,0.005046855115021268,0.005046855115021268,1
offered,0.005039382725954056,-0.005039382725954056,2
parole,0.005026458529755473,0.005026458529755473,1
displays,0.005014030437450856,0.005014030437450856,2
north,0.0050132756199066835,-0.0050132756199066835,1
guidance,0.005010267370380461,0.005010267370380461,1
jordan,0.005007971776649356,-0.005007971776649356,1
sites,0.005001751587901643,0.00026986458274684327,2
months,0.004992161599621803,0.002746912838593752,3
transmitted.,0.004986697353888303,-0.004986697353888303,1
"tax""",0.004982410107428829,0.004982410107428829,1
through,0.004981903994265603,0.0023256345097223178,4
democratsrequest,0.004980251891538501,-0.004980251891538501,1
"have,",0.004976432039229958,0.004976432039229958,1
increase,0.0049725516480119795,0.0049725516480119795,1
coming,0.004967542284598144,-0.0001456532269143141,2
sharply,0.004960472068677728,0.004960472068677728,1
partys,0.004944375529053754,-0.0024095212117702302,2
video,0.004938352212775499,-0.0029150727787055075,2
unveiled,0.004934139316901565,0.004934139316901565,1
law,0.004930059593528497,0.0015456380562178084,5
season,0.004928781185299158,-0.004928781185299158,1
"adopted,",0.0049265162864079075,-0.0049265162864079075,1
montazer,0.004924152512103319,-0.004924152512103319,1
air,0.004921131776479472,-0.003488351448738416,2
do,0.0049151428260752915,0.004851553791887167,3
possible,0.004905205556294984,0.004905205556294984,1
overhaul,0.004895330007587161,-0.004895330007587161,1
hurts,0.004864127219965061,0.004864127219965061,1
told,0.004860789961336802,0.004386386116190503,3
figuring,0.004839418455958366,-0.004839418455958366,1
families,0.004819936149835806,0.004819936149835806,2
doctors,0.0048141563311219215,-0.0048141563311219215,1
lightfoot,0.004813480430415698,-0.004813480430415698,1
fighters,0.004805715604396981,-0.004805715604396981,1
she,0.004800140474819474,0.0035514046851959497,3
come,0.004799621691095776,-0.004799621691095776,2
nor,0.004787174417845119,-0.00017734095926689002,3
stay,0.004783679127493607,-0.004783679127493607,1
600,0.004779828028668734,-0.004779828028668734,1
investigation,0.004768995480844751,0.0032528488954994828,2
watch,0.00476150477770716,-0.00476150477770716,1
richard,0.004752255820979675,-0.004752255820979675,1
marry,0.004751220132069041,-0.004751220132069041,1
"deal,",0.004750449132795134,0.004750449132795134,1
arrested,0.004743795830819925,-0.0008527160976717079,2
unborn,0.004741979050560898,0.00256564420193345,2
hill.,0.004740515956655145,-0.004740515956655145,1
force,0.00473709273639889,-0.00473709273639889,1
hundreds,0.004725430655525997,0.0008896744984667748,2
"said""",0.004717597943021074,-0.004717597943021074,1
"rises,",0.004696657101158053,-0.004696657101158053,1
secretary,0.004689914294787883,-0.004689914294787883,1
nights,0.004689108347520232,0.004689108347520232,1
explosive,0.004679822960910811,0.004679822960910811,1
reform,0.004659427706307421,-0.004659427706307421,2
netflix,0.004658700242130593,0.004658700242130593,1
expressed,0.004657240563485408,-0.004657240563485408,1
remove,0.00464323308551684,-0.00464323308551684,1
shine,0.004610912874341011,0.004610912874341011,1
newfound,0.004610912874341011,0.004610912874341011,1
george’’,0.004610177595168352,-0.004610177595168352,1
country.,0.004608483282416793,0.004608483282416793,2
ians,0.004604569923443099,-0.004604569923443099,1
performed.,0.004594342038035392,-0.004594342038035392,1
thing,0.004591914093387979,0.004591914093387979,1
same,0.004591914093387979,0.004591914093387979,1
protect,0.004587329832323181,0.004587329832323181,2
energy,0.0045831596944481134,-0.0045831596944481134,1
tim,0.004564702720381319,-0.004564702720381319,1
stools,0.00455895402525623,-0.00455895402525623,1
fee,0.0045515674217197575,0.0045515674217197575,2
society,0.004510351398494095,-0.004510351398494095,1
pollution,0.0045040367320845175,-0.0045040367320845175,2
unite,0.004499456495977938,0.004499456495977938,1
syndrome(,0.004484856412293286,-0.004484856412293286,1
shock,0.004482898046262562,0.004482898046262562,1
estimates,0.004481690935790539,-0.004481690935790539,1
average,0.004475084744626656,-0.004475084744626656,2
price,0.004473845846951008,0.004473845846951008,1
trillion,0.004473845846951008,0.004473845846951008,1
purchase,0.004463723594588893,0.004463723594588893,1
conference,0.004458225052803754,0.0038044275715947147,2
wuhans,0.0044559513462618695,-0.0044559513462618695,1
raise,0.0044533920008689165,0.0044533920008689165,1
threatened,0.004452984531123478,0.004452984531123478,1
statements,0.004449532279977575,-0.004449532279977575,1
objection,0.004438752686647467,0.004438752686647467,1
looked,0.004437563940882683,0.004437563940882683,1
second,0.004431701281013106,-0.004355463194359025,3
al,0.004427632291076912,-0.004427632291076912,1
mohammed,0.004427632291076912,-0.004427632291076912,1
running,0.004410906229168177,-0.004410906229168177,1
ensure,0.004407204920426011,-0.004407204920426011,1
tensions,0.004404976276157338,-0.004404976276157338,1
sen.,0.004396647525330383,0.004396647525330383,1
objecting,0.004391133189951871,0.004391133189951871,1
islam,0.004382668761536479,0.004382668761536479,1
removing,0.00438010149158626,-0.00438010149158626,2
pgs,0.0043784750159829855,0.0043784750159829855,1
sweeneys,0.0043650779679611125,-0.0043650779679611125,1
long,0.004360093064091276,0.00048477844225439755,4
name,0.004355274606496096,0.004355274606496096,1
detail,0.004352558568558273,0.004352558568558273,1
seek,0.004351125005632639,-0.004351125005632639,1
incidents.,0.004349709488451481,0.004349709488451481,1
"university,",0.004332745525365074,0.004332745525365074,1
sharp,0.004324210342019796,0.004324210342019796,1
castigating’’,0.004321066973110041,-0.004321066973110041,1
unemployment,0.004297328420908197,-0.004297328420908197,2
early,0.004295894770290364,-0.004295894770290364,1
accelerate,0.004293789350915523,-0.004293789350915523,1
premiere,0.004288933880161494,-0.004288933880161494,1
officers,0.004273701338470386,0.0003178405222176572,3
inherent,0.004271781991929838,0.004271781991929838,1
nation,0.004268858814612031,0.004268858814612031,1
announcing,0.0042656443702677885,0.0042656443702677885,1
capacity,0.004260743432678282,-0.004260743432678282,1
troops,0.004259788277148105,-0.004259788277148105,1
precaution,0.0042445202707313,0.0042445202707313,1
term,0.004241405523359953,-0.004241405523359953,3
let,0.0042342374120683725,0.0042342374120683725,2
dropped,0.004229833649543042,-0.004229833649543042,1
measles,0.004226435907185078,-0.004226435907185078,1
remaining,0.004221063805744052,0.004221063805744052,1
summer,0.00421984742085139,-0.00421984742085139,1
they’’,0.004215523949824274,-0.004215523949824274,1
lead,0.004212839277273025,-0.001879634640198389,2
cars.,0.004210299550196825,-0.004210299550196825,1
small,0.004204735485836863,0.0021397055592387916,2
majority,0.004201714589608589,-0.0027176500208713488,3
commit,0.0041929809454207614,-0.0041929809454207614,1
shut,0.0041911088628694415,-0.0041911088628694415,1
supports.,0.004187950631603599,0.004187950631603599,1
cromwell,0.004172230698168277,-0.004172230698168277,1
800,0.004166649718258884,-0.004166649718258884,1
"cut,",0.004164699371904135,-0.004164699371904135,1
2002,0.004163279262785282,-0.004163279262785282,1
custody.,0.0041608724277466536,0.0041608724277466536,1
founders,0.004148346527169148,0.004148346527169148,1
district,0.004146661172853783,-0.004146661172853783,1
fox,0.004143908619880676,0.004143908619880676,1
tried,0.00413801734289356,0.0033611443767614375,3
night.,0.004136512676874797,0.004136512676874797,1
"garland,",0.004132036740581194,-0.004132036740581194,1
host,0.004113783772267839,0.004113783772267839,1
alone,0.004112657771825239,0.004112657771825239,1
stood,0.0041011178788418565,-0.0041011178788418565,1
hopefuls,0.0040934900753200045,-0.0040934900753200045,1
"hand,’’",0.004091178016229108,-0.004091178016229108,1
"education,",0.004079113366444492,-0.004079113366444492,1
speech,0.004076192954865595,0.0006122597105180224,2
peaceful,0.004071966030945381,0.0032818508024017017,2
mitch,0.004070384089242329,-0.004070384089242329,2
espionage,0.004067753884010017,-0.004067753884010017,1
freshman,0.004067268307941655,0.004067268307941655,1
movement,0.004066555469762534,0.004066555469762534,2
areas.,0.004065329163109489,0.004065329163109489,1
glenn,0.00406391331104233,0.00406391331104233,1
sewers,0.0040620078798383474,-0.0040620078798383474,1
testimony,0.0040570381679572165,0.0040570381679572165,1
talk,0.004036041620351812,0.004036041620351812,1
tehran,0.004011707740312356,-0.004011707740312356,1
shied,0.00399468956180872,-0.00399468956180872,1
resisted,0.0039903236902318895,-0.0039903236902318895,1
bill,0.0039656518104796605,-0.0039656518104796605,1
govern,0.00395701639354229,0.00395701639354229,1
a$,0.003953133088847002,-0.00028262087143957624,2
grand,0.003944543568650261,-0.003944543568650261,1
opportunity,0.003941393224522471,0.003941393224522471,1
"die,",0.003941325005143881,0.003941325005143881,1
taken.,0.0039083572104573255,0.0039083572104573255,1
positive,0.003896238918726643,-0.003896238918726643,1
fire,0.0038934290350880474,-0.0017221136076841503,2
prevention,0.003877048617981088,-0.003877048617981088,1
disease,0.003875842290050299,-0.003875842290050299,3
late,0.003868603588281465,0.003868603588281465,2
start,0.0038658480625599623,0.0038658480625599623,1
cars,0.003852643511102845,-0.003852643511102845,1
can,0.0038517479497906086,-0.00028071627644489375,4
boys,0.003848325042054057,0.003848325042054057,1
breaks,0.0038468975108116865,0.0038468975108116865,1
themselves,0.0038441468418265383,0.0038441468418265383,1
decades,0.0038409108661913447,-0.0038409108661913447,1
groups.,0.003829770954325795,-0.003829770954325795,1
zirun,0.0038172557018697267,0.0038172557018697267,1
"rate,",0.003797848336398602,-0.003797848336398602,1
sector,0.0037960380897857247,-0.0037960380897857247,1
listening,0.0037916390574537218,0.0037916390574537218,1
poor,0.0037905491249731332,0.0037905491249731332,1
around,0.00375176026956968,-0.0002015058401895808,3
arrest,0.003747403621673584,0.003747403621673584,1
advice,0.003743032191061612,0.003743032191061612,1
redesign,0.0037240649107843637,-0.0037240649107843637,1
face,0.0037224866505940735,-0.0016766088657567619,3
statue,0.0037043335614725947,-0.0037043335614725947,1
incident,0.0037012939574196935,-0.0037012939574196935,1
occurred,0.0037012939574196935,-0.0037012939574196935,1
ruling,0.003695026729449046,-0.003695026729449046,1
connection,0.0036752080195583403,-0.0036752080195583403,1
baghdad,0.0036724452927176443,-0.0036724452927176443,1
rules,0.003670807184082352,-0.0006457680202503171,3
marred,0.0036546701448969543,0.0036546701448969543,1
3,0.003649961895037753,-0.000692933092553479,2
labour,0.003647472127340734,-0.0001579533563926816,2
control,0.0036376453889086125,-0.0036376453889086125,4
signing,0.003627103753387928,0.003627103753387928,1
removal,0.0036239848122932017,-0.0036239848122932017,1
jewish,0.0036223307251930237,-0.0036223307251930237,1
missing,0.0036151513922959566,-0.0036151513922959566,1
imposed,0.0035856710164807737,0.0035856710164807737,1
deal.,0.0035717425654487062,-0.0035717425654487062,1
move,0.003565937979146838,-0.003565937979146838,1
photo,0.0035597153318425016,0.0035597153318425016,1
centers,0.0035525650428269765,-0.0035525650428269765,3
faced,0.0035506412774945297,0.0035506412774945297,2
produce,0.0035478236464162667,0.0035478236464162667,1
chunk,0.00354323216015473,0.00354323216015473,1
portend,0.0035293442585195107,-0.0035293442585195107,1
sustained,0.003519416331652213,0.003519416331652213,1
forward,0.00350425997748971,0.00350425997748971,1
killing,0.00350354013304847,-0.00350354013304847,1
closely,0.0035024147855186585,-0.0035024147855186585,1
"monuments,",0.0034994124567282255,0.0034994124567282255,1
kick,0.003496636133474697,-0.003496636133474697,1
leader,0.0034963469952344894,-0.00016796868294477463,2
peer,0.003484701970592141,-0.003484701970592141,1
454,0.0034765673058462284,0.0034765673058462284,1
association,0.0034610339207574725,0.0034610339207574725,1
sign,0.00345407686351488,0.00345407686351488,1
effort,0.0034501658144103515,0.0012831190788290827,3
virtually,0.0034317755295584598,0.0034317755295584598,1
save,0.003409959636748028,-0.003409959636748028,2
effective,0.0034067939346035326,-0.0034067939346035326,1
hurting,0.003405278677772442,0.003405278677772442,1
help,0.0033969398449352458,-0.0018032732221948367,4
outbreak,0.0033948874357433633,0.003068933419057257,4
water,0.003388300972680251,0.003388300972680251,1
factory,0.003386827429252056,-0.001679022785780641,2
touted,0.003376015927642584,0.003376015927642584,1
before,0.0033756496136664368,0.002480062827262806,4
respect,0.0033748964654902614,0.0033748964654902614,2
high,0.003374224648190041,-0.002464681505225599,5
"coast,",0.0033648191097502907,-0.0033648191097502907,1
wane,0.0033552763052284718,0.0033552763052284718,1
watchdog,0.0033485911886340803,0.0033485911886340803,1
attemptto,0.003347827919891902,0.003347827919891902,1
saying,0.0033359214139636606,-0.0033359214139636606,2
head,0.0033343080207347297,0.0002049496173500442,2
critical,0.0033200263528020257,-0.0033200263528020257,1
electric,0.0033192272763699297,-0.0003984234528616071,2
greatest,0.00330958585254848,-0.00330958585254848,1
praises,0.0033083123465379076,0.0033083123465379076,1
time,0.0032770320013361543,-0.0013397419065433113,2
avoid,0.003263953302884111,-0.003263953302884111,2
lawyer,0.0032514900085516274,0.0032514900085516274,1
tied,0.003251456879272473,-0.003251456879272473,1
bloomfield,0.003241735836490989,-0.003241735836490989,1
launch,0.0032337269065185236,0.0032337269065185236,1
accept,0.0032298777950927615,-0.0032298777950927615,1
past.,0.003223320562392473,0.003223320562392473,1
lost,0.003209044901831519,-0.003209044901831519,1
reasons,0.0032078173096207053,0.0032078173096207053,1
rush.,0.003206586941987986,0.003206586941987986,1
antifa,0.003205913518156324,0.003205913518156324,1
contributed,0.0032037445344030857,-0.0032037445344030857,1
representatives.,0.0031985496170818806,0.0031985496170818806,1
unarmed,0.003193894556413094,0.003193894556413094,1
finance,0.0031873332454808176,0.0031873332454808176,1
overshadow,0.0031802081502974033,-0.0031802081502974033,1
russian,0.003170825809107295,-0.003170825809107295,2
between,0.0031678774782146015,-0.0031678774782146015,2
person,0.0031604609820836535,0.00042478691902942973,2
waited,0.0031493608689651,-0.0031493608689651,1
rare,0.0031359753126955848,0.0031359753126955848,1
efforts,0.003134629411279877,-0.00036830470858180853,3
haven,0.003128933487460017,0.003128933487460017,1
smile(,0.0031096034062405437,0.0031096034062405437,1
form,0.003100040659774095,0.003100040659774095,1
markey,0.003097364900722391,0.003097364900722391,1
handed,0.0030946615152060986,0.0030946615152060986,1
materially,0.003091920684609148,-0.003091920684609148,1
returns,0.003078195349106946,-0.001847744070718446,2
seasons,0.0030632882522275817,0.0030632882522275817,1
mail,0.003062622854486108,-0.003062622854486108,1
securing,0.0030591501466309032,0.0030591501466309032,1
release,0.0030503439361621674,-0.0030503439361621674,1
going,0.0030443199618601156,0.0030443199618601156,1
baseball,0.003043862758204341,0.003043862758204341,1
easier,0.0030416170100031033,0.0030416170100031033,2
jobs,0.003037096660401889,-0.0016070817583659419,3
round,0.003034335416025267,0.003034335416025267,1
current,0.003034335416025267,0.003034335416025267,1
toward,0.003026446094736457,-0.003026446094736457,1
entire,0.003009788051713258,0.003009788051713258,1
hi),0.0030010595917701723,-0.0030010595917701723,1
pulled,0.002999423498598238,-0.002999423498598238,1
ccp),0.002996788127347827,0.002996788127347827,1
borrowers,0.002992630994413048,-0.002992630994413048,1
founding,0.0029898189629117646,0.0029898189629117646,1
prices,0.0029811515687749937,0.0029811515687749937,1
barack,0.002979985156673051,0.002979985156673051,2
recruited,0.002978982636705041,0.002978982636705041,1
ophe,0.0029746725974190568,0.0029746725974190568,1
2016,0.0029716724902391434,-0.0029716724902391434,1
exchange,0.002945747956012686,0.002945747956012686,1
later,0.0029350501845502074,-0.002471409642159761,2
income,0.0029218360316008328,-0.0029218360316008328,1
investment,0.0029218360316008328,-0.0029218360316008328,1
electoral,0.0029216923285275698,-0.0029216923285275698,1
makes,0.002917927821356527,0.002917927821356527,2
mask,0.0029120226028478808,-0.0029120226028478808,1
principles,0.0029119555256329477,0.0029119555256329477,1
shale,0.0029119555256329477,0.0029119555256329477,1
200,0.0028976415368643675,0.0028976415368643675,1
terrorism,0.0028855046723037956,-0.0028855046723037956,1
senator,0.002885209699161351,0.002885209699161351,2
search,0.0028824728913605215,0.0028824728913605215,1
departed,0.002876756688982079,-0.002876756688982079,2
residents,0.0028759621909248793,-0.0028759621909248793,1
perched,0.0028759621909248793,-0.0028759621909248793,1
musks,0.0028752773715597056,-0.0028752773715597056,1
doctor,0.0028670013416558504,0.0028670013416558504,1
desire,0.002862659991822309,0.002862659991822309,1
qiaokou,0.00286262681973832,-0.00286262681973832,1
november,0.0028622036683373154,-0.0027942658751271662,2
depletion,0.002857284975470975,0.002857284975470975,1
paid,0.0028470138747555516,-0.0012202194232183198,2
recommending,0.0028146487893536687,0.0028146487893536687,1
same:,0.0028118030168116093,0.0028118030168116093,1
extending““””,0.0028097564354538918,-0.0028097564354538918,1
york,0.002804848930707534,-0.002804848930707534,3
19,0.0027867044397092687,0.0018635450035491318,3
permission,0.0027828223537653685,-0.0027828223537653685,1
justices,0.0027739417855627835,0.0027739417855627835,1
escalate,0.002772037965303372,0.002772037965303372,1
export,0.0027703886610522333,-0.0006729402548877434,2
caused,0.002769738427429859,-0.002769738427429859,2
accordance,0.002765348646789789,-0.002765348646789789,1
assaulted,0.002764165838016197,0.002764165838016197,1
officials.,0.0027637350718411648,0.0027637350718411648,1
chronic,0.0027475670730281207,-0.0027475670730281207,1
prisoners,0.0027314886184675352,0.0027314886184675352,1
adults,0.002711892651859671,-0.002711892651859671,1
floyds,0.0027094908291473985,-0.0027094908291473985,1
consume,0.0027053672432278595,-0.0027053672432278595,1
preference,0.002701527439057827,0.002701527439057827,1
limbaugh,0.0026926136730859676,0.0026926136730859676,1
costing,0.0026882034493610264,0.0026882034493610264,1
"illness,",0.002683000225201854,-0.002683000225201854,1
90,0.002641828265041113,-0.002641828265041113,1
vote,0.002637244062498212,0.002637244062498212,1
manslaughter,0.002624880832048472,-0.002624880832048472,1
gay,0.002624306226304422,0.002624306226304422,1
reshape,0.0025979303432485234,0.0025979303432485234,1
biggest,0.0025963902340403627,0.0025963902340403627,1
deployed,0.0025900217394034066,0.0025900217394034066,1
"sprinters,",0.002583869732916355,-0.002583869732916355,1
constitution,0.002578504749440721,0.002578504749440721,1
fix,0.00256393663585186,-0.00256393663585186,1
argue,0.002562242331877646,0.002562242331877646,1
aca,0.0025544119333582266,-0.0025544119333582266,1
280,0.002542180779039279,0.002542180779039279,1
good,0.0025419124867767096,-0.001435058657079935,2
urged,0.0025403589437094825,-0.0025403589437094825,1
counsel,0.0025250456028152258,-0.0025250456028152258,1
special,0.0025250456028152258,-0.0025250456028152258,1
concepts,0.0025178228349735337,-0.0025178228349735337,1
personal,0.002517822451243939,-0.002517822451243939,1
bahram,0.0025146174200233956,0.0025146174200233956,1
fell,0.0025063323555514216,-0.0025063323555514216,1
requirement,0.0024958678986877203,-0.0024958678986877203,1
cut,0.0024902139628668212,-1.7192540043551186e-05,2
without,0.0024873731364052566,-0.0017217513190449349,6
better,0.0024812327059962774,0.0015661119932043974,3
"ago,",0.002476422443232011,-0.002476422443232011,1
machine,0.0024750511588839193,-0.0024750511588839193,1
actively,0.002474603539502079,-0.002474603539502079,1
ropes,0.0024637067690491676,0.0024637067690491676,1
ary,0.002457819803385064,0.002457819803385064,2
"risk""",0.002456743844474356,-0.002456743844474356,1
willing,0.002453923923894763,0.002453923923894763,1
way,0.0024501805137670425,-0.0005094091196682442,3
ruled,0.0024371041799895465,-0.0024371041799895465,1
northern,0.002433682692104152,-0.002433682692104152,1
warming,0.0024315364426001906,-0.0024315364426001906,1
central,0.0024289366556331515,0.0024289366556331515,1
manifesto,0.0024272115357841053,-0.0024272115357841053,1
bricks,0.002418770628892595,0.002418770628892595,1
reproduce),0.0024172891640946974,0.0024172891640946974,1
"term,",0.002403086811924974,-0.002403086811924974,1
except,0.0023805098608136177,-0.0023805098608136177,1
occasions,0.002368240953526563,0.002368240953526563,1
test,0.0023514561055760297,-0.0007187514399577465,2
up,0.0023404292414298928,-0.001517152891155211,4
showing,0.0023371942661469802,-0.0023371942661469802,2
proved,0.002331577862302462,-0.002331577862302462,1
contributions.,0.0023294759448617697,0.0023294759448617697,1
forthcoming,0.0023236594997443163,-0.0023236594997443163,1
praised,0.0023157015856769348,0.0023157015856769348,1
remains,0.002314487937837839,-0.002314487937837839,1
welcome,0.0023107717071460293,0.0023107717071460293,1
work,0.002303728954687428,-0.002303728954687428,1
possibility,0.002296865452080965,0.002296865452080965,1
approving,0.002291519963182509,0.002291519963182509,1
officer,0.0022884465288370848,0.0022884465288370848,1
until,0.002286186092533171,-0.002286186092533171,1
cuomo,0.0022772940969656382,0.0022772940969656382,1
recently,0.0022664785385131834,0.0022664785385131834,1
listen,0.00226192525587976,0.00226192525587976,1
google,0.002256123239122745,-0.002256123239122745,1
prefer,0.00223954557441175,0.00223954557441175,1
continue,0.0022376190767520003,-0.0022376190767520003,1
promote,0.0022376190767520003,-0.0022376190767520003,1
fighting,0.0022252054552414587,0.0022252054552414587,2
2021,0.0022187553889428577,-0.0022187553889428577,1
bipartisan,0.0022182798923247237,-0.0022182798923247237,1
"policy,",0.002217756367318634,-0.002217756367318634,2
him,0.0022164963593240827,0.00045025706640444696,2
““the,0.002214817563071847,-0.002214817563071847,1
releasing,0.00218765934106785,0.00218765934106785,1
memorial,0.0021717172447648465,-0.0009359049011078295,2
access,0.0021633857935999656,-0.0005591096664180181,2
silver,0.0021465499652549625,0.0021465499652549625,1
gains,0.00212733792917182,-0.00212733792917182,1
transform,0.0021165329962968826,-0.0021165329962968826,1
experts,0.0020904714836635523,-0.000513658395761417,3
copy,0.002089668620928106,-0.002089668620928106,1
humans,0.002085194154642522,0.002085194154642522,1
few,0.002085033010829378,0.002085033010829378,3
british,0.0020721011595534427,0.0020721011595534427,2
content,0.002069896893002666,0.002069896893002666,1
events,0.0020640389528125526,0.0020640389528125526,1
upgrade.,0.0020617002931733928,0.0020617002931733928,1
office,0.0020524183637462556,-0.0007180580287240446,2
hit,0.0020399063359946012,0.0020399063359946012,1
monday.,0.002037976381723724,-0.002037976381723724,1
healthcare,0.002037403522990644,-0.002037403522990644,1
similar,0.002036982277382372,0.0011306530634303473,3
authoritarian,0.0020369143846134348,0.0020369143846134348,1
prison,0.0020335684530436993,0.0020335684530436993,1
due,0.002022762754116144,-0.0013712975147785222,3
walked,0.0020210035145282745,0.0020210035145282745,1
finances.,0.0020093674874967996,0.0020093674874967996,1
shouldnt,0.002008904470130801,-0.002008904470130801,1
youth,0.0020010044545101346,0.0020010044545101346,1
members,0.0020010044545101346,0.0020010044545101346,1
budge,0.0019977915530594494,0.0019977915530594494,1
sort,0.001996348612010479,0.001996348612010479,1
emergency,0.001992933187549087,-0.001992933187549087,1
hong,0.0019657491968992427,0.0019657491968992427,1
kong,0.0019657491968992427,0.0019657491968992427,1
iranian,0.0019591290364858877,0.0004614133248922595,2
drawing,0.0019538418712237706,-0.0019538418712237706,1
reported.,0.001950842918207248,0.001950842918207248,1
epidemic,0.001931882605680989,-0.001931882605680989,1
moving,0.0019304301240481436,-0.0019304301240481436,1
"advocates,",0.00192358426968841,0.00192358426968841,1
fear,0.0019220438347581554,-0.0019220438347581554,1
recruit,0.0019175824786846836,-0.0019175824786846836,1
beside,0.001907793222926557,-0.001907793222926557,1
weapons,0.0019024968073195355,0.0019024968073195355,1
mayor,0.0018969422671943903,-0.0018969422671943903,1
mack’’s,0.00189515349588224,-0.00189515349588224,1
weakness,0.0018855827123237154,-0.0018855827123237154,1
potential,0.0018855827123237154,-0.0018855827123237154,1
briefly,0.001873103684435288,-0.001873103684435288,1
maintain,0.0018621688137759366,0.0018621688137759366,1
track,0.0018621688137759366,0.0018621688137759366,1
duty,0.0018451847409939066,0.0018451847409939066,1
"cuties,",0.0018213302767896029,0.0018213302767896029,1
hike,0.001815735798380855,0.001815735798380855,1
legislation,0.0018013334328619143,-0.0018013334328619143,1
border,0.0017870433398752242,-0.0017870433398752242,1
course,0.0017729609273374081,-0.0017729609273374081,1
"signs,",0.0017716656128565472,-0.0017716656128565472,1
guarding,0.001735735684633255,0.001735735684633255,1
church,0.001732605742290616,-0.001732605742290616,1
territorial,0.001730885550690194,-0.001730885550690194,1
carnegie,0.0017270887619815767,-0.0017270887619815767,1
mellon,0.0017270887619815767,-0.0017270887619815767,1
caprio,0.001715259826076882,-0.001715259826076882,1
turned,0.0017142233749230702,0.0017142233749230702,1
press,0.0017141536033401885,-0.0017141536033401885,1
arms,0.0016901693171045432,-0.0016901693171045432,1
major,0.0016894068491334717,0.000690929708071053,3
brought,0.001676314976066351,0.001676314976066351,1
april,0.0016688369136924545,-0.0016688369136924545,1
injustice,0.0016513242735527456,0.0016513242735527456,1
domestic,0.0016446868830826133,-0.0016446868830826133,1
reopentheir,0.001634799564878146,-0.001634799564878146,1
sport,0.0016244558008530964,-0.0016244558008530964,1
professional,0.0016244558008530964,-0.0016244558008530964,1
teams,0.0016244558008530964,-0.0016244558008530964,1
suspended,0.0016244558008530964,-0.0016244558008530964,1
crafted,0.0016077422342884043,0.0016077422342884043,1
weekend,0.001597492689532893,0.001597492689532893,1
year.,0.001597402268089354,-0.001597402268089354,1
ed,0.0015964793218743232,0.0015964793218743232,1
sick,0.0015915356984480369,-0.0015915356984480369,1
millions,0.0015915356984480369,-0.0015915356984480369,1
recover,0.0015915356984480366,-0.0015915356984480366,1
plastics.,0.0015824167057871814,-0.0015824167057871814,1
suffer,0.0015813891908952168,0.0015813891908952168,1
boost,0.001573855787600306,0.001573855787600306,1
rather,0.0015704651130363345,0.0015704651130363345,1
conflicts,0.0015704651130363345,0.0015704651130363345,1
conservative;,0.0015683211386203766,0.0015683211386203766,1
"a""",0.0015586572078367072,-0.0015586572078367072,1
caution,0.0015489830635488032,0.0015489830635488032,1
self,0.0015367233109745112,0.0015367233109745112,1
assisting,0.0015190753593659874,-0.0010884078828067604,2
charging,0.0015124697238206863,-0.0015124697238206863,1
champions,0.0015107549261301756,0.0015107549261301756,1
overall,0.001510335396354397,0.001510335396354397,1
d,0.0015005297958850861,-0.0015005297958850861,1
college,0.0015004361048340797,0.0015004361048340797,1
guardianto,0.001487193490555953,0.001487193490555953,1
afraid,0.0014552035390782516,0.0014552035390782516,1
encourage,0.0014528364453536386,-0.0014528364453536386,1
converting,0.0014480465712646646,-0.0014480465712646646,1
tossed,0.001431072837052246,0.001431072837052246,1
rails,0.00142462900839746,0.00142462900839746,1
monuments,0.0014188478817231953,-0.0014188478817231953,1
speaking,0.001413301982789893,-0.001413301982789893,1
recovered,0.001410910669558992,-0.001410910669558992,1
colorful,0.001410839962773025,0.001410839962773025,1
stealing,0.001389969406383378,0.001389969406383378,1
injustice.,0.0013815253196905058,-0.0013815253196905058,1
capital,0.0013769126630255155,0.0013769126630255155,1
pursue,0.0013753939730425675,0.0013753939730425675,1
protesting,0.0013708576508280304,-0.0013708576508280304,1
scenario,0.0013594938209280372,-0.0013594938209280372,1
lgbtq,0.0013365731574594975,0.0013365731574594975,1
ways,0.001335769850993529,-0.001335769850993529,1
andrew,0.0013245165580883622,-0.0013245165580883622,1
"wuhan,",0.0013060439378023148,-0.0013060439378023148,1
support,0.0013002106881079573,-0.0004529697160857419,2
salads,0.0012945135227508016,0.0012945135227508016,1
word,0.0012945135227508016,0.0012945135227508016,1
job,0.0012398153621082505,-0.0012398153621082505,1
killed,0.00123205132383321,0.00123205132383321,1
statues,0.0012231374081845083,0.0012231374081845083,1
england,0.001222947286441922,-0.0008685335982590914,2
them.,0.0012227880923698347,-0.0012227880923698347,1
author,0.0012125793922071657,-0.0012125793922071657,1
approval.,0.001209666548917691,-0.001209666548917691,1
aren,0.0012051333376968448,0.0012051333376968448,1
friday.,0.0012044485173343372,-0.0012044485173343372,1
collection,0.001202137500513345,0.001202137500513345,1
plastic,0.001202137500513345,0.001202137500513345,1
standby,0.0011996280312921632,0.0011996280312921632,1
number,0.001193799776956439,-0.001193799776956439,1
o,0.001192702569015738,-0.001192702569015738,1
based,0.0011900430545210838,-0.0011900430545210838,1
success,0.0011700926221568475,0.0011700926221568475,1
history,0.001166153815574944,0.001166153815574944,1
bumblebees,0.0011649449355900284,0.0011649449355900284,1
kicking,0.001160491956397891,-0.001160491956397891,1
concerns,0.0011587747893131832,-0.0011587747893131832,1
leave,0.001153032619188412,-0.001153032619188412,1
houses,0.001153032619188412,-0.001153032619188412,1
local,0.001149187475485496,0.001149187475485496,1
studies,0.0011326226366994282,-0.0011326226366994282,1
juveniles,0.0011291615199297666,-0.0011291615199297666,1
by$,0.001129025529900735,-0.001129025529900735,1
di,0.001122507599315473,-0.001122507599315473,1
agency,0.001122451014816761,-0.001122451014816761,1
unknown,0.0011192967649549246,0.0011192967649549246,1
week.,0.0011012228871030466,0.0011012228871030466,1
packaging,0.0010977096389979124,0.0010977096389979124,1
twin,0.001091576588805765,-0.001091576588805765,1
contraception,0.0010722144248170985,-0.0010722144248170985,1
rested,0.0010661841325390225,0.0010661841325390225,1
issue,0.0010539114591665566,-0.0010539114591665566,1
"precedent,",0.0010415979661047466,0.0010415979661047466,1
googl.,0.0010389233939349651,-0.0010389233939349651,1
handling,0.0010374062694609165,0.0010374062694609165,1
defense,0.0010309941582176286,-0.0010309941582176286,1
within,0.001017931632564536,0.001017931632564536,2
transitioning,0.0010151580131302278,-0.0010151580131302278,1
failing,0.0010144174263008276,0.0010144174263008276,1
clear.,0.001010927992562453,0.001010927992562453,1
moved,0.0010078861378133297,-0.0010078861378133297,1
ally,0.0010071190190501511,-0.0010071190190501511,1
immigration,0.0010065865236287546,-0.0010065865236287546,1
attorneys,0.0010065865236287546,-0.0010065865236287546,1
restaurants,0.001004240570843897,-0.001004240570843897,1
blocked,0.0009997824672609568,-0.0009997824672609568,1
send,0.0009945607744157314,-0.0009945607744157314,1
urging,0.000986650811197857,0.000986650811197857,1
spreading,0.000975983974058181,0.000975983974058181,1
reveal,0.0009729159699583596,-0.0009729159699583596,1
jane,0.0009705298358485812,-0.0009705298358485812,1
shared,0.0009655230346002749,0.0009655230346002749,1
drawn,0.000957933919770377,-0.000957933919770377,1
voting,0.0009573537723294326,0.0009573537723294326,1
hitting’’,0.0009572917743670669,0.0009572917743670669,1
die,0.0009486074559390545,0.0009486074559390545,1
suspectsheads,0.0009462883886457844,0.0009462883886457844,1
rand,0.0009453693637624383,-0.0009453693637624383,1
tell,0.0009033470414578915,0.0009033470414578915,1
where,0.0008856675251283579,-0.0008856675251283579,1
curb,0.0008648744464531396,0.0008648744464531396,1
trip,0.0008547511145782968,-0.0008547511145782968,1
metabolize,0.0008295125638445218,-0.0008295125638445218,1
secured,0.0008248320664279163,-0.0008248320664279163,1
re,0.0008170682953537575,-0.0008170682953537575,1
bulls,0.0008139193446064989,-0.0008139193446064989,1
gop,0.0007963590323925018,0.0007963590323925018,1
strategist,0.0007963590323925018,0.0007963590323925018,1
36,0.0007758014336494462,0.0007758014336494462,1
presidency,0.0007716978479248399,-0.0007716978479248399,1
promise,0.0007636682085621243,0.0007636682085621243,1
we’’re,0.0007360743151770695,0.0007360743151770695,1
abortions,0.0007254225867135184,-0.0007254225867135184,1
offspring:,0.0007241116171436621,0.0007241116171436621,1
any,0.0007214925795172651,-0.0007214925795172651,1
threats,0.0006898212493123377,0.0006898212493123377,1
lingering,0.000679775798583732,-0.000679775798583732,1
"veto,",0.0006778133412202199,-0.0006778133412202199,1
borujerd,0.0006735395162378432,-0.0006735395162378432,1
since,0.0006673812866210937,0.0006673812866210937,1
cameras.,0.000665906040618817,-0.000665906040618817,1
severe,0.000650306102923221,0.000650306102923221,1
historic,0.000640438636764884,-0.000640438636764884,1
patrol,0.0006333956115947656,-0.0006333956115947656,1
happy,0.0006210227203727872,-0.0006210227203727872,2
able,0.0006082195031922311,-0.00044861712376587093,2
"audits,",0.0006041967775672674,-0.0006041967775672674,1
me,0.0005892699783934014,-0.0005892699783934014,1
"issue,",0.0005712016552154517,-0.0005712016552154517,1
cubic,0.0005613992107100785,-0.0005613992107100785,1
poisoning””,0.0005454242229461668,0.0005454242229461668,1
produced,0.0005372031591832638,-0.0005372031591832638,1
gender.,0.000517728707442681,-0.000517728707442681,1
insurgency,0.0005171374068595469,0.0005171374068595469,1
aka,0.0005089997180870601,-0.0005089997180870601,1
economies,0.0005054639962812264,0.0005054639962812264,1
countries,0.0005013371196885903,-0.0005013371196885903,1
previously,0.0005010750462216412,0.0005010750462216412,1
warm,0.0005003065078718854,-0.0005003065078718854,1
worry,0.0004980846091971866,0.00016372683291722618,2
benchmark,0.0004911189815694733,-0.0004911189815694733,1
assist,0.0004910187163463264,0.0004910187163463264,1
exceeding,0.0004806655924767256,-0.0004806655924767256,1
outlet,0.00048043063725344837,-0.00048043063725344837,1
noted,0.0004636405423904459,0.0004636405423904459,1
western,0.0004616266981299434,4.769572322922092e-05,2
attention,0.00044486877907599725,-0.00044486877907599725,1
lowest,0.0004363388055935502,-0.0004363388055935502,1
halt,0.0004280364487090378,-0.0004280364487090378,1
prompted,0.0004162075075631341,0.0004162075075631341,1
wouldnt,0.0004161684793755618,0.0004161684793755618,1
grocery,0.0004139309749007225,-0.0004139309749007225,1
mingyuan,0.00041280019407471025,0.00041280019407471025,1
christ,0.00040549671846545405,0.00040549671846545405,2
giants,0.0004043725784868002,0.0004043725784868002,1
declines,0.00039310492242553404,-0.00039310492242553404,1
compared,0.00039029429252776835,0.00039029429252776835,1
community,0.00038638612669375207,0.00038638612669375207,1
apartment,0.00038638612669375207,0.00038638612669375207,1
b,0.000372392765711993,-0.000372392765711993,1
finds,0.000372392765711993,-0.000372392765711993,1
'll,0.0003553684800863266,0.0003553684800863266,1
walk,0.00034299143590033054,0.00034299143590033054,1
imagine,0.0003425823524594307,0.0003425823524594307,1
drug,0.0003414079546928406,0.0003414079546928406,1
tests,0.0003414079546928406,0.0003414079546928406,1
payroll,0.0003290637396275997,0.0003290637396275997,1
burning,0.0003177383914589882,0.0003177383914589882,1
rates,0.0003146561676589379,-0.0003146561676589379,1
implemented,0.0003081972096962006,0.0003081972096962006,1
tape,0.0003076079301536083,-0.0003076079301536083,1
rating,0.00030570896342396736,-0.00030570896342396736,1
bans.,0.0003038787360613547,-0.0003038787360613547,1
decision,0.00029809074476361275,-0.00029809074476361275,1
complaints,0.00028569414280354977,-0.00028569414280354977,1
override,0.0002830937194327513,0.0002830937194327513,1
vigilance,0.0002724313332388798,0.0002724313332388798,1
girls,0.000267217993470175,0.000267217993470175,2
warned.,0.00026328436409433706,-0.00026328436409433706,1
climb,0.00025338897895481853,0.00025338897895481853,1
windows,0.00025187422787504524,-0.00025187422787504524,1
"outbreak,",0.0002510114572942257,0.0002510114572942257,1
cast,0.0002347831281700305,-0.0002347831281700305,1
helped,0.00021659675985574722,-0.00021659675985574722,1
miss,0.00021324628032743932,-0.00021324628032743932,1
passed,0.00021063147966439525,0.00021063147966439525,1
offer,0.00020527904853224755,-0.00020527904853224755,1
education,0.0002032696412732969,0.0002032696412732969,1
elderly,0.00018151955446228386,-0.00018151955446228386,1
acute,0.00017648992232150492,0.00017648992232150492,1
populated,0.0001755788336705529,-0.0001755788336705529,1
store,0.0001634601503610611,-0.0001634601503610611,1
coincides,0.00015210011042654514,0.00015210011042654514,1
numbers.,0.00015037711451037095,-0.00015037711451037095,1
stressed,0.00013821839487978388,0.00013821839487978388,1
further,0.00012654442883407082,-0.00012654442883407082,1
indictment,9.759981185197841e-05,-9.759981185197841e-05,1
got,9.392355319245586e-05,-9.392355319245586e-05,1
blue,8.805969264358282e-05,-8.805969264358282e-05,1
complied,6.487798280872857e-05,-6.487798280872857e-05,1
wax,6.316121046741807e-05,-6.316121046741807e-05,1
worm,6.316121046741807e-05,-6.316121046741807e-05,1
laws,5.586760429044562e-05,-5.586760429044562e-05,1
acknowledged,4.811939628173908e-05,-4.811939628173908e-05,1
things,3.266143791664112e-05,3.266143791664112e-05,1
"islam,",2.9993092175571723e-05,2.9993092175571723e-05,1
skoda,2.485059667378664e-05,2.485059667378664e-05,1
mental,1.7033424228429794e-05,-1.7033424228429794e-05,1
conclusion,1.0624303249642288e-05,-1.0624303249642288e-05,1
personnel,1.0043913133296297e-05,1.0043913133296297e-05,1
good.,8.408228556315046e-06,-8.408228556315046e-06,1
seventh,6.942751093043028e-07,6.942751093043028e-07,1
