word,mean_abs_shap,mean_shap,count
heartlessness,0.7808684896638928,0.7808684896638928,1
fuel-guzzling,0.6332964868540876,0.6332964868540876,1
humiliating,0.5551711489582278,0.5551711489582278,1
doomed,0.5539793912986559,0.5539793912986559,1
gruesome,0.54808026076191,0.54808026076191,1
juggernaut,0.5291659697890282,0.5291659697890282,1
quixotic,0.5220041263770933,0.5220041263770933,1
mess,0.5086310408621406,0.5086310408621406,1
trumpism,0.5048552772398883,0.5048552772398883,1
anti-vaccine,0.4275045417714864,0.4275045417714864,1
demonizing,0.425622577148412,0.425622577148412,1
defying,0.4156649593205657,0.4156649593205657,1
unchecked,0.39853397458791734,0.39853397458791734,1
lied,0.37429781053215266,0.37429781053215266,1
propagandist,0.36524702881329824,0.36524702881329824,1
draconian,0.36127360207610765,0.36127360207610765,1
shadows,0.36095653274969663,0.36095653274969663,1
transphobic,0.3586583935814108,0.3586583935814108,1
denigrate,0.3551852247037459,0.3551852247037459,1
politically-powerful,0.3543543409420333,0.3543543409420333,1
supremacism,0.3527785857745801,0.3527785857745801,1
vicious,0.3486113178441883,0.3486113178441883,1
goddamn,0.33609853498637676,0.33609853498637676,1
terrorist,0.3250139971874887,0.3250139971874887,2
frenzy,0.3242829704790243,0.3242829704790243,1
ideology,0.32190848211041434,0.32190848211041434,4
often-astronomical,0.3204980766637683,0.3204980766637683,1
swipe,0.3198565218190197,0.3198565218190197,1
outrageous,0.3193259429694577,0.3193259429694577,1
endless,0.3189295003830921,0.3189295003830921,1
exorbitant,0.3161343213015546,0.3161343213015546,1
berated,0.3149049810381257,0.3149049810381257,1
aggressors,0.3068256665719673,0.3068256665719673,1
tragically,0.2962907032871788,0.2962907032871788,1
fumbling,0.28854625718668103,0.28854625718668103,1
ignorance,0.28836745871230957,0.28836745871230957,1
argued,0.2832658902708707,-0.2832658902708707,1
statist,0.2812469303898979,0.2812469303898979,1
propaganda,0.27338683357546956,0.27338683357546956,1
universe,0.2729907725006342,0.2729907725006342,1
foul-mouthed,0.26945986902574076,0.26945986902574076,1
scourge,0.2674842967753648,0.2674842967753648,1
dictator,0.26666903131020564,0.26666903131020564,1
boasted,0.2646238275192445,0.2646238275192445,1
so-called,0.26221680826986105,0.26221680826986105,3
bombshell,0.2584497655858286,0.2584497655858286,1
terrifying,0.2576722800731659,0.2576722800731659,1
corrupt,0.25660068831348326,0.25660068831348326,1
flunky,0.2557890272635119,0.2557890272635119,1
worsens,0.2511507170740515,0.2511507170740515,1
““free””,0.2500017329584807,0.2500017329584807,1
irony,0.24830096488585696,0.24830096488585696,1
devalue,0.24351224881441644,0.24351224881441644,1
utter,0.23346139428516227,0.23346139428516227,1
““preventive””,0.22657463429163077,0.22657463429163077,1
subversive,0.22387853124051948,0.22387853124051948,1
leftist,0.22203877111314796,0.22203877111314796,1
radical,0.2205261058891214,0.2205261058891214,8
endemic,0.2200391571968794,0.2200391571968794,1
reported,0.21889231633394957,-0.21889231633394957,1
foaming,0.21763275674311444,0.21763275674311444,1
anti-vaxxers,0.21621996979229152,0.21621996979229152,2
anti-trump,0.21570686395280064,0.21570686395280064,1
bizarre,0.21524078160356833,0.21524078160356833,2
wacky,0.21477833705139346,0.21477833705139346,1
suggested,0.21423105967696757,-0.21423105967696757,1
savage,0.21332618115203722,0.21332618115203722,1
racist,0.20943617860653574,0.20943617860653574,1
big,0.20669575897045434,0.20669575897045434,1
secretly,0.20667016858028042,0.20667016858028042,1
selflessness,0.2064107904676348,0.2064107904676348,1
hamper,0.2056830010842532,0.2056830010842532,1
generous,0.20422590870617163,0.20422590870617163,1
jazeera,0.20230033760890365,-0.20230033760890365,1
challenged,0.19941117254678498,-0.19941117254678498,1
tirade,0.1983612564217765,0.1983612564217765,1
extremists,0.19765093736350536,0.19765093736350536,1
soros,0.1968951434052239,0.1968951434052239,1
bureaucracy,0.19669865873098993,0.19669865873098993,1
mentality,0.18799710734747352,0.18799710734747352,1
power-hungry,0.18766328521693745,0.18766328521693745,1
““catastrophe””,0.18586794175207616,0.18586794175207616,1
mischaracterized,0.1853772050817497,0.1853772050817497,1
outrage,0.18263156169268768,0.17729707485705148,2
innocent,0.18107111317416033,0.18107111317416033,1
hospital,0.1806898083175636,-0.1806898083175636,1
unhealthy,0.1784434181463439,0.1784434181463439,1
obsession,0.17737073265889194,0.17737073265889194,1
well-armed,0.17590442528016867,0.17590442528016867,1
nakedly,0.17589088899937147,0.17589088899937147,1
oscar-winning,0.17466651679327092,-0.17466651679327092,1
blasted,0.17251085373467842,0.17251085373467842,3
market,0.17142756160215608,-0.17142756160215608,1
nothing,0.1707096793106757,0.1707096793106757,1
jones,0.17063569521997124,-0.17063569521997124,1
sued,0.17034889543429016,-0.17034889543429016,1
recalibrated,0.1700083253838654,-0.1700083253838654,1
gaggle,0.16765290626790375,0.16765290626790375,1
polluted,0.16652882140543726,0.16652882140543726,1
crusaders,0.16608054395765065,0.16608054395765065,1
carnage””,0.1651966206554789,0.1651966206554789,1
embarrassment,0.16513826562731992,0.16513826562731992,1
angry,0.16402220365437511,0.16402220365437511,1
misleading,0.163240208335496,0.163240208335496,2
mouth,0.16302441370498855,0.16302441370498855,2
brag,0.16276646634408581,0.16276646634408581,1
inflammatory,0.16273121209815145,0.16273121209815145,1
biased,0.16198459294522466,0.16198459294522466,2
note,0.1615426582749933,-0.1615426582749933,1
storms,0.16036981108066226,-0.16036981108066226,1
shamelessly,0.15972844891715796,0.15972844891715796,1
outraged,0.1594502473137312,0.1594502473137312,2
roil,0.1593036220357236,0.1593036220357236,1
desperately,0.15910039143636823,0.15910039143636823,1
glossy,0.1589425349874156,0.1589425349874156,1
elites,0.15864390916457133,0.15864390916457133,1
burnish,0.15819131411844864,0.15819131411844864,1
unleashing,0.15706845630193128,0.15706845630193128,1
censorious,0.15467828009277582,0.15467828009277582,1
greedy,0.15446672274598056,0.15446672274598056,1
pretending,0.15422701137140393,0.15422701137140393,1
pathologized,0.15418608894882102,0.15418608894882102,1
supremacy””,0.15400204832549208,0.15400204832549208,1
disaster,0.15341129919721022,0.15341129919721022,2
crippled,0.15292993722897438,0.15292993722897438,1
prosecutors,0.15213782780726132,-0.15213782780726132,1
fodder,0.15165094439206378,0.15165094439206378,1
hidden,0.15159265264602645,0.15159265264602645,1
meanwhile,0.15054533234797418,-0.15054533234797418,1
censorship,0.1494187656790018,0.1494187656790018,1
massive,0.14917436019907024,0.14917436019907024,3
extreme,0.14883796509820968,0.14883796509820968,1
sebelius,0.14854892565765315,-0.14854892565765315,1
attacked,0.1476152704304291,0.1476152704304291,1
booklet,0.14659618030418642,-0.14659618030418642,1
insisted,0.14659121280743015,-0.14659121280743015,1
backpedaling,0.1465230569608199,0.1465230569608199,1
buffoonery,0.14589149541519747,0.14589149541519747,1
fabricate,0.14567391731830545,0.14567391731830545,1
says,0.14556077951048677,-0.14556077951048677,4
gulags,0.14484818563505542,0.14484818563505542,1
lots,0.144340684521012,0.144340684521012,1
stunt,0.14409049133756238,0.14409049133756238,2
champion,0.14402344853927693,0.14402344853927693,1
brooklyn,0.14345134235918522,-0.14345134235918522,1
tweeted,0.14262160830548964,-0.14262160830548964,1
antifa,0.14258234080140633,0.14258234080140633,2
day.””,0.1420975410398872,-0.1420975410398872,1
traditionally,0.14176825264862383,-0.14176825264862383,1
clash,0.14055888260675906,-0.14055888260675906,1
““so-called””,0.13841206052262958,0.13841206052262958,1
unaccountable,0.1384106130261595,0.1384106130261595,1
behavior,0.13792668445104803,0.13792668445104803,1
abroad,0.13764595539708221,-0.13764595539708221,1
experience,0.13739886905320667,-0.13739886905320667,2
anti-woman,0.13665275895036755,0.13665275895036755,1
““irresponsible””,0.1358800755260745,0.1358800755260745,1
racialized,0.13562869483471982,0.13562869483471982,1
putin,0.13530294507897148,0.13530294507897148,1
unfortunately,0.13505431946365745,0.13505431946365745,2
activists””,0.13321830315690023,0.13321830315690023,1
right-wing,0.13268032238637614,0.13268032238637614,3
dehumanize,0.13207916024839506,0.13207916024839506,1
quack,0.13164866327895738,0.13164866327895738,1
blaming,0.13057340243701926,0.13057340243701926,1
eyes,0.13028867135581096,-0.13028867135581096,1
contradicted,0.12993637331052926,0.12993637331052926,1
agents,0.12957969181505696,0.12957969181505696,1
bastard,0.12872037623310462,0.12872037623310462,1
fueled,0.12823894433677197,0.12823894433677197,1
heart-wrenching,0.12717817260735584,0.12717817260735584,1
marginalize,0.12628135739618707,0.12628135739618707,1
criminalizing,0.12588229418421787,0.12588229418421787,1
trillions,0.12417370645562187,0.12417370645562187,1
dubious,0.1240696418681182,0.1240696418681182,1
generations,0.12385792936644673,0.12385792936644673,1
accounts,0.12374271773215798,-0.12374271773215798,1
saying,0.12364375407128043,-0.12364375407128043,4
parenthood,0.12305813506668942,-0.12305813506668942,1
said,0.12273618725151102,-0.12273618725151102,27
accused,0.12195509909159026,-0.09111501625698616,3
well-organized,0.12171176639385523,0.12171176639385523,1
identity.””,0.12099582689503828,-0.12099582689503828,1
dandy,0.12071790128538851,0.12071790128538851,1
warmly,0.12060482371598483,0.12060482371598483,1
cnn,0.12055118450371083,-0.12055118450371083,1
dramatically,0.12044709582383242,0.12044709582383242,1
o’’rourke,0.11955675543867983,-0.11955675543867983,1
long-running,0.11949003380723298,-0.11949003380723298,1
aliens,0.11942122047323554,0.11942122047323554,1
jurek,0.11923702573403716,-0.11923702573403716,1
worryingly,0.118598413382036,0.118598413382036,1
guys,0.11852181628346443,0.11852181628346443,1
worrier,0.11832698965121786,0.11832698965121786,1
democracy,0.11755192324053497,0.11755192324053497,4
observed,0.11737210354422806,-0.11737210354422806,1
essentially,0.11704736815336797,0.11704736815336797,1
politicize,0.11635980354913045,0.11635980354913045,1
terrorists,0.11634449305182154,0.11634449305182154,1
conflicts,0.11631372109986841,-0.11631372109986841,1
tormented,0.11621152539737523,0.11621152539737523,1
tightened,0.11451996605610475,-0.11451996605610475,1
bushfire,0.11450885096564889,-0.11450885096564889,1
existential,0.11420984954262774,0.11420984954262774,1
settlement,0.11416600577914242,-0.11416600577914242,1
misuse,0.11286532381853584,0.11286532381853584,1
drastic,0.11272373775806377,0.11272373775806377,2
sacrifice,0.11255450521130116,0.11255450521130116,1
deliberations,0.1122467112328325,-0.1122467112328325,1
helpless,0.1121876606096824,0.1121876606096824,1
channel,0.11173188046814175,-0.11173188046814175,1
unprecedented,0.11168599922010408,0.11168599922010408,1
supposedly,0.11132368856554173,0.11132368856554173,1
depressed,0.11125724989688024,0.11125724989688024,1
voice,0.11118768200200671,-0.11118768200200671,1
"starts,””",0.1103936010816445,0.1103936010816445,1
quarantine,0.11033397948962044,-0.11033397948962044,1
red-taping,0.10955511977053468,0.10955511977053468,1
groping,0.10845307544805109,0.10845307544805109,1
reduced,0.10789624784665648,0.10789624784665648,1
unwelcome,0.10693070435518165,0.10693070435518165,2
republicans—force,0.10659650956707387,0.10659650956707387,1
marianne,0.10658159386366606,-0.10658159386366606,1
defamatory,0.10637166858318128,0.10637166858318128,1
tremendous,0.10613931055096061,0.10613931055096061,1
leftists,0.10565012253613935,0.10565012253613935,2
july,0.1056376965774689,-0.1056376965774689,2
scrounges,0.10547139229796207,0.10547139229796207,1
madness,0.10536446608603002,0.10536446608603002,1
journalist,0.10522236782972787,-0.10522236782972787,1
mainstream,0.10496031866359495,0.10496031866359495,3
documents,0.10481057236902415,-0.10481057236902415,1
boundless,0.10467678875041504,0.10467678875041504,1
depicts,0.10391735078883357,-0.10391735078883357,1
seem,0.10383632972836494,0.10383632972836494,1
can’’t,0.10369217372499406,0.10369217372499406,1
coddle,0.10317305056378245,0.10317305056378245,1
egregiously,0.10233366285036836,0.10233366285036836,1
unrecognized,0.10216142319683215,0.10216142319683215,1
malinowski,0.1018303990131244,-0.1018303990131244,1
corporations,0.10181022476693573,0.09872720245413096,2
nonsense,0.10147687618931135,0.10147687618931135,1
actually,0.10135824327702496,0.10135824327702496,2
dear,0.10126084610819816,0.10126084610819816,1
omnipotent,0.10059041249074249,0.10059041249074249,1
official,0.10034250866414772,-0.10034250866414772,1
enormous,0.10021522912252283,0.10021522912252283,3
slipped,0.10005351578971991,0.10005351578971991,1
kumbayaing,0.0990735733648762,0.0990735733648762,1
far,0.09862334785672526,-0.08778019986736278,3
biological,0.09787442194382576,0.09737670284018599,2
"$50,000",0.09774739574640989,-0.09774739574640989,1
dairy,0.09745371031264463,-0.09745371031264463,1
slew,0.09732772447168828,0.09732772447168828,1
throes,0.09714207458309829,0.09714207458309829,1
three-month,0.09628848634505023,-0.09628848634505023,1
"police,””",0.09599873898550867,-0.09599873898550867,1
harris,0.09579848404557977,-0.09579848404557977,2
““researchers,0.09557603270513937,-0.09557603270513937,1
buffet,0.0951887836147632,0.0951887836147632,1
found,0.09514774027819303,-0.09514774027819303,5
unbridled,0.09510638277433851,0.09510638277433851,1
““misogyny””,0.09491346444008827,0.09491346444008827,1
vaunted,0.0948542841444058,0.0948542841444058,1
assembly,0.0945468566690882,-0.0945468566690882,1
claim,0.0945374462082137,0.01696423129190829,3
forgetfulness,0.09438114524597213,0.09438114524597213,1
propublica,0.09432559027724588,-0.09432559027724588,1
conversation,0.094119479557356,-0.094119479557356,1
kasky–is,0.09378410687315322,0.09378410687315322,1
humor,0.09364208191012344,0.09364208191012344,1
rhetoric,0.09363817599498564,0.08976707886904478,2
penalties,0.09322883662035954,-0.09322883662035954,1
justice,0.09280154087173287,0.09280154087173287,1
snyderman,0.09269835828204773,-0.09269835828204773,1
oluo,0.09258039854466915,-0.09258039854466915,1
none,0.09231359511613846,0.09231359511613846,1
often,0.09210908605988757,0.09210908605988757,1
storm,0.0918608977808617,0.0918608977808617,1
west’’s,0.09146688377617726,0.09146688377617726,1
trip,0.09137249390195523,-0.09137249390195523,1
unconscious,0.0911359722215113,0.0911359722215113,1
phe,0.09109282400459051,-0.09109282400459051,1
courthouse,0.09057436246340247,-0.09057436246340247,1
apple,0.09039788673787068,-0.09039788673787068,1
massachusetts,0.08981968209679637,-0.08981968209679637,1
““nationalist””,0.08978166026063264,0.08978166026063264,1
truly,0.08866100673241398,0.08866100673241398,1
gut,0.08854005865578074,0.08549600305559579,2
scientists,0.08842459096657958,0.08842459096657958,1
civitas,0.0883650416333694,-0.0883650416333694,1
mr,0.08746484719320304,-0.08746484719320304,1
conspiracy,0.08739103147737189,0.08739103147737189,3
wealthy,0.08730824029771611,0.08730824029771611,1
anti-vaxx,0.0871219814568758,0.0871219814568758,1
immediately,0.08709340545159827,-0.02092672155125866,3
abuse,0.08672980883617012,0.08672980883617012,1
insurgents””,0.0866963980211453,0.0866963980211453,1
iowa,0.086600909496968,-0.086600909496968,2
beauty,0.08657414951760854,0.08657414951760854,1
minors,0.08646898028174682,-0.08646898028174682,1
biden’’s,0.08616594378448401,-0.006393443812460944,2
woke,0.08567244410514832,0.08567244410514832,1
duel,0.08527598679065704,-0.08527598679065704,1
added,0.08503116371112236,-0.08503116371112236,3
harlem,0.08470731638815432,-0.08470731638815432,1
again,0.08466417445257926,0.08466417445257926,1
foes,0.08446462182328104,0.08446462182328104,1
liberal,0.08437708321079262,0.08437708321079262,4
defiant,0.0843334088276606,0.0843334088276606,1
dramatic,0.08420313804004437,0.08420313804004437,1
distraction,0.08374351118303214,0.08374351118303214,1
operatives,0.08360380258734439,0.08360380258734439,1
told,0.08347947886605003,-0.08347947886605003,5
allies,0.08347140265894787,0.08347140265894787,1
rich,0.08319980002080019,0.08319980002080019,1
billionaires,0.0829598429718783,0.0829598429718783,2
failed,0.0829291683656968,0.0829291683656968,4
bragging,0.08268413465056154,0.08268413465056154,1
miracle,0.08201366200349487,0.08201366200349487,2
anyone,0.0816793824723434,0.08090681292205339,3
detractors,0.08141230114481667,0.08141230114481667,1
illegal,0.08106969876183331,0.08106969876183331,4
kenny,0.08077863864600658,-0.08077863864600658,1
travel,0.08077822685507792,-0.08077822685507792,1
adultery,0.08072813167984103,0.08072813167984103,1
scared,0.08059341551381208,0.08059341551381208,1
bangkok,0.08047680968108277,-0.08047680968108277,1
gun-toting,0.08045454430005824,0.08045454430005824,1
disgust,0.0801433128377539,0.0801433128377539,1
humanity’’s,0.08004363438683665,0.08004363438683665,1
viewpoints,0.07995671378871934,-0.07995671378871934,1
speech,0.07983891373234137,-0.07983891373234137,1
unbelievable,0.07974334242037283,0.07974334242037283,1
trump's,0.079641678539122,0.079641678539122,2
journal,0.07957441310140388,-0.07957441310140388,3
““on,0.07953459554119036,-0.07953459554119036,1
war,0.07941803140565754,0.053298138116952026,2
d-n.y,0.0790415823740216,-0.0790415823740216,1
demonstrations,0.07872232912341132,-0.07872232912341132,2
television,0.07861065142787993,-0.07861065142787993,1
pass,0.0780660511692986,-0.0780660511692986,2
fair,0.07778697740286589,0.07778697740286589,1
however,0.07755417497662295,-0.07128845588137796,7
success,0.0773688645473672,-0.027387619513613782,3
stereotypes,0.07733615328066258,0.07733615328066258,1
documented,0.0772905535290413,-0.0772905535290413,1
legitimate,0.07702553330631362,0.07702553330631362,2
thanks,0.07696214438016925,0.07696214438016925,1
endorsed,0.07690058790871666,-0.07690058790871666,1
self-abortion,0.07689527780748905,0.07689527780748905,1
blamed,0.07689343269116113,0.07689343269116113,1
year’’s,0.07688442836515605,-0.07688442836515605,2
ducked,0.07676766829016352,0.07676766829016352,1
danger,0.0767353323421308,-0.0767353323421308,1
asked,0.07672747747791517,-0.07672747747791517,2
drive,0.07652078308941175,0.07652078308941175,2
"““fee-flation,””",0.07626040712265031,0.07626040712265031,1
outright,0.07572952864381174,0.06214084875149031,2
feral,0.07511016990368564,0.07511016990368564,1
ocasio-cortez,0.07501746774314813,-0.07501746774314813,4
honestly,0.07490937838044304,0.07490937838044304,1
writing,0.07484103611204773,-0.07484103611204773,1
community,0.07471383584546858,-0.07471383584546858,3
buying,0.07466826807441457,0.07466826807441457,1
reports,0.07454204957502952,-0.07454204957502952,2
repugnant,0.07448046115730778,0.07448046115730778,1
denies,0.07444404799025506,0.07444404799025506,1
hostage,0.0743112232418916,0.0743112232418916,1
dehumanized,0.07424593214333679,0.07424593214333679,1
violence,0.07415484605766974,-0.005927310740907548,7
sympathy,0.07402335417767365,0.07402335417767365,1
deeply,0.07399138942128047,0.07399138942128047,2
lay—to,0.07395074370142538,-0.07395074370142538,1
case,0.07380459900634984,-0.07380459900634984,2
sweep,0.07379644259344786,0.07379644259344786,1
failure,0.073631282151473,0.06916807341840467,2
anywhere,0.07355329863106211,0.07355329863106211,1
activity,0.073345120344311,-0.073345120344311,3
guru,0.07324096225202084,0.07324096225202084,1
polish,0.07309582570035543,-0.07309582570035543,1
mitch,0.07308860930303733,0.07308860930303733,1
flopping,0.07305469206767157,0.07305469206767157,1
recommendation,0.07302260406625768,-0.07302260406625768,1
oppressive,0.07274520924230192,0.07274520924230192,1
dangling,0.07273636623803112,0.07273636623803112,1
agenda,0.07251895504383264,0.07251895504383264,3
panned,0.07245472745293788,0.07245472745293788,1
urging,0.07223380948500041,-0.07223380948500041,4
sweeping,0.0721371419476493,0.0721371419476493,3
““global,0.07212028953169163,0.07212028953169163,1
money,0.07158977004137616,0.06647283095265845,4
wilton,0.07156211324036121,-0.07156211324036121,1
dashed,0.07115110846435918,0.07115110846435918,1
hashtag,0.07113459930405952,-0.07113459930405952,1
invites–brinkley,0.07104296627221629,-0.07104296627221629,1
highlights,0.07060073972256346,-0.07060073972256346,1
worse,0.07058859346822526,0.07058859346822526,1
““american,0.0703292271355167,0.0703292271355167,1
poverty,0.07026840443722904,0.07026840443722904,1
cult,0.07021527284135422,0.07021527284135422,1
greeted,0.07020473878947087,-0.07020473878947087,1
isis,0.0700216411612928,0.0700216411612928,1
politicians,0.06984545011989583,0.06984545011989583,3
kurz,0.06977701559662819,-0.06977701559662819,1
successive,0.06967912303904691,-0.06967912303904691,1
indifferent,0.06959946608015646,0.06959946608015646,1
hopefuls,0.06939160075853579,-0.06939160075853579,1
matches,0.06938854257750791,-0.06938854257750791,1
consulate,0.06933812230825424,-0.06933812230825424,1
self-hatred,0.06908876053057611,0.06908876053057611,1
extremist,0.06884454002138227,0.06884454002138227,2
lapierre,0.06871623987427507,-0.06871623987427507,1
data,0.06855109807569534,-0.06855109807569534,2
refugees,0.06850375525749451,-0.06728555763044232,2
judge,0.06829468359501334,-0.06829468359501334,4
ignore,0.06811628294862294,0.06811628294862294,3
attacks,0.06811513772117905,-0.06811513772117905,1
prompted,0.06798805210532415,-0.06798805210532415,1
outsider,0.0679457499128249,-0.0679457499128249,1
fleeing,0.06773466669255868,-0.06773466669255868,1
staunch,0.06772570250939533,0.06772570250939533,2
ashamed,0.0675197178934468,0.0675197178934468,1
dhs,0.06737501174211502,-0.06737501174211502,1
i,0.06721121131914616,-0.06696840494308466,6
threaten,0.06695499018884249,0.06695499018884249,2
alabama,0.06690942137720413,-0.06690942137720413,2
monitor,0.06652938860740201,-0.06652938860740201,1
arrested,0.06650405941196741,-0.06650405941196741,2
calling,0.06632729906509073,-0.06632729906509073,2
should,0.06613461708471258,0.06584100352117377,7
risk.””,0.06610294305719436,-0.06610294305719436,1
allegations,0.06604531952082955,-0.06604531952082955,2
words,0.06603537189463775,-0.06603537189463775,1
analysts,0.06589930918481615,-0.06589930918481615,1
believe,0.06567755453237195,-0.06567755453237195,1
outcomes,0.06552301581811021,-0.06552301581811021,1
merril,0.06541649997234344,-0.06541649997234344,1
defines,0.06527049476862885,-0.06527049476862885,1
committing,0.06519999844257277,0.06519999844257277,1
vocal,0.06514383672453862,0.06514383672453862,2
nationalism,0.06508071145298244,0.06508071145298244,2
solid,0.0650260928280962,0.0650260928280962,1
““gender,0.06502552796155214,0.06502552796155214,1
concerns,0.06486813387730056,-0.06486813387730056,1
““consistent””,0.06484828635584564,-0.06484828635584564,1
measure,0.06461604950891342,-0.06461604950891342,1
dangers,0.06457607209449634,0.06457607209449634,1
male,0.06452688188292086,0.06295543476007878,2
judge’’s,0.06444286717709878,-0.06444286717709878,1
sen,0.06440230984784043,-0.06440230984784043,2
““lgbt-inclusive””,0.06427475116812649,0.06427475116812649,1
evidence,0.06396383497243126,-0.06396383497243126,1
allow,0.06394758866614818,0.04087791635053388,2
triumphing,0.06383496055689951,0.06383496055689951,1
wildly,0.06346300018940901,0.06346300018940901,2
unusual,0.06345361405547009,-0.06345361405547009,2
challenging,0.06331064240657724,-0.06331064240657724,1
homicide,0.06312392921083504,-0.06312392921083504,1
researchers,0.06302644531695276,-0.06302644531695276,3
netflix,0.06300468640547478,-0.036134012251568495,2
detentions,0.06292082343134098,-0.06292082343134098,1
jesus,0.06282512894055496,0.06282512894055496,1
ill-advised,0.06276936468978722,0.06276936468978722,1
ordered,0.06273206272884703,-0.06273206272884703,3
cautionary,0.06258163991151378,0.06258163991151378,1
colleen,0.06255914860715468,-0.06255914860715468,1
normal,0.062331439178836136,-0.062331439178836136,1
facebook,0.06233134960186565,-0.06233134960186565,2
headline-grabbing,0.062320631221792475,0.062320631221792475,1
ticketmaster,0.06231879210099578,-0.06231879210099578,1
panel,0.06225519708176661,-0.06225519708176661,1
clear,0.06221625295620686,-0.06221625295620686,4
injured,0.062175007769837976,-0.062175007769837976,1
extraordinary,0.06212813620056423,-0.06212813620056423,1
there’’s,0.062073056935332716,-0.062073056935332716,1
threatens,0.06186545141972601,0.06186545141972601,1
expensive,0.06175664698239416,0.06175664698239416,1
record-low,0.06168474034140153,-0.06168474034140153,1
tradition,0.0616742705538248,-0.0616742705538248,2
compete,0.06159343235961457,-0.06159343235961457,3
shooting,0.0615710384229681,-0.0615710384229681,2
trump’’s,0.0615541531646299,0.053326985694706695,15
discussion,0.06146856210800213,-0.06146856210800213,1
salman,0.06138424185218707,-0.06138424185218707,1
polls,0.06110546618906988,-0.06110546618906988,2
nbc,0.06096944399178028,-0.06096944399178028,1
effectively,0.060939404511979475,0.060939404511979475,1
spectrum,0.06087650813990169,-0.06087650813990169,1
partisan,0.06068048714142707,0.06068048714142707,1
blame,0.06047483650036156,0.06047483650036156,1
schlapp’’s,0.06039765472613418,-0.06039765472613418,1
debate,0.06015629381207484,-0.06015629381207484,2
va,0.060121937848938004,-0.060121937848938004,1
disarray,0.060063501796095035,0.060063501796095035,1
transphobia,0.06002380336738296,0.06002380336738296,1
latinos,0.05999950675565439,-0.05999950675565439,1
appease,0.05992154672043398,0.05992154672043398,1
t-shirts,0.05980627926570985,-0.05980627926570985,1
bennett,0.059753508074209094,-0.059753508074209094,1
charleston,0.05954181662704231,-0.05954181662704231,3
issuing,0.0594767735650142,-0.0594767735650142,1
ever-expanding,0.05937090921621674,0.05937090921621674,1
arabia,0.05932471637960941,-0.05285994874505123,2
destroy,0.05928943822541947,0.05928943822541947,2
““ceo””,0.059269122750265524,0.059269122750265524,1
happen,0.05923257976870185,0.05923257976870185,1
allowing,0.05909275589040434,0.05909275589040434,1
counterparts,0.05906865036544891,-0.05906865036544891,1
theologically,0.058962787268683314,0.058962787268683314,1
image,0.05890679672787276,-0.05890679672787276,1
thursday,0.05871533977981721,-0.05871533977981721,6
sure,0.058564668459972984,0.058564668459972984,2
reuters,0.058558675802487414,-0.058558675802487414,1
unpopular,0.058547111625263756,-0.05095816167169967,2
exchanges,0.05843400324229151,-0.05843400324229151,1
nuts,0.058380352705717085,0.058380352705717085,1
kailee,0.0581290025729686,-0.0581290025729686,1
williamson,0.05801939811896194,-0.05801939811896194,1
archivist,0.05793563080411072,-0.05793563080411072,1
nine,0.05791054541201323,-0.05791054541201323,3
erupting,0.057883863541064784,0.057883863541064784,1
scotland,0.057839394081383944,-0.057839394081383944,1
conspired,0.0578386382682116,0.0578386382682116,1
claiming,0.05783556984757225,0.04938676348734628,5
sinister,0.0577837429250832,0.0577837429250832,1
trying,0.05772582721083939,0.05772582721083939,3
"$100,000",0.05771953812412297,-0.05771953812412297,1
editing,0.057603213703259826,0.057603213703259826,1
prevention,0.057535407821309156,-0.057535407821309156,1
1998,0.05752305593341589,-0.05752305593341589,1
bjp,0.05737286992371082,-0.05737286992371082,1
reporters,0.057357256271643564,-0.057357256271643564,1
close,0.05732514488045126,-0.05732514488045126,1
infants,0.05720076357586852,-0.05720076357586852,1
unlikely,0.05719019823237999,-0.05719019823237999,2
““defund,0.05706121631665155,-0.05706121631665155,1
2015,0.05704324347898364,-0.05704324347898364,1
lie,0.057016103361092974,0.057016103361092974,1
beijing,0.05693835475540254,-0.05693835475540254,1
search,0.05688956411526513,-0.05683892420941569,3
imports,0.05688774346393377,-0.05688774346393377,1
left-wing,0.05679755541474123,0.03208815033991386,4
contours,0.056729961617384105,-0.056729961617384105,1
entirely,0.05667034640080399,0.05667034640080399,1
u.s,0.05663562221755225,-0.05663562221755225,34
““when,0.056579654570668936,-0.056579654570668936,1
"roe,””",0.05654556296455363,0.05654556296455363,1
policies,0.05652558790540397,0.04503031589301102,8
re-election,0.056445758841517896,-0.056445758841517896,1
ordained,0.056250783062919425,-0.044553342137347775,2
planet,0.05617024413576083,0.05617024413576083,1
criticized,0.055771693232009645,-0.055771693232009645,2
32-year-old,0.05573751514829282,-0.05573751514829282,1
policies—by,0.05573062798551594,0.05573062798551594,1
best,0.05571387019008398,0.05571387019008398,1
claims,0.05564711490557307,0.029069922431593852,5
panel's,0.05557967468727535,-0.05557967468727535,1
attempt””,0.055556785882799886,-0.055556785882799886,1
tweet,0.05543755170138966,-0.05543755170138966,1
attendance,0.0553170973170464,-0.0553170973170464,1
neighbors,0.055310254766178936,-0.05329710332346924,2
loans,0.055291350680312865,-0.055291350680312865,2
extraordinarily,0.055237307024071924,0.055237307024071924,1
portraying,0.055075987242162235,-0.055075987242162235,1
spirits,0.055041688960045576,0.055041688960045576,1
company’’s,0.0549889627538505,-0.0549889627538505,1
unhinged,0.05492448589971496,0.05492448589971496,1
argentina,0.0548960022861138,-0.0548960022861138,1
utterly,0.05488205560250208,0.05488205560250208,1
save,0.05473169193137437,0.024574019457213582,2
azar,0.05469914646043132,-0.05469914646043132,1
apparently,0.05469907226859395,0.05469907226859395,1
desecration,0.05464217957113778,0.05464217957113778,1
prior,0.054585945233702665,-0.054585945233702665,1
revolutionizing,0.05452951409830904,0.05452951409830904,1
mccorvey,0.05443021620158106,-0.05443021620158106,1
miami,0.05423739866819233,-0.05423739866819233,1
couldn’’t,0.05408299572094261,0.05408299572094261,2
ratings,0.05401962980634862,-0.05401962980634862,1
write,0.053912925540013625,-0.053912925540013625,2
troubled,0.053890979952282377,-0.053890979952282377,1
untested,0.05385514325462282,0.05385514325462282,1
comments,0.05378887541278696,-0.05378887541278696,4
explaining,0.053734561528968196,-0.053734561528968196,1
statement,0.05371510763490985,-0.05371510763490985,5
endanger,0.05348905056921972,0.05348905056921972,1
society,0.05343022646411555,0.04481502416941415,3
cheats,0.053367814088302955,0.053367814088302955,1
online,0.05325768386828712,-0.05325768386828712,4
aim,0.053227177281951296,0.03861486578462063,2
swamped,0.053125304376913436,0.053125304376913436,1
suspended,0.05307401285972446,-0.05307401285972446,1
regulation,0.05297381299632517,-0.05297381299632517,1
strava,0.05286800902104005,-0.05286800902104005,1
womb,0.05286558674648404,0.05286558674648404,1
request,0.052848868999717524,-0.052848868999717524,2
opponents,0.05280195839672593,-0.05280195839672593,2
‘‘substantial,0.05277143116109073,-0.05277143116109073,1
labour,0.0527525651268661,-0.0527525651268661,1
conservative,0.05264747037730118,0.05264747037730118,4
lysol,0.05263538039580453,0.05263538039580453,1
great,0.052624757970941176,0.036486020725788784,4
studies,0.05247750017669104,-0.05247750017669104,3
february,0.05245846026853002,-0.05245846026853002,2
act””,0.05233743184362538,-0.05233743184362538,1
fighter,0.052233403956051916,-0.052233403956051916,1
increasingly,0.05216237952789435,0.05216237952789435,3
thunberg,0.05215753037999901,-0.05215753037999901,1
cannot,0.052007888693599,0.046097901000803895,2
praised,0.052002822658687366,-0.04557414978771703,2
philosophy,0.05198364450342276,0.05198364450342276,1
refined,0.05197502214529474,0.05197502214529474,1
pregnancy,0.05184310466339368,-0.05184310466339368,2
personality,0.051733179367147386,-0.051733179367147386,1
investigation,0.051640358809790676,-0.051640358809790676,2
king,0.051573742926120755,-0.051573742926120755,1
adds,0.05150267302524299,-0.05150267302524299,1
margins,0.051398474839515984,-0.051398474839515984,1
rages,0.05130293848924339,0.05130293848924339,1
giant,0.05117292408615833,0.05117292408615833,3
gallup,0.051089593841295154,-0.051089593841295154,1
explains,0.05096845991943997,-0.05096845991943997,1
gun-control,0.050965392699387546,0.019859179843527572,2
disparities,0.05085214871214703,-0.05085214871214703,1
cured,0.05074388295825985,0.05074388295825985,1
fidel,0.050667174177111265,0.050667174177111265,1
excuse,0.05066241909350668,0.05066241909350668,1
staffer,0.05029841765159897,-0.05029841765159897,1
essay,0.05028392712119967,-0.05028392712119967,1
klan,0.050135953091084956,0.050135953091084956,1
withholding,0.05005849931233873,0.05005849931233873,1
constituents,0.050051720674113884,0.050051720674113884,1
regularly,0.05001307141501457,0.05001307141501457,1
medalist,0.05001141111521672,-0.05001141111521672,1
consigned,0.04980745718348772,0.04980745718348772,1
stark,0.049729657267952074,0.049729657267952074,1
stadium,0.04967676854375029,-0.04967676854375029,1
coach,0.04962837623315863,-0.04962837623315863,1
report,0.04958969273235805,-0.04958969273235805,6
senior,0.04958765827385442,-0.04958765827385442,1
absolutely,0.0495510816673477,0.0495510816673477,2
kathleen,0.049541215412318707,-0.049541215412318707,1
lawsuit,0.04949771415582897,-0.04949771415582897,1
resist,0.04946783238223621,0.04946783238223621,1
theorists,0.04937788082419762,0.04937788082419762,1
passion,0.04936298565007746,0.04936298565007746,1
sacred,0.049330978255186765,0.049330978255186765,1
attorney,0.049195312480959624,-0.049195312480959624,1
penny—and,0.049116223419938855,0.049116223419938855,1
unleashed,0.04908878199631415,0.040079408348454824,2
dangerously,0.04908560021431185,0.04908560021431185,1
violent,0.049018834735251836,0.049018834735251836,5
isn’’t,0.04896938191571583,0.04896938191571583,1
false,0.048943997438376144,0.048943997438376144,1
hawley,0.048873627735883926,-0.048873627735883926,1
tape,0.04885941306129098,-0.04885941306129098,1
disability,0.04883750405331905,-0.04883750405331905,1
feminists,0.04872567046433687,0.04872567046433687,1
secretary,0.04872509855518325,-0.04872509855518325,2
uganda,0.04857742573058574,-0.04857742573058574,1
underscore,0.04854086151515896,-0.04854086151515896,1
couples,0.04845463973591298,-0.04845463973591298,2
isolate,0.048400696046442274,0.048400696046442274,1
our,0.04839869209154997,0.04839869209154997,10
area,0.048290328751318154,-0.048290328751318154,2
critics,0.048204226329592835,-0.048204226329592835,3
representatives,0.04814899473293779,-0.04814899473293779,3
overhaul,0.04810221270761556,-0.04205800153108107,2
nefarious,0.047861134028813285,0.047861134028813285,1
prop,0.047813923098146915,0.047813923098146915,1
access,0.04769638643733092,0.04769638643733092,1
room,0.047614647448062895,-0.047614647448062895,1
coherent,0.04757837445371681,0.04757837445371681,1
politics,0.04755392635001265,0.04044385706521383,2
neighborhood,0.04753020140956473,-0.04753020140956473,1
33-year-old,0.04751673845824337,-0.04751673845824337,1
signed,0.04746920173555347,-0.04746920173555347,3
tragedy,0.047448999615274566,0.047448999615274566,1
questioning,0.04744514621561394,-0.04744514621561394,1
director,0.047421971966296134,-0.047421971966296134,2
facing,0.047378601636072354,-0.047378601636072354,2
protests,0.04732744000151524,-0.04732744000151524,8
intentional,0.0473010861813756,0.0473010861813756,1
untrammeled,0.047215018780731886,0.047215018780731886,1
graphically,0.04713770227196316,0.04713770227196316,1
swarmed,0.047070174497397,0.047070174497397,1
mitigation,0.046907756900922824,-0.046907756900922824,1
respond,0.046751019202929456,-0.046751019202929456,1
twitter,0.04672028957356815,-0.04672028957356815,5
obama-era,0.04671339076044711,0.04671339076044711,1
propagation,0.04669424679984028,0.04669424679984028,1
lesh,0.04660391388460994,-0.04660391388460994,1
distanced,0.046486057015135876,-0.046486057015135876,1
tuesday,0.04639145935016076,-0.04639145935016076,11
carmen,0.046222798208790744,-0.046222798208790744,1
dropped,0.04611033385684577,-0.04611033385684577,1
mcdonald's,0.04601440880085445,-0.04601440880085445,1
course,0.045961995865341526,0.045961995865341526,3
john’’s,0.04590041184177002,0.04590041184177002,1
webcast,0.0457563437812496,-0.0457563437812496,1
wild,0.04563203509896994,0.04563203509896994,1
urges,0.04559102759230882,-0.04559102759230882,1
nevada’’s,0.045581077293203286,-0.045581077293203286,1
claimed,0.045574032870205304,-0.006694447846745212,8
power,0.04547103653552883,0.04547103653552883,4
act,0.04546087564813206,0.023814410764316563,4
political,0.04539792591956298,0.04539792591956298,12
materially,0.04539278963806502,0.04539278963806502,1
administration’’s,0.04533433127799071,-0.04533433127799071,2
re-work,0.04530661712106805,-0.04530661712106805,1
re-educate,0.04514898761020352,0.04514898761020352,1
mockery,0.045147057096861926,0.045147057096861926,1
pompeo,0.04514332674443722,-0.04514332674443722,1
spiers,0.04510478073378833,-0.04510478073378833,2
schumer’’s,0.04507182483212091,0.04507182483212091,1
male-dominated,0.04506503098333876,0.04506503098333876,1
statistics,0.045064265194179665,-0.045064265194179665,1
berlin,0.04502233803006155,-0.04502233803006155,1
apparent,0.045019280165433884,0.045019280165433884,1
mosques,0.04500423642457463,-0.04500423642457463,1
wave,0.04499471086077392,-0.010150993717834355,2
parades,0.04493996275414247,-0.04493996275414247,1
study,0.04493403755138085,-0.04493403755138085,6
monday,0.04477381742021645,-0.04477381742021645,8
drugs,0.044764860843618706,0.044764860843618706,1
launching,0.044703506981022656,0.044703506981022656,1
2004,0.0446391038208579,-0.0446391038208579,1
give,0.04456558357924223,0.04456558357924223,1
gop,0.044557817484019324,0.04070028380374424,3
youtube,0.04450490460294532,-0.04450490460294532,1
he’’s,0.04440550202884341,0.04440550202884341,2
sanders,0.044404331888201545,-0.044404331888201545,5
showed,0.04434927590357672,-0.04434927590357672,2
headwear,0.04434764484823164,-0.04434764484823164,1
khamenei,0.04434634803328663,-0.04434634803328663,1
bad,0.04429610649337216,0.04429610649337216,2
syllabus,0.044175487535540015,-0.044175487535540015,1
campaign,0.04413671676379939,-0.04413671676379939,5
hate,0.044062271808536765,0.044062271808536765,2
reveals,0.04397711646743119,-0.04397711646743119,1
carefully,0.04395648438173035,-0.04395648438173035,1
paso,0.043925675163045526,-0.043925675163045526,1
snapchat,0.043908987601753324,-0.043908987601753324,1
challenge,0.0438129035210503,-0.0438129035210503,3
issued,0.04377273189269804,-0.04377273189269804,3
measles,0.04377157529233955,-0.00048286511446349323,2
biologically,0.04373984655831009,0.04373984655831009,1
senator’’s,0.043731587880756706,-0.043731587880756706,1
friday,0.04365777846222428,-0.03377455097852225,8
trump,0.04355869517237117,0.03982461400163507,62
seems,0.04347550396535856,0.04347550396535856,2
opponent’’s,0.04345884888122479,0.04345884888122479,1
grieving,0.04343027373154958,0.04343027373154958,1
first,0.04336823377718231,-0.04275296798067204,13
parlors,0.043280605537195996,-0.043280605537195996,1
control’’s,0.04317817714982084,0.03608335420503863,2
cross-border,0.04312057389082232,-0.04312057389082232,1
mock,0.043106221136721704,0.043106221136721704,1
kill,0.04309898046776652,0.04309898046776652,2
allure,0.043071782682091,0.043071782682091,1
site,0.043067652236537204,-0.043067652236537204,2
authors,0.042837540355321835,-0.042837540355321835,1
francis,0.042821579772862606,-0.042821579772862606,1
"d.c.,””",0.0426640190416947,-0.0426640190416947,1
extremely,0.04262120828485362,0.04262120828485362,1
arrests,0.042478169755162935,-0.042478169755162935,3
taxpayers,0.042432251982390874,0.039141492578200994,3
ridicule,0.042430777930551104,0.042430777930551104,1
castro’’s,0.042404242551673306,0.042404242551673306,1
night,0.04237940369773516,-0.04237940369773516,2
outdated,0.04232882018442507,0.04232882018442507,1
standards,0.042320474012355724,-0.042320474012355724,1
wednesday,0.04228179545005192,-0.04228179545005192,4
demonstration,0.04223505057859879,-0.04223505057859879,2
2012,0.04220689980059185,-0.04220689980059185,2
welcomed,0.04214605916705397,-0.04214605916705397,1
““islam,0.04212330613518134,0.04212330613518134,1
nominees,0.042117668531352175,-0.042117668531352175,1
foreign,0.04211712342496159,0.04211712342496159,3
staging,0.042104847147129476,-0.042104847147129476,1
high-capacity,0.04201498904731125,-0.04201498904731125,1
spokeswoman,0.041999790926638525,-0.041999790926638525,1
economy—much,0.04193899391419323,0.04193899391419323,1
““oppressive,0.041920249769170886,0.041920249769170886,1
overstreet,0.04191307796165347,0.04191307796165347,1
repeats,0.0419113808311522,0.0419113808311522,1
represent,0.041904145201470386,0.041904145201470386,1
legislation,0.041869106906233355,-0.041869106906233355,3
““lords,0.041815272306420785,0.041815272306420785,1
"$7,473",0.04174610658538777,-0.04174610658538777,1
outbreak,0.04158942090270703,-0.04158942090270703,8
totalitarian,0.041585575321225914,0.041585575321225914,1
georgia,0.041387081117136404,-0.041387081117136404,1
pandemic,0.041386734202181065,-0.03954782724467926,14
crowd,0.0411950660830674,-0.0411950660830674,2
classes,0.04108315414850949,-0.04108315414850949,1
cry,0.04105604795040563,0.04105604795040563,1
extent,0.04103761538863182,-0.04103761538863182,1
““far-right””,0.04096600405820128,0.04096600405820128,1
neighborhoods,0.040859357032570105,-0.040859357032570105,1
antagonist,0.04085866745674249,0.04085866745674249,1
fantasy,0.04061990923946723,0.04061990923946723,1
hatfill,0.04058729157854528,-0.04058729157854528,1
brutal””,0.04056504146068446,0.04056504146068446,1
insist,0.040506846169751795,-0.040506846169751795,2
japan-south,0.040502553611683347,-0.040502553611683347,1
hunting,0.04047004771806921,-0.04047004771806921,1
administrations,0.04022641966002993,0.04022641966002993,1
dreams,0.04022420694985028,0.04022420694985028,1
cuts,0.040155933957714114,-0.01563341665499581,2
addition,0.04013913083407614,-0.04013913083407614,1
tried,0.04004125502736618,-0.04004125502736618,1
10-year,0.039980962445649006,-0.039980962445649006,1
nationally,0.03986062933342222,-0.03986062933342222,1
accomplishments,0.03981704993348103,-0.03981704993348103,1
lawsuits,0.03980699446466234,-0.03980699446466234,1
fuel,0.03977663115813182,0.03977663115813182,1
mandate,0.03975633039483754,-0.03975633039483754,1
magazines,0.03973973067477345,-0.03973973067477345,1
catholic,0.03970517569945918,-0.03970517569945918,1
because,0.039701820280849155,0.039701820280849155,4
further,0.03967444464433356,0.03967444464433356,2
approve,0.03965064474482047,-0.03965064474482047,1
express,0.039626274243346415,-0.039626274243346415,1
arbitrary,0.039581021480262275,0.039581021480262275,1
media,0.03957502815970194,0.03581673635408737,11
looting,0.039487499510869384,0.039487499510869384,1
helping,0.039451425705919974,0.039451425705919974,1
america.””,0.03944423993525561,-0.03944423993525561,1
prompting,0.03935678320870335,-0.03935678320870335,2
viral,0.03934852282852969,-0.03934852282852969,2
video,0.03933648011459607,-0.03933648011459607,6
novice,0.03927175807101386,-0.03927175807101386,1
irrelevant,0.039201969437470494,0.039201969437470494,1
jail,0.03919071280397475,-0.03919071280397475,1
expenses,0.03916345711073114,-0.03916345711073114,1
nervous,0.03910140587487893,-0.03910140587487893,1
force””,0.03904270547726709,-0.03904270547726709,1
homosexuality,0.039037079763407485,0.039037079763407485,2
late-term,0.038923506950959565,-0.038923506950959565,1
diversity,0.03892034289892763,0.03892034289892763,1
era,0.03891119034960866,0.03891119034960866,1
dangerous,0.038907308550551536,0.038907308550551536,3
"25,000",0.03884570613955187,-0.03884570613955187,1
group,0.03882992401887659,-0.026989949707299496,9
hopeful,0.038814763829577714,-0.038814763829577714,1
openly,0.0388090249505781,0.0388090249505781,1
ministers,0.03869619084871374,0.03869619084871374,1
solidarity,0.038692413734018126,-0.038692413734018126,2
opponent,0.03868949967389456,0.03868949967389456,1
billions,0.03866927681697739,0.03866927681697739,1
2021,0.03856882378458977,-0.03856882378458977,1
gear,0.03854049080982804,-0.03854049080982804,1
writer,0.03849011277114706,-0.03849011277114706,1
step,0.03848648322746158,-0.03848648322746158,1
stunts,0.038428611161985565,0.038428611161985565,1
railed,0.038417899573687464,0.038417899573687464,1
portland,0.03840139025166907,-0.03840139025166907,2
passed,0.038377200527715365,-0.038377200527715365,1
spoke,0.03836893472734595,-0.03836893472734595,2
opposition,0.03828483781861988,0.03828483781861988,1
among,0.03824242942315007,-0.038182066771349187,5
shameless,0.038237639629873095,0.038237639629873095,1
face,0.03817824116635538,0.007880167935905687,4
florida,0.03803860826155869,-0.03803860826155869,1
““refugees,0.038019848971938094,-0.038019848971938094,1
cancer,0.03799129900883655,-0.03799129900883655,1
rare,0.0379678294993937,-0.0379678294993937,1
platform,0.037961002884417346,-0.03666510578386731,3
inconceivable,0.037912565211041103,0.037912565211041103,1
viewers,0.03774103683826979,-0.03774103683826979,1
novel,0.03771663365963225,0.03771663365963225,2
australia’’s,0.0376855525188148,-0.0376855525188148,1
pis,0.03767073868463437,0.03767073868463437,1
nomination,0.03766098833170183,-0.03766098833170183,4
assessments,0.03765544604054109,-0.03765544604054109,1
rapper,0.037617852251666285,-0.037617852251666285,1
barred,0.03759449121120963,-0.03759449121120963,2
whom,0.037566896287870466,0.02755717165567273,2
mind,0.037518424540758134,0.037518424540758134,1
broke,0.03747375562347265,-0.03747375562347265,3
rather,0.037444328756204674,0.030642969932939326,2
biden's,0.03741670332124664,-0.03741670332124664,1
bias,0.037377459835261105,-0.037377459835261105,1
riots,0.037343179804641594,0.037343179804641594,2
newfound,0.037259291700591536,0.037259291700591536,1
subordinated,0.03718888637654128,0.03718888637654128,1
systemic,0.037095533516356555,0.037095533516356555,1
alex,0.037069305311888456,-0.037069305311888456,1
acosta,0.037028578657191245,-0.037028578657191245,1
““aka,0.03702634107321501,0.03702634107321501,1
let,0.03695821605651872,0.03695821605651872,2
individual’’s,0.03684578503933594,0.03684578503933594,1
““evidence””,0.03684188411959136,0.03684188411959136,1
intelligence,0.036806226967690654,-0.036806226967690654,1
highly,0.036754026992379556,0.032483143981413116,2
levels,0.036670099943876266,-0.036670099943876266,1
officials,0.036667749278114455,-0.036667749278114455,3
far-left,0.03664832343444383,0.03664832343444383,2
scrutinize,0.036644458597052905,-0.036644458597052905,1
plans,0.036609406267553816,-0.008576344972085993,3
charen,0.036605914352953225,-0.036605914352953225,1
severe,0.03657917059969068,0.03323039974340991,2
criticizing,0.03651557636718887,-0.03651557636718887,1
beings,0.036422419175505635,0.036422419175505635,1
doctors,0.03641860647068327,-0.03175583666908897,3
doesn’’t,0.036326161322520215,0.036326161322520215,2
stern,0.0361406951417973,0.0361406951417973,1
attack,0.0361105335884661,0.00343177990150815,6
competitor,0.03610573192550377,-0.03610573192550377,1
these,0.03604845279478633,0.03437522706273647,11
thessaloniki,0.03600664157420397,-0.03600664157420397,1
promised,0.035893680458819424,-0.010914358573413835,4
don’’t,0.03577800533539924,0.03577800533539924,4
skepticism,0.03566697933448491,-0.03566697933448491,3
you,0.03561881909838468,0.03561881909838468,7
karamo,0.035612807957267456,-0.035612807957267456,1
grassroots,0.03553740350021557,0.03553740350021557,1
whims,0.035520692666371666,0.035520692666371666,1
““took,0.03551961621269584,-0.03551961621269584,1
pained,0.03551458138584469,0.03551458138584469,1
charge,0.03547424940791513,-0.03271316532710833,2
according,0.035469542383507364,-0.035469542383507364,9
jill,0.03546619638800621,-0.03546619638800621,1
following,0.035451105097308755,-0.035451105097308755,3
““smile””,0.035447494922361024,0.035447494922361024,1
signs,0.03531401834703819,-0.03531401834703819,2
1992,0.03528719672208859,-0.03528719672208859,1
cut’’s,0.03527882060734555,0.03527882060734555,1
themselves,0.03515881449548584,0.03515881449548584,2
minutes,0.035096620916775484,-0.035096620916775484,2
williams,0.03507826200048267,-0.03507826200048267,1
ankara,0.03505719007807784,-0.03505719007807784,1
alternatives,0.0350237353418309,-0.0350237353418309,1
vitriol,0.03498649021558877,0.03498649021558877,1
same-sex,0.03484626677818596,-0.03484626677818596,1
led,0.0348291329096745,-0.0348291329096745,4
operate,0.03482070321115316,-0.03482070321115316,1
oklahoma,0.03479960441426744,-0.03479960441426744,1
reduce,0.03476781779615094,-0.03476781779615094,2
blow,0.034765929216519,0.034765929216519,1
1980,0.03475143536925316,-0.03475143536925316,1
promoted,0.03472492272815317,0.03472492272815317,2
guns,0.03472448048538328,0.02301181158274344,5
u.s.-mexican,0.03472225575553653,-0.03472225575553653,2
2017,0.03472207947116759,-0.03472207947116759,3
economy,0.03471284626591436,0.027568461043231542,6
commentary,0.03469723255098374,0.03469723255098374,1
extremism,0.03467538727979575,0.03467538727979575,1
leader,0.03461260448509295,-0.01771914814099936,5
known,0.03459336730844911,-0.03459336730844911,5
fleeting,0.03452572702533669,0.03452572702533669,1
personally,0.03444162204088562,0.03444162204088562,1
quick,0.03443594905547798,0.03443594905547798,1
obama,0.03443539441407969,0.03443539441407969,5
gaffes,0.03441688198862331,0.03441688198862331,1
criticism,0.03440277716053924,-0.03440277716053924,3
companies,0.03439020440900944,-0.030738483476580456,3
approach,0.03432240409052206,-0.03432240409052206,1
unveiled,0.03429545513871643,-0.03429545513871643,1
schools,0.034284166559906834,-0.02740968977266069,5
hundred,0.03427277073141239,-0.03427277073141239,1
2001,0.03424500683322549,-0.03424500683322549,1
needs,0.03422202893610423,0.03422202893610423,2
pretend,0.03420027823840066,0.03420027823840066,2
experts,0.03417560940630816,-0.03417560940630816,4
swedish,0.03414222939560811,-0.03414222939560811,1
columnist,0.03409458195674233,-0.03409458195674233,1
incites,0.03409373004978988,0.03409373004978988,1
saturday,0.03407633129962646,-0.03407633129962646,8
proposed,0.0340656774127166,-0.0340656774127166,4
bounty,0.034010646548787396,0.034010646548787396,1
it’’s,0.03387094952300464,0.03387094952300464,4
rep,0.03385286167574426,-0.023664166756595176,5
confront,0.03382646551148759,-0.03382646551148759,1
rate,0.03382430491037667,-0.03382430491037667,1
understands,0.03381764946065636,-0.03381764946065636,1
historically,0.033748896300004654,-0.033748896300004654,1
metabolize,0.033741500636097044,-0.033741500636097044,1
analysis,0.033730362438493304,-0.033730362438493304,1
did,0.03371824845089577,-0.024569367145886645,3
skeptical,0.03371804491616786,-0.03371804491616786,1
additional,0.03369535552337766,-0.03369535552337766,2
tuition-free,0.03368817532706696,0.03368817532706696,1
democrats’’,0.033682792040053755,-0.033682792040053755,2
sparked,0.03363960779695331,-0.03363960779695331,4
carolina,0.03360396923093459,-0.03360396923093459,3
call,0.033528281932498266,-0.033528281932498266,6
fallon,0.03349739632436208,-0.03349739632436208,1
““immediate,0.033480654456070624,-0.033480654456070624,1
popularity,0.033465420022945516,-0.033465420022945516,1
much,0.03345874894836605,0.033143533670003965,4
sunday,0.03345655702786254,-0.03345655702786254,2
possession,0.033443746355047765,-0.033443746355047765,1
tell,0.033438588539138434,-0.033438588539138434,1
republicans,0.03342834748999181,0.03342834748999181,7
traditional,0.033425164088839665,-0.033425164088839665,1
once-surging,0.03340380587615073,0.03340380587615073,1
performance,0.03337229284816436,-0.03337229284816436,2
vaccine,0.03335187114737751,-0.03335187114737751,17
theme,0.033330620428773036,-0.033330620428773036,1
bbc,0.03332355187740177,-0.03332355187740177,1
jewish,0.03328256615038429,0.03328256615038429,1
reopen,0.03325802769644984,-0.03325802769644984,2
benefit,0.033253186321314035,0.033253186321314035,3
scales,0.033243111334741116,-0.033243111334741116,1
detention,0.03322692392393947,-0.03322692392393947,1
immigrant,0.03321961452473059,-0.03321961452473059,1
simmer,0.03318520082393661,-0.03318520082393661,1
latino,0.03314299668584551,-0.03314299668584551,1
banned,0.03313747331100916,-0.03142203874553421,2
tracks,0.03310577336482571,-0.03310577336482571,2
caveat–he,0.03309615481910961,0.03309615481910961,1
actor,0.03308979716772834,-0.03308979716772834,1
six-figure,0.03305898397229612,0.03305898397229612,1
counting,0.033029458633372706,-0.033029458633372706,1
campaigned,0.03294760260773315,-0.03294760260773315,1
pinpoint,0.03292526899733477,-0.03292526899733477,1
might,0.0329037396829032,-0.01050984915733958,4
kadlec,0.03288932202849537,-0.03288932202849537,1
advocates,0.0328869309678098,-0.025538189422503712,6
here's,0.032855470199137926,-0.032855470199137926,1
ethics,0.03284235026720645,-0.03284235026720645,1
obama’’s,0.032804807679616355,-0.032804807679616355,1
changes,0.0327964365693579,-0.030048725205969146,3
date,0.03274348775739781,-0.03274348775739781,2
took,0.03273024004482632,-0.03273024004482632,2
rising,0.03270830240632806,-0.03270830240632806,1
position,0.0326977255483153,-0.0326977255483153,2
pedophilia,0.03267752550446027,0.03267752550446027,1
women’’s,0.032672613026024505,0.01800208445288114,3
complications,0.032662516563764905,-0.032662516563764905,1
us,0.03264144149574186,0.03264144149574186,5
born-again,0.03259232815418562,0.03259232815418562,1
address,0.032590697520302664,-0.032590697520302664,2
promising,0.03256724261445925,0.03256724261445925,1
elephant,0.03255861707859569,0.03255861707859569,1
anti-racism,0.032557601169683044,0.032557601169683044,1
estimate,0.03250743650520841,-0.03250743650520841,1
sharing,0.03249436558689922,-0.03249436558689922,1
taxpayer,0.03245791514162664,0.03245791514162664,1
illuminate,0.03244859224651009,0.03244859224651009,1
eggs,0.03235486405901611,-0.03235486405901611,1
china,0.03231414961949971,-0.02604115128178819,8
officers,0.032303783845491506,-0.032303783845491506,3
four-year,0.03219803306662167,-0.03219803306662167,1
must,0.03204595860473316,0.03204595860473316,2
advisers,0.03204057882367461,-0.03204057882367461,1
procedure,0.03202746456605382,-0.03202746456605382,2
rioting,0.03200039580050442,0.03200039580050442,1
laugh,0.03188515754623546,0.03188515754623546,1
thus,0.03184063956141472,0.03184063956141472,1
tedros,0.03182745880136888,-0.03182745880136888,1
oppose,0.03180230062987123,0.03180230062987123,1
color,0.031766266904823065,-0.031766266904823065,1
whole,0.03174221060342258,0.03174221060342258,1
messy,0.03162674852113317,0.03162674852113317,1
““refugees””,0.031570288143166904,0.031570288143166904,1
trans,0.031542403977019365,0.031542403977019365,1
dwarfing,0.03142291452968493,0.03142291452968493,1
arguing,0.03133769865962677,-0.03133769865962677,1
four-week,0.03133671205723658,-0.03133671205723658,1
using,0.03133655006402276,0.022037999995518476,3
world,0.03133422955017532,0.024402542963837124,9
amid,0.03132362527322645,-0.03132362527322645,5
everything,0.031303021929667364,0.031303021929667364,3
allows,0.03128835232928395,0.03128835232928395,1
faction,0.031278234178898856,0.031278234178898856,1
broader,0.03125138164614327,-0.03125138164614327,1
boodsabann,0.031246005402257047,-0.031246005402257047,1
surveyed,0.031243601572458393,-0.031243601572458393,1
asking,0.031234703958034515,-0.013184340537658762,3
research,0.03118580885369469,-0.03118580885369469,3
section,0.03118349885335192,-0.03118349885335192,1
elsewhere,0.031159478202462197,-0.031159478202462197,1
post,0.031110851978883147,-0.031110851978883147,1
message,0.031088084680959582,0.031088084680959582,1
supremacy,0.03105503508510689,0.03105503508510689,1
nov,0.030949458188842982,-0.030949458188842982,1
system,0.030948186223949528,0.030948186223949528,2
issue,0.030928632253129595,-0.011702067162707592,6
results,0.03092638797534164,-0.03092638797534164,1
how,0.030895400440920907,0.020221936129928564,14
suggesting,0.030891491544686935,-0.030891491544686935,2
inflict””,0.03088565514574442,0.03088565514574442,1
died,0.03086341478987239,-0.03086341478987239,4
cesspool,0.030844402499496937,0.030844402499496937,1
recommendations,0.03078630459640408,-0.03078630459640408,1
record.…,0.03078417571183915,-0.03078417571183915,1
charged,0.030740259433069794,-0.030740259433069794,4
paralympic,0.030729038784989997,-0.030729038784989997,1
drop,0.030658305711630317,0.030099123525950646,2
voices,0.030650266319066664,0.030650266319066664,1
expectancy,0.03064278746146059,-0.03064278746146059,2
minneapolis,0.030621962862247463,-0.030621962862247463,5
week,0.030615548256503804,-0.030615548256503804,7
times,0.030600370574445278,-0.030600370574445278,4
say,0.030585654302547366,-0.030585654302547366,8
restrict,0.030520867500613384,0.030520867500613384,1
district,0.03052060689433528,-0.03052060689433528,2
reducing,0.030500197058750525,0.030500197058750525,1
““a,0.030497814955500264,-0.02773859293665737,4
poll,0.03046741345897317,-0.03046741345897317,1
gay,0.030435148839751496,0.02280925028971979,6
harm””,0.03043162216328912,0.03043162216328912,1
attempted,0.03036514052655548,-0.03036514052655548,2
appeal,0.030353474231170754,-0.030353474231170754,1
abortion,0.030345113120205092,0.021078156301687728,16
filing,0.030342396581545472,-0.030342396581545472,1
think,0.030311118368343964,0.03005343285298699,2
messages,0.03027165701819791,-0.03027165701819791,1
cap,0.030248399905674607,-0.030248399905674607,2
approval,0.030223835587690817,-0.030223835587690817,2
education,0.030211599354726393,-0.019294881130233036,3
planned,0.030191533378577634,-0.030191533378577634,2
company,0.030155329049982055,-0.030155329049982055,2
presidents,0.030151385395914655,-0.030151385395914655,1
democrats,0.03011268693527165,0.020054395404676552,21
businessman,0.030095467195496894,0.03004592771855338,2
2016,0.030066069533737996,-0.030066069533737996,2
movement,0.03003773360122076,-0.03003773360122076,6
criminals,0.030012566815881478,0.030012566815881478,1
nick,0.02998119811527431,-0.02998119811527431,1
yield,0.029964196653917242,0.029964196653917242,1
spread,0.029953846441847936,-0.007308399969977988,3
vaccines,0.029943712002854807,-0.011488690195137855,6
three-quarters,0.029937450871026765,-0.029937450871026765,1
worth,0.02990970135005511,0.008011117204130632,3
salary,0.029846338139447787,-0.029846338139447787,1
so,0.029845105411112956,0.02831412517252546,12
june,0.02984004382541488,-0.02984004382541488,2
buildings,0.029799875076860192,-0.029799875076860192,1
curb,0.029779851272081336,0.029779851272081336,1
hometown,0.029660035121850867,-0.029660035121850867,1
stood,0.02964649504671494,-0.02964649504671494,1
just,0.029632706078721868,0.027810683415499447,15
lavish,0.029622059044599226,0.029622059044599226,1
proponents,0.02962179234336046,0.02962179234336046,1
impact””,0.029536496643547197,-0.029536496643547197,1
manufacturers,0.029527755551195398,0.029527755551195398,1
co-sign,0.02942285558674484,-0.02942285558674484,1
busybody,0.02942075426224619,0.02942075426224619,1
deserves,0.029386079345097755,0.029386079345097755,1
hardly,0.02936136959386723,0.02936136959386723,1
britain,0.029356239854398433,0.029356239854398433,1
elites””,0.029352314016293908,0.029352314016293908,1
supporting,0.029325887573947447,0.029325887573947447,4
development,0.02932213457686538,-0.02932213457686538,2
include,0.029304386775038438,-0.029304386775038438,2
collapsed,0.029271695165799052,0.029271695165799052,1
hot,0.029265130462590605,-0.029265130462590605,1
involvement,0.029217963236711778,-0.029217963236711778,1
““person””,0.029212401458062233,-0.029212401458062233,1
bureaucrats,0.029197649120275553,0.029197649120275553,1
summer’’s,0.02918611583299935,-0.02918611583299935,1
welcome,0.029126510955393314,0.029126510955393314,1
controls,0.02910150208820899,0.02910150208820899,1
nara,0.029093150462722407,-0.029093150462722407,1
faith,0.028998948910157196,0.028998948910157196,2
pressure,0.028981585518304976,-0.027591666005036288,4
roman,0.028977928256305553,-0.028977928256305553,1
tucson,0.02896575281573903,-0.02896575281573903,1
itemize,0.028950061998330057,-0.028950061998330057,1
wilson,0.02889000883858119,-0.02889000883858119,1
medicare,0.028878753324136676,-0.028878753324136676,5
wealth,0.02884586188676102,0.02884586188676102,2
too,0.028813997021643445,-0.028813997021643445,1
separations,0.028759664412410485,-0.028759664412410485,1
groups,0.028734519257254544,-0.028734519257254544,2
data-mining,0.02866456319267551,0.02866456319267551,1
future,0.028610756851932304,-0.028610756851932304,2
cbs,0.028602087637409568,-0.028602087637409568,1
remember,0.028584764152765275,-0.024599969994138788,3
lines,0.028551600682678525,-0.028551600682678525,3
fbi,0.028522755762969608,-0.028522755762969608,2
already,0.028517812803167748,0.022944504389629906,5
surprisingly,0.028516515516317804,-0.028516515516317804,1
delhi's,0.028485065633948477,-0.028485065633948477,1
headscarves,0.028424743913734955,-0.028424743913734955,1
christian,0.028418765345757657,0.028418765345757657,2
wife,0.02840327132182817,-0.02474233594102164,2
need,0.028391444962471722,-0.028391444962471722,1
immured,0.02837798814289272,0.02837798814289272,1
remains,0.028373046923661605,-0.02278667109203525,2
amounts,0.028299892088398337,0.028299892088398337,1
deal,0.028295579736353795,-0.024457596283794104,8
connecticut,0.0282837329704004,-0.0282837329704004,1
dodged,0.02826427998453645,0.02826427998453645,2
generating,0.02825639456171881,0.02825639456171881,1
investments,0.028146492225156788,-0.028146492225156788,1
mental,0.028139574971164066,0.028139574971164066,3
khashoggi,0.028105307867129642,-0.028105307867129642,1
countries,0.028077998450462473,-0.011538412258814787,4
corporate,0.02801440248003928,0.027497421771113296,3
measures,0.02795985644429469,-0.020381883981824903,4
forgive,0.027942167362198234,0.027942167362198234,1
respectively,0.027936909705973588,-0.027936909705973588,1
followers,0.02789609002880752,0.02789609002880752,1
poured,0.02787893504968711,0.021386656810396483,2
purchasing,0.02787526844656982,0.02787526844656982,1
flee,0.027856158505060843,0.027856158505060843,2
preliminary,0.027852483426007286,-0.027852483426007286,1
hands-off,0.02784453721962766,-0.02784453721962766,1
lawyer,0.027844320367356495,-0.027844320367356495,1
dollars,0.027835744164703,0.01852468614945085,3
transgender,0.027799917805601756,0.0012548797032130607,8
racism,0.027784282852112825,0.027784282852112825,2
translate,0.027766452357172965,-0.027766452357172965,1
deep,0.027745159210350652,0.027745159210350652,1
based,0.027744739539533235,0.0171068264656545,2
activist,0.027725718635203386,-0.01280268696050539,4
interview,0.02770465319001232,-0.02770465319001232,2
redskins,0.027684716336408777,0.0024418489052538198,3
wants,0.027639139016779765,0.027639139016779765,1
company's,0.027602212989222608,-0.027602212989222608,1
indictment,0.02757946399717846,0.0223943031265993,2
inequality,0.027537228657765263,-0.027537228657765263,2
finds,0.02753458965647345,-0.02753458965647345,1
1969,0.02746356292239701,-0.02746356292239701,2
expert,0.02745031838172249,-0.02745031838172249,1
calls,0.027443018414674156,-0.027443018414674156,2
records,0.027427405772565788,-0.027427405772565788,2
citizens,0.027395234285111373,0.007683980311973372,4
since,0.027367310906125215,-0.01842846820062525,5
warren,0.027342737227089096,-0.027342737227089096,4
grown,0.027313787140883505,0.027313787140883505,1
economic,0.027301861516338725,0.01789575463178194,5
pullout,0.027278440452313847,-0.027278440452313847,1
cbpp,0.027271452000907935,-0.027271452000907935,1
infection,0.027266744328662752,-0.027266744328662752,1
rises,0.027262718271679028,-0.027262718271679028,1
points,0.0272327812272124,-0.0272327812272124,1
sport,0.02719538083969631,-0.02719538083969631,2
biden,0.0271845023540404,-0.0271845023540404,10
past,0.02712815334399541,-0.02712815334399541,4
eugenicists,0.027123867565145097,0.027123867565145097,1
president,0.0271040520054624,-0.02177253742315872,43
peeing,0.027095394018797906,0.027095394018797906,1
losses,0.027057801905487268,-0.027057801905487268,1
promote,0.027053956993193806,0.027053956993193806,1
drawn,0.027030971832573414,-0.027030971832573414,1
develop,0.02702977680382901,-0.02702977680382901,3
trials,0.02702614012066208,-0.02702614012066208,2
fierce,0.026988375971179306,0.024888356359989136,2
users,0.026953040505759418,-0.026953040505759418,1
even,0.026946077742422286,0.017636279361250357,13
announced,0.026940802372337203,-0.026940802372337203,4
heavy,0.026904026744887233,0.026904026744887233,1
marked,0.02688420414259391,-0.02688420414259391,1
markey,0.026861705739671986,-0.026861705739671986,1
organization,0.026861434757637862,-0.006620028906931672,2
lib-triggering,0.026832885093570343,0.026832885093570343,1
continues,0.026821406109091367,-0.0164293539934517,6
documentary,0.026761647087932078,-0.026761647087932078,1
forthcoming,0.026761647087932078,-0.026761647087932078,1
polling,0.02675956453458206,-0.02675956453458206,4
referee’’s,0.026725449384684907,-0.026725449384684907,1
homes,0.026672817656949593,-0.026672817656949593,2
arsenal,0.026655039823492103,-0.026655039823492103,1
democrat,0.026654277708289386,0.01837969194641232,11
looks,0.026647192814076938,0.026647192814076938,1
tens,0.02664463471266485,-0.02664463471266485,2
industry,0.026629160248413285,0.016501851594321944,5
migrant,0.026626165439665783,0.026626165439665783,1
good,0.026560676169365343,0.026560676169365343,3
8%,0.026550123844152458,-0.026550123844152458,2
probably,0.026480813407235675,0.026480813407235675,1
arms,0.02644487634272964,0.02644487634272964,2
p&g’’s,0.026440611034299115,-0.026440611034299115,1
fuel-efficiency,0.02640441958088472,-0.02640441958088472,1
later,0.026342649105337096,-0.026342649105337096,3
misguided,0.02632697783410549,-0.02632697783410549,1
like,0.026317383686153915,0.026087124676620457,12
vagueness,0.02631646366272536,-0.02631646366272536,1
wavered,0.02628643399414917,-0.02628643399414917,1
gather,0.026268740799943253,-0.026268740799943253,1
their,0.026197401442695695,0.02304301218931546,38
divorced,0.026164277698154804,0.026164277698154804,1
embarrassed,0.026158194167129254,-0.026158194167129254,1
warren's,0.026150344467688616,0.026150344467688616,1
rights,0.026131630109785687,0.014765746662330048,11
impose,0.026120163533570512,0.026120163533570512,1
visit,0.026089611593350083,-0.012387628714904347,5
your,0.02606952941666047,0.02606952941666047,2
launched,0.026066603640922243,-0.016465928990186916,4
ukrainian,0.026006644475273788,-0.026006644475273788,1
sports,0.026004977208711873,-0.02181087180714323,4
ginsburg,0.02598428539931774,-0.02598428539931774,1
policy,0.02597756605611477,0.02597756605611477,3
key,0.025949687347747386,-0.025949687347747386,1
husband,0.02593133428031468,-0.02593133428031468,1
affordability,0.0258917117940395,-0.0258917117940395,1
african,0.02588580481339401,-0.02588580481339401,2
november,0.025882361811171803,-0.025882361811171803,4
enables,0.0258538413036149,0.0258538413036149,1
presenter,0.025852039421442898,-0.025852039421442898,1
crazytown,0.025842110393568873,0.025842110393568873,1
flag,0.025837877737358215,-0.025837877737358215,2
audience,0.02581781886442743,-0.02581781886442743,1
derided,0.025780296599259598,0.025780296599259598,1
president's,0.025779903260990975,0.025779903260990975,1
leaders,0.025772686992786474,-0.015941608572393306,5
several-thousand,0.025767650080590766,-0.025767650080590766,1
reading,0.02576558950248808,-0.02576558950248808,2
universally,0.02576440055496418,0.02576440055496418,1
advanced,0.025711219964755908,-0.025711219964755908,1
demonstrators,0.025693055592556024,-0.025693055592556024,3
reality,0.025672531238524244,0.025672531238524244,1
pope,0.02565081196371466,-0.02565081196371466,1
vaccinations,0.025594451447835842,-0.025594451447835842,1
soon,0.025590639633054912,0.025590639633054912,1
eastern,0.025582908929209225,-0.025582908929209225,1
2020,0.025558791519142685,-0.025558791519142685,2
exaggerating,0.025556064713681634,0.025556064713681634,1
gymnastics,0.025520706331008114,-0.025520706331008114,1
usopc,0.02551712354179472,-0.02551712354179472,1
treat,0.02548016058679381,0.013960824049705377,2
presidential,0.025459511990767538,-0.0233053696639887,9
jr,0.025455969225038733,-0.025455969225038733,2
rebuked,0.025455567956669256,-0.025455567956669256,1
sollenberger,0.02544978793547858,-0.02544978793547858,1
cancellation,0.025436521854060583,-0.025436521854060583,1
committed,0.025339490629266947,0.025339490629266947,1
underscored,0.025330600343295373,-0.025330600343295373,1
culture,0.0253148973158342,0.0253148973158342,2
expose,0.02520427546863045,0.02520427546863045,1
possible,0.025149823464551774,-0.025149823464551774,2
38-year-old,0.025132226369654138,-0.025132226369654138,1
religious,0.02509733833002842,0.024385132710592086,4
washington,0.02506778558904965,-0.020212026557590492,6
services,0.025059440640525184,-0.025059440640525184,5
virus,0.025035436728449562,-0.019599334035534193,6
easily,0.025021620397455993,0.025021620397455993,2
perhaps,0.02500423822229178,0.02500423822229178,2
state,0.02500418322037464,-0.02260729012004037,8
transform,0.0249870698473667,-0.0249870698473667,1
toxin,0.024978812603728362,0.024978812603728362,1
civic,0.02497364173575631,0.02497364173575631,1
2010,0.024937809677794576,-0.024937809677794576,1
millions,0.02493667981128516,0.017919589696947145,10
inc,0.024899538942666437,-0.024899538942666437,2
greek,0.02486653047526488,-0.015448258454853203,2
spared,0.02484599883877197,-0.02484599883877197,1
turn,0.024820455696629985,0.0230942833758839,3
logan,0.024804421700537205,-0.024804421700537205,1
tulsa,0.02480077111322792,-0.02480077111322792,2
twice,0.024798799158637776,-0.024798799158637776,2
under,0.02479167124936774,-0.015774047925165912,9
promotion,0.024774559735177226,0.010185554678408572,2
timely,0.024752083367535045,0.024752083367535045,1
whimpering,0.02474268131282019,0.02474268131282019,1
ruling,0.02473714668897684,-0.02473714668897684,2
soldiers,0.024731455991665523,0.024731455991665523,1
business,0.024711262753969995,-0.0014618911521100293,4
won’’t,0.02469995740102604,0.02469995740102604,1
engaging,0.024693875511487325,0.024693875511487325,1
2010’’s,0.024664938829040955,-0.024664938829040955,1
indication,0.02464979442513802,-0.02464979442513802,1
multiple,0.024645654454016713,-0.021279388021557006,2
cardi,0.02462670304812491,-0.02462670304812491,1
appeared,0.02462188776954832,-0.0023944972669803035,6
laws,0.024601697670101806,0.019098810876215185,4
federation,0.02459815809164535,-0.02459815809164535,1
targeted,0.024597132268051308,0.024597132268051308,2
chicago,0.024569054774474353,-0.024569054774474353,1
qualified,0.024561508490587584,-0.024561508490587584,1
care,0.02450543626403377,0.018577744700602066,7
injustice””,0.024493042577044002,0.024493042577044002,1
office,0.024452107098685314,-0.01545500093904723,4
graduated,0.02445044052146841,-0.02445044052146841,1
reforms,0.02444589908918715,-0.02444589908918715,1
scrutiny,0.024441006580471165,-0.023579904926009476,2
priests,0.024438180398040764,-0.024438180398040764,1
deductions,0.02440604047407722,-0.02440604047407722,2
change,0.024361424104714823,-0.0037038783341963436,5
mcconnell,0.02435657528636511,0.018878578791045583,2
vowed,0.024353548155925393,-0.024353548155925393,2
dying,0.024352272099349648,0.024352272099349648,1
energized,0.024343230853540506,0.024343230853540506,1
front,0.024217560421675444,-0.024217560421675444,1
cheering,0.024187433620152826,0.024187433620152826,2
we’’re,0.02418634474549132,0.02288015935013795,4
school””,0.02414819734570171,-0.02414819734570171,1
policing””,0.024148130362542965,-0.024148130362542965,1
answer,0.024137581751814914,-0.024137581751814914,1
declared,0.02412871554111823,-0.019362923103859623,3
meet,0.024115367653883165,-0.024115367653883165,2
ticketing,0.024114952253995042,-0.024114952253995042,1
cursory,0.02408025087788701,0.02408025087788701,1
34,0.023999091781054933,-0.023999091781054933,1
bloc,0.023967971187084915,-0.023967971187084915,1
energy,0.023947003189407817,-0.023947003189407817,1
county,0.023865856913308024,-0.023865856913308024,1
conditions,0.02383556328078901,-0.02383556328078901,1
authorities,0.0238336025509246,-0.0238336025509246,2
symbol,0.02382770932412573,-0.02382770932412573,1
story,0.023822104800880574,-0.023822104800880574,1
program,0.023797531490345136,-0.023797531490345136,2
moves,0.02378150265334019,-0.02378150265334019,1
american””,0.02375798778504961,-0.02375798778504961,1
juveniles,0.023740371446340128,-0.023740371446340128,1
feature,0.023719714979033954,-0.023719714979033954,1
payroll,0.02370302339841146,-0.02370302339841146,1
ties,0.023695228519764813,-0.023695228519764813,1
international,0.023662752559175715,-0.023662752559175715,1
hospitalized,0.023656875928761537,-0.023656875928761537,1
last,0.023649806289452888,-0.023649806289452888,6
hurting,0.023627293023309903,0.023627293023309903,1
threat,0.023613268733266496,0.007308664108783778,2
honeymoon,0.023604667590310175,-0.023604667590310175,1
privilege,0.023584166370953123,0.023584166370953123,1
drugmakers,0.023570878844475375,-0.023570878844475375,1
greater,0.023555827947873493,0.023555827947873493,2
““sexism””,0.02354792185083386,0.02354792185083386,1
everywhere,0.02353178383782506,-0.02353178383782506,1
badly,0.023523039222174486,0.023523039222174486,1
pro-abortionists,0.023521186681915045,0.023521186681915045,2
furloughed,0.023479116257900993,-0.023479116257900993,1
life””,0.02346545234322548,0.02346545234322548,1
limited,0.023455016969819553,0.023455016969819553,1
family,0.02343613382500525,-0.02095710959612996,5
humans,0.023431840796201003,0.023431840796201003,2
others,0.02340908174950121,0.0019570546777579467,4
nancy,0.023345330393769678,-0.023345330393769678,3
members,0.023339160006824806,-0.014958068919466733,5
candidates,0.02333114603640173,-0.02333114603640173,1
watch,0.023315241932222206,-0.023315241932222206,1
normalized,0.023292357914827085,0.023292357914827085,1
name,0.023273512180341394,-0.0032793222667498166,5
irregular,0.02326684598810971,-0.02326684598810971,1
push,0.023218352440744636,-0.023218352440744636,3
rashida,0.023207995584899825,-0.023207995584899825,1
announcement,0.023206717105439076,-0.023206717105439076,1
afford,0.023163117069218843,0.023163117069218843,1
perfectly,0.023157795052975418,0.023157795052975418,1
during,0.023134585054385173,-0.021194177335014174,12
stress,0.023131048094780584,-0.011085253845002235,2
deliver,0.023114690411603078,0.023114690411603078,2
championed,0.023104099607603117,0.023104099607603117,1
jose,0.023020606220234184,-0.023020606220234184,1
ability,0.023015591437974447,0.0020578183367688206,3
local,0.022992088435733745,-0.022992088435733745,4
seoul,0.02298744962641245,-0.02298744962641245,1
guerrier,0.02298386352485977,-0.02298386352485977,1
film,0.02295859402252568,-0.02295859402252568,1
divine,0.022940852479743104,0.022940852479743104,1
also,0.022928313440957027,-0.018715739647130143,15
$325,0.022925074968952686,-0.022925074968952686,1
runners,0.02284365020246836,-0.02284365020246836,1
occasions,0.022834727833488663,-0.022834727833488663,1
dec,0.022810409123000377,-0.022810409123000377,1
country,0.022799323583713036,-0.006515648953094485,15
korea,0.02279077596095805,-0.02279077596095805,2
included,0.02274215469757716,-0.02274215469757716,1
sweeney’’s,0.022708998800745964,-0.022708998800745964,1
pelosi’’s,0.02268772324224791,-0.02268772324224791,1
away,0.022686821362680288,-0.022686821362680288,3
snuck,0.02268320029058183,0.02268320029058183,1
parents,0.022678070359688718,-0.022678070359688718,2
elizabeth,0.022658355706336182,-0.022658355706336182,4
overstated,0.022652555867098273,0.022652555867098273,1
pro-lifers,0.022647263394496422,0.022647263394496422,1
matters,0.022640801522356924,0.022640801522356924,2
ship,0.02261470672984918,0.02261470672984918,1
coronavirus,0.022605705178390386,-0.01999892127813522,24
empowered,0.022601423480082303,0.022601423480082303,1
police,0.0225667175451964,-0.0223222793357971,24
noted,0.022561880610644437,-0.022561880610644437,1
vow,0.022530916146934032,-0.022530916146934032,1
healthcare,0.022519397136993004,0.01952968930756665,5
thai,0.02250518575310707,0.02250518575310707,1
classrooms,0.02248124351414541,-0.02248124351414541,1
junk,0.022476301517648,0.022476301517648,2
percent,0.02247351151417929,-0.02247351151417929,5
quo,0.022462784458184615,0.022462784458184615,1
greta,0.02246028956025839,-0.02246028956025839,1
strategy,0.02245136609648369,0.00641283762293853,4
ryan,0.022441447828896344,-0.022441447828896344,1
advertising,0.022428290970856326,-0.022428290970856326,2
followed,0.02241662606872894,-0.02241662606872894,1
rash,0.02239116614438453,0.02239116614438453,1
decriminalizing,0.0223900268510492,-0.0223900268510492,1
activists,0.02238950726575188,-0.014289794149736117,8
voters,0.022389145146225437,-0.00407785636160624,7
cte,0.022357110620941967,-0.022357110620941967,1
complete,0.022320381400209886,-0.022320381400209886,1
german,0.022291789504429907,-0.01946261577587916,3
pfizer,0.022283580015128892,-0.022283580015128892,1
gone,0.02228216561654376,-0.021279515156936317,5
controversy,0.022230064825255264,-0.006205685026793365,2
home,0.02222226820485354,-0.01835605568250861,3
opposed,0.02221899875576787,-0.010541583383662553,3
entice,0.022199852516577166,0.022199852516577166,1
facto,0.02216176246292889,-0.02216176246292889,1
seattle,0.022137514257337898,-0.022137514257337898,1
regulations,0.022136100362409226,-0.022136100362409226,1
pushed,0.022122396616561506,0.022122396616561506,2
persuading,0.022114221333241507,0.022114221333241507,1
““reports,0.02210758102592081,-0.02210758102592081,1
taxes,0.022084868129006487,0.013236470995341532,5
goals,0.022062038018789497,-0.022062038018789497,1
declaring,0.022033138098777272,-0.022033138098777272,1
gabby,0.02203127002576366,-0.02203127002576366,1
billboards,0.022019493150186132,-0.022019493150186132,1
team,0.02201618744254849,-0.02201618744254849,3
efforts,0.0220151487112555,-0.0220151487112555,1
““u.s,0.022000387776643038,0.022000387776643038,1
consider,0.021944350252548855,-0.021944350252548855,1
association,0.021942580591712613,-0.021942580591712613,1
exactly,0.0219361380150076,0.0219361380150076,1
environmentalists,0.02192846092576575,0.02192846092576575,1
restrictions,0.02189201048347962,-0.02189201048347962,2
stronger,0.021875672136442828,-0.021875672136442828,1
gets,0.02187081053853035,0.02187081053853035,1
mainstreaming,0.021870773603123696,0.021870773603123696,1
ackerman,0.021853321872185916,-0.021853321872185916,1
underestimate,0.021836832822633108,0.021836832822633108,1
““lawless,0.021730830427259207,0.021730830427259207,1
lgbt,0.02172595923766494,0.02172595923766494,2
colleges,0.021674244499287357,-0.021674244499287357,3
look,0.021661194661059056,0.015091789062493121,2
tolerate,0.02161812299566536,0.02161812299566536,1
wear,0.02161218011751771,-0.02161218011751771,1
win,0.02158018991090905,-0.02158018991090905,2
abortions,0.021564994899381417,0.021564994899381417,4
prospect,0.021556788848506078,-0.021556788848506078,1
continued,0.021552408917279813,-0.020076563286358855,4
congress,0.021509116612844638,-0.01414457157466773,5
preference,0.021506843199445444,-0.021506843199445444,1
democratic,0.021506489588157377,-0.021506489588157377,5
robbing,0.021421241403703453,0.021421241403703453,1
klux,0.021386047005653382,0.021386047005653382,1
voting,0.02137842994748748,-0.0026742883242799782,3
india,0.021377085067797452,-0.021377085067797452,1
plane,0.021362291202725224,-0.021362291202725224,1
demands,0.021333135102759113,0.00944529947300907,2
““white,0.02130061003845185,0.02130061003845185,1
agency,0.021281520101092383,-0.021281520101092383,3
months,0.021262366810150923,-0.018024791081544242,4
top,0.02124170865309203,0.00013850359800493469,5
it's,0.021230536770209474,0.002497824531328541,3
he’’d,0.021181385988035262,0.021181385988035262,1
urged,0.02117145954333763,-0.02117145954333763,2
suspend,0.021144473420393366,-0.021144473420393366,1
driven,0.021141215965284836,0.021141215965284836,2
easterbrook's,0.02113539290813995,-0.02113539290813995,1
offered,0.0210938224408892,-0.0210938224408892,1
sewers,0.02108532499987632,-0.02108532499987632,1
part-time,0.021070946200052277,-0.021070946200052277,1
race,0.021036336230537432,-0.01464627738525583,5
miles,0.021015608063684882,-0.021015608063684882,1
mounted,0.02099728681302319,-0.02099728681302319,1
athletics,0.020965821936260908,-0.020965821936260908,1
deaths,0.02096365437111152,-0.02096365437111152,1
doesn't,0.020961384754627943,-0.020961384754627943,1
christians,0.020958707073715506,0.020958707073715506,2
confidence,0.020949057599698954,-0.020949057599698954,1
constituencies,0.020941506152972578,0.020941506152972578,1
businesses,0.020912842975655897,0.019606734916361515,2
actual,0.0208708920981735,0.0208708920981735,1
individuals,0.020867119633126607,-0.013762292543251621,3
nation’’s,0.020854011387628206,0.006575572681644334,2
only,0.020851516712671155,0.020225511155121667,10
cut,0.020842813668423332,0.01902157206495758,3
horton,0.020839538192376494,-0.020839538192376494,1
suggests,0.020820515521336347,-0.014976850484446106,2
peer-reviewed,0.02081439979374409,-0.02081439979374409,1
brazil,0.020812809639166863,-0.020812809639166863,1
basketball,0.020811735038560902,-0.020811735038560902,1
operation,0.020793708408018575,-0.020793708408018575,1
postponement,0.020741982128755707,-0.020741982128755707,1
custody,0.020715718870197967,-0.020715718870197967,3
activities””,0.02070601881397041,-0.02070601881397041,1
american,0.020682685718702763,0.008562220370275514,16
p,0.020677880325820297,-0.020677880325820297,1
tlaib,0.020671117696024123,-0.020671117696024123,1
cars,0.020667686248077202,-0.020667686248077202,1
providers,0.020660222760800803,0.020660222760800803,1
list,0.02064182947153966,-0.02064182947153966,4
senate,0.02058744608793283,-0.01997942583393481,6
families,0.020584884783063362,-0.006031737596020792,4
very,0.020584250827290356,0.009875159637100757,3
thing,0.020564996037394694,0.020551428831161254,3
americans,0.02051778877747775,0.008680215734166172,20
lesbian,0.020517707604691772,-0.020517707604691772,1
14,0.020511113107204437,-0.020511113107204437,1
nephew,0.020509784758331723,-0.020509784758331723,1
““dominating””,0.020505744764315232,0.020505744764315232,1
today’’s,0.020495266238710282,0.01871996919346824,2
sell,0.020464491005986928,-0.020464491005986928,1
nationwide,0.020458858273217848,-0.020458858273217848,3
““earth,0.020456596452277154,0.020456596452277154,1
positive,0.020443261963211827,-0.020443261963211827,1
oregon,0.020417807241236527,-0.020417807241236527,1
lawmakers,0.020406686678488217,-0.007766005560715161,4
franken,0.020378496039484162,-0.020378496039484162,1
covid-19,0.020367591160659986,-0.020367591160659986,3
mail-in,0.020358021770759176,-0.020358021770759176,1
federal,0.020329185377836043,-0.020329185377836043,13
beneficial,0.020325419027358294,0.020325419027358294,1
breitbart,0.020319568565381422,0.020319568565381422,1
tries,0.020311654622976977,0.020311654622976977,1
johnson,0.020311003240931314,-0.020311003240931314,1
commission,0.020280199982649225,-0.020280199982649225,1
eliminate,0.020273784108233966,0.020273784108233966,1
labor,0.020258475027124707,-0.020258475027124707,2
part,0.020231537468349322,-0.020231537468349322,5
argue,0.020224345210720304,-0.020224345210720304,3
accurate,0.02021980642651518,-0.02021980642651518,1
citing,0.020193243066647222,-0.020193243066647222,1
but,0.02018428320472659,-0.007515864654028562,29
wichita,0.020137281862844247,-0.020137281862844247,1
being,0.02009914823675258,0.014301664956086134,7
most,0.020084103963950824,-0.013907110540119415,12
pervasive,0.02005823121981625,0.02005823121981625,1
both,0.020049995836336168,0.020049995836336168,4
defending,0.020041594639769754,-0.020041594639769754,1
jamal,0.020012323026700564,-0.020012323026700564,1
““identify””,0.02000446303281933,0.02000446303281933,1
negotiations,0.019988920817223307,-0.019988920817223307,1
guilt,0.01996717038046983,0.01996717038046983,1
bribe,0.01996298382945931,0.01996298382945931,1
obamacare,0.01995429016862878,0.01995429016862878,6
does,0.019951544548643545,0.014925921306583203,3
faces,0.01993498652654143,-0.01952520160058139,2
stand,0.019915680944298707,0.019915680944298707,1
overturned,0.019896195259537886,-0.019896195259537886,1
taken,0.01989544625005995,-0.008781022815189015,5
protesters,0.019891284343274255,-0.010515697257806109,11
paid,0.01988691581206189,-0.01988691581206189,1
walks,0.01987130866230776,-0.01987130866230776,1
initial,0.01986603734367236,-0.01986603734367236,2
soon””,0.019849084801266365,-0.019849084801266365,1
explanation,0.019842510805271253,-0.019842510805271253,1
ceo,0.019836056089843623,-0.019836056089843623,1
columbia,0.019809175211673555,-0.019809175211673555,1
process,0.0197832093811788,-0.0197832093811788,1
questions,0.019779634689753453,-0.019779634689753453,1
across,0.01976162453559148,-0.01976162453559148,10
modi,0.019759121591535707,0.019759121591535707,1
larger,0.019741548291806663,-0.019741548291806663,1
simultaneously,0.019723703221728405,0.019723703221728405,1
worry,0.019719583150516782,0.019719583150516782,2
enforcement,0.01969804178649307,-0.01969804178649307,4
asserted,0.019650489030581,-0.019650489030581,1
investigate,0.01964845653856173,-0.01964845653856173,1
want,0.019648455689016846,0.019648455689016846,7
age,0.019643163505090686,0.014185948721673674,3
treatment,0.019594538672827188,-0.019594538672827188,1
cause,0.019564503010199175,-0.01436926645992036,2
““systemic,0.019552367099095136,-0.019552367099095136,1
checkout,0.019515900222446626,-0.019515900222446626,1
battles,0.019486631033942103,-0.019486631033942103,1
october,0.01947740974719636,-0.01947740974719636,1
kentucky,0.01947265687502093,-0.01947265687502093,1
bernie,0.019454151608182917,0.019454151608182917,2
move,0.019452259643003345,-0.019452259643003345,1
challenges,0.01945085103877566,0.01945085103877566,1
season,0.019430563219689896,-0.019430563219689896,1
marsha,0.01942733726464212,-0.01942733726464212,1
long-criticized,0.019421351064617436,0.019421351064617436,1
button,0.01939933095127344,0.01939933095127344,1
instance,0.01938285651030364,-0.01938285651030364,1
teaches,0.019374038583919173,-0.019374038583919173,1
middle-class,0.019360514490732127,0.019360514490732127,1
high-earning,0.01935197332977421,0.01935197332977421,1
buttigieg,0.019331529409003755,-0.019331529409003755,1
weapons,0.019330663855891377,0.010114322865609376,2
real,0.01932213587903886,0.01932213587903886,4
over-regulation,0.019300256036221982,0.019300256036221982,1
celebrating,0.01925047040276695,-0.01925047040276695,1
contribution,0.019237916092746533,-0.019237916092746533,1
resisted,0.01919745304551837,-0.01919745304551837,1
resolution's,0.019176725905642587,-0.019176725905642587,2
prestigious,0.01917020618792675,0.01917020618792675,1
september,0.019161246311367685,-0.019161246311367685,1
april,0.019132880940257262,-0.019132880940257262,1
grounds,0.019122419710246114,-0.019122419710246114,2
alleged,0.0191028668632498,0.0191028668632498,1
choice,0.019036215106357952,0.019036215106357952,1
recognize,0.01897619450356105,0.01897619450356105,1
wuhan,0.018953353147177648,-0.018953353147177648,1
demonstrate,0.01893098706689974,0.01893098706689974,1
leonardo,0.01892951875925064,-0.01892951875925064,1
beside,0.01891975114122033,-0.01891975114122033,2
anti-semitic,0.018916344530880456,0.018916344530880456,1
america,0.018909693045231147,0.011352250064470906,8
fewer,0.018894926316241137,-0.018894926316241137,2
especially,0.018871933769498188,0.018871933769498188,2
medical,0.018863519791921135,-0.018863519791921135,1
ban,0.018837799714674475,-0.010983453101895671,4
tax,0.018830720963312637,0.012425919403397288,12
moved,0.01880757855057406,-0.01880757855057406,1
number,0.01879606893884816,-0.01879606893884816,7
checks,0.018736679968008374,-0.018736679968008374,4
highest,0.018717341983574443,-0.018717341983574443,1
movements,0.01869987091049552,-0.01869987091049552,1
administration,0.018671259983823123,-0.018244512895665175,7
organizations,0.018670636580541862,-0.018670636580541862,1
““second,0.01865539642416739,-0.01865539642416739,1
moment,0.018642590880127888,-0.018642590880127888,1
centers,0.01862939195962099,-0.01862939195962099,2
stimulus,0.01861637516844052,-0.01861637516844052,1
himself,0.01861463031236781,-0.014418943566367186,3
donations,0.01860980580332904,-0.01860980580332904,3
honduran,0.018587024789303543,-0.018587024789303543,1
moms,0.018584723025560378,0.018584723025560378,1
peaceful,0.01858313804685015,0.01858313804685015,3
watchdogs,0.018583085485604695,0.018583085485604695,1
carrying,0.01856601816015663,-0.01856601816015663,1
gregory,0.01853440422564745,-0.01853440422564745,1
footage,0.018530450437018384,-0.018530450437018384,1
women,0.018504630602584365,-0.011187778510207321,14
doing,0.01849931448911472,0.009035160013202887,2
example,0.018472219970311232,-0.004722642226247026,3
one-year-old,0.01847129377729755,-0.01847129377729755,1
japan,0.018469653191689327,0.018469653191689327,1
injustice,0.018465576661527282,0.0037223731719328683,2
buddhist,0.018437080085277557,0.018437080085277557,1
while,0.018434782390527215,-0.010786263819595587,8
land,0.018433559882853712,0.018433559882853712,1
texas,0.01842416286516961,-0.01842416286516961,3
plastics,0.01841838207716743,-0.01841838207716743,1
speaker,0.01839178297086619,-0.01839178297086619,2
swayamsevak,0.018373063818537903,-0.018373063818537903,1
around,0.018347457652241564,0.0014317700500381444,4
fourth,0.018327533400484493,-0.018327533400484493,1
despite,0.01830142835468804,0.01830142835468804,4
began,0.018260148596406605,-0.018260148596406605,1
derby,0.018254861837097753,-0.018254861837097753,1
states,0.018193873040084206,-0.016013350451695565,18
die,0.018182679440845582,0.018182679440845582,2
significantly,0.01815689607447355,0.017189945864054014,2
freshman,0.018140439295934306,-0.018140439295934306,2
communities,0.018116914365063644,-0.018116914365063644,3
border,0.01811199781030538,-0.01232102034103162,9
households,0.01810037038684713,-0.01810037038684713,2
unborn,0.018073220784161365,0.018073220784161365,3
disease,0.01805416608074059,-0.01805416608074059,5
rivera,0.018042245699048397,-0.018042245699048397,1
contributions,0.01802296026937336,-0.01802296026937336,2
them,0.018013910636237446,0.017494347390638303,18
hoge,0.018012801547431283,-0.018012801547431283,1
fire,0.018010905016368876,-0.018010905016368876,2
““expose,0.017987597500905395,-0.017987597500905395,1
children’’s,0.017973994732730918,0.017973994732730918,1
may,0.017964008766086243,-0.017964008766086243,6
shift,0.01796125715676074,-0.01796125715676074,1
caucus,0.01795826474470752,-0.01795826474470752,1
prioritize,0.017957462135448375,0.017957462135448375,1
alive.””,0.017954891464776464,-0.017954891464776464,1
bader,0.01789728458970785,-0.01789728458970785,1
witness,0.017891487739746845,-0.016497116523717763,2
rashtriya,0.01789026165006719,-0.01789026165006719,1
surrounded,0.017879246310754257,0.017879246310754257,1
““racial,0.017856449430451077,0.017856449430451077,1
damage,0.017854443586815802,0.017854443586815802,2
bharatiya,0.017841838129485647,-0.017841838129485647,1
suggest,0.017835139346061624,-0.017835139346061624,2
ku,0.017821705838044485,0.017821705838044485,1
vehicles,0.01780328123519818,-0.01780328123519818,1
adopted,0.017785370883107783,-0.017785370883107783,2
““bunker,0.017780540764371876,0.017780540764371876,1
against,0.017778192012589022,0.0045562407834605,21
career,0.01777556489354798,-0.01777556489354798,1
world’’s,0.017772842664271593,0.017772842664271593,1
social,0.01776613759015396,0.004862652683044095,7
promoting,0.0177616799619179,0.0177616799619179,2
resolution,0.017757173415950754,-0.017757173415950754,1
information,0.01775377382108975,-0.01775377382108975,2
increasing,0.017729180090607012,0.01055517955813609,5
quoting,0.01772680189606035,-0.01772680189606035,1
impact,0.01771639604010575,-0.01771639604010575,3
term,0.01771003967151046,-0.01771003967151046,1
arrest,0.01767200894953151,-0.01767200894953151,1
seeking,0.017669410450414744,-0.016540935828096633,4
serves,0.017665605127279247,0.017665605127279247,1
several,0.017658662377627855,-0.017658662377627855,2
yep,0.01765785738825798,-0.01765785738825798,1
welcome””,0.01764462530887353,-0.01764462530887353,1
rally,0.01764447266170131,-0.01764447266170131,2
aggressively,0.01761677004396915,0.01761677004396915,1
sugary,0.017575741819908015,-0.017575741819908015,1
surely,0.01755457009587969,0.01755457009587969,1
alongside,0.01754219259310048,0.011423596637905575,2
harassment,0.017535810735969506,-0.017535810735969506,1
brown,0.01753126043728689,-0.01753126043728689,1
print,0.017516996013000607,-0.017516996013000607,1
late,0.017505822330713273,-0.017505822330713273,1
consumption,0.017490476023845583,-0.017490476023845583,1
politician,0.017474714014679194,-0.017474714014679194,2
all,0.017464675311953833,0.012728393731668586,17
woman’’s,0.017443680706453663,0.017443680706453663,1
marshals,0.017422992542999543,-0.017422992542999543,1
throughout,0.017412906367476885,-0.017412906367476885,1
including,0.017387437297672923,-0.01690601214615298,8
high-income,0.0173832316766493,-0.0173832316766493,1
seeing,0.01738264016782889,0.01738264016782889,1
faced,0.017371952466268874,-0.017371952466268874,4
trusted,0.017370297646266408,0.017370297646266408,1
awkwardly,0.017368420469574628,0.017368420469574628,1
plan,0.0173248868731443,-0.0173248868731443,9
departed,0.017292299670063786,-0.017292299670063786,1
wade,0.01727924856315262,-0.01727924856315262,1
praises,0.017269148517193064,0.017269148517193064,1
candidate,0.017266389742560152,-0.017266389742560152,4
capture,0.01724772230227245,-0.01724772230227245,1
difficult,0.017214421753305943,-0.017214421753305943,1
major,0.01721033731158163,0.0009386090335436736,6
ago,0.01720463259397263,-0.01720463259397263,3
swimming,0.01720273864662482,-0.01720273864662482,1
discord,0.017202670154802036,0.017202670154802036,1
celebrities,0.01717104885485206,0.01717104885485206,1
self-help,0.01716904006898403,-0.01716904006898403,1
victim,0.017152344674936364,0.017152344674936364,1
commemorate,0.017152146213144683,-0.017152146213144683,1
activities,0.01714884679214182,-0.01714884679214182,1
founder,0.01714043662165447,-0.01714043662165447,1
gillibrand,0.017135776932552166,-0.017135776932552166,1
support,0.01713270493783057,0.012494203960523009,5
response,0.01711187764638643,-0.007691894600464047,3
confusion,0.017108867255349956,-0.017108867255349956,1
budge,0.017065107792568132,0.017065107792568132,1
decided,0.01706358385411729,-0.016811341408235626,4
institute,0.017062778561376033,-0.017062778561376033,1
q&a,0.017057462653610855,-0.017057462653610855,1
sent,0.01703870113318165,-0.01703870113318165,2
rochester,0.017031503899488598,-0.017031503899488598,1
legal,0.017029523913084564,-0.014508852264110894,5
tariffs,0.017022561488261832,-0.017022561488261832,2
going,0.0169979973924193,0.0169979973924193,2
pride,0.0169922499563204,0.0169922499563204,2
shot,0.016990607094528428,0.0039267852878698195,4
suffer,0.01698529687876414,0.01698529687876414,2
showing,0.016942895090323873,-0.016942895090323873,1
discover,0.016911899330758626,-0.016911899330758626,1
rosana,0.016908490724745207,-0.016908490724745207,1
brief,0.016901006650490064,-0.016901006650490064,1
city,0.016892054903011912,-0.016892054903011912,8
stopped,0.01686834806241677,0.01686834806241677,1
roadways,0.016867967299185695,-0.016867967299185695,1
alleging,0.016840741220774533,-0.016840741220774533,1
york,0.01682097632082207,-0.01682097632082207,9
bible,0.016812046338833073,-0.014031012460721894,3
earning,0.016789392635271523,-0.016789392635271523,2
manifesto,0.016787997039500624,-0.016787997039500624,1
living,0.016777244576691108,0.003884687387212455,4
safe,0.016767453081196263,0.006103310412949041,3
defenseless,0.016766693617682904,-0.016766693617682904,1
spanned,0.01676319167285558,-0.01676319167285558,1
kneeled,0.016743189313274343,-0.016743189313274343,1
persecutions,0.016742226958740503,0.016742226958740503,1
pay,0.01673773533440022,0.009174106928679603,4
public,0.016732026008999465,-0.016732026008999465,11
winning,0.016729650720662903,0.016729650720662903,1
early,0.01672099758463519,-0.01672099758463519,2
white,0.01670800261207373,0.01259764950179438,13
division,0.016693318883577984,-0.016693318883577984,1
tokyo,0.016684655905313168,-0.016684655905313168,1
committee,0.0166704424053303,-0.013452684535552368,5
shootings,0.016665804884590518,-0.016665804884590518,2
published,0.016641491991758812,-0.016641491991758812,3
particular,0.016627104755378132,-0.016627104755378132,1
she,0.016623241930159464,-0.014933329816105175,13
bitter,0.01662257059352807,0.01662257059352807,1
presided,0.01660550706502464,0.01660550706502464,1
trauma,0.016595378725669234,-0.016595378725669234,2
encouraged,0.016595212287608196,-0.011211218407631597,2
its,0.016592524473027864,0.007866085520153027,16
bannon,0.016563274211022168,0.016563274211022168,2
downplaying,0.01655357233036987,0.01655357233036987,1
jackson,0.016527890365978237,-0.016527890365978237,1
certainly,0.01648570765585949,-0.01648570765585949,2
page,0.016426620497368274,-0.016426620497368274,2
car,0.016426217305706814,0.016426217305706814,1
appearance,0.01642545781126528,0.01642545781126528,1
median-paid,0.01640418085402676,-0.01640418085402676,1
fate,0.01638549769918124,0.01638549769918124,1
provide,0.01637785132516001,-0.01637785132516001,2
unemployment,0.016362408874556422,-0.016362408874556422,1
adults,0.016354228825574475,-0.016354228825574475,2
protocols,0.016280340851101624,-0.016280340851101624,1
quote,0.016276975075015798,-0.016276975075015798,1
defends,0.01622648552438477,0.01622648552438477,1
why,0.016225918860369393,0.01602284316430377,7
christmas,0.016198254107730466,-0.016198254107730466,2
conduct,0.01619039891011198,0.01619039891011198,1
convulsed,0.016183484450000552,0.016183484450000552,1
health,0.016181799463321326,-0.011488748099658497,21
gun,0.01616542316777567,-0.01616542316777567,9
couple,0.016147879164366587,-0.016147879164366587,2
proposal,0.016146683509664275,-0.016146683509664275,1
ways,0.016137900250032543,0.016137900250032543,1
28-year-old,0.016137831264612393,-0.016137831264612393,1
control,0.016132370934309827,-0.005857384693563989,8
party,0.016121221181559876,0.00939032177677918,5
cities,0.016116890634353065,0.00356756238247819,5
reasons,0.016107437636343425,-0.016107437636343425,2
occupation,0.01608023155686477,0.01608023155686477,1
stores,0.01606997781865565,-0.01606997781865565,2
now,0.01605307669554828,0.004857572067336877,13
managing,0.016047989322587546,-0.016047989322587546,2
men,0.016042495105981026,0.012674359506095892,5
skills,0.016037746769737224,0.016037746769737224,1
time,0.016032656655636208,-0.010967860660215937,8
daughter,0.016019683947821182,-0.016019683947821182,1
greece,0.015997295939762676,-0.015997295939762676,1
whether,0.015963060468038748,-0.015963060468038748,2
denounce,0.015960765795575246,-0.015960765795575246,1
alexandria,0.01595247094937584,-0.01595247094937584,4
merely,0.015933609480152322,0.015933609480152322,1
cost,0.01592438864412115,-0.0031857137650470515,2
running,0.01589667263215233,-0.01589667263215233,2
implement,0.015884013080861993,-0.0046929193517336485,3
goalkeeper,0.01587819412614731,-0.01587819412614731,1
called,0.015876300620964876,-0.009772411455784807,5
wears,0.01587395276734664,-0.01587395276734664,2
patrol,0.015866255023946955,-0.015866255023946955,1
military-style,0.01585346500441018,-0.01585346500441018,1
mack,0.015843874495476484,-0.015843874495476484,1
came,0.01582484138198197,-0.01582484138198197,1
elect,0.01580997373417227,0.01580997373417227,1
meeting,0.015787367362645455,-0.015787367362645455,2
expect,0.015767569866563594,0.015767569866563594,1
deemed,0.015734263897008664,-0.015734263897008664,2
climate,0.015718211716304924,0.014065896214490042,8
was,0.01571049728380049,-0.008526444053269919,41
republican,0.015694433184550858,-0.008541852833034512,10
weekend,0.01569231600698027,-0.01569231600698027,3
george,0.01568599259444892,0.00571989772345092,7
briefly,0.015673002169609793,-0.015673002169609793,1
every,0.015672473382754636,0.014549508831724482,3
ensure,0.015661490903723804,-0.015661490903723804,1
brewster’’s,0.015657583135180175,-0.015657583135180175,1
centrist,0.015656336314148374,0.015656336314148374,1
““queer,0.01562968420330435,-0.01562968420330435,1
academic,0.01561845926981833,-0.009576998426820393,3
university,0.015618428501954322,-0.006810506454062168,3
largest,0.015603722145897336,-0.015603722145897336,1
supporters,0.015591559645434601,-0.0032936046001273774,3
participate,0.015555779600011496,-0.015555779600011496,1
form,0.01553636249154806,0.01553636249154806,1
theories,0.015531012730207294,0.015531012730207294,1
hard,0.01550474621792064,0.01550474621792064,3
posing,0.015492294981543506,0.015492294981543506,1
government,0.015487613561332162,-0.0024007608233015836,5
spike,0.015485451488833252,-0.015485451488833252,1
danielson,0.015452014787588267,-0.015452014787588267,1
louisville,0.015450912284326148,-0.015450912284326148,1
hell,0.015447713807225228,0.015447713807225228,1
on,0.015444344857158602,-0.014306091340633369,104
cards,0.015396656282246114,-0.015396656282246114,1
when,0.01537283681381552,0.003973294490930109,16
sought,0.015360681888913472,-0.015360681888913472,1
racing,0.01535445745269369,-0.01535445745269369,1
that’’s,0.015343451220542193,0.015343451220542193,2
professionals,0.015342866382395315,-0.015342866382395315,1
five,0.015341471647843719,-0.015341471647843719,1
had,0.015334173021688215,-0.013936657240016921,11
personal,0.015332846765842418,-0.0036761831871651336,4
over,0.015300580428996648,0.0018535690615366592,15
bin,0.015270759372339984,-0.015270759372339984,1
provided,0.01526930475504034,-0.01526930475504034,2
chickens,0.015254029538482428,-0.015254029538482428,1
wage,0.015253257182027613,0.015066745329116072,2
toward,0.015247023930507045,-0.015247023930507045,1
moving,0.015247023930507045,-0.015247023930507045,1
testimony,0.015238806886938275,-0.015238806886938275,1
exposing,0.015195869190581876,0.015195869190581876,1
defection,0.015185753742116505,-0.015185753742116505,1
undo,0.015185401707210324,0.015185401707210324,1
at,0.015177918034609758,-0.008387819527446437,31
letter,0.015176028537098318,-0.015176028537098318,1
contender,0.01516464813778709,-0.01516464813778709,1
voter,0.015138953509473991,0.015138953509473991,1
left,0.015131168855145772,-0.005504943846288583,9
formally,0.015124446480835559,-0.015124446480835559,1
floyd’’s,0.015122586182163408,0.015122586182163408,2
drew,0.015119498526098346,-0.015119498526098346,1
soviet,0.015105008506881339,-0.015105008506881339,1
universities,0.01510490292835479,-0.01510490292835479,2
forgiveness,0.015067007637602122,-0.015067007637602122,1
grasp,0.015050726123768579,0.015050726123768579,1
pants,0.01504609794333433,0.01504609794333433,1
meat,0.015040204301476479,0.015040204301476479,1
which,0.015009735757197076,0.0028475436507373344,23
affairs,0.015007992912136205,0.010429114656934729,2
what,0.014995771903531463,0.01350959280590538,9
gambling,0.014972099651479057,-0.01403518934837646,2
carbon,0.014971773306440032,0.014971773306440032,2
setting,0.014969910580337554,-0.014195254579231676,4
vandalism,0.014928143764180796,0.014719721056254846,2
descriptions,0.014910706758990394,-0.014910706758990394,1
protest,0.014905910569583423,-0.014905910569583423,2
jobs,0.014894682634621858,-0.014894682634621858,1
target,0.014888244980414,-0.014888244980414,3
begin,0.014879614027449861,-0.014879614027449861,1
wielding,0.014876167296811385,0.014876167296811385,1
masked,0.0148717792039471,0.0148717792039471,1
year,0.014859962271833853,-0.014859962271833853,6
atlantic,0.014857584507101111,-0.014857584507101111,1
contagious,0.01485459866340865,-0.01485459866340865,1
income,0.014848718673869709,0.005942592448635568,4
23%,0.014845741981053321,-0.014845741981053321,1
salvaterra,0.014822389212592194,-0.014822389212592194,1
complaints,0.014815250998997892,-0.014815250998997892,1
protecting,0.01480785957477116,0.01480785957477116,1
incomes,0.014803747592838602,-0.014803747592838602,1
emerged,0.014793928229240312,-0.014793928229240312,2
test,0.014793210060737444,-0.008401648355556617,3
outside,0.014774363004018798,-0.014774363004018798,5
termed,0.014771577436476946,-0.014771577436476946,1
besieged,0.01476635111288892,0.01476635111288892,1
monopoly,0.01475822211553653,0.012312366627156734,2
representing,0.014755825959862426,-0.014755825959862426,1
taking,0.014741203299583127,-0.0021073963202994364,5
megaphone,0.0147297161935757,0.0147297161935757,1
bread,0.014727995488404606,0.014727995488404606,1
multnomah,0.014695920383868119,-0.014695920383868119,1
surrounding,0.014690885326126588,-0.014690885326126588,1
recently,0.014668986317701638,-0.0062961564528652356,4
nations’’,0.014647870557382703,-0.014647870557382703,1
two,0.014620080643120066,-0.010212225403423265,6
pledges,0.014603867244053012,-0.014603867244053012,1
then,0.014603334772082158,-0.0017754277853995687,4
children,0.014595782346938377,-0.010389026692651645,14
““relatively,0.014572960696232535,-0.014572960696232535,1
fahrenheit,0.014544253594199703,-0.014544253594199703,1
department,0.014527783302279808,-0.014527783302279808,2
aid,0.014506493462249637,-0.014506493462249637,1
job,0.014490335607928609,0.013660417830881974,3
students,0.01448614764170821,-0.014259414065707736,9
without,0.01443699729682218,0.012175245349208125,5
infrastructure,0.014388407415725172,-0.014388407415725172,1
kids,0.01437514655158988,-0.01437514655158988,1
fatally,0.014360434395105887,0.014360434395105887,1
binary,0.014351999413754259,-0.014351999413754259,1
clashed,0.014351740559504833,-0.014351740559504833,1
wages,0.014317302539157459,-0.0063657126170472205,3
workers,0.014301793449919421,-0.014301793449919421,3
refuse,0.01429716702985608,0.01429716702985608,1
became,0.01429680722676927,-0.01429680722676927,3
means,0.014272241808623534,0.014272241808623534,3
older,0.014270141557342587,-0.014270141557342587,1
declare,0.014250426377243872,-0.014250426377243872,1
2018,0.014228028177490665,-0.014228028177490665,3
could,0.014222006261972007,-0.008833203488452419,11
murder,0.014220880162402938,0.0015409350712491828,6
continue,0.014199920580722392,0.009758177148695622,2
people,0.014178583793447292,0.005899357744937787,22
recent,0.014169061438190012,-0.014169061438190012,5
establish,0.014150140585843475,-0.014150140585843475,1
conducted,0.014121039509482215,-0.014121039509482215,2
schmidt,0.014120265695964918,-0.014120265695964918,1
threatened,0.014116038060323757,-0.014116038060323757,1
this,0.014109436677807579,0.010531527174206719,18
kneel,0.014100507406207422,0.014100507406207422,1
historical,0.014095832995901053,0.014095832995901053,1
arrival,0.014071159588638693,-0.014071159588638693,1
skull,0.01405980814403544,0.01405980814403544,1
adjustment,0.014051286401368225,-0.014051286401368225,1
mistake””,0.014035888863563861,-0.014035888863563861,1
he,0.014022799508741269,-0.003921117634301921,33
building,0.014010733821325831,-0.014010733821325831,1
receiving,0.013995972392980807,-0.013995972392980807,1
apology,0.013965269463071122,0.0058838015032308295,2
proceedings,0.013960196267968664,-0.013960196267968664,1
food,0.01394867040133769,-0.01394867040133769,2
enjoyed,0.013948537475450643,-0.013948537475450643,1
common,0.01394318458291569,-0.01394318458291569,2
war-torn,0.013934125353643183,-0.013934125353643183,1
haven’’t,0.01392637953395024,0.01392637953395024,1
reveal,0.013923253304840597,-0.013923253304840597,1
d,0.013917595924188692,-0.013917595924188692,1
has,0.013887279407647,-0.011386260774326596,63
psychic,0.013863309500933004,-0.013863309500933004,1
steps,0.01384826311785277,-0.01384826311785277,2
his,0.013834216847423326,0.00823201779162248,67
applauded,0.01381495725363493,-0.01381495725363493,1
wearing,0.013795050152153258,-0.013795050152153258,3
other,0.013788886442931126,0.004476756305504253,11
barely,0.013780252976549116,0.013780252976549116,1
fears,0.013721815908202045,-0.013721815908202045,1
defeat,0.013718600455848941,0.008444415210258393,3
sells,0.013708953677754227,0.013708953677754227,1
will,0.01369978620524375,0.003985262232931166,19
areas,0.013669732186826877,-0.013669732186826877,4
david,0.013668912514630293,0.013668912514630293,1
aimed,0.013622898889783148,-0.013622898889783148,1
lives,0.013617312696504312,-0.0041346194122968164,11
force,0.013615705115145987,0.01329543811695299,2
never,0.013606684260863672,0.013606684260863672,3
point,0.013590049517612595,-0.013590049517612595,1
anniversary,0.01358839813231801,-0.01358839813231801,1
““attacks””,0.01358483128974007,0.01358483128974007,1
private,0.01357663852957042,-0.01357663852957042,4
93,0.013551818455259004,-0.013551818455259004,1
period,0.013543542574674378,-0.013543542574674378,5
having,0.013540097096535777,-0.002443048720514135,2
hit,0.01352562031076689,-0.01352562031076689,1
fatal,0.013522204632560413,-0.013522204632560413,1
not,0.013513344323132635,0.006183777575120439,33
dancers,0.013505784372682683,-0.013505784372682683,1
south,0.013484181260050397,-0.013484181260050397,4
silicon,0.013482105390935698,0.013482105390935698,1
banner,0.013450891399268236,-0.013450891399268236,1
unlike,0.013437529144409512,0.013437529144409512,1
saudi,0.01342113344562388,-0.01342113344562388,3
somewhere,0.013420970134902746,0.013420970134902746,1
infectious,0.013415728462859988,-0.013415728462859988,1
contraception,0.013379947053700951,-0.013379947053700951,1
seeks,0.013374655610985229,0.013374655610985229,1
accusing,0.01336009792731327,-0.013072655506019031,2
are,0.013333950894853591,0.006407849271209339,45
action,0.013305168474947945,-0.013305168474947945,4
attend,0.013291147146706603,-0.012680817536810149,3
pca,0.013216929056216032,-0.013216929056216032,1
span,0.013204364106059074,-0.013204364106059074,1
apprehended,0.013202125674590707,-0.013202125674590707,1
continuing,0.01319037557219748,0.01319037557219748,2
offer,0.013190085429943715,-0.012285316428116972,5
earned,0.013173657555074644,-0.013173657555074644,1
shouldn’’t,0.01314721183734946,0.01314721183734946,1
insurance,0.013142879251674053,-0.0017487127407457724,4
student,0.013137013136231506,-0.010995677506373433,7
h.r,0.013127516846482954,-0.013127516846482954,1
female,0.013121607011048673,0.003820770577829312,4
nearly,0.013113810335974219,-0.005608493682818365,4
modern,0.013078043087651689,0.013078043087651689,1
funds,0.013065460035040116,-0.013065460035040116,1
anthony,0.013046593684742442,-0.013046593684742442,1
resources,0.01301289282488315,0.006687839252810503,2
determination,0.013009772816162911,-0.007038285679993264,2
hikes,0.013001779637609918,-0.013001779637609918,1
fatigues,0.012998657923276693,-0.012998657923276693,1
fort,0.012994563065114475,-0.012994563065114475,1
many,0.012991552854322574,-0.008349169700254845,12
mike,0.012963587656849995,0.0067715617420617494,2
fauci,0.012954465310489927,-0.012954465310489927,1
quicker,0.012944114725542022,-0.012944114725542022,1
floyd,0.012927797680199806,-0.012927797680199806,7
obeyed,0.012927736412541614,-0.012927736412541614,1
off,0.012915309628885345,0.005908660971623951,9
lgbt+,0.01291239440979286,-0.008982801329448559,3
framed,0.012890752804066454,-0.012890752804066454,1
robert,0.012885352219676688,-0.012885352219676688,3
fees,0.012880564628963186,-0.010573359978248193,4
polluter,0.012877091113477946,0.012877091113477946,1
seen,0.012875578600679245,-0.0023603585288495045,7
describing,0.012873494172130118,-0.012873494172130118,1
crime,0.01287049817273371,-0.010131281289249219,3
nationalist,0.012839424113432566,-0.012839424113432566,1
high-profile,0.012834093021228909,-0.012834093021228909,1
ends,0.01283009361786147,-0.01283009361786147,2
potential,0.01281460031750612,-0.01281460031750612,2
place,0.012814284261199927,0.0037692980346292954,6
nods,0.01280911434441805,-0.01280911434441805,1
shame,0.012767870311458696,0.012767870311458696,1
usa,0.012751573699378325,-0.012751573699378325,1
free,0.012743191320496875,0.012743191320496875,2
billion,0.012733534153085202,-0.012733534153085202,2
that,0.012727515426690268,-0.006784048466628445,114
series,0.012726099995364035,0.012726099995364035,1
podium,0.012723961857833215,-0.012723961857833215,1
institutions,0.012708083941386296,-0.012708083941386296,1
pence,0.012702953293531511,0.012702953293531511,2
national,0.01267549489717826,-0.01267549489717826,6
make,0.012673845715913071,-0.0015449866205963843,10
home.””,0.012673618503226895,0.012673618503226895,1
publicized,0.012662342358499955,0.012662342358499955,1
8-year-old,0.012654700598934487,-0.012654700598934487,1
distance,0.012647536324544085,-0.012647536324544085,1
spend,0.012620369274238194,0.012620369274238194,3
metropolitan,0.012616180483157938,-0.012616180483157938,1
relationship,0.012606647796928883,-0.012606647796928883,1
““all,0.012605569648931359,-0.012605569648931359,1
threw,0.012585899123223498,-0.012585899123223498,1
house,0.012582203488182725,-0.009927793755873698,16
convulsing,0.012551686258779633,0.012551686258779633,1
capitals,0.012548282949460877,0.012548282949460877,1
offices,0.01252068966095976,-0.01252068966095976,1
thwart,0.012518774585000107,0.012518774585000107,1
grief,0.012516573508037254,-0.012516573508037254,1
contributes,0.012503934919368475,-0.012503934919368475,1
right,0.012502846518798438,0.005418116398417045,9
weaknesses,0.012495922653084211,-0.012495922653084211,1
prevent,0.012447690979752225,-0.012447690979752225,1
donors,0.012436235398386737,0.008807429519947618,2
protective,0.01243559781207957,-0.01243559781207957,1
statue,0.012424153059587948,-0.012424153059587948,1
indicating,0.012414962634493626,-0.012414962634493626,1
minnesota,0.012413462645730811,-0.012413462645730811,2
comes,0.012409313432633495,-0.006214251351062516,3
forces,0.012393499458889689,-0.012393499458889689,2
own,0.01238857047239333,0.00918437615367399,5
congresswoman,0.012360126599692756,0.012360126599692756,1
morning,0.012359271381268255,-0.012359271381268255,2
where,0.012352545683123536,-0.008968697579934,6
delivering,0.012350998056883162,-0.012350998056883162,1
hearing,0.012344211263148788,-0.012344211263148788,2
session,0.012333779566688463,-0.012333779566688463,1
england,0.012325522352572685,-0.008750846251981179,2
india's,0.012311865403760402,-0.012311865403760402,1
xi,0.01228319649817422,0.01228319649817422,1
for,0.012281544547611203,-0.00784183444651921,110
affordable,0.012271658263423225,-0.012271658263423225,1
child,0.012253451330454981,0.0077054293179281115,3
monastery,0.012250465364195405,-0.012250465364195405,1
migrants,0.01222981763313766,-0.01222981763313766,1
man,0.01222979330124127,0.007064095150759449,6
attractive,0.012226210462606767,0.012226210462606767,1
electric,0.012198095520337423,-0.012198095520337423,1
congressional,0.012166314481181047,-0.012166314481181047,1
been,0.012164373426011071,-0.011917400219949711,21
completely,0.01215752539036918,0.010738448575607996,2
release,0.012153913709370696,-0.012153913709370696,3
use,0.012149020842761316,-0.006401253726287845,9
losers,0.012144326969643062,0.012144326969643062,1
government-run,0.012138267869043453,-0.012138267869043453,2
delhi,0.01211089281585171,0.01211089281585171,1
rape,0.012102082257883416,0.012102082257883416,1
they,0.012099101663767344,0.005210093816057842,30
asylum,0.012084834871902353,-0.0100966316159992,3
upon,0.012078478927206662,0.012078478927206662,2
heat,0.012063271440565586,-0.012063271440565586,1
decision,0.012062593939340097,-0.010729957135842164,3
pre-existing,0.012057095736963674,-0.012057095736963674,1
presidency,0.01204783601986121,0.01204783601986121,1
alarm,0.012011697221419246,-0.001343653075059471,2
““open,0.012010382080916315,0.012010382080916315,1
can,0.012002392147984117,0.0038173947734041857,6
lined,0.011997625285099883,-0.011997625285099883,2
different,0.011996855152538045,-0.011996855152538045,2
origins,0.011987749829131644,-0.011987749829131644,1
““buy,0.011980751568141084,-0.011980751568141084,1
birth,0.011974356405866835,0.011974356405866835,1
primary,0.011967014437966729,-0.011967014437966729,2
coverage,0.011954079162743356,-0.011954079162743356,5
dismay,0.01194866350851953,0.01194866350851953,1
joe,0.011946582895640273,-0.011946582895640273,5
mean,0.01193542223617745,-0.007529853196271384,4
joe””,0.011933193019164415,0.011933193019164415,1
occurred,0.01192868837998027,-0.01192868837998027,1
incident,0.01192868837998027,-0.01192868837998027,1
anything,0.011928385097740425,0.011928385097740425,2
struggling,0.011917846841794073,-0.011917846841794073,1
grandmother,0.011914180879276023,-0.011914180879276023,1
three-hour,0.011914138228998387,0.011914138228998387,1
sites,0.011908118540304713,-0.011908118540304713,1
invoked,0.011906031184480526,-0.011906031184480526,1
clinics,0.011902455937524791,-0.011902455937524791,2
quickly,0.011897386852069758,0.011897386852069758,1
after,0.011879855073733389,-0.008381781631104325,21
chanthawong,0.011877590427175165,-0.011877590427175165,1
consume,0.011875419702846557,0.011875419702846557,1
midterms,0.011865078369737603,0.011865078369737603,1
parent,0.01185985080831285,-0.01185985080831285,2
used,0.011851736499147133,-0.011851736499147133,6
locate,0.011835412156758637,-0.011835412156758637,1
up,0.011831806348986887,-0.001923171165501838,16
pharmaceutical,0.011816650408819622,0.011816650408819622,2
50th,0.011810018331743777,-0.011810018331743777,1
route,0.011809511239074968,-0.011809511239074968,1
harvesting,0.011803154325620693,-0.011803154325620693,1
build,0.011794149296840015,-0.011794149296840015,2
hoax,0.011772134974477932,-0.011772134974477932,1
dozen,0.01175253191225541,-0.01175253191225541,1
fighters,0.01174483815671275,-0.01174483815671275,1
latin,0.011739632816724702,-0.011739632816724702,2
emergency,0.011712831497576402,-0.011712831497576402,2
posters,0.011708425241522491,-0.011708425241522491,1
shogan,0.011697973460993834,-0.011697973460993834,1
needed,0.011692868133208582,-0.011692868133208582,1
enough,0.0116714193086539,0.00040815745347312377,2
gang,0.0116687654517591,-0.0116687654517591,1
rental,0.011664263345301152,0.011664263345301152,1
citizenship,0.011663041829403179,-0.011663041829403179,1
bureau,0.01165254506382293,-0.01165254506382293,1
life,0.011641905588018303,0.011333350556494318,5
views,0.01163461556037267,0.01163461556037267,1
have,0.011632069449214409,-0.008129691554049247,45
present,0.011631011033993369,0.0005233996368284952,2
killed,0.011628479592973586,-0.0013716708928005559,4
ally,0.011621647235635366,0.011621647235635366,1
yang’’s,0.011616945322602988,0.011616945322602988,1
unrest,0.01161209230444261,0.01161209230444261,1
turned,0.011602073917474255,-0.00376705738385588,3
temperature,0.011601424921051755,-0.011601424921051755,1
southern,0.01152768674474111,-0.01152768674474111,4
numbers,0.011518769081703795,-0.011518769081703795,2
hhs,0.01151486375925338,-0.009372728841198193,2
cells.””,0.011504096836935748,0.011504096836935748,1
stages,0.011468446899053393,-0.011468446899053393,1
individual,0.011468053580205325,-0.0027377457379109487,3
earlier,0.011466018022555443,-0.011466018022555443,1
tuition,0.011439266087608322,-0.011439266087608322,2
overhauls,0.011425506034030173,-0.011425506034030173,1
expanded,0.011414258500430726,-0.011414258500430726,1
redesign,0.011407111919233723,-0.011407111919233723,1
roe,0.011391455664507751,0.011391455664507751,1
toll,0.01138018649071455,0.01138018649071455,1
statements,0.011372668795626272,-0.011372668795626272,1
st,0.011351231292755615,-0.011351231292755615,1
who,0.011349548116089821,0.009403795089561842,43
levers,0.011348361023036498,0.011348361023036498,1
pregnant,0.01134724397626188,-0.01134724397626188,1
comply,0.011320412327832246,-0.006795052635984925,2
caught,0.011314106340120946,-0.004378622098426734,2
text,0.011310863096473946,-0.011310863096473946,1
college,0.011310636668457635,-0.002440070812670721,7
designated,0.011305987771431153,-0.011305987771431153,1
coast,0.011305804915046172,0.011305804915046172,1
vanguard,0.011302386047592495,0.011302386047592495,1
young,0.01129155015125667,-0.01129155015125667,6
exchange,0.011270320487933026,-0.011270320487933026,1
partners,0.011266435703469647,-0.011266435703469647,1
expired,0.011242666512165062,-0.011242666512165062,1
church,0.011236668966919208,0.008794007254023612,4
multi-racial,0.011223984417789348,0.011223984417789348,1
were,0.011218827766081515,-0.0015267832646941955,13
regional,0.011213400140458456,-0.011213400140458456,1
sexual,0.011184967250474506,0.011184967250474506,1
internal,0.01117623924381203,-0.01117623924381203,1
psychological,0.011175263467261434,-0.011175263467261434,1
ineffective,0.011160068114155104,0.011160068114155104,1
memorial,0.011155483865894723,-0.011155483865894723,1
whose,0.011145133910378443,0.005358099538497733,6
ballot,0.011128688364156654,-0.011128688364156654,1
night’’s,0.011128180971016505,-0.011128180971016505,1
result,0.011125250456398278,-0.011125250456398278,3
served,0.011122657952452064,-0.011122657952452064,1
evening,0.011111473158669614,-0.011111473158669614,1
demonstrated,0.01110748882109742,0.01110748882109742,1
prices,0.011092171425714774,-0.011092171425714774,2
hispanic,0.011075482137298592,-0.011075482137298592,2
survive,0.011061274562962353,-0.011061274562962353,1
more,0.011040634126831511,-0.006931657092331343,17
goal,0.01101613688681807,0.01101613688681807,1
november’’s,0.01101101633782188,0.01101101633782188,1
next,0.011003776476718486,-0.011003776476718486,2
shared,0.010996172071567605,-0.010996172071567605,1
pull,0.010989275854080915,-0.010989275854080915,1
involved,0.01098821870982647,-0.01098821870982647,1
available,0.010987773915509355,-0.010987773915509355,1
marry,0.010984246416935801,-0.010984246416935801,1
bagh,0.010949284432821775,-0.010949284432821775,1
seventh,0.010924494107409071,-0.010924494107409071,1
buyers,0.01088942474286471,-0.01088942474286471,1
orthodox,0.01088776108291414,0.01088776108291414,1
lasted,0.010874500323265902,-0.010874500323265902,1
anti-lockdown,0.010872922385377544,0.010872922385377544,1
there,0.010869138168014944,-0.009646972109873206,4
““reopen,0.010867457025839636,0.010867457025839636,1
purchase,0.01085758159040577,-0.01085758159040577,2
responsible,0.010855273695034112,0.010855273695034112,2
in,0.010846880792067663,-0.009781252913303624,222
warned,0.010839176780605994,-0.00946698658826419,3
wake,0.010836257085342096,-0.010836257085342096,2
effort,0.010831537645398862,-0.005933406729517238,3
is,0.010827279663302243,0.006539005844650427,71
watching,0.010817258308331171,-0.010817258308331171,1
factors,0.01081652779248543,-0.01081652779248543,1
"2,124",0.010816349365632048,-0.010816349365632048,1
green,0.010806681756663172,0.002684895673775355,5
revolving,0.010801233840174972,0.010801233840174972,1
aircraft,0.010790666099637747,-0.010790666099637747,1
unarmed,0.010766960667052234,-0.010766960667052234,1
we,0.01075408870995091,0.00995542356366322,13
removing,0.010739663625678056,-0.010739663625678056,1
phone,0.010737751526499376,-0.010737751526499376,1
guidelines,0.010734081210102884,-0.010734081210102884,1
staged,0.010733099803993744,0.010733099803993744,1
hosted,0.010712914767542055,-0.010712914767542055,1
ilhan,0.01070823995784546,-0.01070823995784546,1
fox,0.010674885190383065,-0.010674885190383065,2
reminder,0.010666330216408578,-0.010666330216408578,1
agreement,0.010655959916766733,-0.010655959916766733,1
mma,0.010650417418219149,-0.010650417418219149,1
mates,0.010632894845912233,0.010632894845912233,1
risk,0.010623536224787435,-0.010623536224787435,2
favorite,0.010620450083580282,0.00789231713861227,2
nehru,0.010601510473255377,-0.010601510473255377,1
discrimination,0.01060081098937376,0.01060081098937376,3
former,0.010576658030229785,-0.009785943254953713,8
gender,0.01057644354513396,0.0016263306127467102,4
sea,0.01056922017596662,-0.01056922017596662,1
mansion,0.010568289123162124,0.010568289123162124,1
end,0.01054346907528023,0.0015990465334928638,7
potentially,0.010528568623057153,0.004820883194851276,2
audiences,0.010528491600416601,-0.010528491600416601,1
soil,0.01049602802943407,0.0006291755454114929,2
applied,0.010492030629393412,-0.010492030629393412,1
be,0.010468465436514767,0.004718301254743246,40
grows,0.010462632513222977,0.010462632513222977,1
back,0.010462045503191205,-0.002342783183846464,3
take,0.010428251118821447,-0.00812825459546772,4
armed,0.010399587035435375,-0.00971225243515123,5
by,0.010394924528313644,0.0044558508366020376,66
elected,0.010394642543024593,0.010394642543024593,1
complied,0.010393582245142394,-0.010393582245142394,2
rolling,0.010384109092578562,-0.010384109092578562,1
her,0.010341124926480361,-0.005310587189349793,32
archives,0.010330872505163203,-0.010330872505163203,1
liberty,0.010313511499892533,-0.010313511499892533,2
jersey’’s,0.010274316159276558,-0.010274316159276558,1
disperse,0.010266815581255489,-0.010266815581255489,1
seize,0.01026371552143246,0.01026371552143246,1
becoming,0.010242031356837187,0.00045688011838744113,4
aims,0.010214526485651732,-0.010214526485651732,1
united,0.010206907597007838,-0.007812031955347538,13
gaps,0.01020489288493991,-0.01020489288493991,1
protester,0.010183213736163451,-0.010183213736163451,1
desire,0.010178325806675857,0.00871280971628279,3
the,0.010174777117257417,-0.001968096760572942,535
richest,0.01017282060595736,0.01017282060595736,1
offers,0.010171679680102637,-0.010171679680102637,1
everyone,0.01017010249197483,0.01017010249197483,1
sovereign,0.010143622454422754,0.010143622454422754,1
abetting,0.0101358185056597,0.0101358185056597,1
set,0.010135162803915312,-0.010135162803915312,2
sale,0.010124839236959815,-0.010124839236959815,1
if,0.010114440905532637,0.006483744501287768,10
until,0.010110739918606861,-0.0006862318884845566,4
shutting,0.01010597279916207,-0.01010597279916207,1
shrunk,0.0101008118662451,-0.0101008118662451,1
show,0.010091823142477063,-0.005376760638651831,6
olympic,0.010081995788781429,-0.010081995788781429,2
russia,0.01005416794406291,-0.01005416794406291,1
eight,0.01004566026620252,-0.01004566026620252,3
him,0.01001891860847523,0.000394564293508071,10
gun-owning,0.009997054288396612,0.009997054288396612,1
law,0.009978821125663433,-0.004381795872090586,9
volunteers,0.009967558174111851,-0.009967558174111851,1
progress,0.00992958276794554,-0.009769474899674113,2
sex,0.009928767584194878,0.0070053551610796535,4
happened,0.009928502408521517,0.009928502408521517,1
worries,0.009924615547788562,-0.009924615547788562,1
rushed,0.009901123254426887,0.009901123254426887,1
poor,0.009900129022155188,0.009900129022155188,2
officer,0.009895297579639018,-0.009895297579639018,4
turning,0.00988640905416105,0.00988640905416105,2
places,0.009884061558460373,-0.007825400124281822,2
violate,0.009880809724563733,-0.009880809724563733,1
consent,0.009877639862679644,-0.009877639862679644,1
wall,0.009859605710828279,0.009859605710828279,5
weeks,0.009848686083444505,-0.009848686083444505,3
mostly,0.009844014254797783,-0.008501751847299082,3
delivered,0.009834777738433331,0.009834777738433331,1
unvaccinated,0.009809150645095441,0.009809150645095441,1
tv,0.009807587799431692,-0.0038653693146157805,3
down,0.009784723971719072,-0.0017778588683891386,5
worker,0.009780241756042814,-0.009780241756042814,1
absentee,0.009779422447361328,-0.009779422447361328,1
deploying,0.009777646503061987,-0.009777646503061987,1
certain,0.009759736152773257,-0.009759736152773257,1
such,0.009758778286743023,-0.0015085150146236024,7
shine,0.009733934468033934,0.009733934468033934,1
given,0.009727635579810549,0.009727635579810549,1
shuo,0.009725522870818773,-0.009725522870818773,1
sustained,0.009710637875832618,-0.009710637875832618,1
advice,0.009694973611887418,-0.009694973611887418,1
enact,0.009689732846164305,0.009689732846164305,1
champions,0.009682705812156201,0.009682705812156201,1
with,0.009613178834088047,-0.0016586964827849744,71
humanitarian,0.00960169147423745,-0.00960169147423745,2
current,0.00959453665637762,-0.001984188859905072,4
join,0.009591895435005427,-0.009591895435005427,1
due,0.009569611398668106,-0.009569611398668106,2
all-seeing,0.009566874678937659,0.009566874678937659,1
european,0.009562392719089985,-0.009562392719089985,2
new,0.009551889229835948,-0.006582118318969843,26
increases,0.009543632680018033,-0.009543632680018033,1
contrast,0.009542988421070197,-0.009542988421070197,1
jawaharlal,0.009517972575849853,-0.009517972575849853,1
from,0.009506321216964566,-0.005083883836662759,41
something,0.009494494990468701,0.009494494990468701,3
it,0.009470365077393053,0.007048139616286356,48
degrees,0.009459429014968119,-0.009459429014968119,3
hold,0.009454289523222031,0.0020795508345969917,5
mayor,0.009451497902369333,-0.009451497902369333,2
joined,0.009439317376485894,-0.009439317376485894,1
timing,0.009439025167375803,-0.009439025167375803,1
mortgage,0.00942393961466021,-0.00942393961466021,1
costs,0.00941897538723424,0.00941897538723424,1
reproduce,0.009399832662431494,0.009399832662431494,1
steve,0.009386065990723197,-0.009164208445880345,3
along,0.009383397159538055,-0.009383397159538055,2
half,0.009362843031716398,-0.008862045220234711,3
base,0.009353732774516885,0.009353732774516885,2
81%,0.009352823719382286,-0.009352823719382286,1
closed,0.009343650611949021,-0.009343650611949021,1
rest,0.00933874104044631,0.00933874104044631,1
trillion,0.009322374865964607,0.009322374865964607,1
parties,0.009319549077190459,-0.009319549077190459,1
billionaire,0.00930798496119678,-0.00930798496119678,1
about,0.009277628343695143,-0.003014576416576967,24
falwell,0.009274160780478269,0.009274160780478269,1
compensation,0.009269937367823262,-0.009269937367823262,1
keep,0.009260495422773313,0.009260495422773313,5
get,0.009256078270118451,0.00816769807934179,4
criminal,0.00925533843064119,0.00925533843064119,1
usually,0.009233919437974691,-0.009233919437974691,1
went,0.009230263417379724,-0.005248400393045611,3
california,0.00922566559568886,-0.00922566559568886,1
shown,0.009213410254839497,-0.009213410254839497,1
making,0.009210231115089229,0.0060985185187425895,7
largely,0.0091984664904885,-0.0091984664904885,1
asset,0.009189314635780951,0.009189314635780951,1
biology,0.009186041497741826,0.009186041497741826,1
racial,0.009182744000792957,-0.001313774986080214,6
orleans,0.009178443637210876,-0.009178443637210876,1
second,0.00916138064152075,-0.00916138064152075,4
would,0.00915567125903812,0.0048295362304712946,28
players,0.009151091857347637,-0.009151091857347637,1
conversion,0.009145302306437356,-0.009145302306437356,1
stephen,0.009144931082119001,-0.009144931082119001,2
crown,0.009140993261964814,-0.009140993261964814,1
efficacy,0.009118209110090028,-0.009118209110090028,1
devised,0.009115637534705456,-0.009115637534705456,1
strong,0.009114416510969095,-0.009114416510969095,1
games,0.009114086724164533,-0.009114086724164533,2
fetuses,0.009111230035260733,0.009111230035260733,1
black,0.009105271881182226,-0.00135761558222159,20
allowed,0.00910431994998362,-0.00910431994998362,1
payments,0.009101955493397353,-0.009101955493397353,1
ideas,0.009100627786311734,-0.004223690088514961,2
““own””,0.009099985938519238,0.009099985938519238,1
ladder,0.009083142881059927,0.009083142881059927,1
seats,0.009070910344951588,-0.009070910344951588,1
question,0.009068577627961835,-0.009068577627961835,1
require,0.0090560951163449,-0.008296431648583772,2
filled,0.00905537031036292,0.00905537031036292,2
slain,0.009036843800762046,-0.009036843800762046,1
deportation,0.009036045201170805,-0.009036045201170805,1
learning,0.009003359151797162,-0.009003359151797162,1
killings,0.008997504981328742,-0.008997504981328742,1
disabilities,0.008992339944544098,-0.008992339944544098,1
baseball,0.008975605583853193,-0.008975605583853193,1
physical,0.008967860251601435,-0.008967860251601435,1
rules,0.00894241970349362,0.0025882786253027413,2
radio,0.008931172410181414,-0.008931172410181414,1
host,0.00892868209630251,-0.00892868209630251,1
same,0.008927311217054403,0.004305394406874912,11
news,0.008926819530241784,-0.005970594765145391,3
tough,0.008918688349593949,0.008918688349593949,1
nationalisation,0.008915329678168903,0.008915329678168903,1
weaker,0.008902303284100656,-0.008902303284100656,1
monks,0.008896335946499474,-0.008896335946499474,1
attorneys,0.008895740371995737,-0.008895740371995737,1
routine,0.00889062207007112,-0.004392802657280416,2
li,0.00888733174651861,-0.00888733174651861,1
rifles,0.008869095871757184,-0.008869095871757184,1
hands,0.008844039551774806,-0.0024249997911466965,3
or,0.008825301026628093,-0.006544616586300353,20
chokeholds,0.008823453348928265,-0.008823453348928265,1
donald,0.008816291313707198,0.0048121189279726915,29
years,0.008811007331694161,-0.007797374417210347,10
dr,0.008792407976855631,-0.008792407976855631,3
burden,0.008792010173367868,0.002580735337687656,2
nickname,0.00878857475743074,-0.00878857475743074,1
immigration,0.008777280216608174,0.0006438666575756382,9
matter,0.008774802421703067,-0.000559642135205565,9
and,0.008751684213723647,-0.0005037924643772644,247
price,0.008739726436841818,0.008739726436841818,1
prince,0.008739017256611616,-0.008739017256611616,1
relinquishment,0.008735345800232608,-0.008735345800232608,1
inside,0.008690654957622643,-0.0006582198793896364,2
hire,0.008676071563968435,0.008676071563968435,1
arguments,0.008646110378546066,0.008646110378546066,1
anticipating,0.008645991708796758,0.008645991708796758,1
reinoehl,0.008631930286840846,-0.008631930286840846,1
event,0.008628322248114273,-0.008628322248114273,1
rights””,0.0086277153192859,0.0086277153192859,1
““dark,0.008627144406394411,0.008627144406394411,1
““clumps,0.008625874231155548,0.008625874231155548,1
russian,0.00861476662066707,-0.005013951629734947,2
convictions,0.008612009328013908,-0.008612009328013908,1
some,0.008606426527679931,-0.0015925920497189127,21
roots,0.008595536928623915,-0.008595536928623915,1
staff,0.008586913386546872,-0.008586913386546872,3
biontech,0.008562247055427482,-0.008562247055427482,1
salon's,0.008561002653555343,-0.008561002653555343,1
always,0.008558307015380913,-0.0011395547972857549,2
characterizing,0.008522871249458856,0.008522871249458856,1
street,0.008503238146658987,0.007020124408882111,2
candy,0.00847979287371143,-0.00847979287371143,1
those,0.00844809981799965,0.002391577944311324,6
wait,0.008443062333390117,0.008443062333390117,1
produced,0.008428967661327787,0.008428967661327787,1
wondering,0.008414851052991178,0.008414851052991178,2
native,0.008399953674857637,-0.008399953674857637,2
wash,0.008391207285846271,-0.008391207285846271,1
special,0.008386219137982051,-0.008386219137982051,1
hoisting,0.008378994625856668,-0.008378994625856668,1
becomes,0.00837767997962566,0.00837767997962566,1
““just,0.008371513817110099,-0.008371513817110099,1
jackpot,0.008365013412872536,0.008365013412872536,1
nra's,0.008356133518436063,-0.008356133518436063,1
italy,0.008349889517477196,-0.008349889517477196,1
mythology,0.008342222660599696,0.008342222660599696,1
battle,0.008339157905395488,0.007261286377940913,2
once,0.008338233910220129,-0.008338233910220129,2
that's,0.008333336174606331,0.0009551652248889689,3
civil,0.008288164487263808,-0.008288164487263808,1
ballots,0.00828395053007019,-0.00828395053007019,2
"weapons,””",0.00828109724123193,-0.00828109724123193,1
lodato,0.008279090406810583,-0.008279090406810583,1
to,0.008274304178718748,-0.0003337774019501658,346
fast,0.008260023019587,-0.008260023019587,1
1619,0.008257391034728952,-0.008257391034728952,1
opportunity,0.008237579167427457,0.002870110273599044,5
phase,0.008234937122324482,-0.008234937122324482,1
way,0.008216533428615648,0.005815650125380464,7
precedent,0.008215362324845047,0.008215362324845047,1
town,0.008215045481920242,-0.008215045481920242,1
firearm,0.008211176028999035,-0.008211176028999035,1
abortion-related,0.00819645475389229,-0.00819645475389229,1
90,0.008192332823657328,-0.008192332823657328,1
expanding,0.008182909298921003,-0.008182909298921003,1
viewing,0.008169520588126034,0.008169520588126034,1
loosen,0.008157745785345989,-0.008157745785345989,1
indian,0.008151991354368095,0.008151991354368095,1
youth,0.00815077172825303,-0.00815077172825303,2
court,0.008146903798355089,-0.00784613696918634,3
diphtheria,0.008145230857189744,-0.008145230857189744,1
goes,0.008135986234992742,-0.008135986234992742,1
diseases,0.008115693202449216,-0.008115693202449216,1
establishment,0.008103510664243785,0.008103510664243785,1
socially,0.008102700537369575,0.008102700537369575,1
they’’ve,0.00808719879729891,0.007994399106662187,2
loan,0.008061055416583569,-0.008061055416583569,3
between,0.008051947744267334,-0.007656826900468635,4
viewed,0.008041430703763452,0.008041430703763452,1
stands,0.008023435104328035,0.008023435104328035,1
permission,0.00800657210805054,-0.00800657210805054,1
associates,0.008004932344486616,0.008004932344486616,1
help,0.008000706026857847,0.00025445809348846057,6
chief,0.007993627635259477,-0.007993627635259477,2
confronted,0.007979230404916136,0.007979230404916136,1
mohammed,0.007977652370870586,-0.007977652370870586,1
equal,0.007970795270360572,0.006382844863882771,2
separating,0.007943343424068933,-0.007943343424068933,1
wave””,0.007940274104475975,-0.007940274104475975,1
endorsing,0.007939800160238519,-0.007939800160238519,1
schedule,0.00793923277200924,-0.00793923277200924,1
advocate,0.007917194324211356,0.007917194324211356,1
scientific,0.007887508259789847,-0.007887508259789847,1
lens,0.007877936121076345,-0.007877936121076345,1
explosive,0.00787588696270673,-0.00787588696270673,1
rates,0.007872911047396156,-0.007872911047396156,2
substance,0.00787033168016933,-0.00787033168016933,1
systems,0.007863603299483657,0.007863603299483657,1
addressed,0.007858087814823663,-0.007858087814823663,2
stonewall,0.0078448929448819,-0.0078448929448819,1
departments,0.007831868699017482,-0.007831868699017482,1
jinping,0.007830596001440426,0.007830596001440426,1
as,0.007823764525020892,-0.0010408932997819876,89
assassinate,0.007816592563432789,0.007816592563432789,1
death,0.007813912491789218,-0.006076359078271652,5
hungary,0.007797137664212385,-0.007797137664212385,1
raise,0.007780854357406497,0.007780854357406497,1
senator,0.0077633720356971025,-0.0077633720356971025,2
hired,0.007757014051700631,-0.007757014051700631,1
growing,0.007749246946623316,-0.004930163106037071,5
wide,0.00773426853120327,-0.00773426853120327,1
forced,0.007712323205279453,0.007712323205279453,2
nuanced,0.007701959764947079,-0.007701959764947079,1
veterans,0.007700040688117344,-0.007700040688117344,1
safety,0.007681143768969431,-0.006353462715362194,3
ed,0.007670300495293406,-0.007670300495293406,1
pitched,0.00766188399575185,-0.00766188399575185,1
mary,0.007654911103000974,0.007654911103000974,1
disagree,0.007644033771027964,-0.007644033771027964,1
before,0.007641278406115995,-0.0067087724545726365,10
funding,0.0076346741165922915,-0.0076346741165922915,1
woman,0.007610903805494941,0.003042375106878302,4
reilly,0.00759792939892837,0.00759792939892837,1
four,0.007591165322810412,-0.007591165322810412,2
hitler,0.007557588243590934,0.007557588243590934,1
troops,0.007555762339117271,0.007555762339117271,1
leno,0.007519068363762926,-0.007519068363762926,1
month,0.007513481674208493,-0.007513481674208493,2
migrants’’,0.007498066561917465,-0.007498066561917465,1
3.03,0.007478908298071474,-0.007478908298071474,1
unsanitary,0.007478143343986529,0.007478143343986529,1
three,0.007457852639379868,-0.007457852639379868,2
interest,0.007445736374292109,-0.007445736374292109,1
aware,0.0074281233294944595,-0.0074281233294944595,1
still,0.007426498439680372,-0.001914788113855239,5
handled,0.007399013320323053,0.007399013320323053,1
parts,0.0073882587473943,-0.0073882587473943,1
technology””,0.007385814904422897,-0.007385814904422897,1
recruit,0.007378647184426276,-0.007378647184426276,1
party’’s,0.007350076895414127,-0.007350076895414127,2
conflict,0.007343932296390888,-0.007343932296390888,1
union,0.007339144176704976,-0.004127395559821731,2
six,0.007333926953089593,-0.007333926953089593,4
tonya,0.0073227901593782,-0.0073227901593782,1
exited,0.007302452065050601,-0.007302452065050601,1
praising,0.007298215144934754,0.007298215144934754,1
fight,0.007297429838217795,-0.007297429838217795,1
general,0.007292218843289787,-0.005622646184983037,5
younger,0.007290238616405986,0.007290238616405986,1
offspring,0.007289162417873742,0.007289162417873742,1
shaheen,0.0072882878289203205,-0.0072882878289203205,1
football,0.00728174712922838,-0.00728174712922838,1
return,0.007267589764004307,-0.007267589764004307,1
likely,0.007264690802387274,-0.002743811295228883,5
striking,0.007261745809910842,-0.007261745809910842,1
command,0.0072591653675772244,-0.0072591653675772244,1
significant,0.0072507200681785535,-0.0072507200681785535,2
package,0.007243265800449687,-0.007243265800449687,1
love,0.0072366997313040955,0.0072366997313040955,1
—,0.007234452894345074,-0.006332326379674584,26
inn,0.007230822416022419,-0.007230822416022419,1
benefiting,0.0072289518035062545,0.0072289518035062545,1
providing,0.007219984182214191,-0.007219984182214191,1
a,0.007213721077647827,-0.004237731025695222,258
inappropriate,0.007192341388055903,-0.002857461827688337,2
network,0.007162117484933167,-0.007162117484933167,2
subsidies,0.007156662285471192,0.007156662285471192,1
wane,0.007155523169785738,0.007155523169785738,1
hundreds,0.007149164971163489,-0.0015998169082243748,3
acquittal,0.00714861364569515,-0.00714861364569515,1
avoid,0.007144109809869957,-0.007144109809869957,1
zone,0.007139136688783765,-0.007139136688783765,2
fighting,0.007117040938565216,0.007117040938565216,3
of,0.007092710438425282,-0.0010574733538155643,294
than,0.007067106391734989,-0.0017198006539426859,19
subject,0.007049085124890553,-0.007049085124890553,1
governors,0.007024022127734497,-0.004947346000699327,2
investment,0.007021241990680044,-0.007021241990680044,1
doses,0.007018112801435765,-0.007018112801435765,1
pentagon,0.007013205788098276,-0.0041977649218299315,2
administratively,0.007000912795539455,-0.007000912795539455,1
replacing,0.006995904876384885,-0.006995904876384885,1
emerges,0.00699529478458173,0.00699529478458173,1
basement,0.006990657858804711,0.006990657858804711,1
terrible,0.0069792500248661744,0.0069792500248661744,1
gymnasts,0.006966639453146074,-0.006966639453146074,1
resettlement,0.006964524742215872,0.006964524742215872,1
hero,0.006956885424592803,0.006956885424592803,1
central,0.006951070981934511,-0.006951070981934511,1
security,0.0069362495124300014,-0.0069362495124300014,2
““huge,0.006922964038239074,-0.006922964038239074,1
shows,0.006919746442387502,-0.006919746442387502,3
virginia,0.006902140634203399,-0.006902140634203399,3
starts,0.006891041994094849,0.006891041994094849,1
““assault,0.006886371222840946,-0.006886371222840946,1
notion,0.0068773573530571805,0.0068773573530571805,1
ruth,0.006845327839255333,-0.006845327839255333,1
muslim,0.006834371475982765,-0.0003274925636384176,2
biedron,0.006828909041360021,-0.006828909041360021,1
62-55,0.0068272651406005025,-0.0068272651406005025,1
thought,0.006819990213261917,0.006819990213261917,1
training,0.006817201411144601,-0.006817201411144601,1
bank,0.006815124273167125,-0.006815124273167125,1
any,0.006798269717827556,0.0014877763608718527,8
although,0.006777012887011682,-0.006777012887011682,1
pins,0.006767839379608631,-0.006767839379608631,1
handing,0.006752800698450301,-0.006752800698450301,1
mutual,0.006742155191022902,-0.006742155191022902,1
legislative,0.006723717534138511,-0.006723717534138511,1
made,0.0067137211030623405,-0.004749478614152349,13
tailing,0.0067046084987501114,0.0067046084987501114,1
average,0.006703049861243926,0.006703049861243926,1
send,0.00670288191176951,-0.00670288191176951,1
kamala,0.006695079423176746,-0.006695079423176746,1
hijab,0.0066900508633504305,-0.0066900508633504305,1
ending,0.006688808553319957,-0.001107136190070638,2
disruption,0.006683764388049532,-0.006683764388049532,1
an,0.006682864767675947,-0.0018131221423994413,49
widened,0.006679286734792045,-0.006679286734792045,1
““the,0.006669559912832203,-0.006669559912832203,2
better,0.006650127065950072,0.006650127065950072,4
populations,0.006609630188904703,-0.006609630188904703,1
into,0.006604334756623999,-0.001498209479689461,14
interrupts,0.006600663787468243,-0.006600663787468243,1
janata,0.006600255107817551,-0.006600255107817551,1
simple,0.006589531658864399,-0.006589531658864399,1
biggest,0.0065803975000259625,-0.0003744265304703731,3
plunged,0.006576525749187567,-0.006576525749187567,1
v,0.00657013697414904,-0.00657013697414904,1
expected,0.006560524091331688,-0.006560524091331688,2
““working,0.006559662691539746,0.006559662691539746,1
hoped,0.0065586231648921975,0.0065586231648921975,1
assaults,0.0065268650368846964,0.0065268650368846964,1
particularly,0.0065230137776010316,-0.0065230137776010316,1
newtown,0.0064817164326086635,-0.0064817164326086635,1
day,0.006470147690969914,-0.006470147690969914,5
each,0.006457835901528597,-0.006457835901528597,1
law-and-order,0.006457291912573218,-0.006457291912573218,1
eliminates,0.006453989366436322,0.006453989366436322,1
less-educated,0.006451258494829137,-0.006451258494829137,1
strategist,0.006443822758425494,-0.0060807831395917385,2
““green,0.006443432590458542,0.006443432590458542,1
geography,0.0064344319260933175,0.0064344319260933175,1
““reproductive,0.0064272435167087956,0.0064272435167087956,1
style,0.00642642936630485,-0.00642642936630485,1
domestic,0.006421222129747981,0.006421222129747981,1
soccer,0.006417024842634494,-0.006417024842634494,1
popular,0.006404864279223451,-0.006404864279223451,1
legalize,0.006401925358093448,-0.006401925358093448,1
ebola,0.006397982166769603,0.006397982166769603,1
objecting,0.006379005313605966,0.006379005313605966,1
halt,0.006366450603947871,-0.006366450603947871,1
confirming,0.006365640595007746,-0.006365640595007746,1
charter,0.006326676417442146,0.006326676417442146,1
emitted,0.006319608190096915,-0.006319608190096915,1
flocking,0.006311445860774256,0.006311445860774256,1
fund,0.006306794140834635,-0.006306794140834635,1
stick,0.006300889246167238,0.006300889246167238,1
row,0.00629784413104062,-0.00629784413104062,1
background,0.006267644410289711,-0.006267644410289711,3
sylvia,0.006249186526318746,-0.006249186526318746,1
blazetv,0.006219785563492526,-0.006219785563492526,1
mother’’s,0.006218984751816984,-0.006218984751816984,2
–,0.006217284444862762,0.0035110649541676385,6
pin,0.006204837562770328,-0.006204837562770328,1
human,0.006204347192489009,0.00583842105968426,6
1,0.006201276183128357,-0.006201276183128357,2
40,0.006159994874534588,-0.006159994874534588,2
missing,0.00615828713598603,-0.00615828713598603,2
all-female,0.006151747935089385,-0.006151747935089385,1
family's,0.006132502981927246,-0.006132502981927246,1
looking,0.0061276067354212385,0.001031615043788577,2
debt,0.006115557160228491,0.005692531447857618,2
disciplined,0.006107757940966015,-0.006107757940966015,1
$15,0.00609290560907019,-0.00609290560907019,1
courts,0.006086267631509023,-0.006086267631509023,1
inserted,0.006085412256349178,0.006085412256349178,1
trends,0.006078490322189671,-0.006078490322189671,1
objection,0.0060770767566967095,-0.0060770767566967095,1
b,0.006075479440205994,-0.006075479440205994,3
go,0.006062308576185064,0.006062308576185064,3
adopt,0.0060610776159187975,-0.0060610776159187975,1
less,0.006047562498909732,-0.0033328232060497007,4
grandchildren,0.006012919788721889,-0.006012919788721889,1
third,0.006001705041853711,-0.006001705041853711,1
predominantly,0.005984241109607475,0.005984241109607475,1
various,0.005977920940495096,-0.005977920940495096,1
identity,0.005974171992770776,-0.005974171992770776,2
mid-game,0.005963479772617575,-0.005963479772617575,1
keeps,0.005937448259557417,0.005937448259557417,1
global,0.005936951232959085,0.004081028498960094,4
strongly,0.0059251286257706445,-0.0013049038364337684,3
out,0.005924664490466094,-0.001332199296479556,15
protection,0.005919388017461273,0.005538506168115503,2
prevalent,0.005876416395767592,0.005876416395767592,1
collect,0.005865705109582366,-0.005865705109582366,1
sangh,0.005823021077815736,-0.005823021077815736,1
attention,0.005820620626952776,-0.002731519875858255,2
yet,0.005813755286194036,0.0026156912197796522,5
affixed,0.005811830811176656,-0.005811830811176656,1
mailboxes,0.005799023067070679,-0.005799023067070679,1
houston,0.005773001698281744,-0.005773001698281744,1
schedules,0.005767481646034867,-0.005767481646034867,1
nor,0.005759236053563654,0.005759236053563654,1
employee,0.005755580948769218,-0.005755580948769218,1
boy,0.005749144993023947,-0.005749144993023947,1
r-ky,0.005741424450732687,-0.005741424450732687,1
eventually,0.0057172750234591434,0.0015464865714299152,2
chinese,0.005717173999286041,-0.003411690764742913,3
walking,0.005690713630015539,-0.005690713630015539,1
omar,0.005685798125341535,-0.005685798125341535,1
election,0.005673482861020602,-0.0007468695953031312,5
milley,0.005668709124736966,-0.005668709124736966,1
effective,0.005646621386404149,-0.004699595723650418,4
wrong,0.005629555304983148,-0.005629555304983148,1
saved,0.005624619335867465,0.005624619335867465,1
spectacle””,0.005603703480058658,0.005603703480058658,1
slave,0.005592615692876279,0.005592615692876279,1
gas,0.005587606827699731,-0.005587606827699731,3
favor,0.00558741488914409,0.004841093655195499,4
mask,0.005568497033887788,0.005568497033887788,1
sticks,0.005568332436057378,-0.005568332436057378,1
removed,0.00556578218023979,-0.00556578218023979,1
try,0.005546223783832309,-0.00029517610840100244,2
solution,0.0055214601982798844,0.0055214601982798844,1
put,0.005518925129726995,0.0009287374626728705,5
pedestal,0.00550918440575249,-0.00550918440575249,1
ever,0.005462592432741076,0.005462592432741076,2
propose,0.005450607794465704,-0.004933501298112858,2
royal,0.005440678748224551,-0.005440678748224551,1
seized,0.0054361538495868444,0.0054361538495868444,1
play,0.005413448926992715,0.005413448926992715,1
promises,0.00541251756388832,0.00541251756388832,1
crimes,0.005397273371705697,0.005397273371705697,1
works,0.0053908007508602545,-0.0053908007508602545,3
sight,0.0053863943806694205,0.0053863943806694205,1
packaging,0.005384390660661406,-0.005384390660661406,2
comparison,0.005374279148368673,-0.005374279148368673,1
$34,0.005364951770752668,-0.005364951770752668,1
jeremy,0.005341397731431893,-0.005341397731431893,1
nation,0.00533356035935709,0.005221383872216934,2
run,0.005323646513054635,0.0009314648529900956,2
““winners,0.005310270919015149,0.005310270919015149,1
militia,0.0053079936017942,-0.0036931085026784185,2
universal,0.005300234971800819,-0.005300234971800819,1
dent,0.005275092135275622,-0.005275092135275622,1
become,0.005272053414955735,-0.005272053414955735,3
proud,0.005262440665521556,-0.005262440665521556,1
audits,0.00522738205807211,-0.00522738205807211,2
featured,0.005212154123000801,0.005212154123000801,1
knows,0.005210683642265698,-0.005210683642265698,1
rio,0.005199868660253871,-0.005199868660253871,1
cures,0.005154924749928925,0.005154924749928925,1
crucial,0.005145375733263791,0.005145375733263791,1
returns,0.005136384361894334,-0.004940806892860834,3
mandatory,0.005134579686980162,-0.005134579686980162,1
anxiety,0.005127413201262243,-0.005127413201262243,1
owners,0.005125319212675094,0.005125319212675094,1
least,0.0051220412435079065,-0.003315040936555576,3
projectiles,0.005101755512463016,-0.005101755512463016,1
scarce,0.005091874080957199,0.005091874080957199,1
stop,0.005089787683566697,0.0007637323707056403,4
spending,0.005089238658547402,0.005089238658547402,1
though,0.00508315138596786,0.0011411688670863011,5
reliably,0.00507768289616672,0.00507768289616672,1
march,0.005069435556501886,-0.005069435556501886,2
kennedy,0.005058663153613452,-0.005058663153613452,1
act.””,0.0050585603316766065,-0.0050585603316766065,1
el,0.00503178865959247,-0.00503178865959247,1
near,0.004995744282172786,-0.004995744282172786,1
eagle,0.004976507159342334,-0.004976507159342334,2
hyde,0.0049748758785426615,-0.0049748758785426615,1
honor,0.0049726366151368155,-0.0049726366151368155,1
alternative,0.0049717327347025275,0.0049717327347025275,1
coming,0.004954421909697398,0.004954421909697398,2
partly,0.0049535227673394334,-0.0049535227673394334,1
solutions,0.004952630011497864,-0.004952630011497864,1
heterosexual,0.004899726920904448,0.004899726920904448,1
work,0.004868187451591858,-0.004868187451591858,3
occasion,0.004860187466773722,-0.004860187466773722,1
frequently,0.004856289570770142,0.0047611150710674165,2
vacate,0.004838924343982545,0.004838924343982545,1
league,0.004805091785133949,0.004805091785133949,1
old,0.004802709896466695,0.004802709896466695,1
relay,0.004782272380394623,-0.004782272380394623,1
torch,0.004782272380394623,-0.004782272380394623,1
small,0.004776341452569788,-0.0027769513091860792,3
13,0.004770883639605763,-0.004770883639605763,1
broadcasts,0.00476904721422629,0.00476904721422629,1
dicaprio,0.004768423307391387,0.004768423307391387,1
tear,0.004762156061766458,-0.004762156061766458,3
infowars,0.004761005990440026,-0.004761005990440026,1
full,0.004754754000653823,-0.004754754000653823,1
lasting,0.004740094191220123,0.004740094191220123,1
videos,0.004739123246898609,-0.004739123246898609,1
barack,0.004729570488312415,-0.004729570488312415,1
start,0.004726287519681649,-0.004726287519681649,1
urge,0.004706777302040295,-0.004706777302040295,1
epicenter,0.004693092859815806,-0.004693092859815806,1
person,0.004682925497255627,0.004430788709589886,3
who’’s,0.0046777039533481,0.0046777039533481,1
grande,0.004653860206658742,-0.004653860206658742,1
25,0.0046522083575837305,-0.0025953166898236503,3
strikes,0.0046434459363808855,-0.0046434459363808855,1
previous,0.004629233359635152,-0.004629233359635152,2
streets,0.004582766984822228,0.004582766984822228,1
license,0.004573316395320804,-0.004573316395320804,1
europe,0.004565103194077632,-0.004565103194077632,1
occupied,0.0045323330162477405,-0.0045323330162477405,1
2000,0.004502196423709392,-0.004502196423709392,1
18,0.004501543745457653,-0.004501543745457653,1
small-town,0.004500829459478457,-0.004500829459478457,1
west,0.004500762311675187,-0.004500762311675187,2
homeland,0.004496307955558759,-0.004496307955558759,1
park,0.004482125025242567,-0.004482125025242567,1
school,0.00448191506715564,-0.0027597781769060463,5
financial,0.00445132732061514,-0.00445132732061514,3
banking,0.004420310792611968,-0.004420310792611968,1
protesting,0.0044165128216410825,-0.0044165128216410825,1
related,0.0043882030142412985,-0.0043882030142412985,2
breaks,0.0043522911977821165,-0.0018503928856391993,2
fully,0.004347356885975589,0.004347356885975589,1
reproductive,0.004340375178443962,0.004340375178443962,1
injecting,0.0043365880090277635,0.0043365880090277635,1
high,0.004322308925135682,-0.00018927566474303596,3
involves,0.004310872854182014,0.004310872854182014,1
de,0.004310097002113859,0.004310097002113859,1
roger,0.004309285823847093,-0.004309285823847093,1
elections,0.0043086314956168595,-0.0043086314956168595,3
upside,0.00429073798337153,0.00429073798337153,1
sunlight,0.00428304988545952,0.00428304988545952,1
paul,0.004278325941413641,-0.004278325941413641,1
shouldered,0.004276907670178584,-0.004276907670178584,1
assertion,0.004273253073915839,0.004273253073915839,1
order,0.004262920430240532,-0.004262920430240532,1
camps,0.00425849185342452,-0.00425849185342452,1
flight,0.004241042996623687,-0.004241042996623687,1
equalised,0.004236921085976064,-0.004236921085976064,1
million,0.004223901702971489,-0.003754034102591201,4
botched,0.004217067389139342,-0.004217067389139342,1
treats,0.004215630004182458,-0.004215630004182458,1
images,0.004207013228109905,0.004207013228109905,1
charitable,0.004186595580187824,-0.004186595580187824,2
history,0.004180379369152072,0.004098871017731158,3
housing,0.0041786283400142565,-0.0041786283400142565,1
lgbtq,0.004176087871504326,-0.004176087871504326,1
strictly,0.00413336403047045,-0.00413336403047045,1
adoption,0.004126347354702795,0.004126347354702795,1
investors,0.004089384188409894,-0.004089384188409894,1
one,0.00406337524796222,-0.0006759949806299838,13
greatest,0.0040491067195012245,-0.0040491067195012245,1
happy,0.004044489404704008,-0.004044489404704008,1
michael,0.004044320419779979,-0.004044320419779979,1
tempered,0.004037079297833973,-0.004037079297833973,1
fact,0.0040313902675740785,0.0040313902675740785,1
reportedly,0.004014175425534352,-0.004014175425534352,1
held,0.004004688784480095,0.004004688784480095,1
wedding,0.003988447577285115,-0.003988447577285115,1
listening,0.003981941199162975,-0.003981941199162975,1
increased,0.003943331271875649,-0.003943331271875649,1
urban,0.00392778873598824,-0.00392778873598824,1
200,0.0039251695707207546,-0.0039251695707207546,1
minus,0.003915795435508092,-0.003915795435508092,1
majority,0.0039036574487794854,-0.003756522881497004,2
specially,0.0039006352541036903,-0.0039006352541036903,1
jane,0.003897794903743835,-0.003897794903743835,1
likening,0.0038974483613856137,-0.0038974483613856137,1
north,0.003892160739827099,-0.003892160739827099,3
really,0.003891240273203169,0.003891240273203169,1
long,0.0038826053372663463,-0.0017360854627986853,5
got,0.0038561765395570546,-0.002069754875265062,2
negotiate,0.003844458190724254,-0.003844458190724254,1
kind,0.003841179236769676,0.003841179236769676,1
pro-life,0.003826713844318874,-0.003826713844318874,1
defensive,0.00381920684594661,-0.00381920684594661,1
consequences,0.003818325507335174,-0.003818325507335174,1
93%,0.0038158362440299243,-0.0038158362440299243,1
borrowing,0.0038154180012809646,-0.0028857450783419023,3
horse,0.0038024338815982146,-0.0038024338815982146,1
passionately,0.003791766003245017,0.003791766003245017,1
climb,0.0037841443231122363,0.0037841443231122363,1
forego,0.003770466762860971,0.003770466762860971,1
diplomat,0.003767994719695438,-0.00022058021190955648,2
named,0.0037539354978232747,-0.0037539354978232747,1
iranian,0.003751096201902431,0.003751096201902431,2
rudy,0.003735519769079574,-0.003735519769079574,1
innovative,0.003711776119995524,0.003711776119995524,1
closely,0.0036959466233383864,0.0036959466233383864,1
ahead,0.0036849067230353394,-0.0036849067230353394,2
accept,0.00368405406784621,0.0006719866512520683,3
headlines,0.0036724311676648957,-0.0036724311676648957,2
live,0.003668258512389485,0.0024021151889471065,2
risky,0.003657274176630209,-0.003657274176630209,1
proponent,0.0036566809052601458,0.0036566809052601458,1
contain,0.0036552115828574943,0.0036552115828574943,1
bottom-tier,0.0036535599235711356,-0.0036535599235711356,1
rand,0.003652641922235489,-0.003652641922235489,1
intense,0.0036511918364200164,0.0036511918364200164,1
warrant,0.0036321322382718785,-0.0036321322382718785,1
phoenix,0.003615242238579826,-0.003615242238579826,1
aloud,0.003594578414451862,0.003594578414451862,1
fading,0.0035875300532441684,0.0035875300532441684,1
mailer,0.0035783629259094596,-0.0035783629259094596,1
fellow,0.0035631553488498433,-0.0035631553488498433,1
teen,0.003552288422361016,-0.003552288422361016,1
dismantle,0.0035488990601152182,-0.0035488990601152182,1
deal””,0.003533886391669512,-0.003533886391669512,1
mexico,0.0035298545246145556,-0.0035298545246145556,1
board,0.003518872011530523,-0.003518872011530523,1
uneven,0.00351410475005174,-0.00351410475005174,1
begun,0.0034998680143288738,-0.003219598556125465,2
professor,0.003488937884685583,-0.003488937884685583,1
buy,0.00348675232401417,-0.00348675232401417,1
nominations,0.003472916582058508,-0.003472916582058508,1
employees,0.0034686885062339048,0.0034686885062339048,1
giuliani,0.0034635004892226615,-0.0034635004892226615,1
gearing,0.0034463835472706705,0.0034463835472706705,1
days,0.0034381860140782986,0.0034381860140782986,2
courage,0.003434457320931065,0.003434457320931065,1
loss,0.0034330032765865328,0.0034330032765865328,1
releases,0.0034289493601806836,-0.0034289493601806836,1
through,0.0034231195550698127,-0.0034231195550698127,2
city’’s,0.003419929028799136,-0.003419929028799136,1
retirement,0.0034183929435526715,-0.0034183929435526715,1
know,0.0034085065681791083,0.0034085065681791083,4
population,0.0033996628175775386,0.0033996628175775386,2
tied,0.0033791511984808107,0.0033791511984808107,1
bernd,0.0033632463237154298,-0.0033632463237154298,1
undocumented,0.003344256891012435,0.001996574592431739,2
eye””,0.003330187564383128,0.003330187564383128,1
kicking,0.0033263451114180498,0.0033263451114180498,1
pete,0.0033200901374220845,-0.0033200901374220845,1
vice,0.003302452763382114,-0.003302452763382114,1
entrance,0.00329575889194623,-0.00329575889194623,1
masks,0.003295008904792161,0.003295008904792161,1
latest,0.003290843740185122,0.003290843740185122,2
massacre,0.0032861594226302696,0.0032861594226302696,1
see,0.003284582488309171,0.003284582488309171,4
freestyle,0.0032818073765016518,-0.0032818073765016518,1
favoured,0.0032800020307748234,0.0032800020307748234,1
world's,0.0032685440285907443,0.0032685440285907443,1
valley,0.0032630354595915073,-0.0013908247470672353,2
sick,0.0032586119137704376,0.0032586119137704376,1
voted,0.0032338780372351316,-0.0032338780372351316,1
drinks,0.0032303988118655984,-0.0032303988118655984,1
mitigating,0.0032213959428999163,0.0032213959428999163,1
beck,0.0032108633778989313,0.0032108633778989313,1
adversities,0.003206911247356662,-0.003206911247356662,1
overturn,0.003200617825819386,-0.003200617825819386,1
easier,0.003193867377221695,0.001423956329017879,2
behind,0.0031926707136905293,0.0031926707136905293,1
willingness,0.0031857630039599763,-0.0031857630039599763,1
military,0.0031841376533968345,-0.0031841376533968345,2
models,0.0031763804560926345,0.0031763804560926345,1
rule,0.003174862451851368,0.003174862451851368,1
wax,0.003174850484356284,0.003174850484356284,1
pelosi,0.0031648872500249802,-0.00021196216697319149,3
man’’s,0.003161692240812246,-0.003161692240812246,1
““eco-anxiety””,0.0031561166009244817,-0.0031561166009244817,1
spent,0.003132994922515204,0.0010273449038074207,2
olympia,0.003121809631314439,-0.003121809631314439,1
lies.””,0.0031118524127772933,-0.0031118524127772933,1
pan,0.0030930927459849045,0.0030930927459849045,1
british,0.003091670136200264,-0.003091670136200264,1
al,0.0030866279266774654,-0.0030866279266774654,1
prepare,0.0030782041382432603,-0.0030782041382432603,1
breath,0.0030683261297997973,0.0030683261297997973,1
patrons,0.0030647790064297926,-0.0030647790064297926,1
15,0.00304355871436807,-0.00304355871436807,1
infant,0.0030194456296257005,-0.0030194456296257005,1
denominations,0.003012009708647977,-0.003012009708647977,1
attempt,0.0030080541716112443,0.0030080541716112443,1
puddles,0.0029893843526331296,0.0029893843526331296,1
lewis,0.0029860014522758624,-0.0029860014522758624,1
makes,0.0029835412720084385,0.0029835412720084385,1
kurds,0.0029801852118301513,0.0029801852118301513,1
multibillion-dollar,0.002963170069269836,0.002963170069269836,1
unionized,0.0029553699229533472,0.0029553699229533472,1
corbyn,0.002948118407013161,0.002948118407013161,1
elementary,0.0029352766207673335,-0.0029352766207673335,1
auto,0.0029325288170505134,-0.0029325288170505134,1
sustainable,0.0029197398107498884,0.0029197398107498884,1
corporation,0.002917341519302378,-0.002917341519302378,1
eve,0.0029161942075006664,0.0029161942075006664,1
similar,0.002913739768700907,-0.002913739768700907,1
heads,0.0029074304091574795,0.0029074304091574795,1
almost,0.0028742505172285535,-0.0028742505172285535,2
ultimately,0.002851945870189052,0.002851945870189052,1
freedom,0.002845267769104491,0.002845267769104491,1
word,0.0028354736682223644,-0.0028354736682223644,1
israel,0.002804893523939334,-0.0021272630523415086,2
tank,0.0028001389404137926,0.0028001389404137926,1
argument,0.002783267717394564,-0.002783267717394564,1
controlling,0.00276158053496805,0.00276158053496805,1
confederate,0.0027190846253587453,0.0012291549208586932,2
leaving,0.0026915183835727573,-0.0026915183835727573,1
telling,0.00267233109237471,0.00267233109237471,1
contact,0.002636491793964524,-0.002636491793964524,1
sandy,0.00263386703647791,0.00011337383871860775,2
apologize,0.002614744612947106,-0.002614744612947106,1
boost,0.0026120215459731677,0.0026120215459731677,1
concrete,0.002610888504595668,0.002610888504595668,1
overseeing,0.002606114149946354,0.002606114149946354,1
no,0.0025976551295690967,0.0023540672001684374,7
wrestling,0.002596123464172706,0.002596123464172706,1
baby,0.0025895385071635245,0.0025895385071635245,1
ceos,0.002587754901808997,0.002587754901808997,1
summer,0.0025754912889429504,-0.0025754912889429504,1
polio,0.0025532987499258023,-0.0025532987499258023,1
bloomberg,0.002552603365620598,-0.0016072690661530942,2
cultural,0.0025385989242510923,-0.0025385989242510923,1
mass,0.002530145129809777,0.002530145129809777,1
infected,0.002517780444274346,-0.002517780444274346,1
chancellor,0.0025127280301616324,0.0025127280301616324,1
regimens,0.0025103929510805756,0.0025103929510805756,1
requiring,0.002509527246002108,-0.002509527246002108,1
towards,0.0025041777174919845,-0.0025041777174919845,1
populated,0.002495089227291332,-0.002495089227291332,1
worm's,0.002491620322689414,-0.002491620322689414,1
equality,0.0024903846852895287,0.0024903846852895287,1
booker,0.0024805670847671845,0.0024805670847671845,1
chosen,0.0024736799615701394,-0.0024736799615701394,1
59%,0.002458178817017841,-0.002458178817017841,1
lafayette,0.002450186104021307,-0.002450186104021307,1
lattes,0.0024447668513927893,0.0024447668513927893,1
backer,0.0024236791234995636,-0.0024236791234995636,1
broken,0.002417446202559381,0.002417446202559381,1
designed,0.0024127173382046466,0.0024127173382046466,1
reverse,0.0024046479811659083,0.0024046479811659083,1
share,0.0023993576178327203,-0.0023993576178327203,1
come,0.0023974584914872492,-0.0011917348938831024,5
bill,0.0023634711063156523,0.0023634711063156523,1
decline,0.002343571707195438,-0.002343571707195438,1
korean,0.0023396678235647933,0.0023396678235647933,1
cuba,0.002336817929920341,-0.002336817929920341,1
hook,0.002336799395814925,-0.00024624403046032833,2
busy,0.00233519347384572,-0.00233519347384572,1
square,0.0023335105752583874,-0.0023335105752583874,1
mainly,0.0023208611777850562,0.0023208611777850562,1
neck,0.0023140140482132416,-0.0023140140482132416,2
colleague,0.0023108204535674305,0.0023108204535674305,1
adolf,0.002303334027648163,0.002303334027648163,1
either,0.002275831608374331,0.002275831608374331,1
signal,0.002273808017240039,0.002273808017240039,1
negative,0.0022356058047576385,-0.0022356058047576385,1
arrived,0.0022335417626891288,-0.0022335417626891288,1
governments,0.002228349686548528,-0.002228349686548528,1
banning,0.0022234406716249754,-0.0022234406716249754,2
well,0.0021983860430068607,-0.0012791598212666152,6
thousands,0.002194779381388798,0.002194779381388798,1
class,0.0021865542305132485,0.0021865542305132485,1
400,0.0021850731531650614,-0.0017362997064572902,2
12,0.002178470487706363,-0.002178470487706363,1
footprint,0.0021736107417382297,0.0021736107417382297,1
raided,0.002171420991154654,-0.002171420991154654,1
honors,0.002153175716687526,0.002153175716687526,1
ceremony,0.0021516268619548077,-0.0021516268619548077,1
glenn,0.0021405299776233733,0.0021405299776233733,1
complex,0.00211774097988382,-0.00211774097988382,1
photo,0.002090825202066365,-0.002041591960268313,3
finally,0.0020841586083406582,0.0020841586083406582,1
colbert,0.0020782221108675003,0.0020782221108675003,1
originating,0.0020773889086552143,0.0020773889086552143,1
finances,0.002039861412615412,-0.002039861412615412,1
20,0.0020322941166038312,0.0020322941166038312,2
aaron,0.002031210436446903,-0.002031210436446903,1
immigrants,0.0020275266050626454,0.0004038873844431635,2
begins,0.002019269700751317,-0.002019269700751317,1
version,0.001998765881840077,0.001998765881840077,1
aside,0.001997020134391884,-0.001997020134391884,1
advance,0.001994882442522794,0.001994882442522794,1
microorganisms,0.001976078492589295,-0.001976078492589295,1
recognized,0.0019718683534296513,-0.0019718683534296513,1
killing,0.001961418696890025,-0.001961418696890025,2
cop,0.0019595606572693214,-0.0019595606572693214,1
minor,0.0019574660109356046,0.0019574660109356046,1
sector,0.0019259177608886263,0.0019259177608886263,1
widespread,0.001918892063668151,0.001918892063668151,1
arizona,0.001902866701129824,0.001902866701129824,1
sun,0.0018795387237332763,0.0018795387237332763,1
compared,0.0018679807100583006,-0.0018679807100583006,1
defect,0.001854811414211456,-0.001854811414211456,1
marred,0.001849084161221981,0.001849084161221981,1
50,0.0018446370377205312,-0.0018446370377205312,1
blm,0.0018241112637850977,-0.0018241112637850977,1
sphe,0.0018176998128183186,0.0018176998128183186,1
conditions””,0.001816837402442091,0.001816837402442091,1
competitors,0.001800616494923209,-0.001800616494923209,1
movies,0.0017994455327945097,0.0017994455327945097,1
9,0.0017865620407974347,-0.0017865620407974347,2
icon,0.0017865432891994715,0.0017865432891994715,1
legend,0.0017727243747296078,-0.0017727243747296078,1
legalised,0.001768727573410918,-0.001768727573410918,1
graduate,0.001765367938307943,-0.001765367938307943,1
proven,0.0017511782224682519,0.0017511782224682519,1
saving,0.0017487229335875736,0.0017487229335875736,1
3,0.0017230598896276206,0.0017230598896276206,1
cuomo,0.0017207468524203765,-0.0017207468524203765,1
alike,0.0017125512628505626,-0.0017125512628505626,1
130,0.0017076826188713312,-0.0017076826188713312,1
op,0.0016901636834018956,-0.00154246395800774,2
lead,0.0016898563375607842,-0.0016898563375607842,1
comfortable,0.0016838582491295205,0.0016838582491295205,1
undergraduate,0.0016832901439296883,-0.0016832901439296883,1
quinn,0.001674204065968477,0.001674204065968477,1
commit,0.0016585039739896142,-0.0016585039739896142,1
find,0.0016519169783235615,-0.0016519169783235615,1
playing,0.001639179582707584,-0.001639179582707584,1
prohibit,0.0016371851476530235,-0.0016371851476530235,1
less-than-one-percent,0.0016268692862911095,0.0016268692862911095,1
towns,0.0016115217983610078,0.0016115217983610078,2
silver,0.00160741585787836,-0.00160741585787836,1
outlets,0.0015533853729721159,-0.0015533853729721159,1
relative,0.0015349318790766927,-0.0015349318790766927,1
mining,0.00152818027946378,0.00152818027946378,1
born,0.0015271079322944085,-0.0015271079322944085,1
emily’’s,0.0014972731225296027,0.0014972731225296027,1
few,0.0014817451236395804,-0.0004904382593323184,2
cory,0.001448741472573576,0.001448741472573576,1
beyond,0.0014210690932232278,-0.0014210690932232278,1
allegedly,0.0014201822807081046,-0.0014201822807081046,1
hike,0.0014183865011566216,-0.0014183865011566216,1
dead,0.0014066921952419363,-0.0014066921952419363,2
unscripted,0.001404214927474614,-0.001404214927474614,1
12th,0.0013688408274440064,0.0013688408274440064,1
representative,0.0013538018591476208,-0.0013538018591476208,1
wing,0.0013507380769314133,-0.0013507380769314133,1
suleimani,0.0013491571620549256,-0.0013491571620549256,1
colorful,0.001345316196481387,0.001345316196481387,1
publishers,0.0013359183906530491,-0.0013359183906530491,1
cardinal,0.0013350076007622262,-0.0013350076007622262,1
fee,0.0013297373448343329,-0.0013297373448343329,1
supreme,0.0013196594963231117,-0.0008459517403823332,2
degree,0.0013090905131531412,-0.0013090905131531412,1
leave,0.0013079152531212286,-0.0013079152531212286,1
mark,0.0013076745403500707,-0.0013076745403500707,1
distancing,0.0012883729891785022,0.0012883729891785022,1
hiho,0.0012725755611124137,0.0012725755611124137,1
concentration,0.0012677775770758412,-0.0012677775770758412,1
salads,0.0012573887212412025,-0.0012573887212412025,1
chairman,0.0012527801987961826,-0.0012527801987961826,1
status,0.0012237775206033674,-0.0012237775206033674,1
heart,0.0012083963086056467,0.0012083963086056467,1
account,0.0011921737821383883,-0.0011921737821383883,1
pumpkin,0.0011884283305381616,0.0011884283305381616,1
rush,0.0011743239037058228,-0.0011743239037058228,2
sums’’,0.0011722022900357842,0.0011722022900357842,1
ring,0.001168253996466223,-0.001168253996466223,1
gain,0.0011367856186221947,0.0011367856186221947,1
lower,0.0011351852594440718,-0.0011351852594440718,1
lacking,0.0011339828158573558,0.0011339828158573558,1
spice,0.0011318365052744395,0.0011318365052744395,1
"““riots,””",0.0011169400997459895,-0.0011169400997459895,1
done,0.001111575239663618,-0.001111575239663618,2
robust,0.0011108403094112873,0.0011108403094112873,1
rivals,0.0010851404732058203,0.0010851404732058203,1
qassem,0.0010674445561877212,-0.0010674445561877212,1
oneself,0.0010627390105380783,0.0010627390105380783,1
australian,0.0010614596381360157,-0.0010614596381360157,1
conference,0.0010464666834609075,-0.0010464666834609075,1
curing,0.0010410504593026072,0.0010410504593026072,1
method,0.0010410504593026072,0.0010410504593026072,1
do,0.001039542102565368,-0.001039542102565368,1
outspoken,0.0010250036604702473,0.0010250036604702473,1
kirsten,0.0010132559438181276,-0.0010132559438181276,1
wealthier,0.0010015195584855974,0.0010015195584855974,1
urine,0.0009964614508777099,0.0009964614508777099,1
alone,0.0009952100840435732,0.0009952100840435732,1
advocated,0.0009877413471362422,-0.0009877413471362422,1
caused,0.0009572731915443223,0.0009572731915443223,1
iran,0.0009510740637779236,0.0009510740637779236,1
governmental,0.0009456953456510796,0.0009456953456510796,1
chiefs,0.0009231367609003089,-0.0009231367609003089,1
moderate,0.0009086602571698134,-0.0009086602571698134,1
joint,0.0008974940730975225,-0.0008974940730975225,1
resistance,0.0008826330833306366,0.0008826330833306366,1
hydroxychloroquine,0.0008802180976739952,0.0008802180976739952,1
sit,0.0008772726347239729,0.0007722460346564692,2
pledge,0.0008655932332788194,0.0008655932332788194,1
chunk,0.0008590829775038391,0.0008590829775038391,1
role,0.0008441593730822205,-0.0008441593730822205,1
““corrosive,0.0008283731045334471,-0.0008283731045334471,1
peace,0.0008277895801242384,0.0008277895801242384,1
ground,0.0008228434982227473,0.0008228434982227473,1
believed,0.0008188137171678564,-0.0008188137171678564,1
fought,0.0008143092538895351,0.0008143092538895351,1
tag,0.0008140015105406447,-0.0008140015105406447,1
–who,0.000812893733382225,0.000812893733382225,1
workforce,0.0008124217298819982,-0.0008124217298819982,1
won,0.0008088005488389172,-0.0008088005488389172,1
lighting,0.0008074382280625363,-0.0008074382280625363,1
contains,0.000806374992761347,0.000806374992761347,1
higher,0.0007938442618719169,-0.0007938442618719169,1
brought,0.0007916099908079461,0.0007916099908079461,2
crisis,0.0007881893199824153,0.0007881893199824153,1
prescriptions,0.0007795056527746576,-0.0007795056527746576,1
influence,0.0007779679648191123,0.0007779679648191123,1
wellbeing,0.0007779679648191123,0.0007779679648191123,1
harm,0.0007606938481330872,-0.0007606938481330872,1
flame,0.0007569733388086278,-0.0007569733388086278,1
quell,0.0007261344968962176,-0.0007261344968962176,1
successful,0.0007180917838757688,0.0007180917838757688,1
jerry,0.0006947313834513938,-0.0006947313834513938,1
possibility,0.0006875124795373247,0.0006875124795373247,1
walk,0.0006859521071116129,-0.0006859521071116129,1
fear,0.0006716159405186772,0.0006716159405186772,1
tear-gas,0.0006711526828653672,0.0006711526828653672,1
drinking,0.0006666787680361936,0.0006666787680361936,1
bleach,0.0006428688120349011,0.0006428688120349011,1
single,0.0006393170416621226,0.0006393170416621226,2
donor,0.000632452768816923,0.000632452768816923,1
actions,0.0006268273806701221,0.0006268273806701221,1
star,0.0006226618641189168,0.0006226618641189168,1
stranded,0.0006136616151549934,-0.0006136616151549934,1
working,0.0005873775487998501,0.0005873775487998501,1
focusing,0.0005764785326189465,-0.0005764785326189465,1
chair,0.0005691695131506201,-0.0005691695131506201,1
problem,0.0005659481096598839,0.0005659481096598839,1
worlds,0.0005633532468761717,0.0005633532468761717,1
forms,0.0005526783587854532,-0.0005526783587854532,1
coldest,0.0005484442575834687,0.0005484442575834687,1
adhere,0.0005428195881125119,-0.0005428195881125119,1
"boy,””",0.0005367852006387974,-0.0005367852006387974,1
workplace,0.0005160443762970436,0.0005160443762970436,1
hitting,0.0005065049917902797,0.0005065049917902797,1
inhaling,0.0005038708357864795,0.0005038708357864795,1
net,0.00048366398285989737,0.00048366398285989737,1
open,0.00047756790649145837,-0.00047756790649145837,2
thanking,0.0004648023233231571,-0.0004648023233231571,1
shots,0.0004616053047357127,-0.0004616053047357127,1
syria’’s,0.00042868079132555746,-0.00042868079132555746,1
inflow,0.00037876451776052523,0.00037876451776052523,1
appearances,0.00037833746561470133,-0.00037833746561470133,1
paved,0.0003759243797200421,-0.0003759243797200421,1
suspects’’,0.00037526401145515404,-0.00037526401145515404,1
constitutional,0.00036777070701688716,-0.00036777070701688716,1
patient,0.0003665987799953048,-0.0003665987799953048,1
sticking,0.00034312461502850056,-0.00034312461502850056,1
irs,0.0003287579731973395,-0.0003287579731973395,2
mix,0.0003256565209345095,0.0003256565209345095,1
iraq,0.0003253330279383769,0.0003253330279383769,1
serious,0.0003112715203315022,0.0003112715203315022,1
wires,0.0003074777002135912,-0.0003074777002135912,1
brutality,0.0003054986038478091,0.0003054986038478091,1
ten,0.00029045585993557203,0.00029045585993557203,1
participation,0.00028167662343808584,0.00028167662343808584,1
wider,0.00027343337327086675,0.00027343337327086675,1
below,0.0002587134150684637,-0.0002587134150684637,1
eat,0.0002577243055301634,0.0002577243055301634,1
swat,0.00023053396337976057,-0.00023053396337976057,1
280,0.00022659309093326212,0.00022659309093326212,1
sacrifices,0.00021872692741453648,-0.00021872692741453648,1
knew,0.00021038968116045,-0.00021038968116045,1
minimum,0.00020399733912199733,-0.00020399733912199733,1
cash,0.00015982050655616656,-0.00015982050655616656,1
passing,0.00015760618282968663,0.00015760618282968663,1
phrase,0.0001466946220946509,0.0001466946220946509,1
married,0.00013196984946262091,-0.00013196984946262091,1
knelt,8.739638443631416e-05,8.739638443631416e-05,1
fond,8.21122285592675e-06,8.21122285592675e-06,1
compelled,4.466603366801365e-06,4.466603366801365e-06,1
feels,4.135743858149411e-06,4.135743858149411e-06,1
livelihoods,2.6566318127434128e-06,-2.6566318127434128e-06,1
rick,4.5439228415489195e-07,4.5439228415489195e-07,1
interference,4.491801341094072e-07,-4.491801341094072e-07,1
