word,mean_abs_shap,mean_shap,count
boasted,0.7446121915418189,0.7446121915418189,1
bloated,0.6796818143338896,0.6796818143338896,1
dubious,0.5927687268413138,0.5927687268413138,1
antisemitic.,0.5873570283874869,0.5873570283874869,1
skeptics,0.5743572801584378,0.5743572801584378,1
relentlessly,0.5632959343492985,0.5632959343492985,1
"flagrantly,",0.5509637739160098,0.5509637739160098,1
misleading,0.5378407700918615,0.5378407700918615,1
toothless““,0.5181937252636999,0.5181937252636999,1
frantically,0.4503764051478356,0.4503764051478356,1
sided,0.4106173135805875,0.4106173135805875,1
mess:,0.4067533750154932,0.4067533750154932,1
quixotic,0.39605708196759226,0.39605708196759226,1
lashed,0.3878654157742858,0.3878654157742858,1
denigrate,0.38623630395159125,0.38623630395159125,1
juggernaut,0.3853666309732944,0.3853666309732944,1
bizarre,0.3555570989847183,0.3555570989847183,1
"vaccine,",0.3553797914646566,-0.3553797914646566,1
said’’,0.3544980428996496,-0.3544980428996496,1
opponents,0.34751906944438815,-0.34751906944438815,1
uglier,0.3398778534028679,0.3398778534028679,1
blown,0.33650933345779777,0.33650933345779777,1
left',0.3248454052954912,0.3248454052954912,1
nasty,0.3206295119598508,0.3206295119598508,1
breitbart,0.31625215138774365,0.31625215138774365,1
hard,0.3043454185826704,0.3043454185826704,1
loves,0.29097789933439344,0.29097789933439344,1
arrested,0.28797347098588943,-0.28797347098588943,1
ranted,0.2879083901643753,0.2879083901643753,1
illegal,0.27925976117420487,0.27925976117420487,6
revered,0.2784990267828107,0.2784990267828107,1
ghouls,0.26350831566378474,0.26350831566378474,2
nationalism.,0.26092173578217626,0.26092173578217626,1
stinging,0.25964051485061646,0.25964051485061646,1
alien,0.2484605856006965,0.2484605856006965,1
big,0.24806218314915895,0.24806218314915895,1
vigorously,0.24333972146268934,0.24333972146268934,1
argue,0.23864120547659695,0.23864120547659695,1
crusade,0.23527985741384327,0.23527985741384327,1
"surprisingly,",0.2317712614312768,0.2317712614312768,1
"rise,",0.2307470003142953,-0.2307470003142953,1
racists,0.22969326563179493,0.22969326563179493,1
"vocal,",0.2288681849022396,-0.2288681849022396,1
fueled,0.22381077726216364,0.22381077726216364,2
flunky,0.22196042551868,0.22196042551868,1
"tuesday,",0.22191580396481894,-0.22191580396481894,3
foul,0.22135329950833693,0.22135329950833693,1
false,0.21900428351364098,0.21900428351364098,1
dehumanize,0.21759746503084898,0.21759746503084898,1
stand,0.212338408222422,0.212338408222422,1
racist,0.2121381679608021,0.2121381679608021,2
friday.,0.20638224435970187,-0.20638224435970187,1
ardently,0.20405798688686144,0.20405798688686144,1
unfortunately,0.2027723491191864,0.2027723491191864,1
not““””,0.202667573466897,-0.202667573466897,1
accused,0.20088139242891753,-0.20088139242891753,1
researchers,0.19998800952453166,-0.19998800952453166,1
erode’’,0.19840017996639722,0.19840017996639722,1
writer,0.19823471317067742,-0.19823471317067742,1
demonizing,0.19732890441082418,0.19732890441082418,2
rush,0.19703886598775475,0.19703886598775475,2
smell,0.19549739896319807,-0.19549739896319807,1
fascist,0.1945926103120049,0.1945926103120049,1
bombshell:,0.1934705917374231,0.1934705917374231,1
adviser,0.19251723954221234,-0.19251723954221234,1
mafia,0.19206195444955182,0.19206195444955182,1
found,0.19185158851905726,-0.19185158851905726,2
bureaucratic,0.1882971286540851,0.1882971286540851,1
quite,0.18658572778804228,0.18658572778804228,1
diarrhea,0.1853742292150855,0.1853742292150855,1
terrorists,0.18510247848462313,0.18510247848462313,1
callous,0.18500895984470844,0.18500895984470844,1
nonsense,0.18452502961736172,0.18452502961736172,1
well.““,0.18432054296135902,-0.18432054296135902,1
suleimani.,0.18272714503109455,-0.18272714503109455,1
apple,0.1823600095231086,-0.1823600095231086,1
"advocates,",0.17913469951599836,-0.17913469951599836,1
disgust,0.1771627253619954,0.1771627253619954,1
still’’,0.17678144364617765,-0.17678144364617765,1
unsanitary,0.17634182593319564,0.17634182593319564,1
sen.,0.17559567280113697,-0.17559567280113697,2
mouthed,0.17534535890445113,0.17534535890445113,1
fierce,0.17449628515169024,0.17449628515169024,1
escalating,0.17302922297191495,0.17302922297191495,1
"brasher,",0.1709414494689554,0.1709414494689554,1
"how,",0.1702979057084858,0.1702979057084858,1
polish,0.17022704146802425,-0.17022704146802425,1
sneer,0.16956622432917356,0.16956622432917356,1
grabs,0.16837546462193131,0.16837546462193131,1
covert,0.1678414776522134,0.1678414776522134,1
dictator,0.16653740899346303,0.16653740899346303,1
soros,0.16405263310298324,0.16405263310298324,1
desperate,0.16270154062658548,0.16270154062658548,1
vagueness.,0.16233766032382846,0.16233766032382846,1
trump’’s,0.16149953040128043,0.16149953040128043,2
his““,0.16091343387961388,0.16091343387961388,1
veiled,0.15951758238952607,0.15951758238952607,1
elephant,0.15943042561411858,0.15943042561411858,1
doctors,0.1592762505169958,-0.1592762505169958,1
"states,",0.15883966057638946,-0.15883966057638946,2
berlin,0.15847537525197758,-0.15847537525197758,1
months.,0.15822798083536327,-0.15822798083536327,1
limelight,0.15792811661958694,0.15792811661958694,1
subversive,0.15782677358947694,0.15782677358947694,1
thinly,0.15730200949751416,0.15730200949751416,1
kurz,0.15666048135608435,-0.15666048135608435,1
criminalization,0.1561781137716025,0.1561781137716025,1
tosh,0.1557276857395967,-0.1557276857395967,1
reuters,0.15382765099639073,-0.15382765099639073,2
needless,0.15381689078640193,0.15381689078640193,1
storms.,0.1529641868546605,-0.1529641868546605,1
aggressors,0.15286157213683638,0.15286157213683638,1
distanced,0.15134128735267688,-0.15134128735267688,1
americans’’,0.15121992128635092,0.15121992128635092,1
criticizing,0.15042839164379984,0.15042839164379984,1
shadows,0.14960942370817065,0.046071245800703764,2
cant,0.1485364062744858,0.1485364062744858,2
protesters.,0.1484780436148867,-0.1484780436148867,2
unfathomably,0.1472805192827114,0.1472805192827114,1
irresponsibleto,0.14707587915472686,0.14707587915472686,1
wants.,0.14698318298906088,0.14698318298906088,1
wealthy,0.14497970458318446,0.14497970458318446,3
levels,0.14489162620157003,-0.14489162620157003,1
"carolina,",0.1440216340124607,-0.1440216340124607,1
legitimized,0.1426461972296238,0.1426461972296238,1
deliberately,0.1417473858843247,0.1417473858843247,1
a““””,0.14075504546053708,0.14075504546053708,1
misleadingscience,0.14062443307290473,0.14062443307290473,1
grand,0.13817967604457712,0.13817967604457712,1
ish,0.13811046555120912,0.13811046555120912,1
"25,",0.136455497588031,-0.136455497588031,1
"checks,",0.1362975965021178,-0.1362975965021178,1
buried,0.13628442999389437,0.13628442999389437,1
hamper,0.13592960499227047,0.13592960499227047,1
thursday.,0.13544697145698592,-0.13544697145698592,1
mobs,0.1348078251726782,0.1348078251726782,2
womens““””,0.13411244304753472,0.13411244304753472,1
throes,0.1332908272743225,0.1332908272743225,1
seducing,0.1317488569766283,0.1317488569766283,1
stereotypes.,0.13166198188749453,0.13166198188749453,1
defamation,0.1313575899694115,-0.1313575899694115,1
freecoronavirus,0.1311807758762457,-0.1311807758762457,1
"tv,",0.1311802789568901,-0.1311802789568901,1
representatives.,0.13094543355206648,-0.13094543355206648,1
wacky,0.1307903624062116,0.1307903624062116,1
fictionand““””,0.1293503131516453,0.1293503131516453,1
with““””,0.12887990886728015,0.12887990886728015,1
crowd.,0.12859306414611638,-0.12859306414611638,1
than%,0.12839102049474604,-0.12839102049474604,1
stage,0.12793514752411284,-0.12793514752411284,1
thursday,0.12777356264996342,-0.12777356264996342,3
california’’s,0.1262063812041147,-0.1262063812041147,1
"pandemic,",0.12607279832341842,0.12607279832341842,2
indifferent,0.1259345095604658,0.1259345095604658,1
thomas’’,0.12550005049874577,-0.12550005049874577,1
"rant,",0.12518947292119265,0.12518947292119265,1
defeat',0.1251206062734127,0.1251206062734127,1
toldjaso.,0.12382039315018217,-0.12382039315018217,1
lament,0.12379106413573027,0.12379106413573027,1
wednesday.,0.1237505738196584,-0.1237505738196584,1
restrictions,0.12368120346218348,-0.12368120346218348,2
black.,0.12296234699897468,-0.12296234699897468,1
reports,0.12263621739111841,-0.12263621739111841,1
nationalism,0.12203920000077535,0.12203920000077535,2
controversy,0.12180300895124674,-0.12180300895124674,1
"williamson,",0.12118353011707464,-0.12118353011707464,1
self,0.12091929418966174,0.12091929418966174,1
darling,0.11990158353000879,0.11990158353000879,1
essential,0.11912252615826825,0.11912252615826825,1
authors,0.11882711357320659,-0.11882711357320659,1
reductions,0.11836067587137222,-0.11836067587137222,1
indifference,0.11739789880812168,0.11739789880812168,1
stated,0.11697368586901576,0.11697368586901576,1
background,0.11696640904119704,-0.11696640904119704,2
cares$,0.11682511697290465,-0.11682511697290465,1
challenging,0.11681613000109792,-0.11681613000109792,1
ripped,0.11651574948336929,0.11651574948336929,1
defendants,0.11650008716969751,-0.11650008716969751,1
nice.,0.11618709098547697,0.11618709098547697,1
mandate,0.11560208422348037,-0.11560208422348037,1
erupting,0.11528189829550683,0.11528189829550683,1
practicing,0.1151786595582962,-0.1151786595582962,1
inflammatory,0.11506385381485765,0.11506385381485765,1
"clayton,““",0.11504092658287846,-0.11504092658287846,1
ridicule,0.11474662832915783,0.11474662832915783,1
woke,0.11433196952566504,0.11433196952566504,1
unsustainable.,0.11388809839263558,0.11388809839263558,1
"march,",0.11387864556163549,-0.11387864556163549,1
ignoring,0.11344823235791031,0.11344823235791031,1
opinions,0.11293279193341732,-0.11293279193341732,1
endemic,0.11274029174819589,0.11274029174819589,1
pledge,0.11217756048426963,-0.11217756048426963,1
ridiculous,0.11214429646109542,0.11214429646109542,1
litigators,0.11214050650596619,0.11214050650596619,1
lawmakers,0.11199046927504241,-0.11199046927504241,1
"jones,",0.1116192958628138,-0.1116192958628138,1
"overall,",0.11087867117021233,-0.11087867117021233,1
"communism,",0.11050439501802126,0.11050439501802126,1
starved,0.11048438527639239,0.11048438527639239,1
accelerate,0.1102675867441576,-0.1102675867441576,1
downplaying,0.11021370068192482,0.11021370068192482,1
activity.,0.1099989409558475,-0.1099989409558475,1
"reported,",0.10999162293349703,-0.10999162293349703,1
feminists,0.10966945560649037,0.10966945560649037,2
drastic,0.10960759365218965,0.10960759365218965,1
dangerous““,0.10946263105142862,0.10946263105142862,1
pandemic.,0.10944948624819516,0.10944948624819516,2
monday,0.10895162285887636,-0.10895162285887636,5
urging,0.10797906713560224,-0.10797906713560224,1
only““””,0.10763005967336622,-0.10763005967336622,1
liberal,0.10693933931179345,0.10693933931179345,2
pornography.,0.1068805530667305,0.1068805530667305,1
warned.,0.1067152201042821,-0.1067152201042821,1
"contests,",0.10617882991209626,-0.10617882991209626,1
boris’’,0.10613871843088418,0.10613871843088418,1
statement,0.10600548758520745,-0.10600548758520745,2
weeks.,0.10491949167723458,-0.10491949167723458,1
july,0.10469310940243304,-0.10469310940243304,1
wednesday,0.10460910589621057,-0.10460910589621057,7
norr,0.10454691061750054,-0.10454691061750054,1
buying,0.1044368546960565,0.1044368546960565,1
money,0.10373490891652182,0.10373490891652182,2
2015““,0.10356950247660279,-0.10356950247660279,1
courtroom.,0.10353662568377331,-0.10353662568377331,1
hospitals,0.10350982973415573,-0.10350982973415573,2
overturn,0.10340457645361312,0.10340457645361312,1
increasingly,0.10321234283037484,0.10321234283037484,1
"sebelius,",0.10310460207983851,-0.10310460207983851,1
"mccorvey,““",0.10275472263317732,-0.10275472263317732,1
"soleimani,",0.10231038881465793,-0.10231038881465793,1
to$,0.10197826602961868,-0.10197826602961868,1
putin,0.10152853827457875,0.10152853827457875,1
reduce,0.10146693737246096,-0.10146693737246096,2
forever.””,0.10129786015022546,-0.10129786015022546,1
reuters),0.10106400828032444,-0.10106400828032444,1
harris,0.10080016580953573,-0.10080016580953573,2
freebenefits,0.10062538686906919,0.10062538686906919,1
wasnt,0.10008656053105369,0.10008656053105369,1
speech,0.09904314950108528,-0.09904314950108528,1
universe,0.09893925674259663,0.09893925674259663,1
females.””,0.09888080292596267,-0.09888080292596267,1
obamacare,0.09879272153632464,0.09879272153632464,3
millionaire,0.0987727471012032,0.0987727471012032,1
raping,0.0985930730322642,0.0985930730322642,1
sought,0.09843549923971295,-0.09843549923971295,1
abroad.,0.09834064077585936,0.09834064077585936,1
consigned,0.09831720381043851,0.09831720381043851,1
bolder,0.09791966015473008,0.09791966015473008,1
qassim,0.09762597782537341,-0.09762597782537341,1
2017,0.09747540972506007,-0.09747540972506007,1
claim,0.09732863000477665,0.09732863000477665,3
preventivehealth,0.09714988067613116,0.09714988067613116,1
honestly,0.09711916116066277,0.09711916116066277,1
reckless,0.0969625770424803,0.0969625770424803,1
extremists,0.09638911105139414,0.09638911105139414,2
european,0.09627132196328603,-0.09627132196328603,1
say,0.09626693168875369,-0.0860574546090319,8
virginia,0.09621032676659524,-0.09621032676659524,1
angry,0.09551047927790522,0.09551047927790522,1
massive,0.09468223818985279,0.09468223818985279,3
antifa,0.09447057089327196,0.09447057089327196,1
claims,0.09433675245963968,0.09433675245963968,1
mischaracter,0.0943297341776391,0.0943297341776391,1
tuesday,0.0941566618445601,-0.0941566618445601,4
underscore,0.09413844719529152,0.09413844719529152,1
argued,0.09394136304035783,-0.09394136304035783,1
armed,0.09315433609299362,0.09315433609299362,1
carnageby,0.09306428139097989,0.09306428139097989,1
persecutions,0.09269049977883696,0.09269049977883696,1
upon,0.09266454895259812,0.08679316350026056,2
"million,",0.09251162563838686,-0.09251162563838686,1
attempted,0.0922961242031306,0.0922961242031306,1
graphically,0.09207601635716856,-0.09207601635716856,1
enormous,0.09207148598507046,0.09207148598507046,2
primary,0.0918604839098407,-0.0918604839098407,2
"event,",0.09122018879279495,-0.09122018879279495,1
"biden,",0.09117756178602576,-0.09117756178602576,1
vaccination,0.09101775102317333,0.09101775102317333,1
fabricate,0.09062513307574027,0.09062513307574027,1
abusive,0.08988645783669892,0.08988645783669892,1
fleeing,0.08942853161715902,0.08942853161715902,2
fourth,0.08907286822795868,0.08907286822795868,1
prompting,0.08848697631037794,0.08848697631037794,1
"years,",0.08836865494959056,-0.08836865494959056,1
andrews.,0.0880739352433011,-0.0880739352433011,1
whomever,0.08787913713604212,0.08787913713604212,1
"obviously,",0.0878190410633882,0.0878190410633882,1
actto,0.08734356157947332,-0.08734356157947332,1
said,0.08719558242436828,-0.08676575486936317,18
write.,0.08716329291346483,-0.08716329291346483,1
candidates,0.08638255305898686,-0.08638255305898686,1
attackson’’,0.08636519792489708,0.08636519792489708,1
warming,0.08623425931436941,0.08623425931436941,1
murder.,0.08584186232959232,-0.08584186232959232,1
supporter,0.08561869170940058,-0.04799264696934684,2
brazil,0.08555718043094708,-0.08555718043094708,1
asian””,0.08509426913980106,-0.08509426913980106,1
humanitys,0.08501883258577436,0.08501883258577436,1
reject,0.08499411563389003,0.08499411563389003,1
stacey,0.0849291721214762,-0.0849291721214762,1
coronavirus.,0.0845535727036703,-0.0845535727036703,2
warmly,0.08448754623532295,-0.08448754623532295,1
expensive,0.0844739022043844,0.0844739022043844,1
charged,0.08416794968070462,-0.08416794968070462,2
regime,0.08415537443943322,0.08415537443943322,1
half,0.0835017412881522,-0.0835017412881522,3
symbolize,0.08344405443511076,-0.08344405443511076,1
legislators,0.08321770606562495,0.08321770606562495,1
socialism,0.08320036468406518,0.08320036468406518,1
gender,0.08271841429329167,-0.08271841429329167,1
equipped,0.08265078544024039,0.08265078544024039,1
taken,0.0823975337552838,-0.0823975337552838,2
a',0.08231394784525037,0.08231394784525037,1
"monitor,",0.08187108805092673,-0.08187108805092673,1
iowa,0.08152612147387117,-0.08152612147387117,1
absolutely,0.08150286929138274,0.08150286929138274,2
sunday,0.08141954460297711,-0.08141954460297711,1
2050.,0.08113968928034107,-0.08113968928034107,1
resented,0.08106035087257624,0.08106035087257624,1
amended,0.0807849588454701,-0.0807849588454701,1
pedophiles,0.08072406829645237,0.08072406829645237,1
departments,0.08064226624555886,-0.08064226624555886,1
"secretary,",0.08029754147199647,-0.08029754147199647,1
domestic,0.07987806995099943,0.07987806995099943,2
assess,0.07986949384212494,-0.07986949384212494,1
"tactics,",0.07981676794588566,-0.07981676794588566,1
"britain,",0.07958921231329441,-0.07958921231329441,1
hyping,0.07932327128946781,0.07932327128946781,1
whole,0.07925227843225002,0.07925227843225002,1
groups,0.0791080974009847,-0.0791080974009847,4
study,0.07899245984735899,-0.07899245984735899,1
continues,0.07834884347588134,0.04615632479738754,4
destabilizing,0.07831879928708077,0.07831879928708077,1
tuesday.,0.0780004971026096,-0.0780004971026096,1
immediate””,0.07798666739836335,-0.07798666739836335,1
lacey.,0.07795852908748202,-0.07795852908748202,1
nationwide.,0.07793108494176218,-0.07793108494176218,1
trials,0.0778636414615903,-0.0778636414615903,1
illustrates,0.07757809199392796,0.07757809199392796,1
mega,0.07719165019278246,0.07719165019278246,1
china.,0.07717790113141139,-0.07717790113141139,1
company,0.07705439822618954,-0.07705439822618954,1
"thursday,",0.07684553001308814,-0.07684553001308814,2
solid,0.07676909421570599,0.07676909421570599,1
infowars,0.07666973499581217,0.07666973499581217,1
television,0.0766560158226639,-0.0766560158226639,1
governments,0.07658242806792259,0.07658242806792259,1
orourke,0.07644511726426167,-0.07644511726426167,2
emerged,0.07627891274557139,-0.07627891274557139,1
summer’’s,0.0761408651402841,0.0761408651402841,1
"decade,",0.07548247890857358,-0.07548247890857358,1
politics,0.07546683587133884,0.07546683587133884,1
blame,0.0754262360278517,0.0754262360278517,1
"democrats,",0.07532056607608381,-0.07532056607608381,2
savages,0.07493917772976252,0.07493917772976252,1
marianne,0.07491637265775353,-0.07491637265775353,2
"travel,",0.07488376497557121,-0.07488376497557121,1
"outbreak,",0.07480548551150909,-0.07480548551150909,1
sin,0.07469378830865026,0.07469378830865026,1
arians,0.07464297080878168,-0.07464297080878168,1
priests,0.07460744058092435,-0.07460744058092435,1
pretty,0.07455182820558548,0.07455182820558548,1
wear,0.07448347750931787,-0.07448347750931787,1
district,0.07427275137160905,-0.07427275137160905,1
government.,0.0741938198916614,-0.0741938198916614,1
failure,0.07417036016704515,0.07417036016704515,1
justification,0.07413359228909636,0.07413359228909636,1
quack,0.07401899923200882,0.07401899923200882,1
changed,0.07395175436977297,-0.07395175436977297,1
charges.,0.07370127644389868,-0.07370127644389868,1
extraordinarily,0.07369151447589199,0.07369151447589199,1
flopping,0.07364866090938449,0.07364866090938449,1
gullible,0.07349931628901571,0.07349931628901571,1
education.,0.07347968593239784,0.07347968593239784,1
deny,0.0731321709851424,-0.0731321709851424,1
"police,””",0.073108346046259,-0.073108346046259,1
"spirits,",0.07291882423063119,0.07291882423063119,1
supports.,0.07283437508158386,-0.07283437508158386,1
said.,0.07271379539613716,-0.07271379539613716,3
strike,0.07267523576350261,-0.07267523576350261,1
slew,0.072620315477252,0.072620315477252,1
ordered,0.0721525739129886,-0.048236536437527094,2
"debt,",0.07212230892231067,-0.07212230892231067,1
indictment,0.07211942301946692,0.02204833761206828,2
outsider,0.0720691392198205,0.0720691392198205,1
strongly,0.07206017686985433,0.07206017686985433,1
positions.,0.07203424712643028,-0.07203424712643028,1
forced,0.07196349813722265,0.07196349813722265,1
"000,",0.07192592427146609,-0.07192592427146609,2
"honduras,",0.07192177634542099,-0.07192177634542099,1
year.,0.07184382317354902,-0.07184382317354902,1
mn),0.07157804388552905,0.07157804388552905,1
third,0.0714805750693712,-0.0714805750693712,1
poorly,0.07143993593159724,0.07143993593159724,1
growing,0.07142249471507967,-0.06552930704007547,3
agents,0.07132545383744097,-0.015685674642251495,3
"kifferly,",0.07113754376769067,-0.07113754376769067,1
"fridays,",0.07091679651639424,-0.07091679651639424,1
operate.,0.07088813944719732,-0.07088813944719732,1
nominees.,0.07082134900459398,-0.07082134900459398,1
taxpayers,0.07080239662900567,0.07080239662900567,1
kranish,0.07074539735913277,-0.07074539735913277,1
klobuchar(,0.07068913085386157,-0.07068913085386157,1
dairy.,0.07068507606163621,-0.07068507606163621,1
traditionally,0.07068222896195948,-0.07068222896195948,1
irregular,0.07062089229224339,0.07062089229224339,1
"yep,",0.07010182365775108,0.07010182365775108,1
partisan,0.06991729682259676,0.06991729682259676,2
officers,0.06949484629489258,-0.06949484629489258,4
19,0.0694285670761019,-0.0694285670761019,1
joins,0.0692630703561008,-0.0692630703561008,1
kathleen,0.06920312123838812,-0.06920312123838812,1
fee,0.06917582119682006,0.06917582119682006,1
unlike,0.06869175131538544,0.06869175131538544,2
shameless,0.06861008936539292,0.06861008936539292,1
called““,0.0685657839931082,0.0685657839931082,1
backpedaling,0.06854154183529318,0.06854154183529318,1
warren,0.06844373162832254,-0.0672184222964928,5
number,0.06839174424142887,-0.06839174424142887,3
"skiingsnowboarding,",0.06833535075103017,-0.06833535075103017,1
"gillibrand,",0.06802136476754266,-0.06802136476754266,1
senior,0.06758210821863031,-0.06758210821863031,2
violence.,0.06756906327791512,-0.06756906327791512,1
checkout.,0.0675392503717116,-0.0675392503717116,1
potential,0.06746667299497251,-0.04286528050821895,2
corporations,0.06719467126161113,0.04091710742002099,2
news.,0.06716486870903861,0.06716486870903861,1
injuries,0.06705147487809882,-0.06705147487809882,1
jamal,0.06702185793660749,-0.06702185793660749,1
cause““,0.06701836085994728,-0.06701836085994728,1
judge,0.06698059924140884,-0.04559494100006608,2
"comments,",0.06696115407560553,-0.06696115407560553,1
courthouse,0.06694856722606346,-0.06694856722606346,1
detentions.,0.06694288119407638,-0.06694288119407638,1
investors,0.06687022894533332,-0.06687022894533332,2
privileges,0.06660702215352406,0.06660702215352406,1
october,0.06658334837993607,-0.06658334837993607,1
"blm,",0.06656295945867896,-0.06656295945867896,1
group,0.06655950697915007,-0.06655950697915007,5
studies,0.06650968977310522,-0.06650968977310522,3
lawsuits,0.06650213201840718,-0.06650213201840718,1
month,0.06635301715868991,-0.06635301715868991,2
2012.,0.06623990088701248,-0.06623990088701248,1
reilly,0.06611931324005127,0.06611931324005127,1
hysteria,0.06608899074176756,0.06608899074176756,1
program.,0.06599338289815933,-0.06599338289815933,1
gangs,0.06565794924972579,0.06565794924972579,1
straw,0.06565003448890315,0.06565003448890315,1
inc.,0.06528580514714122,-0.06528580514714122,1
ankara,0.06498364795697853,-0.06498364795697853,1
"trump,",0.06496818960821699,-0.03219531537477104,2
bernie,0.06490369369081843,0.06490369369081843,2
africa.,0.06461028046905995,-0.06461028046905995,1
monkeys.,0.06460933916581174,0.06460933916581174,1
issued,0.06452815283860434,-0.06452815283860434,3
gender.,0.06444697131713231,-0.06444697131713231,1
"excited,",0.06432674346225603,0.06432674346225603,1
factual,0.06413101982325316,0.06413101982325316,1
parents,0.06407094869064167,-0.06407094869064167,2
such,0.06403222979095421,0.058928829887391704,3
exploitation,0.06398089355207048,0.06398089355207048,1
permitting,0.06397971650585532,0.06397971650585532,1
flagrantly,0.06394572434946895,0.06394572434946895,1
issues,0.06392225206807434,-0.06392225206807434,1
ideology,0.0638475611857656,0.0638475611857656,2
protests.””,0.06384413534822689,-0.06384413534822689,1
first,0.06365969053883981,-0.0625950388931198,8
car.,0.06363286399171643,-0.06363286399171643,1
underestimate,0.0636152537772432,0.0636152537772432,1
fears,0.0635476430753952,-0.0635476430753952,2
compromised,0.0634482225868851,0.0634482225868851,1
minneapolis,0.0633034324502602,-0.0633034324502602,3
settlement,0.06324190862277257,-0.06324190862277257,1
juneteenth,0.06311780315202971,-0.06311780315202971,1
buffoonery,0.06300982643493025,0.06300982643493025,1
individuals.,0.06299639493227005,-0.06299639493227005,1
democrats',0.06287172250449657,0.06287172250449657,1
cry,0.06285226787440479,0.06285226787440479,1
assessments,0.06268428192318727,-0.06268428192318727,1
1984,0.06266125296759936,-0.06266125296759936,1
"grew,",0.0625407899885128,-0.0625407899885128,1
gang,0.06253660225775093,0.06253660225775093,1
control',0.06253127753734589,-0.06253127753734589,1
gop,0.06226787343621254,0.06226787343621254,1
where,0.062195471843155346,-0.05610658247202921,3
bid.,0.06218248952387108,-0.06218248952387108,1
universal,0.06217407138319686,-0.06217407138319686,1
hill.,0.0620953980833292,-0.0620953980833292,1
part,0.06204295299054744,-0.06204295299054744,2
"extinction,",0.06189485647094746,-0.06189485647094746,1
amorphous,0.06168531422527173,0.06168531422527173,1
allegations,0.0616630969314082,-0.0616630969314082,1
utterly,0.06151619149992863,0.06151619149992863,1
decades.,0.06149650799731414,-0.06149650799731414,1
"unfortunately,",0.06130031887561274,0.06130031887561274,2
wrongdoing.,0.06119135868114729,-0.06119135868114729,1
megaphonefor,0.0610394028481096,0.0610394028481096,1
contrast,0.06098327413201332,-0.06098327413201332,1
radical,0.06096147337921666,0.06096147337921666,4
seems,0.06087333877415707,0.06087333877415707,3
masks,0.060654468431050934,0.060654468431050934,1
weaponized,0.060606360216766145,0.060606360216766145,1
nov.,0.06054015255843599,-0.06054015255843599,1
relief,0.06047622859477997,-0.06047622859477997,1
opponent,0.06030491297662428,0.06030491297662428,1
by’’,0.06026986810112639,0.06026986810112639,1
saying““””,0.060244841737529406,-0.060244841737529406,1
"egregiously,",0.060169417411088943,0.060169417411088943,1
cops,0.060067701153457165,0.060067701153457165,1
friday,0.05996125672374749,-0.05996125672374749,3
"protests,",0.059715426012796044,-0.059715426012796044,1
"capitalism,",0.05965442458788553,0.05965442458788553,1
"matter),",0.05964684251516142,-0.05964684251516142,1
"shortages,",0.05954551474294729,-0.05954551474294729,1
"china,",0.0595382241376986,-0.0595382241376986,1
jury,0.05953345520538278,-0.05953345520538278,1
killed,0.05948407118811427,0.04902207424153268,3
monday.,0.05944336014467158,-0.05944336014467158,1
abortion,0.05938895362650444,0.05938895362650444,9
helpful.””,0.05938895161671098,-0.05938895161671098,1
avowed,0.059282612754032016,0.059282612754032016,1
vying,0.05923375752172433,0.05923375752172433,1
trump,0.059213195250735054,0.05530537834150996,39
plans,0.059156382766862706,-0.059156382766862706,1
university,0.05911343716676735,-0.05911343716676735,2
hydroxychloroquine,0.05909161163227899,-0.05909161163227899,1
dragged,0.05907928629312664,0.05907928629312664,1
science,0.05898680041233698,0.05898680041233698,1
existential,0.05885302019305527,0.05885302019305527,1
18,0.058779022568422885,-0.058779022568422885,1
shilling,0.0586471636114376,0.0586471636114376,1
ashamed,0.05863639023154974,0.05863639023154974,1
"war,",0.05859522463288158,0.05859522463288158,1
could,0.05856622482409648,-0.05612214072183681,8
chaotic,0.05850170296616852,0.05850170296616852,1
"monday,",0.058490695451231055,-0.058490695451231055,1
declared,0.058486393580022146,-0.037444001214148905,3
"loan,",0.058398442730928465,-0.058398442730928465,1
demonstrations,0.058264063321985304,-0.058264063321985304,1
dead,0.058225430154642606,0.050174176561348656,3
rights.,0.058019993267953394,-0.03575349096208811,2
on$,0.05786782433278859,-0.05786782433278859,1
concerns,0.05781007604673505,-0.05781007604673505,1
"soccer,",0.05778658653126155,-0.05778658653126155,1
rich.,0.057757385934774697,0.057757385934774697,1
election.,0.05771953067164807,-0.05771953067164807,3
netflix,0.0575829215707596,-0.03180559120267969,2
top%,0.05756972060771659,-0.05756972060771659,1
centralized,0.05748258205130696,0.05748258205130696,1
signature.,0.0573903518136252,-0.0573903518136252,1
"flation,””",0.05736047818901993,-0.05736047818901993,1
unprincipled,0.05734401156327554,0.05734401156327554,1
moved,0.05732385581359267,-0.05732385581359267,1
extending““””,0.05723674246110022,-0.05723674246110022,1
"week,",0.057146904292447426,-0.057146904292447426,3
disparities.,0.05708784732269123,-0.05708784732269123,1
vaunted,0.056988343596458435,0.056988343596458435,1
simply,0.05693800918137034,0.05693800918137034,1
american””,0.05692610959522426,0.05692610959522426,1
promoted,0.05685995340371312,0.05685995340371312,2
does,0.056840850156731904,-0.056840850156731904,2
monopoly,0.05679485420114361,0.05679485420114361,1
severe,0.056602413217963964,0.047789771871369645,4
gen.,0.05652966971198718,-0.05652966971198718,1
lynching,0.05646470823110296,0.05646470823110296,2
"nuts,",0.05645571388304234,0.05645571388304234,1
"2020,",0.056420898278399065,-0.056420898278399065,1
grovel,0.05636103342597683,0.05636103342597683,1
coronavirus,0.05631479344464524,-0.054442461371425145,17
adherents,0.05612090457445727,0.05612090457445727,1
800,0.056050987901857516,-0.056050987901857516,1
border””,0.05598362360615283,0.05598362360615283,1
kirsten,0.055947994336705,-0.055947994336705,1
protest,0.055795121006667614,-0.055795121006667614,1
league(,0.05578652152325958,-0.05578652152325958,1
paul,0.05556426051771268,-0.05556426051771268,1
gaffes,0.05546119525319054,0.05546119525319054,1
senators,0.05543523669158193,-0.05543523669158193,1
violent,0.05539834502685283,0.042993020465863604,2
workplace,0.0553465881052294,-0.0553465881052294,1
mockery,0.05532182359065001,0.05532182359065001,1
movies,0.05527834943495691,0.05527834943495691,1
forceunleashed,0.055274392978199534,0.055274392978199534,1
change.,0.055232865832901254,-0.055232865832901254,1
"april,",0.05518780647895921,-0.05518780647895921,1
strengthening,0.05517814424820244,-0.05517814424820244,1
scared,0.05517462480606304,0.05517462480606304,1
electorate,0.05510709807276726,0.05510709807276726,1
police,0.05506165252682836,-0.054162604765293706,14
director,0.05481767400562989,-0.05481767400562989,1
"said,",0.05480659462045878,-0.05480659462045878,1
surprise,0.05473904265090823,0.05473904265090823,1
terengganu,0.0546982401671509,-0.0546982401671509,1
autonomous,0.05461717286380008,-0.05461717286380008,1
hearing.,0.05454208424198441,-0.03988149001379497,2
took,0.054430481880748026,-0.054430481880748026,3
williamson,0.05436814983841032,-0.05436814983841032,1
2020.,0.05424896096810698,-0.05424896096810698,1
various,0.054178413382297466,0.054178413382297466,2
sanders,0.054175422440554635,-0.042048059899631576,4
sociopaths,0.05414413447890963,0.05414413447890963,1
and’’,0.0540101741248611,0.0540101741248611,2
secretary,0.0540051167338913,-0.0194106489898153,2
patients,0.05386803990178224,-0.05386803990178224,1
gabbard(,0.05373583175241947,-0.05373583175241947,1
ukrainian,0.053705217782408,-0.053705217782408,1
2011,0.053638863149986026,-0.053638863149986026,1
visible.,0.053423029494782295,-0.053423029494782295,1
excesses,0.05342044262215495,0.05342044262215495,1
february,0.0534010655945167,-0.0534010655945167,1
"racing,",0.05337797339695195,-0.05337797339695195,1
uganda,0.05335964396778893,-0.05335964396778893,1
regimens,0.05333835305646062,0.05333835305646062,1
slow,0.05327142309397459,-0.05327142309397459,1
pro,0.053221860279639564,0.053221860279639564,2
"revolution,",0.05311746719396776,-0.05311746719396776,1
rick,0.053114600013941526,-0.053114600013941526,1
donald’’,0.05308021480870795,0.046576166360884796,6
sleight,0.05281606689095497,0.05281606689095497,1
city.,0.05280470909062951,-0.05280470909062951,2
fishing,0.05279941034968942,-0.05279941034968942,1
"meanwhile,",0.05276981834322214,0.05276981834322214,1
eyes,0.0527497660435204,0.0527497660435204,2
tendency,0.052681884611956775,0.052681884611956775,1
church,0.052662065951153636,-0.052662065951153636,2
protests,0.052589957767111825,-0.052589957767111825,7
insurance,0.052518567917021836,-0.052518567917021836,1
watch,0.052492823180121675,-0.052492823180121675,1
prioritize,0.0524874865077436,-0.0524874865077436,1
england,0.05245128463138826,-0.05245128463138826,1
november.,0.052354237219939634,-0.052354237219939634,1
lawyer,0.05227075701986905,-0.05227075701986905,2
internet,0.05226573767140508,-0.05226573767140508,1
books).,0.052188274761041,-0.052188274761041,1
floyd,0.05207021272927821,-0.05207021272927821,5
point,0.0520581549175808,-0.04441396022189616,2
militants,0.0520466969714367,0.0520466969714367,1
conservative,0.05188086018213884,0.05188086018213884,3
unproven,0.05185497738420963,0.05185497738420963,1
home.,0.05182269916015987,-0.05182269916015987,1
summer,0.05162734302746899,-0.05162734302746899,1
published,0.051577536311621465,-0.051577536311621465,1
icon,0.05156808585161343,0.05156808585161343,1
h,0.05153352837078273,0.05153352837078273,1
some%,0.05131758115021512,-0.05131758115021512,1
mandates,0.05131658725440502,0.05131658725440502,1
legally,0.05124143400462344,0.05124143400462344,1
hhs),0.05123820691369474,-0.05123820691369474,1
respect,0.051236334057258706,0.051236334057258706,1
capital,0.05111501827979317,-0.05111501827979317,1
forgive,0.05108862102497369,0.05108862102497369,1
infecting,0.05097540778418382,0.05097540778418382,1
election,0.05075689460312586,-0.05075689460312586,5
added,0.05074835148906069,-0.05074835148906069,1
"safely,””",0.05069432728724644,-0.05069432728724644,1
biden,0.0506689628625911,-0.0506689628625911,4
parisian,0.05062429653480649,-0.05062429653480649,1
cities.,0.05062362663059806,-0.05062362663059806,1
offered,0.05041534290648997,-0.05041534290648997,1
entitled““,0.05039022204685299,-0.05039022204685299,1
attempt,0.0502964073250321,0.04403849764509151,3
1998.,0.05025877434869899,-0.05025877434869899,1
botched,0.05022692873867022,0.05022692873867022,1
"hoge,",0.05012531778109924,-0.05012531778109924,2
propagation,0.05008396878838539,0.05008396878838539,1
amy,0.04999085748568177,-0.04999085748568177,1
code,0.04994120805834731,-0.04994120805834731,1
bill,0.049927074734381786,-0.049927074734381786,2
frenchmen.,0.04992453255690635,0.04992453255690635,1
roman,0.04991314304061234,-0.04991314304061234,1
overseeing,0.04987883602734655,-0.04987883602734655,1
"degree,",0.04985668157848219,-0.04985668157848219,1
week.,0.04978599129632737,-0.04978599129632737,1
sentenced,0.049716999084921554,-0.049716999084921554,2
endorsed,0.0495911334744758,-0.0495911334744758,3
"fascist,””",0.04935308842438185,-0.04935308842438185,1
supporting,0.04928553270708237,0.04928553270708237,1
announced,0.04915043387623478,-0.04915043387623478,6
drop,0.049108601678421515,0.049108601678421515,1
whirlwind,0.04906510698007575,0.04906510698007575,1
"campaign,",0.048826037500790946,-0.048826037500790946,2
injustice,0.048820504312903655,0.048820504312903655,3
portnoy,0.048770526267977045,-0.048770526267977045,1
"denunciation,",0.04871926127144923,0.04871926127144923,2
gays.””,0.04850741089986903,-0.04850741089986903,1
suburbs,0.04836963538158064,-0.04836963538158064,1
its““””,0.048356390674598515,-0.048356390674598515,1
income,0.04832577127187202,-0.04832577127187202,2
ahmaud’’,0.04829307098407298,-0.04829307098407298,1
59majority,0.048289805196243554,-0.048289805196243554,1
multiple,0.048285597120411694,0.048285597120411694,1
sarah,0.04826446599327028,-0.04826446599327028,1
democracy,0.04821861657269654,0.04339434245660428,3
"women,",0.0481915100327959,-0.0481915100327959,1
"coronavirus,",0.04813533276319504,-0.04813533276319504,1
business.,0.04805821320042014,-0.04805821320042014,1
cult,0.04797327658161521,0.04797327658161521,1
jesus,0.04791405158660685,0.04791405158660685,2
according,0.047869248210724136,-0.047869248210724136,5
weinstein,0.04779051459627226,-0.04779051459627226,1
anything,0.04777953562707724,0.04777953562707724,3
still,0.04776280905519213,-0.04776280905519213,1
favorite,0.04773807680855195,0.04773807680855195,1
nick’’,0.047713957146088316,-0.047713957146088316,1
debasement,0.04764330217784102,0.04764330217784102,1
"greenpeace,",0.04763268988328771,-0.04763268988328771,1
learn,0.047610502457246184,-0.047610502457246184,2
"wuhan,",0.04757390730082989,-0.04757390730082989,1
spotlight,0.04747943161055446,-0.04747943161055446,1
johns,0.04729889426380396,-0.04729889426380396,1
agitators,0.047260362490884625,0.047260362490884625,1
s.,0.04714045752380857,-0.04714045752380857,22
culture.””,0.04711185346047084,-0.04711185346047084,1
explained,0.04709329246543348,-0.04709329246543348,1
believed.,0.04709179190297921,0.04709179190297921,1
"august,",0.04704587353626266,-0.04704587353626266,1
burned,0.04703198783946308,0.04703198783946308,1
continued,0.04681014409288764,0.04681014409288764,1
than$,0.04675995352352778,-0.04675995352352778,3
smoke.,0.04674403904937208,-0.04674403904937208,1
extremist,0.04671487857898077,0.04671487857898077,2
increasing,0.046711219374648845,-0.025936671050638342,4
asking,0.0466392426751554,-0.0466392426751554,1
welcome,0.046578607055250486,0.046578607055250486,2
political,0.046556926200073616,0.043882772744455865,11
often,0.046528823708649726,-0.01535172943258658,3
"forces,",0.046487928804708645,-0.046487928804708645,1
"ugly,",0.04646099926057187,0.04646099926057187,1
athletes,0.04645333821342016,-0.04645333821342016,1
lack,0.046450702007859945,0.046450702007859945,1
wing,0.04643285955742333,0.04643285955742333,4
replete,0.04636359467570271,0.04636359467570271,1
highly,0.046259150301186235,0.036614751925978885,3
politicians,0.04618556084460579,0.04618556084460579,1
platforms,0.046079970663413405,-0.046079970663413405,1
"decades,",0.04601876605302095,-0.04601876605302095,1
timberlake,0.04589348123408854,-0.04589348123408854,1
biggest,0.04585361992940307,-0.04585361992940307,1
protesters,0.04577785199552846,-0.04577785199552846,2
"republican,",0.04576309375642311,-0.04576309375642311,1
look,0.04571038391441107,-0.04571038391441107,1
hygienists,0.04569054814055562,0.04569054814055562,1
seized,0.04561662673950195,0.04561662673950195,1
culture,0.045601038542703136,0.04481961212480779,2
americans.,0.0455875648651272,-0.0455875648651272,2
democrats,0.04549919423552519,-0.005585335866342113,7
eastern,0.04542400812391821,-0.04542400812391821,2
"oregon,",0.04535074415616691,-0.04535074415616691,1
"c.,",0.04526487324619666,-0.04526487324619666,1
northam,0.04522844572260258,-0.04522844572260258,2
demands,0.04519266967351238,0.04519266967351238,2
held,0.0450961216702126,-0.0450961216702126,2
"friday,",0.04509252437301689,-0.04509252437301689,1
treasury,0.04496395164557422,-0.04496395164557422,1
areas,0.044930858828593045,-0.044930858828593045,1
included,0.04486876190640032,-0.04486876190640032,1
followers.,0.04484808025881648,-0.04484808025881648,1
"protesters,",0.04482133928375939,-0.04482133928375939,1
again,0.04478871502479623,0.04478871502479623,2
"reprimand,””",0.04477639520979103,-0.04477639520979103,1
emissions,0.04476002180405582,-0.04476002180405582,2
aims,0.044731029483955353,-0.044731029483955353,1
defund,0.04463834750155608,0.04463834750155608,1
request.,0.04455122502986342,-0.04455122502986342,1
worth,0.044543230440467596,-0.044543230440467596,2
tulsi,0.04448526687920094,-0.04448526687920094,1
jersey,0.04445466090692207,-0.04445466090692207,2
called,0.04438358801417053,0.04438358801417053,2
"shows,",0.04438193612731993,-0.04438193612731993,1
lawsuits(,0.04423456094146036,-0.04423456094146036,1
miracle,0.04423038956990081,0.04423038956990081,1
divisions,0.0441339947283268,-0.0441339947283268,1
extraordinary,0.04412832576781511,0.04412832576781511,1
pretend,0.04410606148817083,0.04410606148817083,1
"rugby,",0.04401872875168919,-0.04401872875168919,1
estimated,0.043771409738110376,-0.043771409738110376,1
among,0.04377011371124877,-0.04377011371124877,5
feb,0.043769954377785324,-0.043769954377785324,1
building,0.04368781080120243,-0.04368781080120243,1
like,0.04351764485138392,0.040735160054789214,12
hits,0.04351180507556388,0.04351180507556388,1
willingness,0.04349718843328042,-0.04349718843328042,1
protections,0.04339557542698458,0.04339557542698458,2
services(,0.043294055778200606,-0.043294055778200606,2
communist’’,0.04326008552064498,0.04326008552064498,1
demonization,0.04319196566939354,0.04319196566939354,1
cortez,0.04317921604961157,-0.04317921604961157,1
privilege,0.043152366764843464,0.043152366764843464,1
foreign,0.043127820924079664,0.043127820924079664,3
quack””,0.043104966718053056,0.043104966718053056,1
"depressingly,",0.04308926314115524,0.04308926314115524,1
arrests,0.04307246137302302,-0.04307246137302302,2
outrage,0.04296855482971296,0.04296855482971296,1
very,0.042883028019411816,0.014987164097542444,3
that““[’’,0.04287618995405926,-0.04287618995405926,1
oppose,0.042840449551406964,0.042840449551406964,1
cardi,0.042829196143429726,-0.042829196143429726,1
barack,0.04282856014158044,0.04282856014158044,1
dramatically,0.042761963688664965,0.042761963688664965,1
rapper,0.042707395053002986,-0.042707395053002986,2
census.,0.042624481731937044,-0.042624481731937044,1
year,0.042612830992690344,-0.042612830992690344,12
undergraduate,0.0426049510586179,-0.0426049510586179,1
circumstances.,0.042603057427093007,0.042603057427093007,1
clash,0.0425999992294237,-0.0425999992294237,1
much,0.042520632147444754,0.040180072791707634,8
"abrams,",0.04249635860434778,-0.04249635860434778,1
struggling,0.04245962481945753,0.04245962481945753,1
ocasio,0.04243770878021182,-0.04243770878021182,3
digestive,0.04239098448306322,-0.04239098448306322,1
policy.,0.04231432040355035,-0.04231432040355035,1
korean,0.04227204079506919,-0.04227204079506919,1
live,0.042208568193018436,-0.042208568193018436,1
i,0.0420959705319419,-0.0420959705319419,2
mean,0.04207766793238429,-0.04207766793238429,2
cure.””,0.042049661642895676,-0.042049661642895676,1
polling,0.04203137720857436,-0.04203137720857436,2
miami,0.04193718614988029,-0.04193718614988029,1
supremacyand““,0.041907970456836315,0.041907970456836315,1
discrimination,0.04190600622816765,-0.026225220238778827,3
tariffs,0.04190370318247005,-0.04190370318247005,1
"lens,",0.04189191060140729,0.04189191060140729,1
call,0.041808791718302436,-0.020467709543971487,4
same:,0.04177640665035981,-0.04177640665035981,1
"salman,",0.04175937453761608,-0.04175937453761608,1
"taxes,",0.04165356181744885,-0.04165356181744885,2
1.,0.041634324084346495,-0.041634324084346495,1
8are,0.04151264407749598,-0.04151264407749598,1
spending,0.041486159432679415,0.002330963034182787,2
scrutiny,0.04147477261722088,0.04147477261722088,1
"buffalo,",0.0413933569798246,-0.0413933569798246,1
nothing,0.04137035461164562,0.04137035461164562,4
massachusetts,0.04136643442325294,-0.04136643442325294,1
degree,0.041271949536167085,-0.041271949536167085,1
share,0.041236807592213154,-0.041236807592213154,1
percent,0.041093591671960895,-0.041093591671960895,4
to““,0.04100392953349421,-0.029855959035026337,2
"50,",0.04098692133256672,-0.04098692133256672,2
returning,0.040957731408222266,-0.040957731408222266,1
cheats,0.04093469958752394,0.04093469958752394,1
farms,0.040930924225702055,-0.040930924225702055,1
"strife,",0.04092513397336006,0.04092513397336006,1
vow,0.04081322019919753,-0.04081322019919753,1
interview,0.04079174706324314,-0.04079174706324314,1
combined,0.04071168240625411,0.04071168240625411,1
they’’,0.04062912939116359,0.04062912939116359,1
department,0.04058933905713881,-0.04058933905713881,1
threat,0.04057384034955382,0.01220297503932198,3
class””,0.04056932641632067,-0.04056932641632067,1
anywhere.,0.04055494294605322,0.04055494294605322,1
ignore,0.04055493981577456,0.04055493981577456,2
merril,0.04053185361304454,-0.03524418640881777,2
committee,0.040431638015434146,-0.040431638015434146,1
38,0.040395398158580065,-0.040395398158580065,1
shortage,0.04039038252085447,0.04039038252085447,1
underscored,0.04037615872609118,-0.04037615872609118,1
unconscious,0.04036845216372361,0.04036845216372361,1
suspended,0.04028036787998504,-0.025948196762384704,2
trap,0.040270422090543434,0.040270422090543434,1
should,0.040237160238745545,0.040237160238745545,5
deeply,0.04023597855120897,0.04023597855120897,1
catastrophe,0.0401964613369533,0.0401964613369533,1
flames.,0.040038909297436476,0.040038909297436476,1
told,0.040003813823568636,0.0058836382435401915,2
women.,0.0399819768499583,-0.0399819768499583,2
poured,0.03990414852160029,0.03990414852160029,1
voiced,0.03986033610999584,-0.03986033610999584,1
control,0.03978849261602124,0.003115257103360282,6
dependent,0.039741683644907815,0.039741683644907815,1
lengthy,0.039735880525161825,0.039735880525161825,1
"youth,",0.03970611883172144,-0.03970611883172144,1
ukraine,0.03969910002077739,-0.03969910002077739,2
"lawmakers,",0.03965552154030385,-0.03965552154030385,2
attention,0.03964547237760767,0.03964547237760767,3
"roe,””",0.03962244265269311,0.03962244265269311,1
"industry,",0.03961913943372017,-0.03961913943372017,3
depicts,0.03961386170703918,0.03961386170703918,1
facing,0.039602219447907476,-0.039602219447907476,3
custody.,0.039588447488495146,-0.039588447488495146,2
unbridled,0.039587006207443494,0.039587006207443494,1
pride,0.039449624794696526,0.039449624794696526,2
intimidating,0.03933584379653136,0.03933584379653136,1
office,0.039317804768991965,-0.039317804768991965,2
unidentified,0.039300092874327675,-0.039300092874327675,1
poison,0.03929114980357034,0.03929114980357034,1
moment.,0.039260767027735705,-0.039260767027735705,1
canisters,0.039222818246344104,-0.039222818246344104,1
resolution,0.03922192580842723,-0.03922192580842723,2
quietly,0.039173462971424065,0.039173462971424065,1
terrified,0.039158111707203916,0.039158111707203916,1
expert,0.03906472580652539,0.03906472580652539,1
"world,",0.03901853472260492,-0.03901853472260492,1
u.,0.0390180852685132,-0.03780765863971713,22
decades,0.038980184526215975,-0.038980184526215975,1
"arabia,",0.038925782412601015,-0.038925782412601015,1
obstacles,0.03886391327250749,0.03886391327250749,1
racism,0.038786395024181776,0.02458076100582725,3
"claims,",0.03876512488350273,0.03876512488350273,1
sollenberger,0.03875102388805576,-0.03875102388805576,1
imported,0.038739179843105376,0.038739179843105376,1
"planet,",0.03870675107464194,0.03870675107464194,1
"connecticut,",0.03868502825498581,-0.03868502825498581,1
governors,0.038683499155154864,0.038683499155154864,1
joined,0.03864830983026574,-0.03864830983026574,1
"york,",0.03863541207586726,-0.03863541207586726,1
fate.,0.038626467498640224,0.038626467498640224,1
for““,0.03860758454538882,-0.03860758454538882,1
appeared,0.03849156202473254,0.03849156202473254,2
grabbed,0.03847718669567257,0.03847718669567257,1
ban,0.03846957068890333,-0.01962322648614645,2
you,0.03840898055647153,0.03840898055647153,4
aggressive,0.03839425556361675,0.03839425556361675,1
barr,0.038298503030091524,-0.038298503030091524,1
most.,0.038264584634453064,-0.038264584634453064,1
minister,0.03824222203790365,-0.03824222203790365,3
76of,0.03821157408108573,-0.03821157408108573,1
achievementin,0.03820045417259363,-0.03820045417259363,1
93,0.03810354673769325,-0.03810354673769325,1
managing,0.03810354673769325,-0.03810354673769325,1
stamps,0.03808362347384294,-0.03808362347384294,1
inequalities.,0.038015544220494725,-0.038015544220494725,1
workers,0.03792875906219706,0.0008104207809083164,2
"refugees,",0.03770529383438684,-0.03770529383438684,2
fans,0.03768860670970753,0.03768860670970753,1
apologized,0.03768765047425404,0.03768765047425404,1
"texas,",0.03768539609005436,-0.03768539609005436,2
consolations,0.03766952581703663,0.03766952581703663,1
another,0.037668025121092796,0.037668025121092796,2
environmentalists,0.03766702732536942,0.03766702732536942,1
party,0.0376466214502894,0.028605140672335994,6
todays,0.03759819906138416,-0.03759819906138416,1
lockdown,0.037568388185981245,-0.014377198068218097,3
comments,0.03753090547785784,-0.03753090547785784,2
most,0.03742000161314127,-0.030102946780925052,9
francis,0.037341886141803116,-0.037341886141803116,1
islamic,0.03731546628599366,-0.03206259939664354,3
warning,0.03728638045280614,-0.03728638045280614,1
rep.,0.03725922645794021,0.013373867815567387,3
during,0.03725636852007401,-0.03534548008537582,6
vote,0.037214415409835055,-0.037214415409835055,1
respiratory,0.03718563713482581,-0.03718563713482581,1
visa,0.037183803715743126,-0.037183803715743126,1
abbott,0.03713936475105584,-0.03713936475105584,1
it’’,0.03708991450645651,0.034172177116852255,3
health’’,0.03708503965754062,-0.03708503965754062,1
of’’,0.03707848126900249,0.03707848126900249,3
worked,0.03702109356527217,-0.03702109356527217,1
report,0.03696764813233771,-0.006420826512988208,3
death.,0.036935639988733816,-0.036935639988733816,2
wields,0.036908741419514016,0.036908741419514016,1
caught,0.0368891454335036,-0.0368891454335036,1
defying,0.036833484470844266,0.036833484470844266,1
mccabe,0.03682584036141634,0.03682584036141634,1
christian,0.036825754740592936,0.036825754740592936,2
know,0.036809144890867174,0.03326561872381717,4
court,0.036743904701766694,-0.036743904701766694,1
democratic,0.036739175863395854,-0.03280858919380181,10
diversity,0.036734539084136486,0.036734539084136486,1
"afghanistan,",0.03671393470408825,-0.03671393470408825,1
't,0.03670232083338002,-0.01840639401537677,2
has,0.03669577472503593,-0.03433363616068673,39
floyds””,0.0366477572824806,-0.0366477572824806,1
describing,0.03663710427160064,-0.03663710427160064,1
dec.,0.03656145857336621,-0.03656145857336621,1
rather,0.036549230671042335,0.036549230671042335,2
thunberg,0.03652989148395136,-0.03652989148395136,1
think,0.036519742847996806,0.036519742847996806,2
kamala,0.036516090466951326,-0.036516090466951326,1
seeing,0.03642635862343013,-0.03642635862343013,1
accuse,0.036406587017700075,-0.036406587017700075,1
cost$,0.03638085148607691,-0.03638085148607691,1
flag.,0.03636894847399422,0.03636894847399422,1
fired,0.036356694748974405,0.036356694748974405,1
custody,0.0363057018694235,-0.0363057018694235,2
further,0.036301640948254825,0.03028340063432956,2
transmitted.,0.03622031441708613,-0.03622031441708613,1
going,0.036186140650210696,0.036186140650210696,2
sons,0.03617149908677675,-0.03617149908677675,1
originating,0.03613229706986911,0.03613229706986911,1
triumphing,0.03611537213437259,0.03611537213437259,1
mainstream,0.0360427940575765,0.0360427940575765,3
in““””,0.035927627235651016,0.035927627235651016,1
nomination,0.03589822698268108,-0.035859176627127454,3
here,0.03588227741420269,-0.03588227741420269,1
states.,0.03585478495141225,-0.03585478495141225,2
dress,0.03582848779236277,-0.03582848779236277,1
global””,0.035818217361035444,0.035818217361035444,1
rich,0.03577557901984879,0.03577557901984879,1
awkward,0.03571994655898639,0.03571994655898639,1
"politician,",0.03570571596113344,-0.03570571596113344,1
shootings.,0.03570525456840793,-0.03570525456840793,1
"lies,",0.03569143013655736,0.03569143013655736,1
mock,0.0356728320216967,0.0356728320216967,1
william,0.035670734505401924,0.002846673800377175,2
downtown,0.03563366773596499,-0.03563366773596499,1
"sedition,",0.03563190538866016,0.03563190538866016,1
drew,0.035588842524688635,-0.035588842524688635,2
units.,0.03548316812058064,-0.03548316812058064,1
funded,0.035475254679719605,0.035475254679719605,1
jr.,0.0354467714316256,-0.0354467714316256,1
well,0.03543475802159972,0.028873627363807625,5
organisations,0.035425776588873796,-0.035425776588873796,1
abrerys,0.03538882912835106,-0.03538882912835106,1
force,0.03536583962878904,0.03536583962878904,3
islam””,0.03528958430979401,-0.03528958430979401,1
mouth,0.03524362592725083,0.03524362592725083,2
kennedy,0.035239428403742966,-0.035239428403742966,1
"portland,",0.03523582231719047,-0.03523582231719047,1
recently,0.035200840599524476,-0.035200840599524476,2
viral.,0.035167184891179204,-0.035167184891179204,1
content,0.035080191267367736,0.035080191267367736,1
barred,0.035079856325561806,-0.035079856325561806,1
world,0.03505682022992077,0.015098570230480937,8
system,0.03504116448123198,0.011522574855243202,3
us,0.035017887596040964,-0.035017887596040964,1
espn,0.03500031443157544,-0.03500031443157544,2
syria,0.03496905350281546,-0.03496905350281546,1
unhealthy,0.03496544388084052,0.03496544388084052,1
"weapons,””",0.03495739797318283,-0.03495739797318283,1
vehicle,0.03491915115765074,-0.03491915115765074,1
a$,0.0349051789823635,-0.0349051789823635,2
cortez(,0.03486452983692288,-0.03486452983692288,1
lives,0.03485397115600471,0.012585573084958779,8
"revenue,",0.034841943730134516,-0.034841943730134516,1
vacant,0.03477979622160395,0.03477979622160395,1
drawn,0.034751201613939235,-0.034751201613939235,1
repugnant,0.03468432884131159,0.03468432884131159,1
experts,0.03463667150052763,0.03463667150052763,3
the’’,0.034631283589981715,0.005808040486804656,8
56th,0.03460774366976693,-0.03460774366976693,1
"unhinged,",0.03458909951150417,0.03458909951150417,1
candidate,0.034564764443914306,-0.034564764443914306,4
media,0.03456402288928505,-0.012558954849819916,7
hold,0.03446355900814524,-0.015999027258658316,2
"2013,",0.034439316630596295,-0.034439316630596295,1
was““,0.03440152363044318,0.03440152363044318,1
"deceitfulness,",0.03439234197139739,0.03439234197139739,1
"riding,/",0.034345681156793775,-0.034345681156793775,1
day.,0.03433875808869266,-0.03433875808869266,2
term,0.034323462510171036,-0.0268414778712516,2
york,0.03432274784427136,-0.03432274784427136,2
"neighbors,",0.034297888943304614,-0.034297888943304614,1
"analysts,",0.034269263967871666,-0.034269263967871666,1
that’’,0.034230109327472745,-0.02801544985268265,2
we’’,0.03420804347842932,0.03420804347842932,1
rushed,0.03411334472184535,-0.018192573435953818,2
jobs,0.0340416190912947,-0.0340416190912947,1
nephew.,0.03402714932647844,-0.03402714932647844,1
activists,0.033940401946595526,0.02089915082806766,3
george,0.03386290835283955,0.023795451642466294,6
"base,",0.03379371024331906,-0.03379371024331906,1
understand,0.03377118598048886,0.03377118598048886,1
trumps,0.03376904144584829,0.02924849288912393,9
destroy,0.03371279748777548,0.03371279748777548,1
ireland,0.033681785741854195,-0.033681785741854195,1
nickname““,0.033597569861180655,-0.033597569861180655,1
had,0.0335716487282999,-0.03268248305686065,9
visited,0.03354645427316427,-0.03354645427316427,2
support,0.03354315840503356,-0.030184948200864408,3
expanded,0.03352940527838655,-0.03352940527838655,1
turn,0.033525030623422936,0.029928048577858135,2
petitions,0.033488426951931397,-0.033488426951931397,2
wanting,0.0334531028683369,0.0334531028683369,1
recent,0.03341726634767837,-0.03341726634767837,5
bills,0.0334139569895342,-0.0334139569895342,1
325,0.03339711588341743,-0.03339711588341743,1
have,0.033396916554531156,-0.024450917503525516,35
analysts,0.033332447230350226,-0.033332447230350226,1
"path,",0.033190500689670444,-0.033190500689670444,1
just%,0.03318953902538245,-0.03318953902538245,1
students,0.03317488940630221,-0.03317488940630221,5
campaign,0.033109744067769495,-0.021339642570819706,4
devastate,0.03307592038234526,0.03307592038234526,1
"goose,",0.033072295909126595,0.033072295909126595,1
injuring,0.0330390766224203,-0.0330390766224203,1
deal.,0.03297492968979188,-0.03297492968979188,1
country.,0.0329679191371219,-0.0329679191371219,3
systemic,0.032902545162609646,0.032902545162609646,2
shes,0.03287329850718379,-0.03287329850718379,1
restart,0.03286087836345865,-0.03286087836345865,1
2320,0.03283020881388117,-0.03283020881388117,1
comment.,0.0328053028206341,-0.0328053028206341,1
lead,0.03278173581194286,-0.03278173581194286,1
unlikely,0.03275007361927154,0.03275007361927154,1
litany,0.03274580929428339,0.03274580929428339,1
"populism,",0.03274517133831978,0.03274517133831978,1
b,0.03273958771023899,-0.03273958771023899,1
"food,",0.03272599414534246,-0.03272599414534246,1
camps,0.03271104255219966,-0.03271104255219966,2
portland,0.03265598882717313,-0.03265598882717313,2
racial,0.032654876784613686,-0.028227413098882177,10
contests,0.03264861429731051,-0.03264861429731051,1
produced,0.03261875832686201,0.03261875832686201,1
81of,0.032552391989156604,-0.032552391989156604,1
mohammed,0.03253260160184702,-0.03253260160184702,2
advertising,0.032493003251147456,-0.032493003251147456,2
adultery,0.03245117887854576,0.03245117887854576,1
hhs,0.03239470913207956,-0.03239470913207956,1
ngos,0.03235646439358019,-0.03235646439358019,1
within,0.032243601977825165,-0.032243601977825165,1
swift,0.03223478803411126,0.03223478803411126,1
tax,0.03221713619156499,0.00934789410752181,4
gendron,0.03219136141706258,-0.03219136141706258,2
hopefully,0.03218525114934891,0.03218525114934891,1
population,0.03217381193826441,-0.012872136096120812,2
womens,0.032141115275832514,-0.032141115275832514,3
"racist,",0.03213191888339463,0.03213191888339463,1
saturday,0.032101500899492146,-0.032101500899492146,3
nocan,0.032095330358984375,-0.032095330358984375,1
two,0.03205616148380426,-0.03205616148380426,6
railed,0.032033515376194074,0.032033515376194074,1
"resembles""",0.03202895230004707,0.03202895230004707,1
communityand,0.03200954544706698,-0.03200954544706698,1
be’’,0.031961944651442,0.031961944651442,1
dismay,0.03193602163810283,0.03193602163810283,1
allowed,0.03191633149981499,0.03191633149981499,1
"impact,",0.03189922152087092,-0.03189922152087092,1
"witness,",0.0318897709560891,-0.0318897709560891,1
fare.,0.03186688985442743,0.03186688985442743,1
"newtown,",0.03175447729105751,-0.03175447729105751,1
tv,0.031701789392779275,0.031701789392779275,1
23opposed.,0.03164536124095321,-0.03164536124095321,1
strategy,0.03163511282764375,0.03163511282764375,1
key,0.03153717750683427,0.03153717750683427,1
predicted,0.031529235819886835,-0.031529235819886835,1
wales,0.031516896808170713,-0.031516896808170713,1
1997.,0.03149528816963235,-0.03149528816963235,1
movie““,0.03138863428401342,-0.03138863428401342,1
counsel,0.03135613467195071,-0.03135613467195071,1
arrest,0.031247616687323898,-0.031247616687323898,1
once,0.031190054171020165,0.031190054171020165,2
places,0.031178394332528114,-0.031178394332528114,1
past,0.03115000119497482,0.024865469491083383,3
"coast,",0.031122750137001276,-0.031122750137001276,1
vigilance,0.031119865054885548,-0.031119865054885548,1
five,0.031106770562473685,-0.031106770562473685,2
celebrities,0.031092854848989816,-0.009797916813826591,3
account,0.031079554290045053,-0.031079554290045053,1
crime,0.031020324510921325,-0.031020324510921325,1
warned,0.03098374567912992,0.03098374567912992,2
power,0.03097220890061368,0.018483006729049577,5
muslim,0.030841818923363462,-0.030841818923363462,1
azar,0.03080721927108243,-0.03080721927108243,1
proponents,0.030806929618120194,0.030806929618120194,1
pledged,0.030709813729944555,-0.030709813729944555,2
so.,0.03069624863564968,0.03069624863564968,1
columbia,0.030684721758007072,-0.030684721758007072,1
beijing,0.03065231155778747,-0.03065231155778747,1
aliens.,0.030645049543868853,0.009465247701205416,2
memorial,0.030530898443179293,-0.030530898443179293,2
"14,",0.030488349497318268,-0.030488349497318268,1
intelligence,0.030431208860439558,-0.030431208860439558,1
shutdown,0.03034947661443665,-0.03034947661443665,1
broader,0.030348323634825647,-0.030348323634825647,1
sham,0.030336391538773003,0.030336391538773003,1
trusted,0.030334220500662923,0.030334220500662923,1
moving,0.03032303584041074,0.03032303584041074,1
donation,0.030287441521068104,-0.030287441521068104,1
resource,0.030285580681326488,0.030285580681326488,1
expressed,0.030278900812845677,0.030278900812845677,1
"man,",0.03024080345639959,-0.03024080345639959,2
may,0.0301896060942555,-0.0301896060942555,4
condemning,0.030145722878814646,0.030145722878814646,3
spike,0.030135008056690407,-0.030135008056690407,1
voters,0.030071633277527456,-0.015183970498453292,6
driving,0.03006323814458613,-0.03006323814458613,1
people.,0.03006128044657861,-0.03006128044657861,1
tab,0.02998670598026365,0.02998670598026365,1
"term,",0.029982333694237702,-0.029982333694237702,1
tragedy,0.029973990801330987,0.029973990801330987,2
wane,0.02996164048090577,0.02996164048090577,1
weekend,0.029956201557070017,-0.029956201557070017,1
"rates,",0.029928065826081568,-0.029928065826081568,1
risks,0.029907463118433952,-0.029907463118433952,1
who,0.029851328321911307,0.025701849458521466,26
goalposts,0.029837785724787014,0.029837785724787014,1
needed,0.029834570460176714,0.029834570460176714,1
iranian,0.029781008518249212,0.029781008518249212,4
rising,0.029775874339975417,-0.029775874339975417,1
next,0.029772844889440524,-0.029772844889440524,2
aim,0.029756765812635422,0.029756765812635422,1
supposedly,0.029756765812635422,0.029756765812635422,1
improvements,0.029748604509650785,-0.029748604509650785,1
closed,0.029735503194388002,-0.029735503194388002,1
"outsiders""",0.0296622384339571,0.0296622384339571,1
riled,0.029606707394123077,0.029606707394123077,1
jackie,0.029606499752844684,-0.029606499752844684,1
parliament,0.02949728447821967,-0.02949728447821967,3
tracks,0.029461389721836893,-0.029461389721836893,1
regimes,0.029442558872203033,0.029442558872203033,1
angeles,0.029404925793642178,-0.029404925793642178,1
pushed,0.029372682271059602,0.029372682271059602,1
"here,",0.02935289707966149,-0.02935289707966149,1
guard,0.0293157359410543,-0.0293157359410543,1
partsdebacle,0.02931374590843916,0.02931374590843916,1
sars),0.029304163937922567,-0.029304163937922567,1
our,0.029284843364139165,0.005348405921240411,6
but,0.0292639792803465,-0.008341874004467143,23
"paso,",0.029253599823762973,-0.029253599823762973,1
madison,0.029249980358318203,-0.029249980358318203,1
women,0.029241292366276032,-0.02355404078732611,7
policy,0.029222735048582155,0.029222735048582155,1
portnoys,0.02919190520760677,0.02919190520760677,1
vomiting,0.02918702531605959,0.02918702531605959,1
"identify,",0.029160786885768175,-0.029160786885768175,1
madness.,0.029154981672763827,0.029154981672763827,1
president,0.029154516949077888,-0.015888890476656262,29
expressing,0.029145439034784792,0.029145439034784792,3
correctness,0.0291440902898709,0.0291440902898709,1
embrace,0.0290714992210269,-0.01997874453663826,2
trade.,0.029067709415944082,0.029067709415944082,1
conditions,0.029004589764204308,-0.029004589764204308,1
their,0.02895700353339652,0.02248599877458039,27
time,0.028952013607205892,-0.017114428121217145,6
"county,",0.028946499051969676,-0.028946499051969676,1
los,0.028836370533099398,-0.028836370533099398,1
24,0.028836237402477614,-0.028836237402477614,1
qassem,0.028787906545524797,-0.028787906545524797,2
openly,0.028775108978152275,0.028775108978152275,1
although,0.028769565979018807,0.028769565979018807,1
justices,0.02874707445735112,0.02874707445735112,1
digital,0.028717160457745194,-0.028717160457745194,1
period,0.02865922567434609,-0.02865922567434609,1
do,0.02864195592701435,0.02864195592701435,1
blm,0.02860088824209842,0.02860088824209842,1
paid,0.028595116762976366,0.02506943394868314,2
iran,0.028594563191290945,-0.028594563191290945,1
ramping,0.028574635993157113,0.028574635993157113,1
"cut,",0.02856606278801337,-0.02856606278801337,1
everyone,0.028547200052777215,0.028547200052777215,1
pledges,0.028533183876425026,-0.028533183876425026,1
including,0.028532910856991424,-0.02280218047891221,7
many,0.028519566704243497,-0.028519566704243497,7
says,0.02848918303453292,-0.02848918303453292,1
elsewhere.,0.028488258024056752,-0.028488258024056752,1
were,0.028484730252699573,-0.02218169767780699,9
battle,0.028483783127740026,0.028483783127740026,1
rudd,0.028365435195155442,0.028365435195155442,1
mob,0.02834801501594484,0.02834801501594484,1
shooting,0.02833830052986741,-0.02833830052986741,1
bannon,0.028323839194074805,0.028323839194074805,2
inequality.,0.028314421338727698,0.006924309324240312,2
"others,",0.028268070387033127,-0.028268070387033127,1
allows,0.028238614788278937,-0.028238614788278937,2
influence.,0.028217299856127254,0.028217299856127254,1
profile,0.028215800411999226,-0.028215800411999226,1
become,0.028165037761202903,0.025506346043204925,7
poor,0.02815771799686155,0.02815771799686155,2
earlier,0.02812825244452272,-0.02812825244452272,3
abortions,0.028126871058096487,0.028126871058096487,1
they,0.028084911235241483,-0.003357812128442785,17
raised,0.02808057264580081,-0.02808057264580081,1
impossible.,0.028075531435509525,0.028075531435509525,1
intentional,0.02800905498276864,0.02800905498276864,1
program,0.02800653624581173,-0.02800653624581173,1
forgiveness,0.02800653624581173,-0.02800653624581173,1
"disabled,",0.027963817864656446,-0.027963817864656446,1
west,0.02796343331283424,-0.02796343331283424,1
cover,0.027879283438412495,0.0064095386411809245,3
manipulate,0.027739392260887792,0.027739392260887792,1
issue,0.027724923624191433,0.017600046994630247,2
vacate,0.02770645923517419,0.02770645923517419,1
largest,0.027648219217856724,-0.027648219217856724,1
approval.,0.027628111441819262,-0.027628111441819262,1
foes,0.027598898547391098,0.027598898547391098,1
deserves,0.027543420238154277,0.027543420238154277,1
information.,0.02754285894871618,-0.02754285894871618,1
british,0.027503299177835182,-0.027503299177835182,3
if,0.02749465149938903,-0.004225784215329503,4
mexico,0.027446587639860808,-0.027446587639860808,1
criticized,0.02743048870615894,0.022668031153443735,2
"holiday""—",0.027416612499540575,-0.027416612499540575,1
"control,",0.02740600270529588,-0.02740600270529588,1
3.,0.027401929546613246,-0.027401929546613246,1
russian,0.027390507421368965,-0.024679343245661584,4
runs,0.02734356386021578,-0.02734356386021578,1
"floyd,",0.02731319445190003,-0.02731319445190003,2
themselves,0.027311108618353803,0.027311108618353803,1
baked,0.0272466269129562,0.0272466269129562,1
fan,0.027201578486710787,0.027201578486710787,1
3,0.027157237955867053,-0.027157237955867053,2
mail,0.027156126365298405,-0.027156126365298405,1
lgbt,0.027130624667430915,0.0016529784382631387,2
purchase,0.027121528650500944,-0.027121528650500944,1
texas,0.027114624348339732,-0.027114624348339732,3
portraying,0.02706927666440606,0.02706927666440606,1
s,0.02702847369281309,0.02702847369281309,1
subset,0.02700907690450549,-0.02700907690450549,1
global,0.026986190234588103,-0.026986190234588103,3
picture,0.026944281719624995,-0.026944281719624995,1
friends,0.026940519312539928,-0.026940519312539928,1
even,0.026915371763817447,0.026286652729937084,10
impose,0.026912851243988317,-0.005941617550551254,2
recruit,0.0268613088285617,0.0268613088285617,1
"booker,",0.026855670977151434,-0.026855670977151434,1
by$,0.026849948454878064,-0.026849948454878064,2
north,0.02679006445396226,-0.02679006445396226,2
beauty,0.026779451640322804,0.026779451640322804,1
probe,0.026771370192291213,-0.026771370192291213,1
alabama.,0.026763081550598145,-0.026763081550598145,1
collapsed.,0.026756157930118634,-0.026756157930118634,1
widespread,0.026670165079929496,-0.026670165079929496,4
"rifles,",0.026647243415936828,-0.026647243415936828,1
state,0.026646140175693205,-0.018163005345877687,9
lowest,0.026629205451657374,-0.026629205451657374,1
"help,",0.026614533737301826,0.026614533737301826,1
koreas,0.02649104647571221,-0.02649104647571221,1
gets,0.02647168088393907,0.02647168088393907,1
just,0.026454576703775008,0.023823217566762384,8
popularity,0.02643834543414414,0.02643834543414414,1
"kahl,",0.02643331426067972,-0.02643331426067972,1
undocumented,0.0264203937631271,-0.0264203937631271,1
livelihoods.,0.026385600259527565,-0.026385600259527565,1
top,0.026371753848590224,0.014563122015014024,5
imports,0.02635143670098235,-0.02635143670098235,1
grocery,0.02633456652984023,-0.02633456652984023,1
system.,0.02632013615220785,0.02632013615220785,1
extreme,0.026220640774616708,0.026220640774616708,2
donate,0.02621745533807288,-0.02621745533807288,2
2of,0.026214832323603332,-0.026214832323603332,1
qunun,0.026207664116684876,-0.026207664116684876,1
outside,0.026206943532451985,-0.026206943532451985,3
drive,0.026185375265777112,0.026185375265777112,1
mission,0.026113591069588438,-0.026113591069588438,1
kentucky,0.02609640514966405,-0.02609640514966405,1
sinister,0.026096244240044683,0.026096244240044683,2
officials,0.02608877923156289,-0.024587194981373236,4
rights,0.02607060212550437,-0.024051571968131187,9
mahsa,0.02604766224976629,-0.02604766224976629,1
aggressively,0.026034226408228278,0.026034226408228278,1
welcomed,0.02602592878974974,0.02602592878974974,1
battles,0.025980301899835467,-0.025980301899835467,1
spared.,0.025968981053059302,0.025968981053059302,1
requires,0.025952719969375593,-0.025952719969375593,2
russia,0.02595073226561581,-0.02595073226561581,2
"earth,",0.025944191443089112,-0.025944191443089112,1
legislators.,0.025916449756671987,0.025916449756671987,1
questions.,0.02586676073925836,-0.02586676073925836,1
commemorate,0.025837579858489335,-0.025837579858489335,1
"made""",0.025821943053631998,-0.025821943053631998,1
a%,0.02578222902463507,-0.02578222902463507,2
lined,0.025776548660360277,0.025776548660360277,1
energy,0.025771570573851932,-0.025771570573851932,2
"information,",0.025757315763575393,-0.025757315763575393,1
000.,0.025734877495802697,-0.025734877495802697,1
despite,0.0257244046855097,-0.01460135025748362,2
caned,0.02567720680963248,-0.02567720680963248,1
short,0.025672402000054717,-0.025672402000054717,1
liable,0.025637925614137202,0.025637925614137202,1
released,0.025620338707205398,-0.025620338707205398,1
probably,0.025620149448513985,0.025620149448513985,1
night,0.02561373100616038,-0.01180084585212171,2
rare,0.02559208299499005,-0.02559208299499005,1
is.,0.025584976305253804,0.025584976305253804,1
of““,0.02554326489802623,-0.000170613587004282,4
protesting,0.025524796383893666,-0.025524796383893666,1
american,0.02548931994295838,0.01629742191668412,9
ends,0.025478670501939228,-0.025478670501939228,1
amanda,0.025470644235610962,-0.025470644235610962,1
native,0.025436754457630394,-0.025436754457630394,1
primaries,0.025434426037550327,-0.025434426037550327,1
modi,0.025419016616069712,-0.025419016616069712,1
fuel,0.025417627211532415,0.0017830189695410403,4
actually,0.025405134012301763,0.025405134012301763,1
resigned,0.02536459556722548,-0.02536459556722548,1
clashes,0.025326759787276387,-0.025326759787276387,1
represent,0.025287678676911375,0.025287678676911375,1
floor,0.025287348637357356,-0.025287348637357356,1
representative,0.025218690035751824,-0.025218690035751824,1
weeks,0.0252186568104662,-0.0252186568104662,1
wears,0.025196706470943846,-0.025196706470943846,1
terrorism.,0.025194740272127092,-0.025194740272127092,1
extremism,0.025169363378414085,0.012130070145108869,2
comply,0.02516161026142072,-0.02516161026142072,1
fanatics,0.025120461049179234,0.025120461049179234,1
programs,0.02511476573999971,-0.02511476573999971,2
patrol,0.025072410702705383,-0.025072410702705383,1
12,0.025048110750503838,-0.025048110750503838,1
deaths,0.024994179233908655,-0.024994179233908655,1
tried,0.024989234341774136,-0.024989234341774136,1
returns,0.02488244076615022,-0.02488244076615022,2
via,0.02485352170886472,0.021678452629130332,2
eight,0.02483903744723648,-0.02483903744723648,1
al,0.024761218096788287,-0.024761218096788287,2
2018,0.024742298533156928,-0.024742298533156928,1
announcing,0.024719192010040088,-0.024719192010040088,1
deflect,0.024712477884595355,0.024712477884595355,1
appearance.’’,0.024686503705190974,-0.024686503705190974,1
missing,0.02463902178569697,-0.02463902178569697,1
connected,0.024635825513137713,0.024635825513137713,1
greg,0.024620353360660374,-0.024620353360660374,1
2021,0.02460660965880379,-0.02460660965880379,1
georgia,0.024602913734917013,-0.024602913734917013,1
act.””,0.024556073934410283,-0.024556073934410283,1
need,0.0245531452819705,0.0245531452819705,1
line,0.024543015443039343,-0.024543015443039343,1
guru,0.024523575324565172,0.024523575324565172,1
wood,0.024501603038515896,-0.024501603038515896,1
lafayette,0.02447796330053472,-0.02447796330053472,1
handful,0.024463799403747544,0.024463799403747544,1
graduate,0.02445433512826846,-0.02445433512826846,1
praised,0.02445140408235602,0.02445140408235602,1
negotiate,0.024437617407076888,-0.024437617407076888,1
"attention,",0.024434792687229458,0.024434792687229458,2
itself,0.024423647697808012,0.024423647697808012,1
man.,0.024418779648840427,-0.024418779648840427,1
recorded,0.024404696087003686,-0.024404696087003686,1
"ed,",0.024337581172585485,-0.024337581172585485,1
not,0.02427396917221577,-0.006594299721612904,14
personally,0.024267782152645172,0.024267782152645172,1
pullout,0.024241889885161072,-0.024241889885161072,1
rapid,0.024238052021246403,-0.024238052021246403,1
will,0.024190587018891086,-0.009033019761009035,12
"however,",0.024155476786704225,-0.005828650393099946,2
began,0.024150096665835008,-0.024150096665835008,1
crown,0.024147130008454303,-0.024147130008454303,1
faces,0.024137549326064926,-0.022995473593232292,4
student,0.024129683126171808,-0.014662481508314987,6
dozen,0.024108655260837015,-0.021351571597430546,2
homosexuality,0.024099242041951845,0.024099242041951845,1
swedish,0.024081177602056414,-0.024081177602056414,1
ultra,0.024066656559065185,0.024066656559065185,1
2016,0.02406062949914485,-0.02406062949914485,1
syrias,0.024037917028181255,-0.024037917028181255,1
rejoicing,0.024032069841859405,-0.024032069841859405,1
republicans,0.02401176064143865,0.02401176064143865,5
"day,",0.023980064754418676,-0.023980064754418676,2
brings,0.023979940896646845,0.023979940896646845,1
attorney,0.02395937957771821,-0.012866171709902119,2
hardly,0.02393428571522236,0.02393428571522236,1
allegedly,0.02389940380429228,0.02389940380429228,1
immediate,0.023855580016970634,-0.023855580016970634,1
"moscow,",0.023845134710427374,-0.023845134710427374,1
around,0.023838916920464148,-0.023838916920464148,1
hispanic,0.023825370658111446,-0.023825370658111446,1
virtually,0.023824911875029404,0.023824911875029404,1
man,0.02380801223162389,0.003420411955987758,3
gay,0.023805798962712288,0.023735325317829847,2
deaf),0.02376382565125823,0.02376382565125823,1
pi,0.02374314669785755,0.02374314669785755,1
repeats,0.02374314470216632,-0.02374314470216632,1
under,0.023713237468216,-0.010669127578962398,8
walmart,0.023709728793861965,-0.023709728793861965,1
"survive,",0.023676853626966476,-0.023676853626966476,1
against,0.023653762255741815,-0.01452427756366136,11
policies,0.02361738426127256,0.021047443185801595,3
strikes,0.0235816893982701,-0.0235816893982701,1
administration,0.023544491242897824,0.023544491242897824,4
implausible,0.023516224697232246,0.023516224697232246,1
rahaf,0.023469810229208736,-0.023469810229208736,1
right,0.02346473624386976,0.02346473624386976,6
running,0.023426261828386818,-0.023426261828386818,2
accomplishments.,0.023419753625057636,-0.023419753625057636,1
families,0.023415837373856146,-0.008796950360798899,4
completed,0.023357301717624068,-0.023357301717624068,1
south,0.02332680898204368,-0.022561156407755335,4
men,0.023326025965313114,0.023326025965313114,2
demonstrators,0.023316103281104006,-0.023316103281104006,1
caution,0.023300217398825814,0.023300217398825814,1
resignation.,0.023294737611925513,-0.023294737611925513,1
only,0.023275371596134766,0.022130521821041825,7
chicago,0.023269891986500944,-0.01840969900681498,4
real,0.023260993543779817,0.023260993543779817,3
sacrosanct.,0.023248545825481415,-0.023248545825481415,1
import,0.023243570665640402,-0.023243570665640402,1
finalizing,0.023238420895197325,-0.023238420895197325,1
country,0.023231274537864093,-0.011996917649161156,7
instance,0.0231850977987051,-0.0231850977987051,1
them,0.023178928733176115,0.019926043067659653,7
worse,0.023157994144946917,0.023157994144946917,1
out,0.023146494696409635,0.0029534339681839506,14
medicare,0.023142916141336577,-0.023142916141336577,3
six,0.023131151081179267,-0.023131151081179267,1
possibly,0.023106111237309903,0.020337895189674337,2
pleased,0.023076677832120498,0.023076677832120498,1
catholic,0.02305785403586924,-0.02305785403586924,1
protests.,0.023053640669042415,-0.023053640669042415,1
south’’,0.023049541137879714,-0.023049541137879714,1
opposed,0.02301745186559856,0.02301745186559856,1
taxes,0.022949046605347013,0.0024257643627130336,2
wests,0.02294887851790658,0.02294887851790658,1
act,0.02294831071048975,-0.02294831071048975,1
"that,",0.02290148966324826,0.0014965202504148099,2
aircraft,0.022887100087245926,-0.022887100087245926,1
virus,0.022875900518233218,-0.022875900518233218,4
bloomberg,0.022863672192263613,0.022863672192263613,2
security,0.02286317219981428,-0.022267611702567133,5
greatest,0.02284552073932887,0.02284552073932887,2
doesnt,0.022825775668025017,0.022825775668025017,1
pikettys,0.022818868254454665,-0.022818868254454665,1
combat,0.022798552734422543,-0.022798552734422543,1
everything,0.022776302622838154,0.022776302622838154,1
"operations,",0.02276409211169396,-0.02276409211169396,1
city,0.02276147170591035,-0.02276147170591035,2
"washington,",0.02274653131219869,-0.008796902703276524,2
worlds,0.022735273465514183,0.022735273465514183,1
mcconnell(,0.022720230145605057,-0.022720230145605057,1
mans,0.022715517048103116,-0.022715517048103116,1
america,0.022663821485921644,0.015051880839998427,4
swat,0.022635571154601433,0.022635571154601433,1
ontological,0.02260800668348869,0.02260800668348869,1
shift,0.022590350650716573,-0.022590350650716573,1
muellers,0.02257980729686096,-0.02257980729686096,1
sea,0.022566014085896313,-0.022566014085896313,1
why,0.022539105956201202,0.022539105956201202,3
assertion,0.022523033898323774,0.022523033898323774,1
german,0.02252158564726021,-0.02252158564726021,3
ceiling,0.022464627400040627,-0.022464627400040627,1
"hopeful,",0.02246078359229224,-0.02246078359229224,1
attend,0.02244847586068014,-0.02244847586068014,1
guidance,0.022436880727958245,0.019914103537836732,2
featured,0.02235843683592975,-0.02235843683592975,1
"100,",0.02235204878915123,-0.02235204878915123,3
"hockey,",0.022326261143792762,-0.022326261143792762,1
after,0.022321769842719635,-0.012893849616821386,18
is,0.022293846796727235,-0.0023404684955594286,71
"them,",0.02229244578629732,-0.02229244578629732,1
risk,0.022277627264459927,-0.022277627264459927,2
115,0.022274104005191475,-0.022274104005191475,1
christians.,0.022264268435537818,0.022264268435537818,1
alexandria,0.02225829021324347,-0.02225829021324347,2
answer,0.022173025587107986,0.00214747543213889,2
feminists.,0.022142249603001846,0.022142249603001846,1
got,0.022125694013084285,0.022125694013084285,1
banning““,0.022109038964173613,-0.022109038964173613,1
faith,0.02210727473720908,0.02210727473720908,1
founder,0.02206303565822637,-0.02206303565822637,2
gov.,0.022061310010030866,-0.022061310010030866,2
2020““,0.022060997120346516,-0.022060997120346516,1
minute,0.022027745377272367,-0.022027745377272367,1
health,0.021888163641804598,-0.01930576464418485,10
controls,0.02188207544386387,-0.02188207544386387,1
st,0.021874260739423335,-0.021874260739423335,1
warns,0.02186586003517732,-0.02186586003517732,1
must,0.021811277450372774,0.021811277450372774,1
kind,0.021801938426078242,0.021801938426078242,1
working,0.021791884093877046,-0.019676191772916685,3
presidential,0.02178186734536818,-0.003637006822132713,10
launched,0.021776376919297034,-0.01835981063632062,4
needs,0.02177513933740556,0.019594106720760465,5
troubled,0.02176102639641613,0.02176102639641613,2
posts,0.02173967193812132,-0.02173967193812132,1
sent,0.02173958866430136,-0.02173958866430136,2
yet,0.021726944410386712,0.013994828719642484,6
lies,0.021717773750424385,0.021717773750424385,1
for’’,0.02171272873370485,-0.02171272873370485,1
fell,0.02168401381932199,-0.02168401381932199,1
crucial,0.02166032309954365,0.02166032309954365,1
near,0.021642110689241444,-0.021642110689241444,3
truth,0.021631893360366423,0.021631893360366423,2
requiring,0.021615631427266635,0.021615631427266635,2
michael,0.021613012148817584,-0.0030328789952262813,3
"college,",0.021609515650197864,-0.021609515650197864,1
rebuke,0.021585653908550738,0.021585653908550738,1
parental,0.02158111217431724,0.02158111217431724,1
medical,0.021578257725475572,-0.014133488814247988,2
congress.,0.021561988474180303,-0.021561988474180303,1
undermining,0.021534903299831588,0.021534903299831588,1
forthcoming,0.02152185806479442,-0.02152185806479442,1
spurs$,0.021476064767089804,-0.021476064767089804,1
across,0.02146916294490252,-0.02146916294490252,7
wedded,0.021452047634455892,0.021452047634455892,1
advocates,0.021429665753832802,-0.021429665753832802,2
estimates,0.021427003346616402,-0.021427003346616402,1
wrote,0.02140314848614199,-0.02140314848614199,1
vice,0.021382180391810834,-0.021382180391810834,2
valley““,0.02137676199131152,0.02137676199131152,1
shows,0.02136944924933377,0.02136944924933377,2
violation,0.02135266171535477,-0.02135266171535477,1
lockdowns,0.021329179406166077,0.021329179406166077,1
"webcast,",0.021312956931069493,-0.021312956931069493,1
those,0.021307398657833647,0.01594435333741808,8
logo,0.021291293126220506,-0.021291293126220506,1
emergency,0.021274258437214356,-0.021274258437214356,3
stranded,0.021270793804433197,0.021270793804433197,1
can,0.021270019842733107,-0.0011348087974613896,4
easily,0.02123694308102131,0.02123694308102131,1
healthcare,0.021234787069261074,0.021234787069261074,1
wall,0.021230197589223582,0.021230197589223582,1
transgender,0.0212020330183718,-0.020231175800463894,3
launching,0.0211958500634258,-0.0211958500634258,1
"tweet,",0.02116367652391394,-0.02116367652391394,1
government,0.02113071842093403,0.011124699168089745,11
bloombergs,0.02112156179888795,0.02112156179888795,1
seek,0.02111656218767166,-0.02111656218767166,1
indian,0.021068933841888793,-0.021068933841888793,1
"election,",0.021048631150430687,-0.021048631150430687,1
dave,0.0210403280499845,-0.0210403280499845,1
"candy,",0.02103607528260909,-0.02103607528260909,1
when,0.02103333641501795,0.020227006557542112,8
apothecaryfor,0.02102115283173228,0.02102115283173228,1
christmas,0.02101120265562915,-0.02101120265562915,1
appeals,0.021010846190620214,0.021010846190620214,1
college,0.02100090440207471,-0.02100090440207471,3
promised,0.020936974666255992,0.007890906308603007,2
quarters,0.020919818460242823,-0.020919818460242823,1
billion,0.020906331564981007,-0.020906331564981007,3
execution.,0.020900120643469,-0.020900120643469,1
united,0.020884251431900782,-0.018973083959377454,9
consider,0.020880792484160887,-0.020880792484160887,2
"course,",0.020822044524053736,0.020822044524053736,1
against’’,0.02079540234990418,-0.02079540234990418,1
page,0.020793022052384914,-0.020793022052384914,1
outbreak.,0.020781721407547592,-0.020781721407547592,1
tens,0.020765787456184626,-0.020765787456184626,2
frustrate,0.02066614522288243,0.02066614522288243,1
disturbing,0.02063858835211408,0.02063858835211408,1
triumphant,0.02061279529057767,0.02061279529057767,1
tone,0.020606523325356344,-0.013123006847066184,2
hours,0.02059492144617252,-0.02059492144617252,1
house,0.020590086776796936,-0.020590086776796936,5
mental,0.020565400180163163,-0.020565400180163163,2
dont,0.020561190011600654,0.020561190011600654,3
deportation,0.020537928909390837,-0.020537928909390837,1
blue,0.020531745348125695,0.020531745348125695,1
president’’,0.020516097647625776,0.020516097647625776,1
13,0.020495731849223375,-0.020495731849223375,1
people,0.020481029738069804,0.003212857003727833,13
maximus,0.020470902944604557,-0.020470902944604557,1
candidacy.,0.020463662320061735,-0.020463662320061735,1
"work,",0.02043950674124062,-0.02043950674124062,1
some,0.020398585088106186,-0.0014489385038822286,10
child,0.020382932423510483,0.020382932423510483,1
amini,0.02036702074110508,-0.02036702074110508,1
sad,0.020343882963061333,0.020343882963061333,1
oversized,0.02032524161040783,0.02032524161040783,1
26,0.020296255969959827,-0.020296255969959827,1
"gang,",0.020293615034057036,0.020293615034057036,1
horse,0.020281745012228687,-0.020281745012228687,1
knew,0.020281410653536256,0.020281410653536256,1
executives.,0.020276580296922475,-0.020276580296922475,1
it,0.020274306088301497,0.014240563759855813,27
investigation,0.02022905787306766,-0.02022905787306766,1
affront,0.020214062367537707,0.020214062367537707,1
result,0.020189499671687372,0.020189499671687372,2
process,0.02016424119938165,-0.02016424119938165,1
diplomat,0.02015020401449874,0.02015020401449874,1
weaker,0.020123995665926486,0.020123995665926486,1
given,0.020119458436965942,0.020119458436965942,1
staged,0.020110084034968168,0.020110084034968168,1
"jurisprudence,””",0.020096890668128982,-0.020096890668128982,1
offices,0.02009432668273803,-0.02009432668273803,1
local,0.02006825403077528,-0.02006825403077528,2
conspiracy.,0.020060183790822826,0.020060183790822826,1
white,0.02000881040211035,0.008254729334813807,10
modest,0.0199746647849679,0.0199746647849679,1
day,0.019971722229383888,-0.019171714927069844,5
organization,0.01996885518666305,-0.01996885518666305,1
national$,0.01996704952658287,-0.01996704952658287,1
realm.,0.01993678640574217,0.01993678640574217,1
xi,0.019916053439374082,0.019916053439374082,1
family,0.019911780609235836,-0.019016964324952985,5
using,0.01990690891398117,0.003013570618350059,4
theyre,0.01985156989345948,0.01985156989345948,1
ca),0.019838254200294614,-0.019838254200294614,1
text,0.019830805559953053,-0.019830805559953053,1
are,0.019790913264587293,-0.005344910330418375,33
ask,0.019758778225098337,0.019758778225098337,1
economy,0.01974814647983294,0.006746364341233857,4
affairs.,0.01973500225322071,0.01973500225322071,1
develop,0.019726234693532914,-0.019726234693532914,2
targeted,0.019720325246453285,0.019720325246453285,1
medicaid,0.019653906873870818,-0.019653906873870818,1
markets,0.019635989719641988,-0.019635989719641988,1
kaplans,0.01962577323170586,-0.01962577323170586,1
event,0.019604803753706317,-0.003994976628261308,2
on,0.019600289815694342,-0.013220167137496117,63
critics,0.019595850084442645,0.014701962645631284,2
15(,0.01958190813505401,-0.01958190813505401,1
new,0.019566578094723033,-0.004340267626074636,14
"mythology,””",0.01955508811912243,0.01955508811912243,1
prince,0.0195366407777848,-0.0195366407777848,2
silicon,0.019496922819491697,0.019496922819491697,1
"fact,",0.019487520369390648,0.019487520369390648,1
"constitution,",0.01946849784710341,-0.01946849784710341,1
life,0.019434855792668307,-0.003520310501668364,6
recipients,0.019429275882430375,-0.019429275882430375,1
steve,0.019418638332613876,0.019418638332613876,1
strategist,0.019418638332613876,0.019418638332613876,1
would,0.019396429364358772,-0.012918573213002596,17
least,0.01939307024753359,0.0059513846073892705,4
data,0.019380807333315413,-0.019380807333315413,1
showing,0.01937647699378431,0.01937647699378431,1
activistswere,0.019375760341063142,0.019375760341063142,1
"sites,",0.019367120158858595,-0.019367120158858595,1
restaurants,0.01934366854839027,-0.01934366854839027,1
vaccine,0.01934338902896603,-0.0025685322641428297,5
seeking,0.019332744548511173,-0.00941414158894784,4
it.,0.01933003597271939,-0.01933003597271939,1
challengers,0.019304973367867004,-0.019304973367867004,1
johnsons,0.019287390052340925,0.019287390052340925,1
care,0.019279086083164053,0.013407654901432883,4
hitler.,0.019276297841077813,-0.019276297841077813,1
old,0.0192743278071074,-0.0192743278071074,7
suppress,0.019254005634658303,0.019254005634658303,2
his,0.019237221014623926,0.0060014980313812345,40
"seoul,",0.019224620730771372,-0.019224620730771372,1
effectively,0.01919718738645315,0.01919718738645315,1
way,0.019191618784193825,0.017518086853300165,5
slash,0.01917234779631888,0.01917234779631888,1
day.””,0.01916439010140797,-0.01916439010140797,1
abuse,0.019108777000967945,0.019108777000967945,1
7,0.019079700141446665,-0.019079700141446665,1
agreed,0.019032834286917932,-0.019032834286917932,1
carbon,0.01898947418667376,-0.01898947418667376,1
cancel,0.018979858395658314,-0.018979858395658314,3
charge,0.018949828518088907,-0.005256902135442942,2
sports,0.018948075267474607,-0.004985365643154337,5
available,0.018914220670315746,-0.018914220670315746,1
disciplined,0.018885147827677428,0.018885147827677428,1
left,0.01888158199525224,0.014253690179053414,8
which,0.01885777860766628,0.0012534301640786925,21
room,0.01885027386662033,-0.01885027386662033,1
same,0.018838399304871776,-0.00459015867903827,6
republican,0.01882984818741854,-0.011854401019131053,10
amounts,0.018825086764991283,0.018825086764991283,1
so,0.018823944383613633,0.018823944383613633,7
owned,0.01882195448852144,-0.01882195448852144,1
tier,0.018813502955405664,0.018813502955405664,1
current,0.0187978348612654,-0.003844561451562466,2
innovative,0.018771033152006567,0.018771033152006567,1
lords,0.018765926799353433,0.018765926799353433,1
circus,0.01876351920266946,0.01876351920266946,1
elizabeth,0.01876246277242899,-0.01876246277242899,1
"republicans,",0.018741654586933908,0.018741654586933908,2
"equality,",0.018712531689310533,-0.018712531689310533,1
22,0.018709558508514117,-0.018709558508514117,2
stores,0.01869649435199487,-0.01869649435199487,3
send,0.018685144517803565,-0.018685144517803565,1
been,0.018655718870129265,0.002493080075563237,14
conservatives.,0.018650315081079796,0.018650315081079796,1
heightened,0.018642908791662194,-0.018642908791662194,1
"slog""",0.0186393822883614,-0.0186393822883614,1
restraint,0.018637347035109997,0.018637347035109997,1
approve,0.018619131694197075,-0.018619131694197075,1
boosts,0.018613839296564932,0.018613839296564932,1
a,0.01860452669538469,-0.00669119518963478,176
occupy,0.01860114318939547,-0.01860114318939547,1
disease,0.018598902405106595,-0.018598902405106595,1
impeachment,0.018587375874631107,-0.018587375874631107,1
kumbayaing,0.018572762608528137,0.018572762608528137,1
also,0.01854057758517432,-0.017854832521150294,11
dent,0.018526203940932098,0.018526203940932098,1
play,0.018523369915783405,0.018523369915783405,1
era,0.018516401210945332,0.0156279686743801,2
infiltrating,0.018505668765392135,0.018505668765392135,1
states,0.018482737071718394,-0.014730012400796943,10
couple,0.0184707086882554,-0.0184707086882554,1
nationwide,0.01844355441368414,-0.015103822968769005,3
being,0.01840989654669106,0.0011873516812892142,6
this,0.018330288558076165,0.012084652159999999,19
"degrees,",0.018320467413610056,-0.018320467413610056,1
"antifa,",0.018295558635145426,0.018295558635145426,1
scare,0.018294712729178944,0.018294712729178944,1
rise,0.01824205497525529,-0.01824205497525529,2
liberties,0.0182185226585716,-0.0182185226585716,1
terrorist,0.018199060707249574,0.018199060707249574,1
demonstration,0.018178849763769125,0.018178849763769125,1
into,0.01816073631988202,-0.01705371261824354,14
acute,0.01813307701377198,-0.01813307701377198,1
clear,0.018113598693162203,0.018113598693162203,1
asia,0.018091463747744757,-0.018091463747744757,1
about%,0.018060042732395233,-0.018060042732395233,1
trafficking,0.01805294774369233,0.01805294774369233,1
atlantic,0.01802802411839366,0.01802802411839366,1
vaccine.,0.018013570022651346,-0.018013570022651346,2
keons,0.018002735641361636,-0.018002735641361636,1
pornand,0.01795624998475896,0.01795624998475896,1
wants,0.01795254702680808,0.01795254702680808,2
how’’,0.0179437268525362,-0.0179437268525362,1
benefits,0.01794123771833256,-0.01794123771833256,1
show,0.017920022710188846,-0.0075855389818304565,3
strains,0.01790664531290531,-0.01790664531290531,1
earners,0.017894542426802218,-0.017894542426802218,1
latest,0.01788500584834665,0.01788500584834665,3
"250,",0.017856988235773898,-0.017856988235773898,1
is““””,0.017841410535735416,0.017841410535735416,1
video,0.017773971006196612,-0.008329606426802152,4
understands,0.017759724085529647,-0.017759724085529647,1
beijing.,0.01773523574876082,-0.01773523574876082,1
thwart,0.01772100317220275,0.01772100317220275,1
"ago,",0.017704916394767213,-0.017704916394767213,1
effective,0.017693765927106142,0.017693765927106142,1
touted,0.017693127382938798,0.017693127382938798,1
energized,0.01766508371235534,-0.01766508371235534,1
open,0.01766103835255284,-0.013946282662827561,5
natures,0.017660851031541823,-0.017660851031541823,1
authoritarian,0.017653622614618922,-0.017653622614618922,1
alarm,0.017649397866556508,0.01312170293281919,3
help,0.01759801446316558,0.004033110664731086,4
regions,0.017592584046845636,0.017592584046845636,1
count,0.017585750964159767,-0.017585750964159767,1
other,0.017578038505849162,-0.013172339274737632,11
tuition,0.017563315207759538,-0.014091099323704838,3
saudi,0.017551826890779748,-0.017551826890779748,2
25,0.017550559500122673,-0.017248661625089354,4
tensions,0.01752530672820285,-0.01752530672820285,1
tactical,0.017505125798793,-0.017505125798793,1
long.,0.01747556527455648,0.01747556527455648,1
full,0.017471814062446356,0.015639822464436293,2
celebrated,0.017451385379813257,-0.017451385379813257,1
news,0.017423478071577847,0.017423478071577847,1
black,0.017351191653583894,-0.007241453135438116,14
since,0.017335381076175153,-0.008744959386716853,5
jinping,0.01733394707844127,-0.01733394707844127,1
"order""—",0.01732972819757249,0.01732972819757249,1
hate,0.017323688308695434,0.010037413182888283,2
americans,0.017318984774134977,-0.010048207311131405,7
operation,0.017306843685219064,-0.017306843685219064,1
labor,0.017290020958710187,0.013341704980659954,3
he,0.017287422569334167,-0.015044089293076419,18
claimed,0.017275354167213663,-0.017275354167213663,1
"tour,",0.01727493184929093,-0.01727493184929093,1
conclusion,0.01725806739879772,-0.01725806739879772,1
comical,0.017240852324499026,0.017240852324499026,1
constant,0.01721155446850591,0.01721155446850591,1
washington,0.017201721902419424,0.014872423581468694,3
confronted,0.01718669105321169,0.01718669105321169,1
covid,0.017177849542349577,0.017177849542349577,1
civil,0.017156538500178915,-0.017156538500178915,3
centers,0.017137048463337124,-0.017137048463337124,1
collective,0.017114189104177058,-0.017114189104177058,1
come.,0.01709696472932895,-0.01709696472932895,1
total,0.017073152266675606,-0.017073152266675606,1
struggle,0.017054838953878392,-0.017054838953878392,1
views,0.017034331414227683,-0.017034331414227683,1
raise,0.017031881880636018,0.002329683629795909,3
joewith,0.017001973504487136,-0.017001973504487136,1
fatally,0.016972919111140072,-0.016972919111140072,1
china,0.016972301674993813,-0.004929990654798327,5
critical,0.016964214538881882,-0.012716267874190909,2
mcconnell,0.016962760344765307,-0.012532398822833515,3
parentstrust.,0.01695011265664583,0.01695011265664583,1
was,0.016948616622857102,-0.005019594032116474,20
million,0.016945140571174317,-0.016945140571174317,6
hundreds,0.016943363239988685,-0.008419365447480232,2
infected,0.01693904031482008,-0.01693904031482008,1
stay,0.016931112644646966,-0.016931112644646966,1
globally,0.01691906792499746,-0.01691906792499746,1
populations,0.016873726053745486,-0.016873726053745486,1
bank,0.01687110603735265,-0.01687110603735265,1
enforcement,0.016824598869089272,-0.016824598869089272,5
cortez.,0.016808502020483666,-0.016808502020483666,1
of””,0.016790338192710322,-0.016790338192710322,2
cte,0.0167233020442331,-0.0167233020442331,3
ralph,0.016700614803648067,-0.016700614803648067,1
about,0.01664785600470055,-0.0008278994373194284,16
"which,",0.016587881992260613,0.016587881992260613,1
"enemies,",0.01654076591684398,0.01654076591684398,2
southern,0.016532785492017865,-0.016532785492017865,3
genome,0.01653225913469214,-0.01653225913469214,1
lives’’,0.016506887041032314,0.016506887041032314,1
and$,0.016446770202455177,-0.016446770202455177,1
central,0.016388391285781165,-0.001691920394552181,3
mining,0.01638320972317715,-0.0162634643963798,2
providing,0.016377372541823067,-0.016377372541823067,1
test,0.016349700523514393,-0.016229955196717043,2
battleground,0.016345302209215748,0.016345302209215748,1
d.,0.016338737157639116,-0.016338737157639116,2
months,0.016329167671095355,-0.012507287834857748,4
did,0.01632267445837555,0.0010045597078503481,6
limbaugh,0.016314493123597156,-0.016314493123597156,2
seasons,0.01628843118221714,0.01628843118221714,1
twenty,0.01628275258609882,-0.01628275258609882,1
suleimani,0.01627057365008763,-0.01627057365008763,1
"all,",0.016219120449386535,0.0022575234606241196,3
likely,0.016212796372066067,-0.015986111929110567,6
better,0.016187828266993165,-0.016187828266993165,1
valley,0.01615993760060519,-0.01615993760060519,1
brief,0.016156029887497425,0.016156029887497425,1
inserted,0.016138956094870253,0.016138956094870253,1
while,0.01613253545675412,0.009031424614364755,9
work,0.01612998697673902,0.01612998697673902,2
all,0.016107898936023983,0.011344572963813058,14
circulated,0.01609219648085083,-0.01609219648085083,1
emotional,0.016090243763756007,0.016090243763756007,1
as,0.01608605701701623,0.0002826617894099057,49
assassinate,0.016069494229223994,0.016069494229223994,1
opposition,0.016057845215878584,-0.016057845215878584,1
bevin’’s,0.01603812569131454,0.01603812569131454,1
"margins,",0.016034097992815077,-0.016034097992815077,1
threaten,0.01602546372450888,0.01602546372450888,1
"race,",0.016010522126005247,0.016010522126005247,1
"monuments,",0.016002909489260572,-0.016002909489260572,1
capture,0.01599680544369711,-0.01599680544369711,1
shifted,0.015979243660463938,0.015979243660463938,1
brees,0.01597132326088964,-0.01597132326088964,1
"reopen""",0.015965457819402215,-0.015965457819402215,1
message.,0.01594251859933138,-0.01594251859933138,1
pollution,0.015935466924150075,-0.015935466924150075,1
ruled,0.01591965529951267,-0.01591965529951267,1
face,0.015905166510492563,-0.015905166510492563,1
to,0.015860097955588348,-0.005530614261786467,216
migrant,0.01584151148563251,0.01584151148563251,1
average,0.01584144164614069,-0.01584144164614069,3
elementary,0.01582264103926718,-0.01582264103926718,1
that,0.015803484284010152,-0.000990453549626391,73
degrees.,0.015785397397355953,-0.015785397397355953,1
encouraging,0.015773553871126337,-0.008031323463232681,2
dangers,0.015773328320522393,-0.015773328320522393,1
judges,0.015766143100336194,0.015766143100336194,1
down,0.01575644035041571,0.01575644035041571,3
vehicles,0.015734579879790545,-0.015734579879790545,1
auto,0.01572802701931713,-0.01572802701931713,1
accomplished,0.015666292514652014,-0.015666292514652014,1
worsens,0.015660790260881186,0.015660790260881186,1
adept,0.01565076628079017,0.01565076628079017,1
investigators,0.015648459456861018,-0.015648459456861018,1
conflict,0.01564694269715498,-0.01564694269715498,1
public,0.015615806843647185,-0.013635557216099081,5
28,0.015611354635243683,-0.015611354635243683,1
school,0.015606408141126547,-0.015606408141126547,5
"region,",0.015594221279025072,-0.015594221279025072,1
over,0.015576703948071412,0.005195583615312052,18
buy,0.015567648605528204,-0.015567648605528204,1
street(,0.015559249198096887,-0.015559249198096887,1
harmto,0.015553966106381267,0.015553966106381267,1
colin,0.015517301930516375,-0.015517301930516375,1
move,0.01551708868022875,-0.013895817383724664,2
fbi,0.015503201051615179,-0.015503201051615179,1
demonstrated,0.015494616780392732,0.015494616780392732,1
window,0.015488879489047187,0.015488879489047187,1
far,0.015485580845011605,0.015214133904212052,5
usage,0.015449897269718349,-0.015449897269718349,1
roiling,0.015411808155477047,-0.015411808155477047,1
colleague,0.015390120999654755,-0.015390120999654755,1
at,0.015366881457835664,0.002444584286849609,30
hurting,0.01534351974260062,0.01534351974260062,1
administration.,0.015338898566551507,0.015338898566551507,2
pained,0.015319894829391565,0.015319894829391565,1
robbing,0.015303951486096005,0.015303951486096005,1
nominating,0.01529868923050041,-0.01529868923050041,1
faced,0.015281166937451676,0.009424110465001181,2
name,0.015266873097668091,0.015266873097668091,1
devalue,0.015263266861438751,-0.015263266861438751,1
new””,0.015235679901836972,0.015235679901836972,1
staff,0.015227616608899552,-0.015227616608899552,2
"union,",0.015207258984446526,-0.015207258984446526,1
points,0.015194994882525254,-0.015194994882525254,2
vaccines,0.015190805737155541,-0.006499167378286883,4
last,0.015189666781225242,-0.014123512504738756,4
schedules,0.015176557470113039,-0.015176557470113039,1
busy,0.015176557470113039,-0.015176557470113039,1
notion,0.015172697543166578,-0.011412846683524549,2
following,0.01514915182449234,-0.01514915182449234,3
defiant,0.015138735063374043,0.015138735063374043,1
figure,0.015131114982068539,0.015131114982068539,1
wondering,0.015130986022193423,0.015130986022193423,1
put,0.015118390147108585,0.015118390147108585,2
appears,0.015113867819309235,0.015113867819309235,1
ized,0.015112539598097404,-0.015112539598097404,1
automatically,0.015082863939460369,0.015082863939460369,1
provide,0.01506796572599948,-0.01506796572599948,2
media.,0.01502022030763328,0.01502022030763328,1
convince’’,0.015002623594437655,0.015002623594437655,1
concentration,0.014993877557571977,-0.014993877557571977,1
formal,0.014986206505758068,-0.014986206505758068,1
"policies,",0.01497517405077815,0.0048609239049255855,2
don,0.014949923225988943,0.014949923225988943,1
highest,0.014924877905286849,0.014924877905286849,1
grooming,0.014919370361086395,0.014919370361086395,1
depending,0.01491643805638887,-0.01491643805638887,1
spreading,0.01488550061476417,-0.01488550061476417,1
implement,0.014873219071887434,-0.014873219071887434,1
shortages,0.014863213815260679,-0.014863213815260679,1
islam,0.014858312904834747,0.014858312904834747,1
exploit,0.014834716117807796,0.014834716117807796,1
religious,0.014829628373177148,0.014829628373177148,3
longest,0.014828718400427274,-0.014828718400427274,1
cannot,0.014820796716958283,0.00459115154420336,3
conspired,0.01481682585186458,0.01481682585186458,1
2020,0.014813445999638304,-0.014813445999638304,4
kick,0.014795837822020985,-0.014795837822020985,1
killing,0.014782071649906562,0.008385738985734656,5
major,0.01478204538217849,-0.007552276641233928,5
and,0.01478110819451521,-0.0013732660677001885,171
meeting,0.014764220653367894,-0.014764220653367894,1
premiere,0.01476049394113943,-0.01476049394113943,1
former,0.014731770484036403,-0.012179904173106907,9
resources,0.01469426383355076,-0.01469426383355076,1
sensitivity,0.014684455003589392,0.014684455003589392,1
by,0.014647750862939925,0.00451164162047589,42
distributed,0.014642328504123725,-0.014642328504123725,1
below$,0.014636742474890906,-0.014636742474890906,1
izing,0.014635251623324373,0.014635251623324373,1
pandemic,0.014633764929714656,0.014633764929714656,2
ideas,0.014577913641308745,-0.014577913641308745,1
an,0.014557430701592945,-0.007248669219439646,27
creatures,0.01454373187202419,0.01454373187202419,1
race,0.014537771740420298,-0.014537771740420298,2
barriers,0.014536946673284878,0.014536946673284878,1
less,0.014503741322550924,0.009748036790794383,2
now,0.01449668088657992,0.005260975731763182,8
leaders,0.014478807463079661,0.01152040829426526,4
advised,0.014467251393944024,0.014467251393944024,1
early,0.014464053296251222,-0.014464053296251222,2
be,0.014461631660359018,-0.000801473993750173,25
coverage,0.014436446971053049,-0.014436446971053049,3
go,0.014417103060906085,-0.013697519919561004,3
studies.,0.014409061707556247,-0.014409061707556247,1
ill,0.01436151236606141,0.01436151236606141,1
the,0.014358961781049206,0.00532937854912335,403
significantly,0.014355985552538187,0.014355985552538187,1
attendees,0.014346088282763958,-0.014346088282763958,1
teams,0.01433217111760034,0.01433217111760034,1
pay,0.01423257205169648,-0.00010491337161511183,2
"itself,",0.014229590197404225,0.014229590197404225,1
them.,0.014183326380416042,-0.014183326380416042,1
sense,0.014180844649672508,0.014180844649672508,1
about.,0.014174104668200016,-0.014174104668200016,1
robert,0.014171624412789706,-0.014171624412789706,2
baby””,0.01415554154664278,0.01415554154664278,1
park,0.014148800226394087,-0.014148800226394087,1
if’’,0.014136605026821293,0.014136605026821293,1
official,0.01413458447080172,-0.011891960380515747,5
permanent.,0.01412257772233141,-0.01412257772233141,1
narrative,0.01409850288898899,0.01409850288898899,2
millions,0.014087118459671423,-0.013086012810041818,3
for,0.014036709820366762,-0.00573263746719862,75
chosen,0.014033449694074484,-0.014033449694074484,2
dignity,0.014017120935022831,0.014017120935022831,1
documentary,0.014015246099727914,-0.014015246099727914,2
2annual,0.014008643550216748,-0.014008643550216748,1
suggest,0.014002561336383224,-0.00890729483217001,2
15,0.01397999458085184,-0.01397999458085184,2
laid,0.013939144264440984,-0.013939144264440984,1
abortions.,0.013937487577398613,0.013937487577398613,1
we,0.013925738116955605,-0.004085112822278848,8
"president,",0.013900963744769493,0.013900963744769493,1
outspoken,0.013898835110012442,0.005818920151796192,2
law,0.013863764649825758,-0.010932577218072078,12
youth,0.013861784808492908,-0.013861784808492908,1
planned,0.013854598626494408,0.013854598626494408,1
end,0.013848688461520297,-0.013848688461520297,3
related,0.013821318978443742,-0.012475159547578257,4
arms,0.013802676327857394,0.004801846243110281,3
in,0.013793317173986014,-0.008835309350184768,141
threatened,0.013789246091619134,-0.013789246091619134,1
anti,0.01378426167999957,0.01378426167999957,8
alex,0.013778032773795227,-0.013778032773795227,1
written,0.013775842380709946,-0.013775842380709946,1
dealadvocated,0.01376965974590608,0.01376965974590608,1
violence,0.013756068957538071,-0.0043456940642615325,4
sell,0.013755400199443102,-0.013755400199443102,1
"law,",0.013755055510305932,0.013755055510305932,1
8,0.013751307448061804,-0.013751307448061804,1
refuse,0.013665745431222977,0.013665745431222977,2
"iraq,",0.013652526773512363,-0.013652526773512363,1
2,0.013650429071276449,-0.013650429071276449,1
10,0.013640819524880499,-0.013640819524880499,1
2019,0.013638183962376343,-0.013638183962376343,1
him,0.013634439619913575,0.012956278813605119,8
class,0.013624463172163814,-0.013624463172163814,1
children,0.013605719982297159,0.0023643192844853417,4
curveto““,0.013602931410647355,0.013602931410647355,1
"life,",0.013597262289487955,-0.013597262289487955,1
"public,",0.013594181814955338,0.013594181814955338,1
component,0.013563886284828186,-0.013563886284828186,1
enacted,0.013558048289269209,0.013558048289269209,1
amid,0.013524019571680887,-0.0014239656205366675,3
george’’,0.013516152277588844,-0.013516152277588844,1
"machinations,",0.013511708751320836,0.013511708751320836,1
between,0.013500807160467265,-0.013500807160467265,2
military,0.013488021487506876,-0.004259727962244864,3
cost,0.013474395731464028,-0.013474395731464028,1
's,0.013474254685870981,-0.007770713537047933,17
up,0.013471684804409387,-0.006584467197568225,9
aloud,0.01344072542189478,0.01344072542189478,1
between$,0.013405816377925754,-0.013405816377925754,1
devout,0.013393710677822432,0.013393710677822432,1
federal,0.013384142324502695,-0.012874147576858055,12
companies,0.013370394472701427,0.013370394472701427,1
"orders,",0.013350177974724728,-0.01082723408148417,2
corruption,0.013294548044602077,-0.013294548044602077,1
round,0.013262985739856958,0.013262985739856958,1
smear,0.013256556576206571,0.013256556576206571,1
trustees,0.01325290566975517,-0.01325290566975517,1
young,0.01325219072168693,-0.01325219072168693,2
white””,0.013206305091469677,0.013206305091469677,2
history,0.013199169433949191,-0.0028798752578921504,4
hopefuls,0.01319178706035018,-0.01319178706035018,1
obamas,0.013173321480098362,-0.013173321480098362,2
"east,",0.013153619474420945,-0.013153619474420945,1
cancel$,0.01315068161523225,-0.01315068161523225,1
fleeting,0.013133155182003975,0.013133155182003975,1
gubernatorial,0.01313276737410989,-0.01313276737410989,1
story,0.01310944172482078,-0.01310944172482078,1
obama,0.013081282058463706,-0.004279326954473084,3
expanding,0.01306749219656922,-0.01306749219656922,1
girl,0.013048854465263764,-0.013048854465263764,1
2b,0.013048693956807255,-0.013048693956807255,1
rape,0.013005263249700269,0.013005263249700269,1
financial,0.012979096191503626,-0.012979096191503626,3
leader,0.012975857671823863,0.007311821267363003,3
one,0.01293189592218786,-0.0059112278591855315,16
how,0.012900470517130405,0.0038962034316315864,10
schoolwould,0.012878502835519612,-0.012878502835519612,1
fight,0.012871974962763488,-0.012871974962763488,1
infographic,0.012870537433773279,-0.012870537433773279,1
institutions,0.012868601492502622,0.0019447835058801705,2
saving,0.012864467687904835,-0.012864467687904835,1
cross,0.012859525217209011,-0.012859525217209011,1
lying,0.012848364557535236,0.012848364557535236,1
dentist,0.012834042543545365,0.012834042543545365,1
gains,0.01280201974726629,-0.01280201974726629,1
strangled,0.012789927423000336,0.012789927423000336,1
treat,0.01276965528709947,-0.01276965528709947,2
french,0.012759810627719002,-0.012759810627719002,2
pittsburgh,0.012756452373595852,-0.012756452373595852,1
steelers,0.012756452373595852,-0.012756452373595852,1
aca,0.012749667262791522,-0.012749667262791522,1
its,0.012740115079985348,0.00140243405322378,15
assaulting,0.012730773538351059,0.012730773538351059,1
home,0.012726184187232759,0.0047058165336407165,2
separating,0.012702470470685512,-0.012702470470685512,1
climate,0.012683620784821594,-0.005847742688973315,4
an““,0.012681620227113973,0.012681620227113973,1
sweeneys,0.012673545723833403,-0.012673545723833403,1
prosecutors,0.012669884075876325,-0.012669884075876325,1
target,0.012646583017259318,-0.012646583017259318,2
promises,0.012633038917556405,-0.012633038917556405,1
her,0.012630930200662641,-0.00813143901047962,10
politics.,0.01260871265196439,-0.01260871265196439,1
instagram,0.012606295491568744,-0.012606295491568744,1
promotion,0.012565659259312918,-0.012565659259312918,1
27,0.01255956175737083,-0.01255956175737083,1
release,0.012549495266931545,-0.005266549629029921,3
100,0.012541631109794917,-0.012541631109794917,1
place,0.012523518796063934,-0.0018894723057597635,4
asylum,0.01249179347360041,-0.011093161199823953,2
kong,0.012479755331047011,-0.012479755331047011,1
junk,0.012470336032233067,0.012470336032233067,1
as““,0.012456817279617564,0.012456817279617564,2
200,0.012455681165795193,-0.012455681165795193,2
mounted,0.012454710871679708,-0.012454710871679708,2
narendra,0.012438679885235615,-0.012438679885235615,1
tweets,0.01243543703458272,-0.01243543703458272,1
isnt.,0.012428177427500488,0.012428177427500488,1
instructive.,0.01240825523356242,0.01240825523356242,1
discontent,0.012403696484398097,0.012403696484398097,1
popular,0.012403696484398097,0.012403696484398097,1
shared,0.012388492319732904,-0.012388492319732904,1
showed,0.012371010053902865,-0.012371010053902865,1
erecting,0.012369362903492791,0.012369362903492791,1
with,0.012365162905390104,-0.003729011905149193,41
supremacistswho““,0.012362496696708063,0.012362496696708063,1
immigration,0.012335661569696165,0.004758857000394658,4
northern,0.012317461947012427,-0.012317461947012427,1
shame.,0.012316998236236118,0.012316998236236118,1
high,0.01231455261586234,-0.01231455261586234,2
than,0.012314375213627304,0.0027911512233955633,8
of,0.012290262250891262,0.003036572079412338,235
spread,0.012249042328524714,-0.012249042328524714,2
humor.,0.01222599996253848,0.01222599996253848,1
gas,0.012225651960084552,-0.012145099798312539,4
gun,0.012221222504401035,0.005382274393584035,8
why.,0.012210288395484289,0.012210288395484289,1
front,0.01218971812005083,-0.01218971812005083,1
because,0.01218209864768701,0.01218209864768701,6
syndrome(,0.01215929290628992,-0.01215929290628992,1
loan,0.01215394183199842,-0.01215394183199842,2
guardianto,0.012107570641784974,-0.012107570641784974,1
splurge,0.012081073969602587,0.012081073969602587,1
sandy,0.012076880389940925,-0.012076880389940925,1
viewing,0.012069406919181347,-0.012069406919181347,1
lost,0.012068911694869813,-0.012068911694869813,1
too,0.012058487658699353,-0.012058487658699353,2
course,0.012054032704327255,-0.012054032704327255,1
make,0.012031749845860832,0.009914627168707594,11
and%,0.012013528617985901,-0.012013528617985901,1
joe,0.011995915148872882,0.00040134164737537503,2
latin,0.011994739590833584,-0.011994739590833584,1
platform,0.011985230314571204,-0.011985230314571204,1
the$,0.011974118772422436,-0.011974118772422436,1
whose,0.011972499206467159,-0.011972499206467159,2
three,0.011939356271250024,-0.009844238851291908,5
challenges.,0.011937744605044525,-0.011937744605044525,1
earning,0.011928237303315352,-0.011928237303315352,2
means,0.011920375534962793,-0.010197880929034134,3
italy,0.011898005292298168,-0.011898005292298168,2
turning,0.011865675449371338,0.011865675449371338,2
lower,0.011859053088766005,-0.011859053088766005,1
interest,0.011859053088766005,-0.011859053088766005,1
effect.,0.011852800979145935,-0.011852800979145935,1
"abortion,",0.011844044869280139,0.0016413961150881862,2
skills,0.011834744364023209,0.011834744364023209,1
approved,0.011832274687809072,-0.011832274687809072,1
overshadow,0.01182195107685402,-0.01182195107685402,1
already,0.011807832586763503,-0.0007944108048505057,6
establishment,0.011793088455419114,0.011793088455419114,1
migrants,0.01176969583805961,0.01176969583805961,1
telling,0.011765682390422461,0.011765682390422461,1
presided,0.011763246031478047,-0.011763246031478047,1
benchmark,0.011753226642862762,-0.011753226642862762,1
jackson,0.011748499528039247,-0.011748499528039247,1
hued,0.011735468730330467,0.011735468730330467,1
"corporations,",0.01171884233227525,0.01171884233227525,1
hunting,0.011718158532554906,-0.011718158532554906,1
contribute,0.01167960874736309,-0.01167960874736309,1
"plan,",0.011674577710662215,-0.011674577710662215,2
baseball,0.011630505323410034,0.011630505323410034,1
nature,0.011628692684711044,0.011628692684711044,2
donald,0.011617456034141669,0.00998011819356553,12
handed,0.011615828344656621,0.011615828344656621,2
"administration,",0.011614042644699413,0.011614042644699413,1
democrat,0.011609425805213432,-0.007774760761845206,3
deepest,0.01160698922467418,-0.01160698922467418,1
bin,0.011592436419955996,-0.011592436419955996,2
younger,0.011590674752369523,-0.011590674752369523,1
century,0.01157788618778189,-0.01157788618778189,1
practice,0.011571957962587476,-0.011571957962587476,1
destroying,0.011565787469347319,0.011565787469347319,1
aclu,0.011558805359527469,-0.011558805359527469,1
begun,0.011552520751138218,-0.011552520751138218,1
conservation,0.011531713651493192,-0.011531713651493192,1
run,0.011517057860536235,-0.011517057860536235,1
middle,0.011487379164013656,-0.005713051885166871,3
that““,0.011475774284917861,-0.011475774284917861,1
hearing,0.011470895376987755,-0.011470895376987755,1
"agenda,",0.011469696648418903,-0.011469696648418903,1
businesses,0.01146159882990769,-0.01146159882990769,2
bears,0.011458100751042366,-0.011458100751042366,1
construction,0.011457292052606741,-0.011457292052606741,1
hong,0.011441724726215137,-0.011441724726215137,1
attempting,0.011429855882722353,-0.011429855882722353,1
failed,0.011407227362864293,0.011407227362864293,1
jane,0.011404283766058228,-0.011404283766058228,1
"nominations,",0.011388070677362735,-0.011388070677362735,1
more,0.01138753449288183,-0.002861847552936662,11
seen,0.011317579541355371,-0.011317579541355371,1
"basis,",0.011300994654274768,-0.011300994654274768,1
paso.,0.0112620759755373,0.0112620759755373,1
pre,0.01126049042124158,-0.01126049042124158,1
wrestling.,0.011257709342647682,-0.011257709342647682,1
individual,0.011233741739748178,-0.010617039433050018,4
tape.,0.0112321466828386,0.0112321466828386,1
ary,0.011223789038794006,0.011223789038794006,2
charming,0.01120051981854266,0.01120051981854266,1
jihadists,0.011198587622493506,0.011198587622493506,1
debt,0.011183191817156771,-0.00934993823472526,4
she,0.011178270942355534,-0.010933838341641742,8
citizens,0.011047955348410389,0.011047955348410389,1
corpus,0.011010810500010848,-0.011010810500010848,1
legal,0.010979664154187697,0.009022671309447148,3
awkwardly,0.010966133791953325,0.010966133791953325,1
buyers,0.010958915896480903,-0.010958915896480903,1
doses,0.010893783579828533,-0.010893783579828533,1
posing,0.010891510639339685,0.010891510639339685,1
similarly,0.010889808375698824,-0.010889808375698824,1
from““,0.010888963893410705,0.010888963893410705,1
considerably,0.010862038820050657,0.010862038820050657,1
"living,",0.01086040250957012,-0.01086040250957012,1
nearly,0.010852407373107088,0.004279293261983596,4
significant,0.010840145670169709,-0.010840145670169709,1
cut,0.010823014175127212,-0.010823014175127212,1
partners,0.010812839260324836,-0.010812839260324836,1
for““””,0.010809233412146568,0.010809233412146568,1
premium,0.010801065958470905,-0.010801065958470905,1
perceived,0.010790067762983116,0.010790067762983116,1
australia,0.010780446464195848,-0.010780446464195848,1
find,0.010778835335468803,-0.0072876074980460824,2
d,0.010773639470959703,0.0036749602326502403,3
special,0.010766582294535408,-0.009187212935713533,2
hook,0.010758526258481045,-0.005064114780786137,2
prime,0.010724421801569406,-0.009653877910750452,2
every,0.010661246759506563,0.010661246759506563,2
personal,0.010659343951654836,0.010659343951654836,1
minors,0.010644001886248589,-0.010644001886248589,1
aka,0.010637902255569185,-0.010637902255569185,1
scrutinize,0.010613934832493278,-0.010613934832493278,1
diversity.,0.010591283068060875,0.010591283068060875,1
plan,0.010580877547158092,-0.010580877547158092,4
kurds,0.01056263002101332,0.01056263002101332,1
applauded,0.010555023987156648,-0.010555023987156648,1
torn,0.010523047065362334,-0.010523047065362334,1
basic,0.010497590944555307,0.010497590944555307,1
000,0.010470231928670075,-0.010470231928670075,4
"government,",0.010459548709067432,0.010459548709067432,1
countries,0.010447590231585006,-0.010447590231585006,3
victory,0.010446353420848027,0.010446353420848027,1
used,0.010411629802547395,-0.010411629802547395,1
november,0.010400991310904686,-0.010400991310904686,1
outbreak,0.01039400102570149,-0.01039400102570149,2
loosen,0.010381643660366535,-0.010381643660366535,1
works,0.01037123570906522,0.01037123570906522,1
mcconnells,0.010350668731217202,0.010350668731217202,1
budge,0.010320578916714743,0.010320578916714743,1
perhaps,0.010296437074430287,0.010296437074430287,2
devin,0.010292651318013667,0.010292651318013667,1
off,0.010286071019694427,0.0010052166832038838,6
letter,0.010279283871960953,-0.010279283871960953,2
cms),0.010273316010300602,-0.010273316010300602,1
ongoing,0.010269252703327573,-0.010269252703327573,2
jordan,0.01025848079007119,0.01025848079007119,1
several,0.0102569398191959,-0.0102569398191959,2
"then,",0.010247340813900035,-0.010247340813900035,1
general,0.010219951737801441,-0.007124588820281335,4
buttigieg,0.010184652024978084,0.010184652024978084,1
posting,0.01016851863823831,-0.01016851863823831,1
interference,0.010163666172884405,-0.010163666172884405,1
grande,0.010116788442246616,-0.010116788442246616,1
crisis.,0.010114646297214286,0.010114646297214286,1
andrew,0.01011378673138097,-0.01011378673138097,1
involved,0.010098905069753528,0.010098905069753528,1
"history,",0.010096681477235898,-0.004553901763366801,2
"practice,",0.010095411652906072,0.010095411652906072,1
5,0.010089389769183029,-0.010089389769183029,2
beings.,0.010076799740393955,0.010076799740393955,1
food,0.010066185953716437,-0.010066185953716437,2
national,0.010063427770450379,-0.009750189786515309,3
conversion,0.01001447014277801,0.01001447014277801,1
cards?,0.009994505801134639,-0.009994505801134639,1
rapidly,0.009972405775139729,-0.009972405775139729,1
spreads,0.009972405775139729,-0.009972405775139729,1
oneself,0.009962822512413065,0.009962822512413065,1
getting,0.009951202664524317,0.009951202664524317,1
throughout,0.00994188453827519,-0.00994188453827519,2
chinas,0.009939220681442415,-0.0036840380782752515,2
invoked,0.009938124800100923,0.009938124800100923,1
surely,0.00992971397936344,0.00992971397936344,1
deal,0.009925944554386426,0.0018456818041788035,4
death,0.009894358534886809,-0.009894358534886809,4
necessity,0.00988995935767889,0.00988995935767889,1
"studies,",0.009874532154450813,-0.009874532154450813,1
california,0.009871606326972445,-0.009871606326972445,1
made,0.009854582336522392,-0.0047605763157822795,4
fast,0.009822539732946703,-0.009822539732946703,1
keep,0.009766049217432737,0.0022481572814285755,2
or,0.009729830943212819,-0.0005175368371198804,14
inside,0.00971332473761067,0.003000885494843017,2
effort,0.009629259562423227,-0.009629259562423227,2
assembly,0.009617416537366807,-0.009617416537366807,1
presence,0.009602803246569678,0.009602803246569678,1
mere,0.009602803246569678,0.009602803246569678,1
troops,0.00960161376860924,-0.00960161376860924,1
barstool,0.009565775193130741,-0.009565775193130741,1
actual,0.009562891791574657,-0.009562891791574657,1
costs,0.009562891791574657,-0.009562891791574657,1
what,0.00955950143296654,0.007134793929775479,7
certainly,0.00953267075653587,0.00953267075653587,1
square,0.009523617068418498,-0.009523617068418498,1
jeopardizing,0.00951648333356676,0.00951648333356676,1
sugary,0.009516090911347419,-0.009516090911347419,1
use,0.00946509476508963,-0.005705934839881778,3
each,0.009454984217882156,-0.009454984217882156,1
message,0.00942684942856431,-0.00942684942856431,1
thing,0.009421670100010642,0.009421670100010642,2
earth,0.009390714097147186,-0.002056818936641018,3
voting,0.009372059255838394,0.009372059255838394,1
minded,0.009368923803170523,0.009368923803170523,1
express,0.00936465070117265,0.00936465070117265,1
violated,0.0093447485123761,0.0093447485123761,1
boost,0.009332741439106645,-0.009332741439106645,1
unemployment,0.009332741439106645,-0.009332741439106645,1
sharia,0.009327063702845147,0.009327063702845147,1
"litigant,",0.009318165481090546,0.009318165481090546,1
gangs.,0.009315547895514302,0.009315547895514302,1
permission,0.009313197078881785,-0.009313197078881785,1
version,0.009304059336760213,0.009304059336760213,1
toward,0.009285172913223505,0.009285172913223505,1
nunes(,0.009280593553557991,0.009280593553557991,1
coincides,0.00920816429425031,0.00920816429425031,1
fracking,0.009204443311318755,0.009204443311318755,2
these,0.009189037612867506,0.008410453337472827,6
chronic,0.009166237535989948,0.009166237535989948,1
parts,0.009146323942372369,-0.009146323942372369,2
asserted,0.00910852243228314,-0.00910852243228314,1
"media,",0.009079040700776711,0.009079040700776711,1
el,0.009065947060783704,-0.009065947060783704,2
confidence,0.009037775453180075,-0.009037775453180075,1
opened,0.00903487072015802,-0.00903487072015802,1
christians,0.009028179881473383,0.009028179881473383,1
transitioning,0.009004480539200208,-0.009004480539200208,1
always,0.00900391904780498,0.00900391904780498,1
shot,0.0089924680407915,-0.0089924680407915,3
houses,0.008983349776826799,-0.008983349776826799,1
large,0.008983235058109038,-0.0050199790480875,2
tactic,0.008973768446594477,0.008973768446594477,1
die.,0.008971675392240287,0.008971675392240287,1
additional,0.008940692539908923,-0.007985612042830326,2
social,0.00888252387729673,-0.0028844616413282757,8
helping,0.008866389644228749,0.008866389644228749,1
calling,0.008847616843185538,-0.008847616843185538,2
town,0.008824892342090607,-0.008824892342090607,1
close,0.00882038725041119,0.00882038725041119,2
pressure,0.008816903505551938,-0.0030443839593014372,2
quoting,0.008794482564553618,-0.008794482564553618,1
push,0.00877976413660993,-0.00877976413660993,2
corporate,0.008764791986322962,-0.008764791986322962,1
returned,0.008754485135432333,-0.008754485135432333,1
movement,0.008747040610123649,-0.007699122794577453,5
endangering,0.008739711251109838,0.008739711251109838,1
red,0.008739387048549499,0.008739387048549499,2
achieve,0.008730093424674124,0.008730093424674124,1
shied,0.008718983159356174,-0.008718983159356174,1
passing,0.008717465680092573,0.008717465680092573,1
seen.,0.008716812423829521,0.008716812423829521,1
decided,0.008699192199856043,0.008699192199856043,1
homeland,0.008681237930431962,0.008681237930431962,1
technologywhom,0.008659080198198995,0.008659080198198995,1
assault,0.008643967872082542,-0.008643967872082542,2
"to""",0.008624597561436815,-0.008624597561436815,1
contributes,0.008622456167358905,-0.008622456167358905,1
a““,0.008621246673698936,0.0034058709894972186,2
personnel,0.008620503914102705,-0.008620503914102705,1
"over,",0.008575917376826208,0.008575917376826208,1
liked,0.008565670505049638,-0.008565670505049638,1
lunch,0.008524653268978,-0.008524653268978,1
leaving,0.008523997792508453,0.008523997792508453,1
serious,0.008510941340188895,0.008510941340188895,1
merely,0.008508424842286678,0.008508424842286678,1
"instance,",0.008503086525403585,-0.008503086525403585,2
qaeda,0.008496054606691289,-0.008496054606691289,1
good.,0.00849252161569894,-0.00849252161569894,1
officials.,0.008475872954087598,0.008475872954087598,1
seeks,0.008406172009805838,0.008406172009805838,1
see,0.008403724680344263,-0.008403724680344263,1
wake,0.008392418715326736,-0.008392418715326736,1
come,0.008350612879213359,-0.006091917775985267,5
ny),0.00834800086915493,-0.00834800086915493,1
fatal,0.008337708248291165,-0.008337708248291165,1
elitesand,0.008332200348377228,0.008332200348377228,1
myriad,0.008330519169579598,0.008330519169579598,1
streamer,0.00832950560468602,0.00832950560468602,1
important,0.008314437963279141,-0.008314437963279141,2
air,0.008307090949078666,-0.008307090949078666,2
presidency.,0.008280439302325249,0.008280439302325249,1
harm,0.008251914056017995,0.008251914056017995,1
goes,0.00825171743053943,-0.00825171743053943,1
sex,0.008234063201639575,0.005545895365388571,3
change,0.008233598594071101,-0.0076241782400803945,3
clearer,0.008217184618115426,0.008217184618115426,1
back,0.008215998354643553,-0.008215998354643553,2
crimes,0.008202974572349897,0.003265835950499337,3
neighboring,0.008156952695571817,-0.008156952695571817,1
trying,0.008153476667801095,0.002240647729541663,3
deride,0.008139715995639563,0.008139715995639563,1
affecting,0.0080940216469268,0.0080940216469268,1
rush.,0.008076358971577057,-0.008076358971577057,1
robert’’,0.008071436857571826,-0.008071436857571826,1
multi,0.008060853315853617,-0.008060853315853617,1
preview,0.008055762963040787,-0.008055762963040787,1
from,0.00804714172155563,0.0008281719218676687,29
through,0.008029884366144885,0.0010639675566741814,3
ky.),0.008029248767051396,-0.008029248767051396,1
vaxx(,0.008027491097648939,0.008027491097648939,1
womenin,0.007980504538863897,0.007980504538863897,1
rebranded,0.007979748718854453,-0.007979748718854453,1
ten,0.007976250063317517,-0.007976250063317517,1
contain,0.007969835507018226,-0.007969835507018226,1
wages,0.007966962759383023,0.007966962759383023,1
few,0.007950893891975284,0.004914650050923229,2
escaping,0.007944288291037082,-0.007944288291037082,1
"closely,",0.007932728622108698,-0.007932728622108698,1
take,0.007928649052150714,-0.005554010904056784,4
steps,0.007920704942080192,-0.007920704942080192,1
columnist,0.007911044860930931,-0.007911044860930931,1
came,0.007896767579950392,0.007896767579950392,1
football,0.007854573632357642,-0.007854573632357642,2
families.,0.007828236213840899,0.007828236213840899,1
or’’,0.007827888483492038,-0.007827888483492038,1
evah:,0.0078105713861684,-0.0078105713861684,1
own,0.007782955121781145,0.007782955121781145,1
ever,0.0077665381665740696,0.0077665381665740696,2
matter,0.007766296949315195,-0.0060885444892725595,5
detailing’’,0.007763561327010394,0.007763561327010394,1
drinks,0.007761185668641701,-0.007761185668641701,1
head,0.007742136178862755,-0.007742136178862755,1
pitted,0.007707158182521098,0.007707158182521098,1
million.,0.007696115001592608,-0.007696115001592608,1
rescind,0.0076941094647338185,0.0076941094647338185,1
nation,0.007674654014408588,-0.007674654014408588,1
rates,0.007653026305238849,-0.006815011683751696,2
in’’,0.007648426341081042,-0.0072891903606890004,2
driven,0.007644679513759911,0.007644679513759911,1
view,0.0076396471924251984,-0.0076396471924251984,1
defection,0.007598108379170299,-0.007598108379170299,1
jail,0.007593130663735792,0.007593130663735792,1
small,0.007589973519865813,0.007589973519865813,1
exceeding,0.007574469695100561,-0.007574469695100561,1
finances,0.007564277184428647,-0.007564277184428647,1
depressed,0.007556586681554714,-0.007556586681554714,1
cures,0.007542427337270171,0.007542427337270171,2
proven,0.00753137313264918,0.00753137313264918,1
per,0.007530865783337504,-0.007530865783337504,1
britain’’s,0.007512424107907075,-0.007512424107907075,1
chief,0.007495650655723044,-0.007495650655723044,1
territorial,0.007490776045540092,-0.007490776045540092,1
request,0.007488627772545442,-0.007488627772545442,1
adolf,0.007486234164725129,-0.007486234164725129,1
chancellor,0.007486234164725129,-0.007486234164725129,1
20,0.007478510010211418,-0.007478510010211418,1
fresh,0.007461907571026435,-0.007461907571026435,2
chinese,0.007450595528266072,0.0005311779543120932,4
with$,0.007444475777447224,-0.007444475777447224,1
ineligible,0.007433085993397981,-0.007433085993397981,1
series,0.007408707637342815,-0.0021697933437117636,3
banned,0.007371780229732394,-0.007371780229732394,1
ambitious,0.007366950041614473,-0.007366950041614473,1
taking,0.007347650748690486,-0.006647915129562736,3
generate,0.007332534497030653,0.007332534497030653,1
minimum,0.007329373079513137,-0.007147346281873665,2
annual,0.007313379809256163,-0.007313379809256163,1
illuminates,0.007277113602807125,0.007277113602807125,1
before,0.007215385412564501,-8.10012473569562e-05,3
based,0.007178958272561431,-0.007178958272561431,1
r,0.007163928872086927,-0.007163928872086927,2
fees,0.007158900371619634,-0.007158900371619634,1
"manufacturers,",0.007082811925405015,-0.007082811925405015,1
complicitin,0.007081523255025357,0.007081523255025357,1
response.,0.007058090663381984,-0.007058090663381984,1
science””,0.007052858284292505,0.007052858284292505,1
"rash,",0.007050164732786399,0.007050164732786399,1
contagious,0.007048010050008694,-0.007048010050008694,1
quiet,0.007044559344649315,0.007044559344649315,1
moment,0.007023262392197337,-0.0035931895531359174,3
kevin,0.0070106342900544405,-0.0070106342900544405,1
seceding,0.007005028426647186,0.007005028426647186,1
person,0.006988287259850444,-0.006988287259850444,1
proposed,0.0069845855206949635,0.0069845855206949635,2
dental’’,0.006968569597945763,0.006968569597945763,1
dollars,0.006966761342482641,-0.006966761342482641,1
impact,0.006961414693958229,-0.006961414693958229,1
"2003,",0.006925611578238507,-0.006925611578238507,1
signal,0.00689523562323302,-0.00689523562323302,1
industry,0.006857347991078709,0.006857347991078709,3
western,0.0068345507606863976,-0.0068345507606863976,1
scot,0.0068112995579010915,0.0068112995579010915,1
stop,0.006808455458967873,0.0002971660968522343,3
elected,0.006789786142430135,0.006789786142430135,1
games,0.006762384731943408,-0.006762384731943408,1
ways,0.006758894738573909,-0.005210678058283996,3
"tax""",0.006756728527283198,-0.006756728527283198,1
however,0.0067444566637277605,0.0067444566637277605,1
wanted,0.006740355398505926,-0.006740355398505926,1
legend,0.006730975670507178,0.006730975670507178,1
surrounding,0.006720670440699905,-0.006720670440699905,2
civilians,0.006712871603667736,0.006712871603667736,1
woman,0.006712439242767653,-0.006712439242767653,1
filling,0.006705628177867486,0.006705628177867486,1
"life,””",0.006705622188746929,-0.006705622188746929,1
possible,0.006699204698504348,0.006699204698504348,1
girls,0.006691141419910959,-0.006691141419910959,1
due,0.00667878474535731,-0.004910599360785758,2
present,0.006674441198507945,-0.006674441198507945,1
border,0.006665259202764858,-0.0007872088124886864,5
alone,0.006661418592557311,0.006661418592557311,1
persuading,0.006655316243672537,0.006655316243672537,1
supremacist,0.0066375396272633225,0.0066375396272633225,1
then,0.006622766997315921,0.005459561836323701,2
loans,0.006619781876603762,-0.006619781876603762,1
household,0.00659905361088281,-0.00659905361088281,2
black’’,0.006581344001460821,-0.006581344001460821,1
morphed,0.0065783854520863345,0.0065783854520863345,1
comprehensive,0.006566460103595665,-0.006566460103595665,1
50th,0.0065645561553537846,-0.0065645561553537846,1
policingthat““,0.0065621305257081985,-0.0065621305257081985,1
bulls,0.006549134066638847,0.006549134066638847,1
ordained,0.006532042908171812,0.006532042908171812,1
green,0.006529475373034883,0.0009467744859608096,5
putting,0.006516833261300165,-0.006516833261300165,1
90in,0.006508051617337125,-0.006508051617337125,1
lie,0.0064937792718410495,-0.0064937792718410495,1
biedron,0.00648769357552131,-0.00648769357552131,1
backer,0.006473310679818193,-0.006473310679818193,1
"centers,",0.006470184563659131,-0.006470184563659131,1
integrity,0.006456474559908955,0.006456474559908955,2
termed,0.006402572907973081,-0.006402572907973081,1
members,0.00638656853698194,-0.00638656853698194,2
playing,0.006384724580372373,-0.006384724580372373,1
incomes,0.006368554766125133,-0.006368554766125133,2
guarding,0.006367183348629624,0.006367183348629624,1
else.,0.006357815172079772,0.006357815172079772,1
executive,0.006352544102507332,-0.006352544102507332,1
the””,0.006341092324314209,0.006341092324314209,1
unable,0.006329410331090912,-0.006329410331090912,1
kill,0.006329410331090912,-0.006329410331090912,1
favor,0.006320074538122684,-0.006320074538122684,2
conservatives,0.006300726551562548,0.006300726551562548,1
sexual,0.006293584068771452,-0.006293584068771452,1
both,0.006275415905596068,-0.006275415905596068,2
prison,0.006272422534458854,0.0013045857062199816,4
controversial,0.006254962225166427,0.006254962225166427,1
reforms,0.006249500409467146,-0.006249500409467146,1
sport,0.006249412482317824,0.006249412482317824,1
professional,0.006249412482317824,0.006249412482317824,1
champion,0.006241535651497543,0.006241535651497543,1
water,0.006207562703639269,-0.006207562703639269,1
taken.,0.00619329063714865,-0.00619329063714865,1
losses,0.006190536543726921,-0.006190536543726921,1
alleged,0.006179935357067734,0.006179935357067734,1
shown,0.006164308520965278,-0.006164308520965278,1
home.””,0.006160343767435619,-0.006160343767435619,1
believed,0.006128808876383118,-0.006128808876383118,2
"where,",0.0061178029394122185,-0.0061178029394122185,1
50,0.006117206687728564,-0.006117206687728564,1
theyve,0.006109556352550331,0.006109556352550331,1
36,0.00607609691117735,-0.00607609691117735,1
sparked,0.006074206001358107,-0.006074206001358107,1
responsible,0.0060736222079379515,0.0030210363235525194,3
known),0.006066609919071197,-0.006066609919071197,1
checks,0.006055150384781882,-0.006055150384781882,1
blasting,0.006051683974348836,0.006051683974348836,1
thousands,0.006051185212674595,-0.005421771339717365,5
body,0.006033005037655433,-0.006033005037655433,1
uneven,0.006031771804878695,0.006031771804878695,1
cory,0.006010667361823738,-0.006010667361823738,1
no,0.005995570176281791,0.0016036081396749353,4
there““,0.005993368677105512,0.005993368677105512,1
spurred,0.005972688100882806,-0.005972688100882806,1
single,0.005966507497110537,-0.005966507497110537,1
party.,0.005950697946051757,-0.005950697946051757,1
birth,0.005932184001609969,0.005932184001609969,2
male““””,0.005926404230939667,-0.005926404230939667,1
individuals,0.005925107668170998,-0.005925107668170998,1
trillion,0.005906493240590428,-0.0038917316051776565,3
try,0.0058469828218221664,0.0058469828218221664,1
the““,0.005846174288756,0.005575921862290647,3
basics,0.00583214070647955,0.00583214070647955,1
standby,0.005829388304846361,-0.005829388304846361,1
today,0.00581609687457482,-0.00581609687457482,1
dear,0.005798503756523132,0.005798503756523132,1
certain,0.005780405018669672,0.005780405018669672,1
contains,0.005750640877522528,0.005750640877522528,1
arrival,0.005743314772118609,0.005743314772118609,1
admirable,0.005736206856596729,0.005736206856596729,1
abused,0.005733325728215277,-0.005733325728215277,1
parole,0.005732665304094553,0.005732665304094553,1
midst,0.00570876058191061,-0.00570876058191061,1
depend,0.005703578237444162,-0.005703578237444162,1
influx,0.00569672865094617,-0.00569672865094617,1
opposing,0.0056432778236309164,0.0056432778236309164,2
christ,0.005628146073182246,-0.005628146073182246,2
wave,0.005607417778583703,-0.005607417778583703,1
prejudice,0.005602296122482845,0.005602296122482845,1
"matter,",0.005578950823595126,-0.005241986364126205,2
allies,0.005572050477245024,0.005572050477245024,1
marked,0.00554258906099404,0.00554258906099404,1
ability,0.005524340716587232,-0.0022620651149881615,3
agenda,0.005516014394483396,0.005516014394483396,1
post,0.005507620414899881,-0.005507620414899881,2
stunts,0.005506277969107032,0.005506277969107032,1
went,0.005503189051523805,0.005503189051523805,1
importance.,0.005472082967316013,0.005472082967316013,1
trans,0.005461812776047736,0.0036189768967839573,2
analysis,0.005448118853382766,-0.005448118853382766,1
economic,0.005447041564451525,0.0007316807210080807,4
poisonings,0.00543845456559211,0.00543845456559211,1
"organization,",0.005432786747059297,-0.005432786747059297,1
ethnicity,0.005427312054153945,0.005427312054153945,1
attack,0.005417973862495273,-0.005417973862495273,2
defect,0.005416625179350376,-0.005416625179350376,1
pillar,0.00540689415194922,0.00540689415194922,1
protecting,0.00540610260472426,-0.00540610260472426,1
curing,0.005404636465633909,0.005404636465633909,1
grinding,0.00538427530017753,0.00538427530017753,1
legislative,0.005366114084608853,0.005366114084608853,1
different,0.005327640802392529,-0.002717395393281347,3
contempt,0.005303750352727042,0.005303750352727042,2
fire,0.00530245437597235,-0.0036953487743933994,2
"policy,",0.005295918076244676,-0.005295918076244676,2
choice,0.0052932460481921835,0.0052932460481921835,2
bastille,0.005274652181902812,-0.005274652181902812,1
get,0.0052572158283429515,-0.0012044060127650643,3
require,0.005200119223445654,0.005200119223445654,1
anticipated,0.00513993640197441,-0.00513993640197441,1
chief:,0.005108244609283774,0.005108244609283774,1
defense,0.005089228366748156,-0.005089228366748156,1
unveiled,0.005084999254904687,-0.005084999254904687,1
winners,0.0050763996749684645,-0.0050763996749684645,1
keons],0.0050745121146919155,0.0050745121146919155,1
dies,0.005055623709423734,-0.005055623709423734,1
embraced,0.005041675065599736,-0.005041675065599736,1
parlors.,0.005027930825375594,0.005027930825375594,1
particularly,0.005024038394913078,-0.005024038394913078,1
fear.,0.005016595194035252,-0.005016595194035252,1
issuing,0.005014144194622835,-0.005014144194622835,1
"the""",0.005010310560464859,0.005010310560464859,1
form,0.005005919461837038,0.00035312960972078145,2
"policies,’’",0.004953655417055072,0.004953655417055072,1
possibility,0.004941038415652879,-0.004941038415652879,2
efficiency,0.004934747424808198,-0.004934747424808198,1
standards,0.004934747424808198,-0.004934747424808198,1
pharmaceutical,0.004922040504140732,0.004922040504140732,1
saudi’’,0.004912915468836824,0.004912915468836824,1
borrower,0.004900069090737296,-0.004900069090737296,1
mostly,0.004879208291337515,-0.004879208291337515,1
nuclear,0.0048402750864624975,-0.0048402750864624975,1
imposed,0.004831301048398018,0.004831301048398018,1
"american,",0.004827405326068401,-0.004827405326068401,1
prospect,0.004816626664251089,-0.004816626664251089,1
"competitive,",0.004814085705826679,0.004814085705826679,1
adl),0.004809107747860253,0.004809107747860253,1
elected(’’,0.004808083109748669,0.004808083109748669,1
parties,0.004790011793375015,-0.004790011793375015,1
doesn,0.004789361730217934,-0.004789361730217934,1
renew,0.00477366807560126,0.00477366807560126,1
success,0.004749228966168382,0.004749228966168382,1
meat,0.004742240475025028,-0.004742240475025028,1
perennial,0.004724255762994289,0.004724255762994289,1
free,0.004722959213217514,0.004722959213217514,2
ravings,0.004708463201920192,-0.004708463201920192,1
"environment,",0.004708257149017993,-0.004708257149017993,1
partly,0.004704664461314678,0.004704664461314678,1
theatrical,0.004687147215008736,0.004687147215008736,1
borrowers,0.004665256564467931,-0.004665256564467931,1
recognition,0.0046593498681550445,0.0046593498681550445,1
viewed,0.004646007157862187,0.004646007157862187,1
9,0.00462532882229425,-0.00462532882229425,2
urged,0.004592296677906739,-0.004592296677906739,2
burden,0.004576749633997679,-0.004576749633997679,1
subtlety,0.004556641899622404,0.004556641899622404,1
fading,0.004528832074035616,0.004528832074035616,1
disadvantaged,0.004504183423705399,-0.004504183423705399,1
pervasive,0.004483416047576186,0.004483416047576186,1
apparent,0.0044647726695984605,0.0044647726695984605,1
supporters,0.004463143716566265,0.0029067630646750333,2
human,0.004457150542734642,0.0010636923296701616,4
compelling,0.004456179242374169,0.004456179242374169,1
courts,0.004450265171342633,-0.004450265171342633,1
born,0.004448455583769828,0.004448455583769828,1
syrian,0.004434862839324134,0.004434862839324134,1
emphasized,0.0044214158039540055,-0.0044214158039540055,1
order,0.004418228901313132,0.0035650384580017684,3
without,0.004415628339518749,0.0002166586096531579,3
years,0.004396819942762714,-0.000986766568253178,3
owners,0.0043949355992178125,-0.0043949355992178125,1
bunch,0.0043841993901878595,0.0043841993901878595,1
cancellation,0.004373329175310864,-0.004373329175310864,1
access,0.004361285362392664,0.004361285362392664,1
laden,0.004355306410565017,-0.004355306410565017,1
law.,0.004330938061078388,-0.004330938061078388,1
inception,0.004318078988623144,0.004318078988623144,1
upbringing,0.004305880982428789,0.004305880982428789,1
physical,0.004302386017072769,0.004302386017072769,1
employees,0.004301647879765369,-0.004301647879765369,1
union,0.004301647879765369,-0.004301647879765369,1
tough,0.004291265564894448,0.0014028330283292149,2
64,0.004270725912647322,-0.004270725912647322,1
considering,0.004251634262295233,0.004251634262295233,1
requirement,0.0042226909135933965,-0.0042226909135933965,1
any,0.0041896343273786,0.002168270232265783,3
ahead,0.004186602891422808,0.004186602891422808,1
job,0.004174018278717995,-0.004174018278717995,1
shale,0.0041626389138400555,-0.0041626389138400555,1
respond,0.004153711401158944,-0.004153711401158944,1
prices,0.004138519600606882,-0.004138519600606882,1
pope,0.004114540119189769,0.004114540119189769,1
warm,0.004077477482496761,-0.004077477482496761,1
"worth,",0.004066386790299504,-0.004066386790299504,1
454,0.004065299550780938,-0.004065299550780938,1
fond,0.004054582996068748,0.004054582996068748,1
vowed,0.004050805859151296,-0.004050805859151296,1
"75,",0.004050094573798343,0.004050094573798343,1
saying,0.004044022663683612,0.0012753221513383893,3
won,0.004042394116128746,-0.004042394116128746,1
immediately,0.004017265628337757,0.000691452440353007,2
sunlight,0.004013639005521933,0.004013639005521933,1
injecting,0.004013639005521933,0.004013639005521933,1
this’’,0.0039994224663014,-0.0039994224663014,1
nervous,0.003997382087012132,0.003997382087012132,1
cases.,0.0039914427204178525,-0.0039914427204178525,1
voter,0.003989811233218966,0.003989811233218966,1
currently,0.0039798424986656755,0.0039798424986656755,1
"risky,",0.003977119591501024,0.003977119591501024,1
caused,0.003976014509264912,-0.003976014509264912,1
faced.,0.003972466464972857,0.003972466464972857,1
multicoloured,0.003971853666007519,0.003971853666007519,1
admit,0.003969623212469742,-0.003969623212469742,1
90,0.003957943432033062,-0.003957943432033062,1
quell,0.00393707191952589,-0.00393707191952589,1
"jobs,",0.003924910487099127,-0.003924910487099127,1
psychic””,0.003906708001159132,-0.003906708001159132,1
600,0.003886974419696958,-0.003886974419696958,1
previously,0.003886974419696958,-0.003886974419696958,1
implemented,0.003886974419696958,-0.003886974419696958,1
long,0.0038788690293828647,-0.0017990189666549368,3
business,0.003873203247268167,-0.003873203247268167,2
favoured,0.003854911613206451,-0.003854911613206451,1
senate,0.003810159413982955,0.0028753353506772673,2
salon,0.0037996960482338353,-0.0037996960482338353,1
addressed,0.0037808951638398465,0.0037808951638398465,1
giuliani,0.0037808951638398465,0.0037808951638398465,1
projectiles,0.0037588617185864487,0.0037588617185864487,1
statements,0.003721711566098608,0.003721711566098608,1
laying,0.003708792617544532,0.003708792617544532,1
property,0.003700247717400392,0.003700247717400392,1
treats,0.0036984965166387456,0.0036984965166387456,1
associates,0.0036952709779143333,-0.0036952709779143333,1
scientific,0.0036837126677617044,0.0036837126677617044,1
officer,0.0036469045151197527,-0.0036469045151197527,1
governor,0.0036430316395126283,0.0036430316395126283,1
pass,0.0036188283120281994,-0.0036188283120281994,1
offer,0.003613735423497264,-0.003613735423497264,2
expansion,0.0036079878785780497,-0.0036079878785780497,1
flatten,0.003604603644747,0.003604603644747,1
chair,0.0036032970015452627,-0.0036032970015452627,1
concrete,0.0035974817816168065,-0.0035974817816168065,1
collar,0.0035830988859136895,-0.0035830988859136895,1
"landscaping,",0.003547007916495204,0.003547007916495204,1
iraq,0.0035370366115655217,0.0035370366115655217,1
"presidency,",0.0035196408669734415,0.0035196408669734415,1
cause,0.0035153975439832716,0.0035153975439832716,2
covering,0.0035140887124552613,-0.0035140887124552613,1
second,0.003512974075662593,-0.003512974075662593,1
looted,0.0034943674691021442,0.0034943674691021442,1
"top,",0.0034847985953092575,0.0034847985953092575,1
labour,0.003478717423327591,-0.003478717423327591,1
rainbow,0.003475091354699717,0.0001428628994506742,2
"movement,",0.003460431471467018,0.003460431471467018,1
spinning,0.0034562783271429084,0.0034562783271429084,1
best,0.0034535928862169385,0.0034535928862169385,2
"parenthood,",0.0034528281539678574,0.0034528281539678574,1
co,0.0034362604531149067,-0.0034362604531149067,1
giants,0.0034349850175203755,0.0034349850175203755,1
committing,0.003424864262342453,0.003424864262342453,1
opposed.,0.0034011847727621596,0.0034011847727621596,1
became,0.003391887276666239,-0.003391887276666239,2
beto’’,0.0033915984340839914,0.0016528140546547038,2
affected,0.003380263062936613,-0.003380263062936613,1
reasons,0.0033655849595864615,0.0033655849595864615,1
"tax,""",0.0033371220132108457,-0.0033371220132108457,1
flag,0.003332228455249043,-0.003332228455249043,1
heart.,0.0032926328145922758,-0.0032926328145922758,1
though,0.0032813019093333017,-0.0013743595659939777,2
store,0.0032787658274173737,-0.0032787658274173737,1
osama,0.00323498825638149,-0.00323498825638149,1
child””,0.003222018422261959,0.003222018422261959,1
roughly,0.003217244491679594,0.003217244491679594,1
able,0.003215618764352669,-0.0031975225936063056,3
lifeare,0.0032136491499841213,-0.0032136491499841213,1
done,0.0032009923612916625,0.0032009923612916625,1
action,0.0031964066739687148,0.0031964066739687148,1
late,0.0031747654284117743,0.0031747654284117743,2
geography,0.003130297073059612,0.003130297073059612,1
"africa,",0.0031238412794967496,-0.0031238412794967496,1
deadly,0.0031130192740880824,-0.0031130192740880824,1
proposition,0.003111527181932001,0.003111527181932001,1
king,0.003090304819246133,-0.003090304819246133,1
nor,0.003073936293798464,-0.002973744197300187,3
traditional,0.0030617558707793555,-0.0030617558707793555,1
khashoggi.,0.0030376239140567033,0.0030376239140567033,1
publishers,0.0030370593847086035,-0.0030370593847086035,1
signers,0.003029295677940051,-0.003029295677940051,1
mosques,0.0030225332593545318,0.0030225332593545318,1
might,0.003008212455931832,0.003008212455931832,1
fact,0.003008201097448667,0.003008201097448667,1
"deal,",0.002992210366452735,0.002992210366452735,1
arabias,0.0029897164941454927,0.0029897164941454927,1
lot,0.002986157293586681,0.002986157293586681,1
homes,0.002985683176666498,-0.002985683176666498,1
leave,0.002985683176666498,-0.002985683176666498,1
bias,0.0029783062636852264,0.0029783062636852264,1
treatment,0.002968042949214579,-0.002968042949214579,1
"impunity,",0.0029633652729292716,0.0029633652729292716,1
fort,0.0029554051902637326,-0.0029554051902637326,1
costing,0.0029224927149092157,0.0029224927149092157,1
giant,0.002919404785363719,0.002919404785363719,1
"power,",0.00291713612775008,-0.0009605263049403839,2
historical,0.0028781336074804563,0.0028781336074804563,1
appearances,0.0028630117109666267,-0.0028630117109666267,1
"profile,",0.0028611692886513014,0.0028611692886513014,1
translate,0.0028468479868024588,0.0028468479868024588,1
argument,0.002834181229655559,0.002834181229655559,1
gone,0.002825671742903069,0.002825671742903069,1
raising,0.0028202165512515136,-0.0028202165512515136,2
turmoil,0.0028164850373286754,-0.0028164850373286754,1
case,0.002799696088509841,-0.002799696088509841,1
blacks,0.0027977857339595044,0.0027977857339595044,1
championship,0.0027453609509393573,0.0027453609509393573,1
protection,0.0027404860593378544,-0.0027404860593378544,2
"party,",0.0027240198105573654,0.0027240198105573654,1
having,0.0027209841646254063,0.0027209841646254063,1
re,0.0027204691322018516,-0.0008537602259034172,3
ago,0.0027104709297418594,0.0027104709297418594,1
sweeping,0.002704829614344111,0.002704829614344111,1
services,0.00269231886173097,0.00269231886173097,1
bull,0.0026697841938585045,0.0026697841938585045,1
"has,",0.002651159007412692,-0.002651159007412692,1
murdered,0.002634997518422703,0.002634997518422703,1
"confession,",0.002630351007812552,0.002630351007812552,1
disagree,0.0026302892803436234,0.0026302892803436234,1
infectious,0.0026294548130993333,0.0026294548130993333,1
flags,0.002619527851824056,0.002619527851824056,1
problems,0.0026095593348145485,-0.0026095593348145485,1
defend,0.002605106681585312,-0.002605106681585312,1
becomes,0.0026041235309094187,0.0026041235309094187,1
mass,0.0025973142279932895,0.0025973142279932895,1
care.,0.002583634154871107,0.002583634154871107,1
twin,0.0025795526162255555,-0.0025795526162255555,1
door,0.0025485980856631485,0.0025485980856631485,1
fill,0.002541910967833939,-0.002541910967833939,1
statistics,0.0025294830556958914,-0.0025294830556958914,1
confessional,0.002525828778743744,0.002525828778743744,1
"parties,",0.002523373626172543,0.002523373626172543,1
mitch,0.0025163770840277502,0.0016643964900691626,3
bible,0.00251558143645525,-0.00251558143645525,1
influence,0.002505438693333417,-0.002505438693333417,1
"streets,",0.0024908945322609866,-0.0024908945322609866,1
plaintiff,0.002469562272247123,-0.002469562272247123,1
"analyst,",0.0024436948200066886,-0.0024436948200066886,1
disproportionate,0.0024436106129239,0.0024436106129239,1
nfl,0.0024315211710266094,0.0024315211710266094,1
levers,0.0024132508784532546,0.0024132508784532546,1
majority,0.0024090780602702396,-0.0024090780602702396,1
articles,0.0023988252505660057,-0.0023988252505660057,1
quote,0.0023805784294381738,0.0023805784294381738,1
enticing,0.0023788833059370518,0.0023788833059370518,1
"precedent,",0.0023778289173017535,0.0023778289173017535,1
2002,0.0023606654295387367,-0.0023606654295387367,1
epidemic,0.0023606654295387367,-0.0023606654295387367,1
plots,0.002356687283867763,-0.002356687283867763,1
roger,0.002339045112464754,-0.002339045112464754,1
noted,0.0023223751861798135,0.0023223751861798135,1
cement,0.002318600392235177,0.002318600392235177,1
away,0.002315012061791051,-0.002315012061791051,1
later,0.0022950552550977782,-0.00012459029982748787,2
worried,0.00229113661440682,0.00229113661440682,1
500,0.0022814720950759294,0.0022814720950759294,1
existing,0.002273740036448894,-0.002273740036448894,1
precaution,0.002251098398119211,0.002251098398119211,1
"3,",0.0022474679666428937,-0.0022474679666428937,1
species,0.002240628469735384,-0.002240628469735384,1
"rules,",0.002229660252730052,0.002229660252730052,2
declaring,0.0022281379788182676,-0.0022281379788182676,1
lgbtq,0.0022273934399899453,0.0002239663624912444,3
efforts,0.0021957611399037497,0.0021957611399037497,1
strict,0.0021939684559280676,0.0021939684559280676,2
ing,0.002175997942686081,0.002175997942686081,1
turned,0.0021704649552702904,0.0021704649552702904,1
charter,0.0021641731011466337,0.0021641731011466337,1
win,0.0021541482071088017,-0.0020344028803114546,2
wealth.,0.00214838112394015,0.00214838112394015,1
quickly,0.002138877815256516,0.002138877815256516,1
administratively,0.0021344274282455444,0.0021344274282455444,1
article,0.0021089509439965095,0.0021089509439965095,1
hi),0.002097198460251093,-0.002097198460251093,1
example,0.0020861014102896056,0.0020861014102896056,1
demanding,0.002066829358227551,-0.002066829358227551,1
in””,0.0020452886819839478,0.0020452886819839478,1
progress,0.0020447620190680027,0.0020447620190680027,1
guns,0.0020446452545002103,0.0020446452545002103,1
statue,0.0020433058380149305,-0.0020433058380149305,1
"genuine,",0.0020336369052529335,0.0020336369052529335,1
vanguard,0.0020153538439593283,0.0020153538439593283,1
factors,0.002014009514823556,-0.002014009514823556,1
st.’’,0.0020015193996104326,-0.0020015193996104326,1
ones,0.001999414323464684,-0.001999414323464684,1
bidens,0.0019920978408593396,0.0019920978408593396,1
tear,0.0019913869830410578,-0.0016447715322506964,4
equal,0.0019597757607698442,0.0019597757607698442,1
difficult,0.0019515621243044734,-0.0019515621243044734,1
times,0.0019430855575662393,0.0019430855575662393,1
car,0.0019365373688439529,0.0019365373688439529,1
unionized,0.0019298929792757218,0.0019298929792757218,1
rule,0.0019000046653673054,-0.0019000046653673054,1
plunge,0.0018759088416118175,0.0018759088416118175,1
levy,0.0018749123625258286,-0.0018749123625258286,1
op,0.0018290736246854068,0.0018290736246854068,1
suggests,0.001820376332034357,-0.001820376332034357,1
congress,0.0018144194036722183,0.0018144194036722183,1
budgets,0.0018047337921766136,0.0018047337921766136,1
method,0.0018019764373699825,0.0018019764373699825,1
prisoners,0.0017799855143363988,-0.0017799855143363988,1
necessary,0.0017730509418816794,-0.0017730509418816794,1
brutality.,0.0017579955581043458,0.0017579955581043458,1
dad,0.0017476675857324153,-0.0017476675857324153,1
invokes,0.0017366259846658932,-0.0017366259846658932,1
schools.,0.0017308022028633529,0.0017308022028633529,1
vitriol,0.00173066513469586,0.00173066513469586,1
film,0.0017279023304581642,-0.0017279023304581642,1
ownantifa,0.0017275456339120795,-0.0017275456339120795,1
raises,0.0017179616870215306,0.0017179616870215306,1
stories,0.0016994568785386427,0.0016994568785386427,1
counterparts,0.0016971576325077978,0.0016971576325077978,1
ians,0.0016616863764024206,-0.0016616863764024206,1
affordable,0.0016503446456044913,-0.0016503446456044913,1
wild,0.0016309208502726896,0.0016309208502726896,1
increases,0.0016119256142585999,-0.0016119256142585999,1
subscriptions,0.0016119256142585999,-0.0016119256142585999,1
territory,0.0015897037519607693,-0.0015897037519607693,1
cia,0.0015874194657607447,-0.0015874194657607447,1
spotted,0.0015874194657607447,-0.0015874194657607447,1
poised,0.001586214464623481,0.001586214464623481,1
insist,0.001581570744747296,-0.001581570744747296,1
saved,0.0015640366822481156,0.0015640366822481156,1
rio,0.0015610596165060997,-0.0015610596165060997,1
april,0.001547480731581648,0.001547480731581648,1
harder,0.001544372112820518,0.001544372112820518,1
straight,0.0015417728282045573,0.0015417728282045573,1
like!,0.0015253379158135768,-0.0015253379158135768,1
almost,0.0015225469040265982,0.0015225469040265982,2
sober,0.0014906798799832663,0.0014906798799832663,1
280,0.0014866939843612124,0.0014866939843612124,1
days,0.0014866939843612124,0.0014866939843612124,1
documented,0.001449939189478755,0.001449939189478755,1
separations,0.001449719004865204,0.001449719004865204,1
mayor,0.0014275028370320797,-0.0014275028370320797,1
something,0.0014204738506426414,0.00015439875086472525,2
author,0.0014050640165805817,-0.0014050640165805817,1
acclaimed,0.0014050640165805817,-0.0014050640165805817,1
james,0.0014050640165805817,-0.0014050640165805817,1
forward,0.0013844097033143044,0.0013844097033143044,1
looking,0.0013844097033143044,0.0013844097033143044,1
meatpacking,0.0013837409516175587,-0.0013837409516175587,1
countrys,0.0013739829785966626,-0.0005781145397728928,2
advice,0.0013717036307245105,-0.0013717036307245105,1
silver,0.0013490064612900216,0.0013490064612900216,1
engaging,0.0013473813887685537,-0.00040772673673927784,2
until,0.0013467023964039981,-0.0013467023964039981,1
prosecutor,0.00132756307721138,-0.00132756307721138,1
size,0.0013257024379876945,0.0013257024379876945,1
"migrants,",0.0013059365407874154,-0.0013059365407874154,1
wealth,0.0013055264036618656,0.0013055264036618656,3
actions,0.0012871186455918684,0.0012871186455918684,1
highlight,0.0012797856649670464,-0.0012797856649670464,1
beyond,0.0012783947312051342,-0.0012783947312051342,1
"crime,",0.0012759631499648094,-0.0012759631499648094,1
ex,0.0012632272439077495,0.0001356656230720026,2
novel,0.00125103835016489,-0.00125103835016489,1
diplomatic,0.0011873505136463791,-0.0011873505136463791,1
principles,0.0011812541633844376,0.0011812541633844376,1
harmony,0.0011782698643704255,0.0011782698643704255,1
dark,0.0011663554546733697,-0.0011663554546733697,1
signing,0.00116320516099222,-0.00116320516099222,1
thought,0.001147296279668808,0.001147296279668808,1
generation,0.0011195737744371095,0.0011195737744371095,1
"admitted,",0.001117881468106142,-0.001117881468106142,1
exploration,0.0011102440766990185,-0.0011102440766990185,1
"officers,",0.0010961956965426607,0.0010961956965426607,1
upside,0.001087329350411892,-0.001087329350411892,1
grassroots,0.0010866918601095676,0.0010866918601095676,1
himself,0.0010822857730090618,-0.0010822857730090618,1
losers,0.0010793747120176182,0.0010793747120176182,1
forces,0.001019044267215254,0.001019044267215254,1
verbal,0.00101871396570156,-0.00101871396570156,1
decision,0.001007273784350781,-0.001007273784350781,1
matter.,0.000995212874840945,-0.000995212874840945,1
walking,0.0009907536406182883,0.0009907536406182883,1
consolidate,0.000978304911404848,0.000978304911404848,1
gambling,0.0009649464896378609,0.0009649464896378609,1
east,0.0009471255886767591,0.0009471255886767591,1
rudy,0.0009450967446645048,0.0009450967446645048,1
gossip,0.000944671382384947,0.000944671382384947,1
making,0.0009421842703456158,0.0006021878424749021,2
faculty,0.0009348240633056883,-0.0009348240633056883,1
overwhelming,0.0009331055916845798,-0.0009331055916845798,1
spread.,0.0009071758327384785,0.0009071758327384785,1
removing,0.0008965312736108899,0.0008965312736108899,1
releasing,0.0008959937387133961,-0.0008959937387133961,1
recommending,0.0008879510860424489,0.0008879510860424489,1
attacks,0.0008841651595301102,-0.0008841651595301102,1
seem,0.0008790455758571625,-0.0008790455758571625,1
sooner,0.0008786146978049406,-0.0008786146978049406,1
helped,0.0008683474734425545,-0.0008683474734425545,1
simultaneously,0.0008683129923329466,-0.0008683129923329466,1
provides,0.0008626728473852077,-0.0008626728473852077,1
revolution,0.0008602605878629465,0.0008602605878629465,1
imagine,0.0008546890609938166,-0.0008546890609938166,1
provoked,0.0008519324474036694,4.519851735005037e-06,2
hands,0.0008504455133030812,-0.0008504455133030812,1
mask,0.000842059858971172,0.000842059858971172,1
favor.,0.0008251266553997993,0.0008251266553997993,1
down.,0.0008157744693259398,-0.0008157744693259398,2
wokest,0.0008148143688837695,-0.0008148143688837695,1
pushing,0.0008038381894259361,0.0008038381894259361,1
start,0.0007886815583333373,0.0007886815583333373,1
poverty,0.000775591004639864,-0.000775591004639864,1
zirin,0.0007740569507910146,0.0007740569507910146,1
opportunity.,0.0007610260085626082,0.0007610260085626082,1
boys,0.0007595006376504898,0.0007595006376504898,1
attorneys,0.0007346561899231304,0.0007346561899231304,1
mutual,0.0007170456228777766,0.0007170456228777766,1
anniversary,0.0007110589649528265,0.0007110589649528265,1
enact.,0.0007069167193202745,0.0007069167193202745,1
zero,0.0006863484236722195,-0.0006863484236722195,1
exceeds,0.0006786173519988854,-0.0006786173519988854,1
research,0.0006673951578051903,-0.00022814076092356878,2
sharp,0.0006553297862410545,-0.0006553297862410545,1
conservative;,0.0006551465181552844,0.0006551465181552844,1
portrait,0.0006416702523995611,-0.0006416702523995611,1
true,0.0006323442690902288,-0.0006323442690902288,1
likening,0.0006158789619803429,0.0006158789619803429,1
"and,",0.0006131865084171295,0.0006131865084171295,1
future,0.00060602868325077,0.00060602868325077,1
"marriage,",0.0005740108540634704,0.0005740108540634704,1
wage,0.0005729779779658952,-0.00039095118032642334,2
phrase,0.0005643514749140311,-0.0005643514749140311,1
originally,0.000558940734053071,-0.000558940734053071,1
unarmed,0.0005503625725395977,-0.0005503625725395977,1
charging,0.0005500226106960326,0.0005500226106960326,1
wwf,0.0005387525575665329,0.0005387525575665329,1
there,0.0005275547238332884,-0.0005275547238332884,1
semi,0.0005255949508864433,0.0005255949508864433,1
counter,0.0005211224779486656,0.0005211224779486656,1
pressuring,0.0005191320980278153,0.0005191320980278153,1
characterized,0.0004926782567054033,0.0004926782567054033,1
tour,0.0004840802963978299,0.0004840802963978299,1
hour,0.0004840802963978299,0.0004840802963978299,1
wide,0.0004780095948192936,-0.0004780095948192936,1
cleaning,0.0004780095948192936,-0.0004780095948192936,1
lockdowns.’’,0.0004723813414337155,-0.0004723813414337155,1
payroll,0.00045064523031837066,-0.00045064523031837066,1
rate,0.00044763158075511456,0.00044763158075511456,1
love““,0.00044688147803147627,0.00044688147803147627,1
stone,0.00043381508013683987,0.00043381508013683987,1
drinking,0.0004252724986719458,-0.0004252724986719458,1
bleach,0.0004252724986719458,-0.0004252724986719458,1
sort,0.0004225561860948801,-0.0004225561860948801,1
hand,0.0003858152776956558,0.0003858152776956558,1
chasm,0.0003749185463502295,-0.0003749185463502295,1
widening,0.0003749185463502295,-0.0003749185463502295,1
sovereign,0.0003552065630044256,0.0003552065630044256,1
soil,0.0003552065630044256,0.0003552065630044256,1
"opponents,",0.0003445817955902643,0.0003445817955902643,1
"cuties,",0.0003422814385070431,0.0003422814385070431,1
great,0.00033649304528641545,0.00033649304528641545,1
exper,0.0002805441617965698,0.0002805441617965698,1
iments,0.0002805441617965698,0.0002805441617965698,1
safe,0.0002789736911654472,0.0002789736911654472,1
is““,0.00027672479712012935,-0.00027672479712012935,1
"saying,““",0.00026669636104520184,0.00026669636104520184,1
handling,0.00026051894658141693,-0.00026051894658141693,1
fear,0.0002543209741512934,-0.0002543209741512934,1
strong,0.0002502351029155161,-0.0002502351029155161,1
nevadas,0.00023949065359469456,0.00023949065359469456,1
season,0.00022415153216570616,0.00022415153216570616,1
war,0.00022141383184740926,-0.00022141383184740926,1
recalled’’,0.00021074622136478278,0.00021074622136478278,1
appear,0.00018112521618604657,0.00018112521618604657,1
radio,0.00017540606204420345,0.00017540606204420345,1
"causes,",0.00015898469137028137,0.00015898469137028137,1
audiences,0.0001265769824385643,-0.0001265769824385643,1
towns,0.0001197453267973473,0.0001197453267973473,1
nationally,0.00011974532679734728,0.00011974532679734728,1
stern,0.00011974532679734727,0.00011974532679734727,1
others,9.976928122341629e-05,-9.976928122341629e-05,1
rolled,9.686916494559307e-05,-9.686916494559307e-05,1
petition,8.69648065418005e-05,8.69648065418005e-05,1
"usage,",8.511336313353653e-05,8.511336313353653e-05,1
address,3.307320164620039e-05,3.307320164620039e-05,1
distancing,3.175685803095507e-05,-3.175685803095507e-05,1
assist,2.2808232137726606e-05,-2.2808232137726606e-05,1
immigrants,1.1949246982112527e-05,-1.1949246982112527e-05,1
net,6.203015800565481e-06,6.203015800565481e-06,1
region,1.7867423593997955e-06,-1.7867423593997955e-06,1
