model,triplet_uuid,outlet_idx,sentence_idx,category,biased,has_lex,has_inf,has_both_types,quote_status,mean_abs_shap,max_abs_shap,n_tokens,n_word_attribs
biasdetector,7a97de89-1433-46f7-bcc2-f80b041cb9a0,3,13,TP,1,0,1,0,no_quote,0.09504906704382,0.559127387474291,22,18
biasdetector,2b95d2cf-e979-4f9c-ae27-9a5370934f23,3,20,TP,1,0,1,0,no_quote,0.0881002760226173,0.3223012118833139,20,14
biasdetector,3ae35b16-7f7f-4a5e-9f24-5ce724106a73,3,8,TP,1,0,1,0,all_in_quote,0.0187097406028397,0.1182621771780153,64,53
biasdetector,b7021938-ff8d-42ea-adec-5704c0b65237,2,25,TP,1,1,0,0,no_quote,0.038742757426937,0.1905979088536696,33,27
biasdetector,c9e4d35f-aeae-462b-a8bf-e08d09a93b6e,1,14,TP,1,1,1,1,all_in_quote,0.0381416223432245,0.3469265646999702,49,34
biasdetector,df5fe55a-dfcb-4817-8631-830f47c21a72,3,5,TP,1,0,1,0,no_quote,0.0890406051650643,0.1573613923974335,15,10
biasdetector,84678e18-0b79-4570-9c9f-cb1cf88d968e,1,1,TP,1,1,0,0,no_quote,0.0754225901993841,0.3090277190785855,25,19
biasdetector,79bf99c6-6fca-4ce4-8ae1-8771de026142,2,33,TP,1,1,0,0,no_quote,0.0534745423335922,0.2016511029563844,31,16
biasdetector,7f9c83f7-3efa-4c7a-adef-3ebdeda96042,3,12,TP,1,0,1,0,no_quote,0.0333064934326613,0.1349939745850861,48,38
biasdetector,8dc7ccfe-5cf0-482f-9101-a7c69881da4d,2,14,TP,1,0,1,0,all_in_quote,0.0403430777019821,0.1790639893927922,29,22
biasdetector,a28a0329-0887-42dc-bd3d-3bb4f8926757,3,23,TP,1,0,1,0,no_quote,0.01782279974101,0.11570161345757,60,48
biasdetector,0c78e748-efbf-417c-a8c1-beeb6480147f,2,3,TP,1,0,1,0,all_in_quote,0.0549017406789408,0.2454055211273953,32,21
biasdetector,472158a1-4e39-4214-8397-904e66f2b4c5,3,22,TP,1,0,1,0,all_in_quote,0.0205293841800932,0.2567958710160816,53,43
biasdetector,76810849-0335-4ad3-9eaf-f0d9c5baceb6,3,5,TP,1,0,1,0,all_in_quote,0.0767824203571459,0.3192328074946999,25,20
biasdetector,b5eefefb-2a33-45de-abe1-f855c94165f4,2,53,TP,1,0,1,0,no_quote,0.0878166006137193,0.1902288207784295,19,11
biasdetector,7f9c83f7-3efa-4c7a-adef-3ebdeda96042,1,28,TP,1,1,1,1,no_quote,0.0150565812509248,0.1243492936094602,49,41
biasdetector,b7021938-ff8d-42ea-adec-5704c0b65237,2,23,TP,1,0,1,0,all_in_quote,0.0606220496859815,0.1717145635047927,26,15
biasdetector,1ed4f378-b9d4-43b8-8d50-53d0cc063332,3,4,TP,1,1,0,0,no_quote,0.034123715215226,0.184125872189179,48,34
biasdetector,8abec8d9-50a2-480e-969a-157f94954f4d,1,5,TP,1,0,1,0,all_in_quote,0.0283214130438864,0.166541957296431,41,35
biasdetector,c99adbdd-eaf3-4844-9548-2642e80de4e2,3,17,TP,1,1,0,0,no_quote,0.0496107028162826,0.4527040449902415,43,33
biasdetector,86e6e27d-1440-4879-8b13-0dd2d89f7281,1,8,TP,1,0,1,0,no_quote,0.013893767887549,0.0693744029021925,51,42
biasdetector,8dac6c12-b5ca-468c-a249-7e0ab42f6b52,3,10,TP,1,0,1,0,no_quote,0.0582100431419565,0.4161550235003233,33,28
biasdetector,550b80db-bdd5-442b-8f70-c8e9f3203a13,1,18,TP,1,0,1,0,no_quote,0.0306082114135913,0.2128504359635052,35,22
biasdetector,47a209b0-fc26-4a0a-a1fe-e4310d1d2419,1,0,TP,1,1,0,0,no_quote,0.0304324751391866,0.1450251073110848,40,31
biasdetector,65cb14cb-2d27-41e5-a2be-6fd6314f4363,2,28,TP,1,0,1,0,all_in_quote,0.0618866075451175,0.2665446437895298,29,15
biasdetector,f688c56d-7fae-42ef-b7f7-7db207b58d27,3,11,TP,1,0,1,0,no_quote,0.0434062426834343,0.2073705201037228,33,25
biasdetector,84b3c118-50d2-45a5-a91f-7ed95b5d0143,2,53,TP,1,0,1,0,no_quote,0.0138920624381474,0.0789606608450412,41,32
biasdetector,3ae35b16-7f7f-4a5e-9f24-5ce724106a73,1,27,TP,1,0,1,0,all_in_quote,0.0473705588217839,0.2003602293235334,36,23
biasdetector,005a2961-0c2e-4575-8eec-770ba52a08e0,3,28,TP,1,0,1,0,all_in_quote,0.0899387139573015,0.3387649215292185,16,11
biasdetector,6f95dcb9-e960-45ac-8c0e-91b85724c909,3,1,TP,1,1,0,0,no_quote,0.0410684922537863,0.4706463909242302,39,32
biasdetector,79bf99c6-6fca-4ce4-8ae1-8771de026142,3,34,TP,1,0,1,0,no_quote,0.059015948128885,0.2393989397678524,36,29
biasdetector,1ed4f378-b9d4-43b8-8d50-53d0cc063332,3,7,TP,1,0,1,0,all_in_quote,0.182646466884762,0.5227498263120651,12,6
biasdetector,0ffb34cd-c367-4d90-aca7-7fcac3ed8f3d,1,1,TP,1,1,1,1,no_quote,0.0184202273798822,0.2651126015698537,67,51
biasdetector,59f2f47c-5da0-4fbc-be6e-4f15d45d82e2,1,1,TP,1,1,0,0,no_quote,0.0212499963067806,0.1630342681936727,60,48
biasdetector,96b7046f-f584-422f-a626-6f86a26dfd8b,3,3,TP,1,0,1,0,no_quote,0.0315867501123669,0.3133893982740119,47,29
biasdetector,6f95dcb9-e960-45ac-8c0e-91b85724c909,3,23,TP,1,1,0,0,no_quote,0.0398243303129371,0.2685405611991882,33,24
biasdetector,ad409798-ee94-4436-92c5-92669193be14,2,17,TP,1,0,1,0,no_quote,0.0576724421378457,0.2303622682520654,30,24
biasdetector,c99adbdd-eaf3-4844-9548-2642e80de4e2,2,29,TP,1,0,1,0,no_quote,0.1039056222486708,0.3405553787015378,12,7
biasdetector,c21cb217-3e2c-49bd-884d-5c74a165ef10,1,0,TP,1,0,1,0,no_quote,0.0170341148438043,0.2097265307567655,77,63
biasdetector,b5eefefb-2a33-45de-abe1-f855c94165f4,2,16,TP,1,1,0,0,no_quote,0.0449450093573308,0.2020147358125541,32,26
biasdetector,13792511-5142-449f-8d3e-d77d790f65ec,1,5,TP,1,0,1,0,all_in_quote,0.0535052312894549,0.2111932286294177,44,32
biasdetector,86e6e27d-1440-4879-8b13-0dd2d89f7281,3,6,TP,1,1,1,1,no_quote,0.026311522381868,0.223186944797635,56,36
biasdetector,d4a4bc34-e48b-4485-86b2-f1daf4d464dd,3,11,TP,1,0,1,0,all_in_quote,0.0482363536113909,0.2543968809768557,27,17
biasdetector,8abec8d9-50a2-480e-969a-157f94954f4d,2,22,TP,1,0,1,0,all_in_quote,0.0460307053206229,0.2633626235183328,38,24
biasdetector,70c75d68-bf65-46a6-a822-15c23d77a275,2,32,TP,1,0,1,0,all_in_quote,0.0512896604315542,0.330717489356175,28,17
biasdetector,8dac6c12-b5ca-468c-a249-7e0ab42f6b52,1,23,TP,1,0,1,0,all_in_quote,0.042067311871249,0.2298717056401074,45,34
biasdetector,2a3fde8a-082a-4d8f-9567-f7e8366c0200,1,12,TP,1,1,0,0,all_in_quote,0.0873096681419102,0.3821944643277675,24,17
biasdetector,65cb14cb-2d27-41e5-a2be-6fd6314f4363,1,2,TP,1,1,0,0,all_in_quote,0.1014246199920307,0.2539512030780315,17,8
biasdetector,2b95d2cf-e979-4f9c-ae27-9a5370934f23,3,7,TP,1,0,1,0,all_in_quote,0.0174761244674911,0.129391212016344,54,47
biasdetector,1ed4f378-b9d4-43b8-8d50-53d0cc063332,3,2,TP,1,1,0,0,no_quote,0.0106758506878613,0.0717003112658858,75,59
biasdetector,86e6e27d-1440-4879-8b13-0dd2d89f7281,1,1,TP,1,1,0,0,no_quote,0.0097695355115802,0.0651563879102468,66,49
biasdetector,b7021938-ff8d-42ea-adec-5704c0b65237,2,20,TP,1,0,1,0,no_quote,0.0463362733907017,0.1562799141004992,27,19
biasdetector,550b80db-bdd5-442b-8f70-c8e9f3203a13,3,4,TP,1,0,1,0,mixed,0.0228037571811978,0.1568927252665162,48,39
biasdetector,65cb14cb-2d27-41e5-a2be-6fd6314f4363,2,17,TP,1,1,0,0,all_in_quote,0.0706665082118259,0.4795547691173851,18,13
biasdetector,2f3e86b6-8443-47bd-9cd3-491c90a59fe9,1,2,TP,1,0,1,0,no_quote,0.0369996144567128,0.3284353852892915,48,35
biasdetector,96b7046f-f584-422f-a626-6f86a26dfd8b,1,5,TP,1,0,1,0,all_in_quote,0.0170101714093193,0.0584899708628654,51,32
biasdetector,72fa9b13-4e59-4716-8df9-4c3580e7dddf,3,11,TP,1,0,1,0,no_quote,0.0311164123212809,0.0820396398194134,57,39
biasdetector,a4edca3f-931f-4785-8c3f-f3d8fa84cbec,1,4,TP,1,0,1,0,all_in_quote,0.0662117275448205,0.1845814287662506,23,12
biasdetector,3ae35b16-7f7f-4a5e-9f24-5ce724106a73,1,29,TP,1,0,1,0,all_in_quote,0.0319201181426343,0.1727086326883485,47,33
biasdetector,2a3fde8a-082a-4d8f-9567-f7e8366c0200,1,11,TP,1,0,1,0,all_in_quote,0.103789151723807,0.2684865542687475,18,12
biasdetector,b7021938-ff8d-42ea-adec-5704c0b65237,2,7,TP,1,0,1,0,all_in_quote,0.1227398939954582,0.2369133243337273,15,8
biasdetector,01c59743-7082-44fc-8414-3c04126f470f,2,2,TP,1,1,0,0,no_quote,0.0527929566097113,0.2157107042497955,40,30
biasdetector,86e6e27d-1440-4879-8b13-0dd2d89f7281,1,0,TP,1,0,1,0,no_quote,0.0759445362588546,0.217434550402686,18,12
biasdetector,47a209b0-fc26-4a0a-a1fe-e4310d1d2419,3,30,TP,1,0,1,0,no_quote,0.0167444081151967,0.1068050476437014,77,65
biasdetector,84b3c118-50d2-45a5-a91f-7ed95b5d0143,2,46,TP,1,0,1,0,no_quote,0.0282128864933771,0.2325127944350243,54,45
biasdetector,1ed4f378-b9d4-43b8-8d50-53d0cc063332,1,10,TP,1,0,1,0,all_in_quote,0.1527380237530451,0.4010141408070922,15,8
biasdetector,1e41e98b-9ac1-441d-b2c2-19d8f730c74a,2,34,TP,1,0,1,0,no_quote,0.0300523465502428,0.1001299023628234,43,37
biasdetector,1ed4f378-b9d4-43b8-8d50-53d0cc063332,1,2,TP,1,0,1,0,all_in_quote,0.0393507272563247,0.2486654344247654,46,33
biasdetector,2153fb3e-6b09-410c-bfea-d095c49a54ba,1,15,TP,1,0,1,0,all_in_quote,0.0272832671100253,0.1502720499411225,42,31
biasdetector,2ec04201-2016-4227-baf7-ba8289058203,2,27,TP,1,1,0,0,all_in_quote,0.0409602321807243,0.6121120634488761,37,30
biasdetector,472158a1-4e39-4214-8397-904e66f2b4c5,1,0,TP,1,1,1,1,no_quote,0.0105403931848168,0.07690142399321,59,50
biasdetector,3ae35b16-7f7f-4a5e-9f24-5ce724106a73,3,9,TP,1,0,1,0,no_quote,0.0251881465455171,0.3767685825721575,60,38
biasdetector,01c59743-7082-44fc-8414-3c04126f470f,2,27,TP,1,0,1,0,no_quote,0.0379885490394413,0.2794472911627963,42,31
biasdetector,0d10341a-9dba-4374-a524-814c300d1611,2,45,TP,1,0,1,0,no_quote,0.0677392364162312,0.3954378053313121,33,17
biasdetector,3db93526-a344-4ea4-8772-3734d0cfdfb1,1,9,TP,1,0,1,0,all_in_quote,0.0556670329410974,0.335212021775078,22,19
biasdetector,c21cb217-3e2c-49bd-884d-5c74a165ef10,3,26,TP,1,0,1,0,no_quote,0.0421351027756894,0.1407983400858938,31,27
biasdetector,6b541575-99b1-40d2-8730-9bb868ee38ed,3,21,TP,1,1,0,0,no_quote,0.0141306723916028,0.1140195379584011,51,40
biasdetector,472158a1-4e39-4214-8397-904e66f2b4c5,3,6,TP,1,0,1,0,all_in_quote,0.070018621001509,0.2499725250527262,25,16
biasdetector,59f2f47c-5da0-4fbc-be6e-4f15d45d82e2,3,7,TP,1,1,0,0,all_in_quote,0.0469423654696179,0.1811160674939552,25,15
biasdetector,d4a4bc34-e48b-4485-86b2-f1daf4d464dd,2,14,TP,1,0,1,0,all_in_quote,0.0230126985056436,0.0936768800020217,36,29
biasdetector,6f95dcb9-e960-45ac-8c0e-91b85724c909,2,17,TP,1,0,1,0,no_quote,0.0742818446069335,0.4148879516869783,26,20
biasdetector,b7021938-ff8d-42ea-adec-5704c0b65237,1,1,TP,1,1,0,0,no_quote,0.0325713056642456,0.2600880555983167,51,39
biasdetector,8dc7ccfe-5cf0-482f-9101-a7c69881da4d,3,9,TP,1,0,1,0,all_in_quote,0.0293664049041307,0.2065840405412018,45,39
biasdetector,b764f81f-6d08-4d7c-b1a8-8961bed0a455,3,30,TP,1,0,1,0,all_in_quote,0.0566007408990778,0.2365363121847622,30,22
biasdetector,13792511-5142-449f-8d3e-d77d790f65ec,3,9,TP,1,0,1,0,no_quote,0.0250434922820426,0.196980199063546,55,45
biasdetector,d16050b3-979f-4834-90db-b8823691b87e,2,1,TP,1,0,1,0,no_quote,0.0248029036754689,0.3425510321588565,59,52
biasdetector,86e6e27d-1440-4879-8b13-0dd2d89f7281,2,3,TP,1,0,1,0,all_in_quote,0.0776217378908768,0.258885471150279,23,12
biasdetector,3ae35b16-7f7f-4a5e-9f24-5ce724106a73,1,7,TP,1,1,0,0,no_quote,0.0331203946442181,0.1003959481359312,31,26
biasdetector,2b95d2cf-e979-4f9c-ae27-9a5370934f23,3,8,TP,1,0,1,0,all_in_quote,0.0172027836610196,0.2742841318249702,44,33
biasdetector,be026bd1-52b1-4789-bfd3-3632af17b054,2,4,TP,1,1,0,0,mixed,0.0216705384170354,0.0830870843492448,51,44
biasdetector,13792511-5142-449f-8d3e-d77d790f65ec,2,14,TP,1,0,1,0,no_quote,0.0783532392682024,0.2898715634364635,22,18
biasdetector,0d10341a-9dba-4374-a524-814c300d1611,3,19,TP,1,0,1,0,no_quote,0.0356303439786036,0.139565709978342,31,24
biasdetector,3ae35b16-7f7f-4a5e-9f24-5ce724106a73,2,17,TP,1,0,1,0,all_in_quote,0.0202744640564754,0.1355718357081059,53,47
biasdetector,84678e18-0b79-4570-9c9f-cb1cf88d968e,2,32,TP,1,0,1,0,all_in_quote,0.0190821218590186,0.1684048042632639,63,52
biasdetector,0c78e748-efbf-417c-a8c1-beeb6480147f,3,5,TP,1,0,1,0,all_in_quote,0.0892820711842634,0.2254845621064305,18,9
biasdetector,450755dd-30d3-478b-933e-917be5c384ba,3,27,TP,1,1,0,0,all_in_quote,0.0532006052524472,0.2538208718372819,35,25
biasdetector,b764f81f-6d08-4d7c-b1a8-8961bed0a455,3,33,TP,1,0,1,0,all_in_quote,0.1209445137323604,0.4034050619229674,12,9
biasdetector,450755dd-30d3-478b-933e-917be5c384ba,3,8,TP,1,0,1,0,no_quote,0.0533811938553647,0.1934261645656079,35,23
biasdetector,be026bd1-52b1-4789-bfd3-3632af17b054,2,5,TP,1,0,1,0,all_in_quote,0.0348290716889702,0.0853884990016619,43,32
biasdetector,70c75d68-bf65-46a6-a822-15c23d77a275,1,30,TP,1,1,0,0,all_in_quote,0.017749283359078,0.2571953928563744,53,46
biasdetector,cad4bba5-cf97-45cb-8059-ebeb47dcec7a,2,2,FP,0,0,0,0,none,0.0189824424829004,0.1649737432061766,71,59
biasdetector,0d10341a-9dba-4374-a524-814c300d1611,1,7,FP,0,0,0,0,none,0.0705310372019691,0.2230066719930619,23,16
biasdetector,96b7046f-f584-422f-a626-6f86a26dfd8b,1,9,FP,0,0,0,0,none,0.0841915087981356,0.3050957075320184,15,9
biasdetector,85475456-f38e-4c30-895d-ca2c819c6af1,2,0,FP,0,0,0,0,none,0.0187356243255145,0.0800282673444598,58,47
biasdetector,2a3fde8a-082a-4d8f-9567-f7e8366c0200,1,8,FP,0,0,0,0,none,0.0220547113923095,0.1249041921691969,38,31
biasdetector,526cabb7-02a3-4adb-8e90-ec781c40c498,3,32,FP,0,0,0,0,none,0.0731489756920685,0.2959994347766042,24,18
biasdetector,b7021938-ff8d-42ea-adec-5704c0b65237,2,38,FP,0,0,0,0,none,0.0243606709123702,0.1252653155941516,56,42
biasdetector,13792511-5142-449f-8d3e-d77d790f65ec,1,8,FP,0,0,0,0,none,0.0301048426532451,0.3741160132922232,54,45
biasdetector,450755dd-30d3-478b-933e-917be5c384ba,3,29,FP,0,0,0,0,none,0.0587677651543936,0.3309762536082417,33,19
biasdetector,2153fb3e-6b09-410c-bfea-d095c49a54ba,3,15,FP,0,0,0,0,none,0.0308760022326211,0.1440069896634668,62,47
biasdetector,df5fe55a-dfcb-4817-8631-830f47c21a72,3,16,FP,0,0,0,0,none,0.0326820923228903,0.3099861519178375,45,38
biasdetector,b7021938-ff8d-42ea-adec-5704c0b65237,1,17,FP,0,0,0,0,none,0.0514236932658648,0.2448243344099157,33,23
biasdetector,ee05c9b3-529c-4268-ad72-19bd34f7197e,1,35,FP,0,0,0,0,none,0.0413103756298511,0.3115436022247498,42,34
biasdetector,8dc7ccfe-5cf0-482f-9101-a7c69881da4d,3,8,FP,0,0,0,0,none,0.0454014042225654,0.2231903639039956,32,27
biasdetector,01c59743-7082-44fc-8414-3c04126f470f,1,25,FP,0,0,0,0,none,0.0721584039909595,0.2858971969690174,17,11
biasdetector,08bb9bee-c167-4c17-9c6d-4a1259231eb7,1,16,FP,0,0,0,0,none,0.0625022263130439,0.2451600584900006,35,25
biasdetector,3db93526-a344-4ea4-8772-3734d0cfdfb1,1,14,FP,0,0,0,0,none,0.0843536813821022,0.266206779750064,19,12
biasdetector,6f95dcb9-e960-45ac-8c0e-91b85724c909,3,11,FP,0,0,0,0,none,0.0902474560774862,0.32811468699947,15,10
biasdetector,b5eefefb-2a33-45de-abe1-f855c94165f4,3,4,FP,0,0,0,0,none,0.0286813891953754,0.1185410377379628,41,26
biasdetector,df5fe55a-dfcb-4817-8631-830f47c21a72,3,23,FP,0,0,0,0,none,0.0639014992883185,0.2527715794276446,27,23
biasdetector,1b96a5db-8974-46d3-82d7-5dfef02f650e,1,3,FP,0,0,0,0,none,0.0277168312740828,0.0890336449152701,35,29
biasdetector,550b80db-bdd5-442b-8f70-c8e9f3203a13,3,0,FP,0,0,0,0,none,0.0656219578158925,0.2057929434231482,21,16
biasdetector,8385a996-1afc-4778-a06d-7070a8f19e27,3,5,FP,0,0,0,0,none,0.0950209226511004,0.694923173985444,21,18
biasdetector,0d10341a-9dba-4374-a524-814c300d1611,2,10,FP,0,0,0,0,none,0.0457719503550227,0.1928827099036425,38,32
biasdetector,01c59743-7082-44fc-8414-3c04126f470f,1,3,FP,0,0,0,0,none,0.1621289291069843,0.4760435279458761,7,4
biasdetector,d16050b3-979f-4834-90db-b8823691b87e,3,0,FP,0,0,0,0,none,0.1163131413049995,0.27347725443542,17,10
biasdetector,84b3c118-50d2-45a5-a91f-7ed95b5d0143,2,12,FP,0,0,0,0,none,0.0545821443568759,0.2473514141165651,26,12
biasdetector,526cabb7-02a3-4adb-8e90-ec781c40c498,1,0,FP,0,0,0,0,none,0.0890333063434809,0.3463900727219879,11,8
biasdetector,86e6e27d-1440-4879-8b13-0dd2d89f7281,3,10,FP,0,0,0,0,none,0.21879335368673,0.5041115591302514,12,3
biasdetector,70c75d68-bf65-46a6-a822-15c23d77a275,2,20,FP,0,0,0,0,none,0.0243159233119468,0.1031695278361439,57,38
biasdetector,3ae35b16-7f7f-4a5e-9f24-5ce724106a73,3,20,FP,0,0,0,0,none,0.0583610154253942,0.4362054482335225,32,22
biasdetector,59f2f47c-5da0-4fbc-be6e-4f15d45d82e2,3,5,FP,0,0,0,0,none,0.0856473388604354,0.1926728474209085,23,20
biasdetector,13792511-5142-449f-8d3e-d77d790f65ec,2,19,FP,0,0,0,0,none,0.0141736490808697,0.1768616313735644,65,44
biasdetector,6f95dcb9-e960-45ac-8c0e-91b85724c909,2,3,FP,0,0,0,0,none,0.0688904101707381,0.1575149513082578,31,26
biasdetector,df5fe55a-dfcb-4817-8631-830f47c21a72,1,21,FP,0,0,0,0,none,0.0439514188887437,0.3117644102312624,41,32
biasdetector,70c75d68-bf65-46a6-a822-15c23d77a275,1,10,FP,0,0,0,0,none,0.0752929637907073,0.2112174108624458,15,10
biasdetector,c99adbdd-eaf3-4844-9548-2642e80de4e2,1,3,FP,0,0,0,0,none,0.0149662214891628,0.0606760761937966,72,59
biasdetector,dd1e6e3b-f36c-4064-8ef9-940984e9afa2,1,28,FP,0,0,0,0,none,0.0781887487473863,0.4665063745652635,27,18
biasdetector,c99adbdd-eaf3-4844-9548-2642e80de4e2,2,14,FP,0,0,0,0,none,0.0397091316448241,0.2268095532587418,48,41
biasdetector,76810849-0335-4ad3-9eaf-f0d9c5baceb6,3,15,FP,0,0,0,0,none,0.0878385427123349,0.2710918635712005,20,12
biasdetector,1e41e98b-9ac1-441d-b2c2-19d8f730c74a,2,58,FP,0,0,0,0,none,0.0223041113113497,0.147591136698611,60,49
biasdetector,2b95d2cf-e979-4f9c-ae27-9a5370934f23,3,2,FP,0,0,0,0,none,0.0774497266669964,0.4275472411361988,28,15
biasdetector,84678e18-0b79-4570-9c9f-cb1cf88d968e,2,38,FP,0,0,0,0,none,0.0762384364541826,0.3309986965032294,25,15
biasdetector,ccf19ab6-7878-4378-b99c-2b08cc21371f,3,15,FP,0,0,0,0,none,0.0148359952894445,0.0783832999877631,59,54
biasdetector,1b96a5db-8974-46d3-82d7-5dfef02f650e,2,18,FP,0,0,0,0,none,0.0737334077353947,0.2536678396863863,17,13
biasdetector,c6a0e65c-4f8b-41de-8200-cd700f683c64,1,0,FP,0,0,0,0,none,0.0553146071481303,0.1264860446099192,16,13
biasdetector,85475456-f38e-4c30-895d-ca2c819c6af1,3,24,FP,0,0,0,0,none,0.0906833144448076,0.4359126577619463,22,18
biasdetector,70c75d68-bf65-46a6-a822-15c23d77a275,2,55,FP,0,0,0,0,none,0.0458267459784961,0.1411841065689389,26,22
biasdetector,76810849-0335-4ad3-9eaf-f0d9c5baceb6,2,7,FP,0,0,0,0,none,0.0505192020332048,0.1485708486288786,24,19
biasdetector,85475456-f38e-4c30-895d-ca2c819c6af1,1,10,FP,0,0,0,0,none,0.0221419792175187,0.4948868488427251,60,48
biasdetector,af4a3f41-eeb5-49fa-a276-e97c230b25f0,3,16,FP,0,0,0,0,none,0.0817814002495151,0.2993336757062934,28,23
biasdetector,68748e7f-cf6e-4ac7-8504-454c0876880d,1,18,FP,0,0,0,0,none,0.0378185740165683,0.3589017944759689,41,34
biasdetector,f688c56d-7fae-42ef-b7f7-7db207b58d27,3,30,FP,0,0,0,0,none,0.0297034256954742,0.3515262667788192,45,38
biasdetector,d16050b3-979f-4834-90db-b8823691b87e,2,25,FP,0,0,0,0,none,0.0246738848379916,0.1017691018059849,41,27
biasdetector,47a209b0-fc26-4a0a-a1fe-e4310d1d2419,3,28,FP,0,0,0,0,none,0.0552245012804633,0.1962672447843942,29,20
biasdetector,79bf99c6-6fca-4ce4-8ae1-8771de026142,3,18,FP,0,0,0,0,none,0.0321499758699566,0.3729347887242006,51,40
biasdetector,b7021938-ff8d-42ea-adec-5704c0b65237,1,10,FP,0,0,0,0,none,0.0610764073887063,0.2388141117990017,20,16
biasdetector,526cabb7-02a3-4adb-8e90-ec781c40c498,3,38,FP,0,0,0,0,none,0.0679502087051029,0.2312012259906623,22,16
biasdetector,79bf99c6-6fca-4ce4-8ae1-8771de026142,2,16,FP,0,0,0,0,none,0.1157802940579131,0.3805209547281265,16,12
biasdetector,85475456-f38e-4c30-895d-ca2c819c6af1,3,17,FP,0,0,0,0,none,0.0838124095634354,0.7030855714110658,29,23
biasdetector,6f95dcb9-e960-45ac-8c0e-91b85724c909,2,2,FP,0,0,0,0,none,0.0722611817212677,0.336888870166149,25,19
biasdetector,1ed4f378-b9d4-43b8-8d50-53d0cc063332,2,11,FP,0,0,0,0,none,0.0749578605546654,0.274640365387313,21,16
biasdetector,c99adbdd-eaf3-4844-9548-2642e80de4e2,2,21,FP,0,0,0,0,none,0.0135128689276429,0.1978033514848599,68,58
biasdetector,2058ec60-5372-4f5f-83a3-da780be3a350,2,6,FP,0,0,0,0,none,0.0423123328360536,0.1775815989822149,36,32
biasdetector,b5eefefb-2a33-45de-abe1-f855c94165f4,1,12,FP,0,0,0,0,none,0.1163244786633489,0.5467519647208974,17,12
biasdetector,01c59743-7082-44fc-8414-3c04126f470f,3,18,FP,0,0,0,0,none,0.0330956123291352,0.1476774945034689,42,27
biasdetector,7a97de89-1433-46f7-bcc2-f80b041cb9a0,1,10,FP,0,0,0,0,none,0.0355191214451527,0.1078539174050092,30,16
biasdetector,47a209b0-fc26-4a0a-a1fe-e4310d1d2419,3,33,FP,0,0,0,0,none,0.0584008929744253,0.2936974607873708,23,17
biasdetector,472158a1-4e39-4214-8397-904e66f2b4c5,3,7,FP,0,0,0,0,none,0.0192179528117561,0.1315546771511435,42,25
biasdetector,2b95d2cf-e979-4f9c-ae27-9a5370934f23,3,17,FP,0,0,0,0,none,0.0238436601564478,0.2045500039052997,37,26
biasdetector,550b80db-bdd5-442b-8f70-c8e9f3203a13,2,0,FP,0,0,0,0,none,0.0302582919333943,0.2518324386328459,56,46
biasdetector,ed8c136f-8d44-4c83-ad05-0dcfc3a0c54a,1,7,FP,0,0,0,0,none,0.053511897186664,0.2218993324786424,17,11
biasdetector,1ed4f378-b9d4-43b8-8d50-53d0cc063332,2,14,FP,0,0,0,0,none,0.0933086281021436,0.4031772236339748,19,15
biasdetector,0d10341a-9dba-4374-a524-814c300d1611,3,26,FP,0,0,0,0,none,0.0304677897409456,0.2650510164676234,48,39
biasdetector,b5eefefb-2a33-45de-abe1-f855c94165f4,2,36,FP,0,0,0,0,none,0.0786573756687964,0.1929993736557662,27,20
biasdetector,6f95dcb9-e960-45ac-8c0e-91b85724c909,3,19,FP,0,0,0,0,none,0.0536559202591888,0.1624319704715162,24,20
biasdetector,58f414e5-a122-49f5-819e-512d91069da5,2,28,FP,0,0,0,0,none,0.0449260968032051,0.1751109727483708,38,24
biasdetector,f688c56d-7fae-42ef-b7f7-7db207b58d27,2,37,FP,0,0,0,0,none,0.0296851852676962,0.1464600071000556,46,37
biasdetector,01c59743-7082-44fc-8414-3c04126f470f,2,49,FP,0,0,0,0,none,0.0353032424671846,0.0884322068110729,30,24
biasdetector,76810849-0335-4ad3-9eaf-f0d9c5baceb6,1,5,FP,0,0,0,0,none,0.1320164845221572,0.3993247654289007,14,9
biasdetector,6b541575-99b1-40d2-8730-9bb868ee38ed,3,34,FP,0,0,0,0,none,0.0300316193676787,0.1198481209576129,33,23
biasdetector,7a97de89-1433-46f7-bcc2-f80b041cb9a0,2,8,FP,0,0,0,0,none,0.0609096958963335,0.3612630134448409,31,23
biasdetector,cad4bba5-cf97-45cb-8059-ebeb47dcec7a,2,18,FP,0,0,0,0,none,0.0279550008865929,0.254680464498233,44,37
biasdetector,47a209b0-fc26-4a0a-a1fe-e4310d1d2419,3,10,FP,0,0,0,0,none,0.0178065369939705,0.0736630400060676,65,51
biasdetector,08bb9bee-c167-4c17-9c6d-4a1259231eb7,1,8,FP,0,0,0,0,none,0.0756375451579294,0.2456461489200592,26,22
biasdetector,3ae35b16-7f7f-4a5e-9f24-5ce724106a73,1,35,FP,0,0,0,0,none,0.102006700108662,0.2722965169232338,27,16
biasdetector,0d10341a-9dba-4374-a524-814c300d1611,2,9,FP,0,0,0,0,none,0.0129328883945559,0.1613974183176954,74,61
biasdetector,2a3fde8a-082a-4d8f-9567-f7e8366c0200,1,24,FP,0,0,0,0,none,0.0621863028010059,0.3217849552165717,27,19
biasdetector,b7021938-ff8d-42ea-adec-5704c0b65237,1,15,FP,0,0,0,0,none,0.0647124896865782,0.2015466326265595,26,22
biasdetector,11c9f251-35c8-4452-b052-df9be61464c6,2,0,FP,0,0,0,0,none,0.1875230594538152,0.2741617090068757,8,5
biasdetector,b5eefefb-2a33-45de-abe1-f855c94165f4,2,41,FP,0,0,0,0,none,0.0566018140994203,0.1596124644391238,30,18
biasdetector,70c75d68-bf65-46a6-a822-15c23d77a275,1,45,FP,0,0,0,0,none,0.0521592470479663,0.151585216098465,25,20
biasdetector,87609973-bd58-42a5-96e2-ee5aa47433f5,1,9,FP,0,0,0,0,none,0.0873448550119064,0.2348211521166376,25,21
biasdetector,2a3fde8a-082a-4d8f-9567-f7e8366c0200,1,26,FP,0,0,0,0,none,0.1031245167541783,0.5300240729702637,23,16
biasdetector,59f2f47c-5da0-4fbc-be6e-4f15d45d82e2,3,1,FP,0,0,0,0,none,0.0200212538712282,0.3125719141195683,71,57
biasdetector,3ae35b16-7f7f-4a5e-9f24-5ce724106a73,3,16,FP,0,0,0,0,none,0.0603897601548128,0.1574646686203777,17,13
biasdetector,8dac6c12-b5ca-468c-a249-7e0ab42f6b52,1,20,FP,0,0,0,0,none,0.0835053462427682,0.2108595699537545,18,13
biasdetector,1ed4f378-b9d4-43b8-8d50-53d0cc063332,2,41,FP,0,0,0,0,none,0.0629486081080702,0.4789724580477923,29,19
biasdetector,a28a0329-0887-42dc-bd3d-3bb4f8926757,1,5,FP,0,0,0,0,none,0.011134586018244,0.1652057169974208,119,89
biasdetector,65cb14cb-2d27-41e5-a2be-6fd6314f4363,2,7,FP,0,0,0,0,none,0.0212407770331459,0.1517590824514627,40,33
biasdetector,cad4bba5-cf97-45cb-8059-ebeb47dcec7a,1,3,TN,0,0,0,0,none,0.0348140589176182,0.1061395334545522,21,16
biasdetector,6b541575-99b1-40d2-8730-9bb868ee38ed,3,38,TN,0,0,0,0,none,0.021646611392498,0.021646611392498,4,1
biasdetector,cad4bba5-cf97-45cb-8059-ebeb47dcec7a,3,15,TN,0,0,0,0,none,0.0256915152288098,0.1416689646430313,39,33
biasdetector,c5534b7e-a373-4962-8345-3847bc41a636,1,11,TN,0,0,0,0,none,0.0151047317307589,0.0524433800892438,51,47
biasdetector,df5fe55a-dfcb-4817-8631-830f47c21a72,1,28,TN,0,0,0,0,none,0.0804868762414636,0.2859384772600606,15,7
biasdetector,ad409798-ee94-4436-92c5-92669193be14,2,2,TN,0,0,0,0,none,0.0728068875165277,0.209446202032268,27,15
biasdetector,8dc7ccfe-5cf0-482f-9101-a7c69881da4d,3,12,TN,0,0,0,0,none,0.0282709060322308,0.0996896386412637,34,27
biasdetector,1ed4f378-b9d4-43b8-8d50-53d0cc063332,1,24,TN,0,0,0,0,none,0.026312657532765,0.1879515552776865,36,27
biasdetector,70c75d68-bf65-46a6-a822-15c23d77a275,2,41,TN,0,0,0,0,none,0.0159448478668711,0.0777910234279592,52,43
biasdetector,005a2961-0c2e-4575-8eec-770ba52a08e0,2,20,TN,0,0,0,0,none,0.0364177561035224,0.1116171835456043,16,12
biasdetector,70c744ad-e950-445c-8a7a-0782b0a7d20b,2,0,TN,0,0,0,0,none,0.0158625042899674,0.089143595076859,47,40
biasdetector,576116e5-2b18-4d35-be73-36f5863c9468,3,22,TN,0,0,0,0,none,0.0371789337004884,0.1674505100818351,21,16
biasdetector,0ffb34cd-c367-4d90-aca7-7fcac3ed8f3d,1,6,TN,0,0,0,0,none,0.0505608924121285,0.0867992332205176,19,15
biasdetector,ad409798-ee94-4436-92c5-92669193be14,2,6,TN,0,0,0,0,none,0.0347154349930547,0.1840152977965772,48,32
biasdetector,2153fb3e-6b09-410c-bfea-d095c49a54ba,1,0,TN,0,0,0,0,none,0.0207828255038373,0.0855334145016968,45,38
biasdetector,eadabee7-3db9-43c4-a485-3e8b1882cd3c,3,6,TN,0,0,0,0,none,0.0347235580993583,0.0669488645507954,18,12
biasdetector,542cd22c-ea80-4669-995b-6ac6a33823f7,1,21,TN,0,0,0,0,none,0.046300742490631,0.1388677643844857,16,9
biasdetector,d1344998-0e7c-409e-aaad-df5be687fc94,1,6,TN,0,0,0,0,none,0.0247525889054228,0.103374265396269,32,27
biasdetector,1ed4f378-b9d4-43b8-8d50-53d0cc063332,1,25,TN,0,0,0,0,none,0.0285167847509111,0.1137741499890883,29,22
biasdetector,f506aafc-8b43-427a-936e-bbd1ef33e076,1,13,TN,0,0,0,0,none,0.0394686033638815,0.1137786797868708,31,18
biasdetector,ed8c136f-8d44-4c83-ad05-0dcfc3a0c54a,1,0,TN,0,0,0,0,none,0.0178606655723457,0.071119520564874,52,37
biasdetector,2742e9c1-2943-496f-8b23-faf5332e1612,1,14,TN,0,0,0,0,none,0.0306223933152172,0.0816564885317348,30,20
biasdetector,eadabee7-3db9-43c4-a485-3e8b1882cd3c,3,1,TN,0,0,0,0,none,0.0166877957461688,0.0735010687048391,51,40
biasdetector,86e6e27d-1440-4879-8b13-0dd2d89f7281,1,3,TN,0,0,0,0,none,0.0278980977454112,0.0778044507605955,37,32
biasdetector,a28a0329-0887-42dc-bd3d-3bb4f8926757,3,6,TN,0,0,0,0,none,0.0352380262826563,0.1359741548076272,27,19
biasdetector,1f99798f-2b60-4ecb-b5f4-4aa7991e8ace,3,26,TN,0,0,0,0,none,0.0284381150372333,0.1058165502812092,43,31
biasdetector,45bd61bc-c356-4450-9e3a-cbfc862b09fd,2,14,TN,0,0,0,0,none,0.0321017204459119,0.067416840873193,23,19
biasdetector,76810849-0335-4ad3-9eaf-f0d9c5baceb6,1,8,TN,0,0,0,0,none,0.0359137518045913,0.0809313337376806,30,21
biasdetector,0d10341a-9dba-4374-a524-814c300d1611,1,34,TN,0,0,0,0,none,0.0305212373812537,0.0901534903678111,39,32
biasdetector,13792511-5142-449f-8d3e-d77d790f65ec,3,20,TN,0,0,0,0,none,0.0199729028067736,0.067086253024172,42,36
biasdetector,1e41e98b-9ac1-441d-b2c2-19d8f730c74a,2,13,TN,0,0,0,0,none,0.0696898947727666,0.1870880514616146,21,14
biasdetector,76810849-0335-4ad3-9eaf-f0d9c5baceb6,2,32,TN,0,0,0,0,none,0.0349189684738237,0.1163570140488445,18,13
biasdetector,dd1e6e3b-f36c-4064-8ef9-940984e9afa2,2,12,TN,0,0,0,0,none,0.0574308155861217,0.1491191922686994,19,10
biasdetector,a28a0329-0887-42dc-bd3d-3bb4f8926757,3,2,TN,0,0,0,0,none,0.0262615463293586,0.2169786628801375,47,42
biasdetector,74708dbf-5dfc-4c66-8419-d7dbc00e4a06,3,4,TN,0,0,0,0,none,0.036832964565191,0.0825917738839052,30,27
biasdetector,450755dd-30d3-478b-933e-917be5c384ba,3,9,TN,0,0,0,0,none,0.0407725487077864,0.1172308074310422,22,17
biasdetector,2a3fde8a-082a-4d8f-9567-f7e8366c0200,2,39,TN,0,0,0,0,none,0.0258851653438203,0.0851510022766888,28,23
biasdetector,526cabb7-02a3-4adb-8e90-ec781c40c498,3,50,TN,0,0,0,0,none,0.0301698157216246,0.0981754891651993,26,23
biasdetector,526cabb7-02a3-4adb-8e90-ec781c40c498,3,27,TN,0,0,0,0,none,0.0592342764837667,0.1864725714549422,14,10
biasdetector,74708dbf-5dfc-4c66-8419-d7dbc00e4a06,2,7,TN,0,0,0,0,none,0.0135278427979183,0.0326872234045249,61,48
biasdetector,be026bd1-52b1-4789-bfd3-3632af17b054,3,28,TN,0,0,0,0,none,0.0695497109514286,0.1885634870850481,25,12
biasdetector,8385a996-1afc-4778-a06d-7070a8f19e27,2,9,TN,0,0,0,0,none,0.0672859512415016,0.143449375173077,16,8
biasdetector,06ffda2d-1caf-45ba-99e2-268aac1bf0e1,1,7,TN,0,0,0,0,none,0.0342841688510044,0.1701449055690318,32,22
biasdetector,e71d149d-0426-43f0-87e8-8c611dad7205,1,0,TN,0,0,0,0,none,0.0181697622659122,0.066843467997387,47,41
biasdetector,c99adbdd-eaf3-4844-9548-2642e80de4e2,1,12,TN,0,0,0,0,none,0.0533206813749583,0.3441382188660403,25,17
biasdetector,59f2f47c-5da0-4fbc-be6e-4f15d45d82e2,2,1,TN,0,0,0,0,none,0.0771927936219464,0.2722328952513635,23,17
biasdetector,68748e7f-cf6e-4ac7-8504-454c0876880d,3,5,TN,0,0,0,0,none,0.0320041502209599,0.2171999301004689,25,17
biasdetector,8dc7ccfe-5cf0-482f-9101-a7c69881da4d,3,13,TN,0,0,0,0,none,0.0483408065047115,0.1675780680961907,23,14
biasdetector,542cd22c-ea80-4669-995b-6ac6a33823f7,2,2,TN,0,0,0,0,none,0.0248905511501053,0.0812507790105883,38,34
biasdetector,eb17fa36-89f2-4d0b-8133-7bb4682228e1,3,9,TN,0,0,0,0,none,0.0279010031079256,0.148471039586002,47,36
biasdetector,0d10341a-9dba-4374-a524-814c300d1611,3,15,TN,0,0,0,0,none,0.035389682705786,0.0865916898668122,29,24
biasdetector,ed8c136f-8d44-4c83-ad05-0dcfc3a0c54a,2,7,TN,0,0,0,0,none,0.0311808578687934,0.0929075788590125,17,13
biasdetector,a28a0329-0887-42dc-bd3d-3bb4f8926757,3,27,TN,0,0,0,0,none,0.0241409925288405,0.1025604178236487,35,27
biasdetector,7f9c83f7-3efa-4c7a-adef-3ebdeda96042,2,2,TN,0,0,0,0,none,0.0210316616817555,0.0972546036588028,41,34
biasdetector,d16050b3-979f-4834-90db-b8823691b87e,2,20,TN,0,0,0,0,none,0.0221321528058199,0.0927262145269196,37,28
biasdetector,c5534b7e-a373-4962-8345-3847bc41a636,2,16,TN,0,0,0,0,none,0.0287609288880206,0.0854023434609795,33,23
biasdetector,c6a0e65c-4f8b-41de-8200-cd700f683c64,3,12,TN,0,0,0,0,none,0.0455156004888911,0.1265260097782381,34,16
biasdetector,f506aafc-8b43-427a-936e-bbd1ef33e076,1,0,TN,0,0,0,0,none,0.0157314109783227,0.0558152756032844,57,41
biasdetector,8385a996-1afc-4778-a06d-7070a8f19e27,2,17,TN,0,0,0,0,none,0.0156107313602441,0.14465656777611,60,49
biasdetector,2ec04201-2016-4227-baf7-ba8289058203,1,20,TN,0,0,0,0,none,0.0309494451328646,0.1097322223067749,19,15
biasdetector,e71d149d-0426-43f0-87e8-8c611dad7205,3,10,TN,0,0,0,0,none,0.0150656512084663,0.0523379189073152,56,43
biasdetector,2a3fde8a-082a-4d8f-9567-f7e8366c0200,2,36,TN,0,0,0,0,none,0.0719759950714764,0.2205901846823331,35,16
biasdetector,ed8c136f-8d44-4c83-ad05-0dcfc3a0c54a,1,37,TN,0,0,0,0,none,0.0258409862162807,0.1780410709325224,38,32
biasdetector,8385a996-1afc-4778-a06d-7070a8f19e27,1,24,TN,0,0,0,0,none,0.0419569077695576,0.0978549371939152,18,13
biasdetector,2f3e86b6-8443-47bd-9cd3-491c90a59fe9,2,8,TN,0,0,0,0,none,0.0215768023608559,0.1373190538724884,42,37
biasdetector,f506aafc-8b43-427a-936e-bbd1ef33e076,2,17,TN,0,0,0,0,none,0.0414944245635221,0.1603839519666507,28,15
biasdetector,0c78e748-efbf-417c-a8c1-beeb6480147f,1,8,TN,0,0,0,0,none,0.0749715223421596,0.1863183630630374,17,11
biasdetector,f688c56d-7fae-42ef-b7f7-7db207b58d27,3,22,TN,0,0,0,0,none,0.0179007530578607,0.0565300901420414,64,45
biasdetector,af4a3f41-eeb5-49fa-a276-e97c230b25f0,3,21,TN,0,0,0,0,none,0.0331478681492929,0.0657594071817584,18,15
biasdetector,1f99798f-2b60-4ecb-b5f4-4aa7991e8ace,3,13,TN,0,0,0,0,none,0.0322445661965475,0.1051954875874798,25,22
biasdetector,9879bbc0-eab3-482f-bf6b-a4b519393986,3,13,TN,0,0,0,0,none,0.053317738253227,0.1470054209639784,26,19
biasdetector,29ffd053-7684-469b-a600-97000579bd01,3,5,TN,0,0,0,0,none,0.0347210803242224,0.3189288945383547,42,37
biasdetector,29ffd053-7684-469b-a600-97000579bd01,1,10,TN,0,0,0,0,none,0.036910707359232,0.187075427675154,38,26
biasdetector,70c744ad-e950-445c-8a7a-0782b0a7d20b,1,2,TN,0,0,0,0,none,0.0238021650582311,0.0646012519719079,38,29
biasdetector,7a97de89-1433-46f7-bcc2-f80b041cb9a0,3,19,TN,0,0,0,0,none,0.0463877420232165,0.0874386077048257,19,10
biasdetector,06ffda2d-1caf-45ba-99e2-268aac1bf0e1,2,8,TN,0,0,0,0,none,0.0203714358322918,0.13937206697301,55,41
biasdetector,d4a4bc34-e48b-4485-86b2-f1daf4d464dd,3,21,TN,0,0,0,0,none,0.0846351048967335,0.2208001130493357,14,8
biasdetector,d3a1ce0a-fc48-4827-a278-8f0ce8c7a519,2,33,TN,0,0,0,0,none,0.0280027752518295,0.0887475361814722,16,13
biasdetector,84678e18-0b79-4570-9c9f-cb1cf88d968e,3,14,TN,0,0,0,0,none,0.0184511076646709,0.0679639857262373,51,38
biasdetector,550b80db-bdd5-442b-8f70-c8e9f3203a13,2,12,TN,0,0,0,0,none,0.0496305244428535,0.1200350345752667,19,13
biasdetector,1b96a5db-8974-46d3-82d7-5dfef02f650e,3,14,TN,0,0,0,0,none,0.0253423271868195,0.1332021407899447,56,46
biasdetector,3db93526-a344-4ea4-8772-3734d0cfdfb1,1,15,TN,0,0,0,0,none,0.0569200840157767,0.0958725907839834,9,6
biasdetector,a4f1d515-d7d9-4319-b2e0-4d56e9d45554,3,14,TN,0,0,0,0,none,0.0243399893772249,0.0713821644894778,37,29
biasdetector,526cabb7-02a3-4adb-8e90-ec781c40c498,3,18,TN,0,0,0,0,none,0.0712023438536562,0.1590770306065678,11,8
biasdetector,450755dd-30d3-478b-933e-917be5c384ba,3,0,TN,0,0,0,0,none,0.073381630840766,0.2126930681988597,20,17
biasdetector,ad409798-ee94-4436-92c5-92669193be14,2,9,TN,0,0,0,0,none,0.0413649954384675,0.1960058575496077,26,18
biasdetector,2153fb3e-6b09-410c-bfea-d095c49a54ba,2,0,TN,0,0,0,0,none,0.0313916217651938,0.1016832483389104,43,33
biasdetector,eadabee7-3db9-43c4-a485-3e8b1882cd3c,1,0,TN,0,0,0,0,none,0.0156350794486594,0.0581237764463626,55,44
biasdetector,0c78e748-efbf-417c-a8c1-beeb6480147f,2,24,TN,0,0,0,0,none,0.0039548072963953,0.0039548072963953,3,1
biasdetector,0d10341a-9dba-4374-a524-814c300d1611,3,12,TN,0,0,0,0,none,0.0250977222388222,0.0910377179970964,41,25
biasdetector,c5534b7e-a373-4962-8345-3847bc41a636,3,4,TN,0,0,0,0,none,0.0309947510188641,0.0978045619558543,28,19
biasdetector,72fa9b13-4e59-4716-8df9-4c3580e7dddf,3,8,TN,0,0,0,0,none,0.0343314293404546,0.1026120807509869,26,16
biasdetector,38f7cbb7-5d6a-4c89-bcbd-8e164144172a,2,21,TN,0,0,0,0,none,0.0522865874406236,0.1387422573752701,18,13
biasdetector,2058ec60-5372-4f5f-83a3-da780be3a350,1,29,TN,0,0,0,0,none,0.0532002134149705,0.188933341531083,28,19
biasdetector,79bf99c6-6fca-4ce4-8ae1-8771de026142,1,4,TN,0,0,0,0,none,0.0251245065095523,0.1138027456278602,36,25
biasdetector,84678e18-0b79-4570-9c9f-cb1cf88d968e,1,22,TN,0,0,0,0,none,0.022631583831289,0.1272649688180536,35,29
biasdetector,c99adbdd-eaf3-4844-9548-2642e80de4e2,1,17,TN,0,0,0,0,none,0.0578965863160556,0.2736026184866205,28,20
biasdetector,7a97de89-1433-46f7-bcc2-f80b041cb9a0,1,7,TN,0,0,0,0,none,0.0482208010715002,0.1788352911486678,28,22
biasdetector,06ffda2d-1caf-45ba-99e2-268aac1bf0e1,1,11,TN,0,0,0,0,none,0.0269957526864129,0.0701122422819025,29,21
biasdetector,06ffda2d-1caf-45ba-99e2-268aac1bf0e1,1,3,TN,0,0,0,0,none,0.0140936017420109,0.0693470308478401,63,47
daroberta,97566c74-e000-49fb-b091-e6ec6e179de0,3,8,TP,1,1,0,0,no_quote,0.0266276347430216,0.1680469778366387,38,30
daroberta,2f3e86b6-8443-47bd-9cd3-491c90a59fe9,2,14,TP,1,0,1,0,all_in_quote,0.0426141733002866,0.1266097500920295,32,23
daroberta,f688c56d-7fae-42ef-b7f7-7db207b58d27,3,11,TP,1,0,1,0,no_quote,0.0340700915788433,0.1437947428785264,33,25
daroberta,b5eefefb-2a33-45de-abe1-f855c94165f4,1,47,TP,1,1,0,0,all_in_quote,0.0402263875807756,0.2072360916063189,33,23
daroberta,eadabee7-3db9-43c4-a485-3e8b1882cd3c,3,10,TP,1,0,1,0,no_quote,0.0388921707367094,0.2188418146688491,37,26
daroberta,ad409798-ee94-4436-92c5-92669193be14,3,0,TP,1,1,0,0,no_quote,0.0488078010726779,0.1127202106950183,32,21
daroberta,59f2f47c-5da0-4fbc-be6e-4f15d45d82e2,3,6,TP,1,0,1,0,all_in_quote,0.0398768635710612,0.1820498523302376,32,21
daroberta,c21cb217-3e2c-49bd-884d-5c74a165ef10,2,15,TP,1,1,0,0,all_in_quote,0.0690891320284988,0.4221778721548617,21,14
daroberta,06ffda2d-1caf-45ba-99e2-268aac1bf0e1,1,14,TP,1,0,1,0,no_quote,0.0261670016715752,0.1089982956182211,44,29
daroberta,70c75d68-bf65-46a6-a822-15c23d77a275,1,27,TP,1,0,1,0,all_in_quote,0.0158659670400065,0.1436047693714499,43,37
daroberta,6b541575-99b1-40d2-8730-9bb868ee38ed,3,21,TP,1,1,0,0,no_quote,0.0202186909426624,0.150304427370429,51,40
daroberta,ad409798-ee94-4436-92c5-92669193be14,2,17,TP,1,0,1,0,no_quote,0.0325726977827596,0.1331938644871115,30,24
daroberta,c6a0e65c-4f8b-41de-8200-cd700f683c64,3,6,TP,1,0,1,0,all_in_quote,0.0306877845854444,0.1989169112956998,41,27
daroberta,96b7046f-f584-422f-a626-6f86a26dfd8b,3,0,TP,1,1,0,0,no_quote,0.0307746931189196,0.3279156745411455,42,34
daroberta,76810849-0335-4ad3-9eaf-f0d9c5baceb6,3,0,TP,1,1,0,0,no_quote,0.0242540398005595,0.6196629370097071,49,40
daroberta,13792511-5142-449f-8d3e-d77d790f65ec,2,15,TP,1,0,1,0,no_quote,0.0323218651330814,0.1061208491834501,35,26
daroberta,86e6e27d-1440-4879-8b13-0dd2d89f7281,1,6,TP,1,0,1,0,mixed,0.0531356189047726,0.2923128528054803,26,13
daroberta,97b1305c-13ca-4b74-a56a-f459bd79dfaf,2,20,TP,1,0,1,0,no_quote,0.0326484745126907,0.154751069843769,32,27
daroberta,3ae35b16-7f7f-4a5e-9f24-5ce724106a73,1,7,TP,1,1,0,0,no_quote,0.0341300898094255,0.1246124450117349,31,26
daroberta,7f9c83f7-3efa-4c7a-adef-3ebdeda96042,1,9,TP,1,0,1,0,all_in_quote,0.0612742500545989,0.3592121321707964,33,14
daroberta,f688c56d-7fae-42ef-b7f7-7db207b58d27,1,18,TP,1,1,0,0,no_quote,0.0187567347109469,0.3195895045646466,59,49
daroberta,eb17fa36-89f2-4d0b-8133-7bb4682228e1,1,12,TP,1,0,1,0,no_quote,0.0182900797937407,0.177489168373757,53,41
daroberta,b5eefefb-2a33-45de-abe1-f855c94165f4,3,14,TP,1,0,1,0,no_quote,0.0287169820096875,0.1163562348345294,45,28
daroberta,472158a1-4e39-4214-8397-904e66f2b4c5,1,0,TP,1,1,1,1,no_quote,0.0157297567138388,0.0923330466262996,59,50
daroberta,01c59743-7082-44fc-8414-3c04126f470f,1,23,TP,1,0,1,0,all_in_quote,0.0517879398539662,0.2228886783123016,21,14
daroberta,d4a4bc34-e48b-4485-86b2-f1daf4d464dd,2,4,TP,1,1,1,1,no_quote,0.0187281125276179,0.2951379503356293,56,43
daroberta,e71d149d-0426-43f0-87e8-8c611dad7205,2,17,TP,1,1,0,0,no_quote,0.0953952926876289,0.2967781121842563,17,7
daroberta,450755dd-30d3-478b-933e-917be5c384ba,3,11,TP,1,0,1,0,all_in_quote,0.1536917414050549,0.5657494463957846,7,4
daroberta,b7021938-ff8d-42ea-adec-5704c0b65237,1,1,TP,1,1,0,0,no_quote,0.0233594284166032,0.1904220189317129,51,39
daroberta,472158a1-4e39-4214-8397-904e66f2b4c5,1,7,TP,1,0,1,0,no_quote,0.0455364518915303,0.1754937535151839,29,20
daroberta,0c78e748-efbf-417c-a8c1-beeb6480147f,2,3,TP,1,0,1,0,all_in_quote,0.0440985296431574,0.092505833832547,32,21
daroberta,aab91277-8d56-4844-a581-45630f873f49,2,26,TP,1,0,1,0,all_in_quote,0.0869808534625917,0.3885306203737855,16,8
daroberta,70c75d68-bf65-46a6-a822-15c23d77a275,1,12,TP,1,0,1,0,all_in_quote,0.0117356899184703,0.0727785513736307,52,39
daroberta,0c78e748-efbf-417c-a8c1-beeb6480147f,3,3,TP,1,0,1,0,all_in_quote,0.0621251544485298,0.1972165568731725,19,13
daroberta,1bb79cc1-5d69-4136-a23d-6dbd300cbf25,2,27,TP,1,0,1,0,all_in_quote,0.0321421058167918,0.3121445355936885,32,26
daroberta,472158a1-4e39-4214-8397-904e66f2b4c5,3,5,TP,1,0,1,0,all_in_quote,0.034442307617913,0.1829984253272414,47,32
daroberta,38f7cbb7-5d6a-4c89-bcbd-8e164144172a,1,10,TP,1,1,1,1,all_in_quote,0.0242959788366634,0.2483044441323727,51,36
daroberta,01c59743-7082-44fc-8414-3c04126f470f,2,15,TP,1,0,1,0,all_in_quote,0.0641354994382709,0.2731971306493506,23,15
daroberta,3ae35b16-7f7f-4a5e-9f24-5ce724106a73,1,27,TP,1,0,1,0,all_in_quote,0.0331298241499757,0.1416445254192998,36,23
daroberta,dd1e6e3b-f36c-4064-8ef9-940984e9afa2,1,27,TP,1,0,1,0,all_in_quote,0.0274174348075817,0.2633787058293819,49,28
daroberta,2153fb3e-6b09-410c-bfea-d095c49a54ba,3,0,TP,1,1,0,0,no_quote,0.0197650760788057,0.1966543981689028,54,44
daroberta,b5eefefb-2a33-45de-abe1-f855c94165f4,2,27,TP,1,0,1,0,all_in_quote,0.0209616373206068,0.2234680826310068,48,37
daroberta,550b80db-bdd5-442b-8f70-c8e9f3203a13,2,2,TP,1,0,1,0,all_in_quote,0.1015268014743924,0.2417122507467866,15,10
daroberta,472158a1-4e39-4214-8397-904e66f2b4c5,3,6,TP,1,0,1,0,all_in_quote,0.0559335953439585,0.1344012808986008,25,16
daroberta,cad4bba5-cf97-45cb-8059-ebeb47dcec7a,3,2,TP,1,1,1,1,mixed,0.0420027661796969,0.2773163691163063,31,24
daroberta,3ae35b16-7f7f-4a5e-9f24-5ce724106a73,1,29,TP,1,0,1,0,all_in_quote,0.0191063322285079,0.1296259988254557,47,33
daroberta,72fa9b13-4e59-4716-8df9-4c3580e7dddf,3,11,TP,1,0,1,0,no_quote,0.0219849169390657,0.133393864845857,57,39
daroberta,86e6e27d-1440-4879-8b13-0dd2d89f7281,2,2,TP,1,0,1,0,all_in_quote,0.0220343761244102,0.1265168015379458,63,38
daroberta,2153fb3e-6b09-410c-bfea-d095c49a54ba,2,10,TP,1,1,0,0,no_quote,0.025422497881144,0.1346305096521973,35,28
daroberta,b5eefefb-2a33-45de-abe1-f855c94165f4,3,7,TP,1,0,1,0,no_quote,0.0179638247475497,0.147410919641455,46,37
daroberta,a28a0329-0887-42dc-bd3d-3bb4f8926757,3,0,TP,1,0,1,0,no_quote,0.0409781569361009,0.1152066458016634,28,22
daroberta,6b541575-99b1-40d2-8730-9bb868ee38ed,3,24,TP,1,0,1,0,all_in_quote,0.072860388085246,0.209080415777862,14,9
daroberta,472158a1-4e39-4214-8397-904e66f2b4c5,2,6,TP,1,0,1,0,all_in_quote,0.0231437323926739,0.0983143169432878,40,33
daroberta,e71d149d-0426-43f0-87e8-8c611dad7205,2,9,TP,1,0,1,0,all_in_quote,0.0304846791854209,0.0838816883042454,31,23
daroberta,9879bbc0-eab3-482f-bf6b-a4b519393986,1,43,TP,1,0,1,0,all_in_quote,0.0593905359616174,0.352542195469141,23,17
daroberta,d16050b3-979f-4834-90db-b8823691b87e,2,2,TP,1,1,0,0,no_quote,0.0363903636538533,0.3207258391194045,37,29
daroberta,65cb14cb-2d27-41e5-a2be-6fd6314f4363,3,7,TP,1,0,1,0,no_quote,0.0550432490108876,0.4540180780459195,28,21
daroberta,7f9c83f7-3efa-4c7a-adef-3ebdeda96042,1,28,TP,1,1,1,1,no_quote,0.0200905610602803,0.0847285192925483,49,41
daroberta,d16050b3-979f-4834-90db-b8823691b87e,3,2,TP,1,0,1,0,no_quote,0.0202860492295342,0.1883490742184221,52,42
daroberta,550b80db-bdd5-442b-8f70-c8e9f3203a13,3,7,TP,1,0,1,0,no_quote,0.0885969909839332,0.4192644872236997,20,15
daroberta,86e6e27d-1440-4879-8b13-0dd2d89f7281,1,48,TP,1,0,1,0,all_in_quote,0.066037043942035,0.1989016095176339,22,12
daroberta,3ae35b16-7f7f-4a5e-9f24-5ce724106a73,3,43,TP,1,1,0,0,no_quote,0.0398769083432853,0.1230070660822093,30,20
daroberta,2058ec60-5372-4f5f-83a3-da780be3a350,3,9,TP,1,0,1,0,all_in_quote,0.0503564840182662,0.1496975710615515,24,20
daroberta,005a2961-0c2e-4575-8eec-770ba52a08e0,1,0,TP,1,1,0,0,no_quote,0.0437946793845976,0.4124482310726307,29,23
daroberta,8385a996-1afc-4778-a06d-7070a8f19e27,3,3,TP,1,0,1,0,all_in_quote,0.0530481176990035,0.2212338868412189,25,19
daroberta,2ec04201-2016-4227-baf7-ba8289058203,3,0,TP,1,0,1,0,no_quote,0.0177655145374958,0.0782294529490172,68,47
daroberta,0d10341a-9dba-4374-a524-814c300d1611,3,18,TP,1,1,1,1,no_quote,0.0164185848639551,0.0974963645761211,76,59
daroberta,84b3c118-50d2-45a5-a91f-7ed95b5d0143,2,46,TP,1,0,1,0,no_quote,0.0199258817566765,0.230786302825436,54,45
daroberta,b5eefefb-2a33-45de-abe1-f855c94165f4,3,9,TP,1,0,1,0,no_quote,0.0216217402175807,0.1607053990786274,48,37
daroberta,ad409798-ee94-4436-92c5-92669193be14,2,7,TP,1,0,1,0,no_quote,0.0350698734419556,0.2094288556836545,33,26
daroberta,70c75d68-bf65-46a6-a822-15c23d77a275,1,24,TP,1,0,1,0,all_in_quote,0.02993607817207,0.3412180503364652,35,29
daroberta,ad409798-ee94-4436-92c5-92669193be14,3,1,TP,1,1,0,0,no_quote,0.1003545003477484,0.3103525098413229,12,8
daroberta,df5fe55a-dfcb-4817-8631-830f47c21a72,3,1,TP,1,1,0,0,no_quote,0.0327220475851928,0.1880031647160649,36,31
daroberta,8dc7ccfe-5cf0-482f-9101-a7c69881da4d,2,14,TP,1,0,1,0,all_in_quote,0.0262053425452022,0.1068956423550844,29,22
daroberta,c99adbdd-eaf3-4844-9548-2642e80de4e2,3,17,TP,1,1,0,0,no_quote,0.0235030263807479,0.2483958341181278,43,33
daroberta,6b541575-99b1-40d2-8730-9bb868ee38ed,3,22,TP,1,1,0,0,all_in_quote,0.1319786167171384,0.5349790784530342,15,7
daroberta,3ae35b16-7f7f-4a5e-9f24-5ce724106a73,3,9,TP,1,0,1,0,no_quote,0.0189321746089481,0.2313113710843026,60,38
daroberta,f688c56d-7fae-42ef-b7f7-7db207b58d27,1,5,TP,1,0,1,0,all_in_quote,0.0405345702840184,0.1594215857330709,28,22
daroberta,a28a0329-0887-42dc-bd3d-3bb4f8926757,3,37,TP,1,1,0,0,all_in_quote,0.0597760401255286,0.5688037883955985,25,17
daroberta,b7021938-ff8d-42ea-adec-5704c0b65237,1,16,TP,1,0,1,0,all_in_quote,0.0315930145482222,0.1518006154801696,43,25
daroberta,1ed4f378-b9d4-43b8-8d50-53d0cc063332,1,23,TP,1,0,1,0,all_in_quote,0.0507178950356319,0.2192995278164744,26,20
daroberta,85475456-f38e-4c30-895d-ca2c819c6af1,3,33,TP,1,0,1,0,all_in_quote,0.021789254905242,0.1433081608265638,43,36
daroberta,1ed4f378-b9d4-43b8-8d50-53d0cc063332,2,16,TP,1,0,1,0,no_quote,0.0389222310493803,0.3923308490775525,24,18
daroberta,3ae35b16-7f7f-4a5e-9f24-5ce724106a73,3,42,TP,1,0,1,0,no_quote,0.0160943390313713,0.082869108999148,59,40
daroberta,b7021938-ff8d-42ea-adec-5704c0b65237,2,23,TP,1,0,1,0,all_in_quote,0.0435281717114978,0.1306971502490341,26,15
daroberta,3db93526-a344-4ea4-8772-3734d0cfdfb1,2,9,TP,1,0,1,0,all_in_quote,0.0540983371765298,0.4514801520854234,20,17
daroberta,33521e65-12da-4521-b132-7b606243b0e4,3,4,TP,1,0,1,0,all_in_quote,0.0338180075230246,0.2038666222554942,28,22
daroberta,0c78e748-efbf-417c-a8c1-beeb6480147f,1,9,TP,1,0,1,0,all_in_quote,0.0602477276697754,0.1930461358278989,20,14
daroberta,2ec04201-2016-4227-baf7-ba8289058203,2,4,TP,1,0,1,0,all_in_quote,0.0664703910937532,0.2160410862416029,25,20
daroberta,3db93526-a344-4ea4-8772-3734d0cfdfb1,1,2,TP,1,0,1,0,all_in_quote,0.0772613149136304,0.2029423896456137,14,10
daroberta,65cb14cb-2d27-41e5-a2be-6fd6314f4363,2,28,TP,1,0,1,0,all_in_quote,0.0542583581784533,0.1945866737514734,29,15
daroberta,65cb14cb-2d27-41e5-a2be-6fd6314f4363,3,6,TP,1,1,0,0,all_in_quote,0.0397109054634347,0.1629931610077619,28,20
daroberta,d16050b3-979f-4834-90db-b8823691b87e,1,0,TP,1,1,0,0,no_quote,0.0350595171017379,0.1687439254019409,36,29
daroberta,b4dbeda7-a1f3-4711-ae77-db23809d1ed2,1,7,TP,1,1,0,0,all_in_quote,0.0214146024331149,0.1237974073737859,42,33
daroberta,47a209b0-fc26-4a0a-a1fe-e4310d1d2419,3,19,TP,1,0,1,0,no_quote,0.0380877224107583,0.095136587973684,18,15
daroberta,b5eefefb-2a33-45de-abe1-f855c94165f4,2,4,TP,1,1,0,0,no_quote,0.0135627683569928,0.2108986226376146,50,42
daroberta,2f3e86b6-8443-47bd-9cd3-491c90a59fe9,1,15,TP,1,1,0,0,no_quote,0.0948456257368282,0.374252317706123,16,12
daroberta,84678e18-0b79-4570-9c9f-cb1cf88d968e,1,1,TP,1,1,0,0,no_quote,0.0581205123872087,0.2530202434863895,25,19
daroberta,97566c74-e000-49fb-b091-e6ec6e179de0,1,2,TP,1,1,0,0,no_quote,0.0257924000986597,0.1490584956482052,47,33
daroberta,472158a1-4e39-4214-8397-904e66f2b4c5,1,5,TP,1,0,1,0,no_quote,0.0467823207039724,0.2835938101634383,33,22
daroberta,70c75d68-bf65-46a6-a822-15c23d77a275,2,20,FP,0,0,0,0,none,0.0189771811886471,0.0915436337236315,57,38
daroberta,b5eefefb-2a33-45de-abe1-f855c94165f4,1,1,FP,0,0,0,0,none,0.0308269383226577,0.1142225550901558,35,26
daroberta,0c78e748-efbf-417c-a8c1-beeb6480147f,3,10,FP,0,0,0,0,none,0.0522975542893012,0.2723567676730454,24,21
daroberta,08bb9bee-c167-4c17-9c6d-4a1259231eb7,1,11,FP,0,0,0,0,none,0.0181605945987794,0.1846634370740503,55,45
daroberta,59f2f47c-5da0-4fbc-be6e-4f15d45d82e2,3,1,FP,0,0,0,0,none,0.0164711261443482,0.2482057280195433,71,57
daroberta,b5eefefb-2a33-45de-abe1-f855c94165f4,2,31,FP,0,0,0,0,none,0.1449678267041842,0.3353088721632957,10,6
daroberta,542cd22c-ea80-4669-995b-6ac6a33823f7,3,14,FP,0,0,0,0,none,0.0191245519917026,0.1894722894843047,61,44
daroberta,9879bbc0-eab3-482f-bf6b-a4b519393986,1,40,FP,0,0,0,0,none,0.1377831795252859,0.419424963183701,11,6
daroberta,f688c56d-7fae-42ef-b7f7-7db207b58d27,3,30,FP,0,0,0,0,none,0.0272813015031268,0.2505851526511833,45,38
daroberta,c21cb217-3e2c-49bd-884d-5c74a165ef10,1,21,FP,0,0,0,0,none,0.040154718227374,0.1198402792215347,26,20
daroberta,84b3c118-50d2-45a5-a91f-7ed95b5d0143,2,66,FP,0,0,0,0,none,0.0717783044868459,0.264092210913077,22,12
daroberta,47a209b0-fc26-4a0a-a1fe-e4310d1d2419,3,7,FP,0,0,0,0,none,0.048146054295975,0.1267052083276212,21,14
daroberta,b7021938-ff8d-42ea-adec-5704c0b65237,2,13,FP,0,0,0,0,none,0.0238535797881583,0.0734173636883497,40,25
daroberta,ad409798-ee94-4436-92c5-92669193be14,3,6,FP,0,0,0,0,none,0.025252680194082,0.1638005104448114,43,36
daroberta,9879bbc0-eab3-482f-bf6b-a4b519393986,1,0,FP,0,0,0,0,none,0.1083352471080919,0.4063166837440803,12,9
daroberta,576116e5-2b18-4d35-be73-36f5863c9468,3,24,FP,0,0,0,0,none,0.0209024649366368,0.1952563994564116,47,36
daroberta,47a209b0-fc26-4a0a-a1fe-e4310d1d2419,1,12,FP,0,0,0,0,none,0.0731198409572243,0.2739919917657971,16,10
daroberta,0d10341a-9dba-4374-a524-814c300d1611,3,27,FP,0,0,0,0,none,0.0523588083917275,0.248934371600626,27,20
daroberta,84678e18-0b79-4570-9c9f-cb1cf88d968e,2,30,FP,0,0,0,0,none,0.0546991252226003,0.2017925952095538,26,19
daroberta,b5eefefb-2a33-45de-abe1-f855c94165f4,1,24,FP,0,0,0,0,none,0.0554815946670714,0.1678190696984529,22,16
daroberta,a4f1d515-d7d9-4319-b2e0-4d56e9d45554,2,21,FP,0,0,0,0,none,0.0671562389470636,0.2924128216691315,18,12
daroberta,3ae35b16-7f7f-4a5e-9f24-5ce724106a73,3,15,FP,0,0,0,0,none,0.1477587313856929,0.4174982253462076,14,4
daroberta,79bf99c6-6fca-4ce4-8ae1-8771de026142,3,18,FP,0,0,0,0,none,0.0216795118084493,0.2385476725175976,51,40
daroberta,a4edca3f-931f-4785-8c3f-f3d8fa84cbec,1,1,FP,0,0,0,0,none,0.0289523140604474,0.1665005526971072,43,25
daroberta,c99adbdd-eaf3-4844-9548-2642e80de4e2,2,18,FP,0,0,0,0,none,0.0326410518783902,0.2709795241244137,34,26
daroberta,6f95dcb9-e960-45ac-8c0e-91b85724c909,3,4,FP,0,0,0,0,none,0.1043331258531127,0.2255003992468118,15,7
daroberta,86e6e27d-1440-4879-8b13-0dd2d89f7281,2,14,FP,0,0,0,0,none,0.0414470992171008,0.5382825202541426,31,22
daroberta,6f95dcb9-e960-45ac-8c0e-91b85724c909,2,0,FP,0,0,0,0,none,0.1677465487271547,0.2830933351069689,9,5
daroberta,df5fe55a-dfcb-4817-8631-830f47c21a72,2,14,FP,0,0,0,0,none,0.0314423847936152,0.1430247238604352,27,24
daroberta,1f99798f-2b60-4ecb-b5f4-4aa7991e8ace,3,16,FP,0,0,0,0,none,0.0146117692867191,0.045173147161092,50,34
daroberta,7a97de89-1433-46f7-bcc2-f80b041cb9a0,2,8,FP,0,0,0,0,none,0.0397213727114317,0.2882306408137083,31,23
daroberta,d16050b3-979f-4834-90db-b8823691b87e,3,1,FP,0,0,0,0,none,0.063987444639982,0.3042305007693358,23,12
daroberta,005a2961-0c2e-4575-8eec-770ba52a08e0,2,25,FP,0,0,0,0,none,0.0192245290499997,0.1570178759284317,52,37
daroberta,450755dd-30d3-478b-933e-917be5c384ba,3,13,FP,0,0,0,0,none,0.0765169586968393,0.360648947302252,19,13
daroberta,d16050b3-979f-4834-90db-b8823691b87e,3,0,FP,0,0,0,0,none,0.1063995167613029,0.2616457920521498,17,10
daroberta,2ec04201-2016-4227-baf7-ba8289058203,3,7,FP,0,0,0,0,none,0.0292081328496957,0.1205985336564481,36,28
daroberta,47a209b0-fc26-4a0a-a1fe-e4310d1d2419,3,4,FP,0,0,0,0,none,0.0481808091513812,0.2218332611955702,23,20
daroberta,59f2f47c-5da0-4fbc-be6e-4f15d45d82e2,1,7,FP,0,0,0,0,none,0.0705283322216322,0.3433143668808043,22,15
daroberta,b5eefefb-2a33-45de-abe1-f855c94165f4,2,41,FP,0,0,0,0,none,0.0413553700523657,0.1227487944997847,30,18
daroberta,01c59743-7082-44fc-8414-3c04126f470f,2,42,FP,0,0,0,0,none,0.0322176784254787,0.1445296094752848,28,21
daroberta,45bd61bc-c356-4450-9e3a-cbfc862b09fd,2,2,FP,0,0,0,0,none,0.0411844449674548,0.2270998986463787,29,23
daroberta,6f95dcb9-e960-45ac-8c0e-91b85724c909,3,12,FP,0,0,0,0,none,0.0181163660719433,0.1088152658194303,46,35
daroberta,0c78e748-efbf-417c-a8c1-beeb6480147f,2,12,FP,0,0,0,0,none,0.1202507105855537,0.3634308895561844,11,7
daroberta,a28a0329-0887-42dc-bd3d-3bb4f8926757,2,5,FP,0,0,0,0,none,0.1020463742897845,0.2599870394915342,15,8
daroberta,c6a0e65c-4f8b-41de-8200-cd700f683c64,2,20,FP,0,0,0,0,none,0.0534987582060962,0.1654868284240365,21,13
daroberta,af4a3f41-eeb5-49fa-a276-e97c230b25f0,2,9,FP,0,0,0,0,none,0.0496832094353589,0.543079549446702,29,18
daroberta,2a3fde8a-082a-4d8f-9567-f7e8366c0200,1,30,FP,0,0,0,0,none,0.0190305627765623,0.3811695128621067,67,46
daroberta,0d10341a-9dba-4374-a524-814c300d1611,3,26,FP,0,0,0,0,none,0.02112152719418,0.3089607554720714,48,39
daroberta,542cd22c-ea80-4669-995b-6ac6a33823f7,3,22,FP,0,0,0,0,none,0.0645848969209261,0.1139044435694813,21,11
daroberta,13792511-5142-449f-8d3e-d77d790f65ec,2,9,FP,0,0,0,0,none,0.0327976833992673,0.4911888260394335,42,29
daroberta,9879bbc0-eab3-482f-bf6b-a4b519393986,3,23,FP,0,0,0,0,none,0.0328903787086407,0.1475045535402993,34,25
daroberta,d16050b3-979f-4834-90db-b8823691b87e,1,17,FP,0,0,0,0,none,0.1052910552049676,0.3386870808899402,12,9
daroberta,6f95dcb9-e960-45ac-8c0e-91b85724c909,3,21,FP,0,0,0,0,none,0.1181812507566064,0.3495288456324488,18,12
daroberta,8385a996-1afc-4778-a06d-7070a8f19e27,3,5,FP,0,0,0,0,none,0.0844629451425539,0.3745002872310579,21,18
daroberta,84b3c118-50d2-45a5-a91f-7ed95b5d0143,2,2,FP,0,0,0,0,none,0.0287595639200437,0.1899485334288329,37,25
daroberta,0c78e748-efbf-417c-a8c1-beeb6480147f,3,4,FP,0,0,0,0,none,0.0291075692932615,0.1773242831695825,46,28
daroberta,58ed2376-35a0-453a-a08e-5cd87e3bdea5,1,21,FP,0,0,0,0,none,0.0686883140355348,0.3719916483387351,20,15
daroberta,576116e5-2b18-4d35-be73-36f5863c9468,3,3,FP,0,0,0,0,none,0.0365028366095561,0.3198002793360501,32,23
daroberta,87609973-bd58-42a5-96e2-ee5aa47433f5,1,6,FP,0,0,0,0,none,0.1575706708910209,0.3253674386069178,12,7
daroberta,08bb9bee-c167-4c17-9c6d-4a1259231eb7,2,29,FP,0,0,0,0,none,0.0668644260517076,0.2479281555861234,24,19
daroberta,47a209b0-fc26-4a0a-a1fe-e4310d1d2419,3,26,FP,0,0,0,0,none,0.0726288645010855,0.201999076642096,17,9
daroberta,f688c56d-7fae-42ef-b7f7-7db207b58d27,3,7,FP,0,0,0,0,none,0.041574484390384,0.3694317378103733,31,21
daroberta,45bd61bc-c356-4450-9e3a-cbfc862b09fd,2,11,FP,0,0,0,0,none,0.0340796942747015,0.3531069733435288,30,27
daroberta,ad409798-ee94-4436-92c5-92669193be14,3,4,FP,0,0,0,0,none,0.0304049751162529,0.1001586221158504,34,25
daroberta,d3a1ce0a-fc48-4827-a278-8f0ce8c7a519,3,14,FP,0,0,0,0,none,0.0254641904716965,0.2070789767894894,41,34
daroberta,58f414e5-a122-49f5-819e-512d91069da5,2,48,FP,0,0,0,0,none,0.0193748884237967,0.0862902561978747,51,39
daroberta,6b541575-99b1-40d2-8730-9bb868ee38ed,3,23,FP,0,0,0,0,none,0.0299873119321833,0.3908543664729222,34,29
daroberta,58f414e5-a122-49f5-819e-512d91069da5,2,16,FP,0,0,0,0,none,0.0148758741605709,0.0517897587269544,75,53
daroberta,59f2f47c-5da0-4fbc-be6e-4f15d45d82e2,1,10,FP,0,0,0,0,none,0.0315788172728692,0.1353928560856729,50,36
daroberta,dd1e6e3b-f36c-4064-8ef9-940984e9afa2,2,17,FP,0,0,0,0,none,0.0444733934839152,0.2398013785714283,31,21
daroberta,76810849-0335-4ad3-9eaf-f0d9c5baceb6,2,6,FP,0,0,0,0,none,0.0340113639753932,0.1763681238167919,28,20
daroberta,7f9c83f7-3efa-4c7a-adef-3ebdeda96042,2,0,FP,0,0,0,0,none,0.0654731313100992,0.2340784631669521,24,13
daroberta,b5eefefb-2a33-45de-abe1-f855c94165f4,2,44,FP,0,0,0,0,none,0.0805003529414534,0.2035565869882702,14,10
daroberta,65cb14cb-2d27-41e5-a2be-6fd6314f4363,3,9,FP,0,0,0,0,none,0.1061158564739993,0.3210494290105998,11,7
daroberta,dd1e6e3b-f36c-4064-8ef9-940984e9afa2,1,22,FP,0,0,0,0,none,0.0515299583578275,0.12585638044402,23,15
daroberta,6f95dcb9-e960-45ac-8c0e-91b85724c909,2,12,FP,0,0,0,0,none,0.0561045628795358,0.4327841927297413,29,17
daroberta,1ed4f378-b9d4-43b8-8d50-53d0cc063332,1,28,FP,0,0,0,0,none,0.080667909450962,0.2359281389508396,18,14
daroberta,59f2f47c-5da0-4fbc-be6e-4f15d45d82e2,1,5,FP,0,0,0,0,none,0.0170655105469916,0.0828357523728516,66,43
daroberta,ed8c136f-8d44-4c83-ad05-0dcfc3a0c54a,3,35,FP,0,0,0,0,none,0.0645500255992547,0.3764042673477282,25,14
daroberta,6f95dcb9-e960-45ac-8c0e-91b85724c909,3,5,FP,0,0,0,0,none,0.0999754989752546,0.1732215723022818,13,8
daroberta,a28a0329-0887-42dc-bd3d-3bb4f8926757,3,34,FP,0,0,0,0,none,0.0351485699228942,0.1865691745188087,30,25
daroberta,47a209b0-fc26-4a0a-a1fe-e4310d1d2419,2,12,FP,0,0,0,0,none,0.0433806166220489,0.135065104967604,29,17
daroberta,2b9468af-4ab0-4f25-85f4-c3ef93d72006,1,6,FP,0,0,0,0,none,0.0276379867351525,0.2864233408123254,36,28
daroberta,2b9468af-4ab0-4f25-85f4-c3ef93d72006,3,0,FP,0,0,0,0,none,0.020543190683077,0.1389935778453946,54,36
daroberta,2b95d2cf-e979-4f9c-ae27-9a5370934f23,3,5,FP,0,0,0,0,none,0.0297324229739606,0.2591587025672197,37,25
daroberta,7a97de89-1433-46f7-bcc2-f80b041cb9a0,1,10,FP,0,0,0,0,none,0.044737981428625,0.1783105654952426,30,16
daroberta,c6a0e65c-4f8b-41de-8200-cd700f683c64,1,12,FP,0,0,0,0,none,0.038610222171992,0.0809861295856535,26,20
daroberta,1b96a5db-8974-46d3-82d7-5dfef02f650e,2,19,FP,0,0,0,0,none,0.030034274186298,0.2546760909511552,36,31
daroberta,6f95dcb9-e960-45ac-8c0e-91b85724c909,1,1,FP,0,0,0,0,none,0.0414693802013061,0.1968016903847456,41,32
daroberta,68748e7f-cf6e-4ac7-8504-454c0876880d,3,17,FP,0,0,0,0,none,0.0534454358599355,0.2803366291336715,28,24
daroberta,86e6e27d-1440-4879-8b13-0dd2d89f7281,2,13,FP,0,0,0,0,none,0.0295591149436034,0.1856826168407375,43,18
daroberta,2b9468af-4ab0-4f25-85f4-c3ef93d72006,2,4,FP,0,0,0,0,none,0.0880488249240443,0.3560792955104261,16,12
daroberta,c99adbdd-eaf3-4844-9548-2642e80de4e2,3,18,FP,0,0,0,0,none,0.0496041526486438,0.1633584536612033,28,22
daroberta,ed8c136f-8d44-4c83-ad05-0dcfc3a0c54a,1,7,FP,0,0,0,0,none,0.0663611987097696,0.2178953676484525,17,11
daroberta,6b541575-99b1-40d2-8730-9bb868ee38ed,3,28,FP,0,0,0,0,none,0.0279916340384162,0.1407528545241803,38,31
daroberta,0ffb34cd-c367-4d90-aca7-7fcac3ed8f3d,3,19,FP,0,0,0,0,none,0.0429400052914085,0.1602020732243545,28,24
daroberta,ae243a95-b2c2-410c-9e2b-b083b4b8eb48,2,10,FP,0,0,0,0,none,0.1088797037179271,0.3406522083096206,12,6
daroberta,79bf99c6-6fca-4ce4-8ae1-8771de026142,2,16,FP,0,0,0,0,none,0.0968610496881107,0.2514052051119506,16,12
daroberta,7a97de89-1433-46f7-bcc2-f80b041cb9a0,1,8,FP,0,0,0,0,none,0.0566828224041006,0.438957036472857,26,17
daroberta,450755dd-30d3-478b-933e-917be5c384ba,3,14,FP,0,0,0,0,none,0.0883983475240794,0.1621516719460487,16,11
daroberta,d3a1ce0a-fc48-4827-a278-8f0ce8c7a519,2,8,TN,0,0,0,0,none,0.0228041216284812,0.076096729375422,20,14
daroberta,ae243a95-b2c2-410c-9e2b-b083b4b8eb48,1,23,TN,0,0,0,0,none,0.0064809597162335,0.0581727494330455,49,40
daroberta,6e502405-bc90-4416-a787-3122918aa648,2,21,TN,0,0,0,0,none,0.0082731302835357,0.0254604092236453,31,25
daroberta,29ffd053-7684-469b-a600-97000579bd01,1,12,TN,0,0,0,0,none,0.0522342856458731,0.3702886435203254,22,19
daroberta,59f2f47c-5da0-4fbc-be6e-4f15d45d82e2,1,12,TN,0,0,0,0,none,0.0276267968251236,0.0445975256152451,11,7
daroberta,2ec04201-2016-4227-baf7-ba8289058203,1,38,TN,0,0,0,0,none,0.0161123245748436,0.0476572401239536,29,23
daroberta,d1344998-0e7c-409e-aaad-df5be687fc94,1,12,TN,0,0,0,0,none,0.0041479619538254,0.0163107709789818,68,50
daroberta,7a97de89-1433-46f7-bcc2-f80b041cb9a0,2,6,TN,0,0,0,0,none,0.0295802826321469,0.1094153688754886,34,24
daroberta,58f414e5-a122-49f5-819e-512d91069da5,2,49,TN,0,0,0,0,none,0.0838582723570818,0.2518963420880027,16,11
daroberta,85475456-f38e-4c30-895d-ca2c819c6af1,3,15,TN,0,0,0,0,none,0.0120403519784081,0.0464765053974198,27,21
daroberta,2f3e86b6-8443-47bd-9cd3-491c90a59fe9,1,4,TN,0,0,0,0,none,0.0076070682511719,0.0421857024775818,46,41
daroberta,9879bbc0-eab3-482f-bf6b-a4b519393986,2,7,TN,0,0,0,0,none,0.014786499133742,0.107998407096602,42,38
daroberta,b7021938-ff8d-42ea-adec-5704c0b65237,3,0,TN,0,0,0,0,none,0.0047129022934619,0.0155922079924494,60,51
daroberta,b764f81f-6d08-4d7c-b1a8-8961bed0a455,2,6,TN,0,0,0,0,none,0.0178470531005101,0.0598053814998517,26,20
daroberta,8dc7ccfe-5cf0-482f-9101-a7c69881da4d,3,0,TN,0,0,0,0,none,0.0080849229748863,0.0252086562104523,34,29
daroberta,8385a996-1afc-4778-a06d-7070a8f19e27,2,17,TN,0,0,0,0,none,0.0050307031538928,0.0203590184894644,60,49
daroberta,1ed4f378-b9d4-43b8-8d50-53d0cc063332,3,16,TN,0,0,0,0,none,0.0185633681291206,0.0770847952264981,41,33
daroberta,df6a55fb-dfe5-4362-89a6-8c040d648a70,3,9,TN,0,0,0,0,none,0.0050539379128024,0.0504958352539688,56,46
daroberta,ed8c136f-8d44-4c83-ad05-0dcfc3a0c54a,3,39,TN,0,0,0,0,none,0.0086084685602136,0.0348994556947478,50,30
daroberta,576116e5-2b18-4d35-be73-36f5863c9468,1,11,TN,0,0,0,0,none,0.0179626042051131,0.1039349269703961,31,27
daroberta,0d10341a-9dba-4374-a524-814c300d1611,1,34,TN,0,0,0,0,none,0.0110498053418268,0.0643873757799156,39,32
daroberta,8dac6c12-b5ca-468c-a249-7e0ab42f6b52,2,21,TN,0,0,0,0,none,0.0091798892847541,0.0673219041987544,74,53
daroberta,47a209b0-fc26-4a0a-a1fe-e4310d1d2419,2,10,TN,0,0,0,0,none,0.0045012521780639,0.0144954779107744,47,40
daroberta,eadabee7-3db9-43c4-a485-3e8b1882cd3c,2,23,TN,0,0,0,0,none,0.0240342923105089,0.0536016918485984,23,19
daroberta,df6a55fb-dfe5-4362-89a6-8c040d648a70,3,0,TN,0,0,0,0,none,0.006861596219801,0.0184931991487293,50,31
daroberta,68748e7f-cf6e-4ac7-8504-454c0876880d,1,25,TN,0,0,0,0,none,0.0317809417879638,0.0585991167463362,18,13
daroberta,33521e65-12da-4521-b132-7b606243b0e4,1,0,TN,0,0,0,0,none,0.0163978345591869,0.0510431394421695,26,22
daroberta,eb17fa36-89f2-4d0b-8133-7bb4682228e1,1,6,TN,0,0,0,0,none,0.0403316825179866,0.1432657437399029,25,18
daroberta,526cabb7-02a3-4adb-8e90-ec781c40c498,1,9,TN,0,0,0,0,none,0.0096925837134844,0.036733292741701,47,38
daroberta,d16050b3-979f-4834-90db-b8823691b87e,3,15,TN,0,0,0,0,none,0.0095206574462945,0.0258912973882009,36,21
daroberta,2ec04201-2016-4227-baf7-ba8289058203,1,13,TN,0,0,0,0,none,0.0090239351652562,0.0288571179262362,30,25
daroberta,dd1e6e3b-f36c-4064-8ef9-940984e9afa2,3,19,TN,0,0,0,0,none,0.045693370901669,0.0958685758523643,17,9
daroberta,65cb14cb-2d27-41e5-a2be-6fd6314f4363,1,9,TN,0,0,0,0,none,0.0204643274579818,0.0722730328977507,29,24
daroberta,1bb79cc1-5d69-4136-a23d-6dbd300cbf25,3,18,TN,0,0,0,0,none,0.0390429934486746,0.0966764753684401,20,14
daroberta,ae243a95-b2c2-410c-9e2b-b083b4b8eb48,1,10,TN,0,0,0,0,none,0.0171726498336188,0.0627385433763265,24,19
daroberta,cad4bba5-cf97-45cb-8059-ebeb47dcec7a,2,8,TN,0,0,0,0,none,0.0170725999196292,0.0354258010629564,22,16
daroberta,1f99798f-2b60-4ecb-b5f4-4aa7991e8ace,1,28,TN,0,0,0,0,none,0.0623097244117941,0.1060788638424128,15,7
daroberta,2b9468af-4ab0-4f25-85f4-c3ef93d72006,3,5,TN,0,0,0,0,none,0.0341503974050283,0.0885741682723164,20,11
daroberta,85475456-f38e-4c30-895d-ca2c819c6af1,1,16,TN,0,0,0,0,none,0.082985163453901,0.3488738783635199,24,19
daroberta,68748e7f-cf6e-4ac7-8504-454c0876880d,3,5,TN,0,0,0,0,none,0.0261354772442513,0.0603781296056695,25,17
daroberta,542cd22c-ea80-4669-995b-6ac6a33823f7,1,2,TN,0,0,0,0,none,0.0300910652231163,0.0668096563313156,28,19
daroberta,526cabb7-02a3-4adb-8e90-ec781c40c498,3,51,TN,0,0,0,0,none,0.0202301036915741,0.04424116644077,11,8
daroberta,cad4bba5-cf97-45cb-8059-ebeb47dcec7a,1,18,TN,0,0,0,0,none,0.0085076071419263,0.0679047690554788,37,29
daroberta,6f95dcb9-e960-45ac-8c0e-91b85724c909,3,6,TN,0,0,0,0,none,0.0521720111266606,0.1979940618233134,28,21
daroberta,a28a0329-0887-42dc-bd3d-3bb4f8926757,1,17,TN,0,0,0,0,none,0.0021328958412359,0.0194225331263927,96,78
daroberta,e71d149d-0426-43f0-87e8-8c611dad7205,2,10,TN,0,0,0,0,none,0.0145286056483029,0.0515229472269614,28,23
daroberta,86e6e27d-1440-4879-8b13-0dd2d89f7281,3,7,TN,0,0,0,0,none,0.0161162160569801,0.0700706545030698,39,19
daroberta,b5eefefb-2a33-45de-abe1-f855c94165f4,1,46,TN,0,0,0,0,none,0.0106789749726885,0.0755463691893965,30,24
daroberta,1f99798f-2b60-4ecb-b5f4-4aa7991e8ace,3,1,TN,0,0,0,0,none,0.0104280924350614,0.0293296596833637,30,21
daroberta,7a97de89-1433-46f7-bcc2-f80b041cb9a0,3,26,TN,0,0,0,0,none,0.0406884538153896,0.306271153036505,31,24
daroberta,3ae35b16-7f7f-4a5e-9f24-5ce724106a73,3,14,TN,0,0,0,0,none,0.0404692420481958,0.0890701673924923,19,11
daroberta,1ed4f378-b9d4-43b8-8d50-53d0cc063332,3,1,TN,0,0,0,0,none,0.0052745286897597,0.0209252694621682,44,37
daroberta,eadabee7-3db9-43c4-a485-3e8b1882cd3c,3,9,TN,0,0,0,0,none,0.0067381917421026,0.0387901971116662,44,30
daroberta,8abec8d9-50a2-480e-969a-157f94954f4d,2,7,TN,0,0,0,0,none,0.0190461094463791,0.0718531087040901,26,17
daroberta,4f473faf-f928-4cfd-8bed-00578be9db9a,2,11,TN,0,0,0,0,none,0.0143851008303328,0.0496347899703929,28,23
daroberta,a28a0329-0887-42dc-bd3d-3bb4f8926757,3,7,TN,0,0,0,0,none,0.0160981454331691,0.0553719972429627,31,26
daroberta,d3a1ce0a-fc48-4827-a278-8f0ce8c7a519,3,0,TN,0,0,0,0,none,0.0227309999366601,0.035670306533575,5,3
daroberta,d3a1ce0a-fc48-4827-a278-8f0ce8c7a519,3,23,TN,0,0,0,0,none,0.0152281952908438,0.0490363902645185,43,28
daroberta,1f99798f-2b60-4ecb-b5f4-4aa7991e8ace,3,2,TN,0,0,0,0,none,0.0111179617627304,0.056954692187719,51,41
daroberta,b5eefefb-2a33-45de-abe1-f855c94165f4,1,33,TN,0,0,0,0,none,0.021433265842709,0.099907731404528,27,22
daroberta,1ed4f378-b9d4-43b8-8d50-53d0cc063332,1,6,TN,0,0,0,0,none,0.04012889160703,0.0987580409273505,21,13
daroberta,22b6e900-4826-4b09-a9f8-5d7afe46e78b,3,5,TN,0,0,0,0,none,0.0108587812917124,0.0269514409980426,31,24
daroberta,8abec8d9-50a2-480e-969a-157f94954f4d,2,15,TN,0,0,0,0,none,0.0528941796057754,0.1819092822261154,12,9
daroberta,cad4bba5-cf97-45cb-8059-ebeb47dcec7a,2,3,TN,0,0,0,0,none,0.0230461660335494,0.1145727389957755,30,19
daroberta,0d10341a-9dba-4374-a524-814c300d1611,2,23,TN,0,0,0,0,none,0.0099305405376577,0.0350145684555172,34,26
daroberta,13792511-5142-449f-8d3e-d77d790f65ec,2,33,TN,0,0,0,0,none,0.0272006657235606,0.0894171600230038,33,22
daroberta,58f414e5-a122-49f5-819e-512d91069da5,3,36,TN,0,0,0,0,none,0.0184737122535486,0.0443036090582609,23,17
daroberta,97b1305c-13ca-4b74-a56a-f459bd79dfaf,2,9,TN,0,0,0,0,none,0.0232784936864239,0.1313355721067637,29,24
daroberta,a28a0329-0887-42dc-bd3d-3bb4f8926757,1,1,TN,0,0,0,0,none,0.0959895918145775,0.3459154218435287,16,10
daroberta,84b3c118-50d2-45a5-a91f-7ed95b5d0143,2,18,TN,0,0,0,0,none,0.0154330734349787,0.0368202571989968,23,20
daroberta,ed8c136f-8d44-4c83-ad05-0dcfc3a0c54a,1,16,TN,0,0,0,0,none,0.0154125987109728,0.0475837886915542,24,20
daroberta,06ffda2d-1caf-45ba-99e2-268aac1bf0e1,3,18,TN,0,0,0,0,none,0.0096504895616537,0.0449749485123902,29,26
daroberta,9879bbc0-eab3-482f-bf6b-a4b519393986,2,8,TN,0,0,0,0,none,0.0341276406338524,0.1007993125822395,29,24
daroberta,13792511-5142-449f-8d3e-d77d790f65ec,2,17,TN,0,0,0,0,none,0.0237791580970613,0.1576820692862384,34,27
daroberta,df6a55fb-dfe5-4362-89a6-8c040d648a70,2,5,TN,0,0,0,0,none,0.028490778786363,0.1813686039531603,30,24
daroberta,1bb79cc1-5d69-4136-a23d-6dbd300cbf25,2,3,TN,0,0,0,0,none,0.0194403620303741,0.0752959556411951,30,26
daroberta,85475456-f38e-4c30-895d-ca2c819c6af1,1,25,TN,0,0,0,0,none,0.0335419781599193,0.1532065758947283,29,25
daroberta,df6a55fb-dfe5-4362-89a6-8c040d648a70,2,2,TN,0,0,0,0,none,0.0056919192122254,0.0187139805639162,49,38
daroberta,7f9c83f7-3efa-4c7a-adef-3ebdeda96042,3,13,TN,0,0,0,0,none,0.0836910053880678,0.2149325688369572,16,9
daroberta,13792511-5142-449f-8d3e-d77d790f65ec,2,27,TN,0,0,0,0,none,0.0216488800296146,0.0669901967048645,25,18
daroberta,1f99798f-2b60-4ecb-b5f4-4aa7991e8ace,2,24,TN,0,0,0,0,none,0.003858139952948,0.0125383800089669,70,53
daroberta,3db93526-a344-4ea4-8772-3734d0cfdfb1,3,3,TN,0,0,0,0,none,0.0054948498744384,0.043007057334762,63,50
daroberta,aab91277-8d56-4844-a581-45630f873f49,2,29,TN,0,0,0,0,none,0.060679368219677,0.1835029563517309,20,11
daroberta,7f9c83f7-3efa-4c7a-adef-3ebdeda96042,1,0,TN,0,0,0,0,none,0.0035652706737256,0.0152699615961561,60,48
daroberta,70c744ad-e950-445c-8a7a-0782b0a7d20b,2,29,TN,0,0,0,0,none,0.0091449950278426,0.0370333559112623,33,30
daroberta,dd1e6e3b-f36c-4064-8ef9-940984e9afa2,2,20,TN,0,0,0,0,none,0.01359792620871,0.0701520639122463,41,31
daroberta,08bb9bee-c167-4c17-9c6d-4a1259231eb7,1,1,TN,0,0,0,0,none,0.0067325104956717,0.0282810197677463,50,42
daroberta,76810849-0335-4ad3-9eaf-f0d9c5baceb6,1,9,TN,0,0,0,0,none,0.0315028679421326,0.1825816850177943,31,24
daroberta,f506aafc-8b43-427a-936e-bbd1ef33e076,2,14,TN,0,0,0,0,none,0.0159644066680259,0.052330784810086,22,17
daroberta,ed8c136f-8d44-4c83-ad05-0dcfc3a0c54a,2,23,TN,0,0,0,0,none,0.0067197710413313,0.0246901595287702,39,31
daroberta,d3a1ce0a-fc48-4827-a278-8f0ce8c7a519,3,37,TN,0,0,0,0,none,0.0097292525482934,0.0327696744352579,32,22
daroberta,2ec04201-2016-4227-baf7-ba8289058203,2,22,TN,0,0,0,0,none,0.0197358587590445,0.0432272428879514,25,14
daroberta,526cabb7-02a3-4adb-8e90-ec781c40c498,3,5,TN,0,0,0,0,none,0.0078730019270311,0.026027064114301,49,40
daroberta,1b96a5db-8974-46d3-82d7-5dfef02f650e,2,10,TN,0,0,0,0,none,0.0106396629477931,0.050494321854785,32,27
daroberta,c99adbdd-eaf3-4844-9548-2642e80de4e2,3,15,TN,0,0,0,0,none,0.0062812190364908,0.0225912211462855,43,36
daroberta,1ed4f378-b9d4-43b8-8d50-53d0cc063332,2,23,TN,0,0,0,0,none,0.0260086886073927,0.0601216154173016,32,27
daroberta,96b7046f-f584-422f-a626-6f86a26dfd8b,3,19,TN,0,0,0,0,none,0.0181693412159032,0.0843661895487457,33,27
daroberta,f11c2566-848a-4e29-b8c5-4de0a81114e4,2,11,TN,0,0,0,0,none,0.0282693823397743,0.0666378699243068,25,17
daroberta,11c9f251-35c8-4452-b052-df9be61464c6,2,5,TN,0,0,0,0,none,0.0123976027441092,0.0624490018313129,56,37
daroberta,a4f1d515-d7d9-4319-b2e0-4d56e9d45554,3,6,TN,0,0,0,0,none,0.0066885619296454,0.0349083247128874,41,34
biasdetector,4f473faf-f928-4cfd-8bed-00578be9db9a,1,0,FN,1,1,0,0,no_quote,0.0159070631120467,0.0563812322216108,55,47
biasdetector,2153fb3e-6b09-410c-bfea-d095c49a54ba,2,11,FN,1,0,1,0,all_in_quote,0.0424033270260595,0.1639106880174949,26,18
biasdetector,97b1305c-13ca-4b74-a56a-f459bd79dfaf,2,8,FN,1,0,1,0,no_quote,0.0440432371758116,0.149989515542984,31,26
biasdetector,01c59743-7082-44fc-8414-3c04126f470f,2,23,FN,1,1,0,0,no_quote,0.0231162091436831,0.109997861116426,47,35
biasdetector,8dac6c12-b5ca-468c-a249-7e0ab42f6b52,1,1,FN,1,0,1,0,no_quote,0.0228837095451398,0.1106547967333776,61,45
biasdetector,0c78e748-efbf-417c-a8c1-beeb6480147f,3,11,FN,1,0,1,0,no_quote,0.1108937030329774,0.2585851695330348,22,13
biasdetector,96b7046f-f584-422f-a626-6f86a26dfd8b,1,4,FN,1,0,1,0,all_in_quote,0.0851787152434034,0.2451862334273755,10,7
biasdetector,2742e9c1-2943-496f-8b23-faf5332e1612,2,10,FN,1,0,1,0,no_quote,0.0333135832851338,0.1091318844119086,28,21
biasdetector,c21cb217-3e2c-49bd-884d-5c74a165ef10,2,15,FN,1,1,0,0,all_in_quote,0.0635300546793067,0.204102769959718,21,14
biasdetector,8385a996-1afc-4778-a06d-7070a8f19e27,3,15,FN,1,0,1,0,all_in_quote,0.0504513860447332,0.2442861452776318,32,24
biasdetector,1e41e98b-9ac1-441d-b2c2-19d8f730c74a,2,49,FN,1,0,1,0,no_quote,0.0250349545865393,0.0930861701490357,41,30
biasdetector,7f9c83f7-3efa-4c7a-adef-3ebdeda96042,1,4,FN,1,0,1,0,no_quote,0.0262596075903275,0.0990217502461746,36,24
biasdetector,c99adbdd-eaf3-4844-9548-2642e80de4e2,1,30,FN,1,0,1,0,all_in_quote,0.0230205068770349,0.1283247884130105,40,26
biasdetector,1e41e98b-9ac1-441d-b2c2-19d8f730c74a,2,4,FN,1,1,0,0,no_quote,0.0124353846576041,0.0716166458600624,70,62
biasdetector,1ed4f378-b9d4-43b8-8d50-53d0cc063332,2,28,FN,1,0,1,0,no_quote,0.0503131193542878,0.2996759555120578,35,23
biasdetector,1e41e98b-9ac1-441d-b2c2-19d8f730c74a,3,0,FN,1,1,0,0,no_quote,0.022336803009202,0.1128487204550765,37,33
biasdetector,97566c74-e000-49fb-b091-e6ec6e179de0,2,5,FN,1,1,0,0,no_quote,0.0244958744545275,0.1273809896083548,41,34
biasdetector,1e41e98b-9ac1-441d-b2c2-19d8f730c74a,1,18,FN,1,0,1,0,all_in_quote,0.1100208470597863,0.1491694543510675,13,3
biasdetector,9879bbc0-eab3-482f-bf6b-a4b519393986,1,24,FN,1,1,0,0,all_in_quote,0.0367974074865924,0.1932802381925285,31,20
biasdetector,542cd22c-ea80-4669-995b-6ac6a33823f7,3,11,FN,1,0,1,0,no_quote,0.0258319848209948,0.091495759319514,44,28
biasdetector,ad409798-ee94-4436-92c5-92669193be14,2,12,FN,1,0,1,0,no_quote,0.0283299115378885,0.0838149050687206,28,23
biasdetector,0d10341a-9dba-4374-a524-814c300d1611,1,30,FN,1,0,1,0,all_in_quote,0.0331754877232015,0.149341084761545,19,15
biasdetector,a4f1d515-d7d9-4319-b2e0-4d56e9d45554,3,31,FN,1,0,1,0,all_in_quote,0.0299952744638421,0.0811233008716953,27,21
biasdetector,2b95d2cf-e979-4f9c-ae27-9a5370934f23,3,14,FN,1,0,1,0,no_quote,0.0244483744783252,0.1387075656287682,62,47
biasdetector,4f473faf-f928-4cfd-8bed-00578be9db9a,1,15,FN,1,0,1,0,no_quote,0.0293520831171282,0.1764944434010734,25,21
biasdetector,2ec04201-2016-4227-baf7-ba8289058203,2,21,FN,1,0,1,0,no_quote,0.036799854731412,0.1957634607097134,35,29
biasdetector,68748e7f-cf6e-4ac7-8504-454c0876880d,1,15,FN,1,1,0,0,no_quote,0.0627802286384394,0.1963059706613421,24,20
biasdetector,70c75d68-bf65-46a6-a822-15c23d77a275,2,28,FN,1,0,1,0,no_quote,0.0955315036117099,0.2593462207005359,16,8
biasdetector,2742e9c1-2943-496f-8b23-faf5332e1612,3,2,FN,1,0,1,0,no_quote,0.0193068911084635,0.1092763189517427,51,34
biasdetector,a28a0329-0887-42dc-bd3d-3bb4f8926757,2,13,FN,1,0,1,0,all_in_quote,0.0196290556498645,0.1314072053258617,73,55
biasdetector,0c78e748-efbf-417c-a8c1-beeb6480147f,2,4,FN,1,0,1,0,no_quote,0.030507030899906,0.0892502028145827,29,19
biasdetector,8dac6c12-b5ca-468c-a249-7e0ab42f6b52,2,8,FN,1,0,1,0,no_quote,0.0257992015760684,0.0867415576399902,41,35
biasdetector,7a97de89-1433-46f7-bcc2-f80b041cb9a0,1,0,FN,1,1,0,0,no_quote,0.0349812331712908,0.1993149779736995,35,27
biasdetector,576116e5-2b18-4d35-be73-36f5863c9468,2,0,FN,1,1,0,0,no_quote,0.0230982557772413,0.0960696237161755,45,38
biasdetector,72fa9b13-4e59-4716-8df9-4c3580e7dddf,1,20,FN,1,0,1,0,no_quote,0.0698415047023445,0.1822365513071417,8,5
biasdetector,8dac6c12-b5ca-468c-a249-7e0ab42f6b52,1,16,FN,1,0,1,0,all_in_quote,0.0196036977203615,0.0686904891961544,49,43
biasdetector,2b9468af-4ab0-4f25-85f4-c3ef93d72006,1,1,FN,1,0,1,0,all_in_quote,0.0151469270115019,0.1366670236597577,75,51
biasdetector,38f7cbb7-5d6a-4c89-bcbd-8e164144172a,2,9,FN,1,0,1,0,no_quote,0.0231355388205351,0.1243368196689213,45,38
biasdetector,576116e5-2b18-4d35-be73-36f5863c9468,3,0,FN,1,1,0,0,no_quote,0.026941694440738,0.1213295408524572,46,39
biasdetector,68748e7f-cf6e-4ac7-8504-454c0876880d,1,20,FN,1,0,1,0,no_quote,0.0291240442103506,0.0994522008945101,28,21
biasdetector,1ed4f378-b9d4-43b8-8d50-53d0cc063332,2,4,FN,1,0,1,0,all_in_quote,0.0230979715526408,0.1286292229113834,54,36
biasdetector,84b3c118-50d2-45a5-a91f-7ed95b5d0143,1,4,FN,1,0,1,0,no_quote,0.0432698452599156,0.1300657052925089,28,22
biasdetector,8abec8d9-50a2-480e-969a-157f94954f4d,3,18,FN,1,0,1,0,all_in_quote,0.0398854697006754,0.091073507675901,18,10
biasdetector,eadabee7-3db9-43c4-a485-3e8b1882cd3c,1,6,FN,1,1,0,0,all_in_quote,0.0150120760161782,0.0723287702227632,53,43
biasdetector,2a3fde8a-082a-4d8f-9567-f7e8366c0200,1,7,FN,1,0,1,0,no_quote,0.0264241418882759,0.1108923596912063,37,27
biasdetector,68748e7f-cf6e-4ac7-8504-454c0876880d,2,11,FN,1,1,0,0,no_quote,0.0291454554545107,0.1881674089236185,40,27
biasdetector,b7021938-ff8d-42ea-adec-5704c0b65237,1,9,FN,1,1,0,0,all_in_quote,0.076586351546991,0.1918435396219138,19,14
biasdetector,38f7cbb7-5d6a-4c89-bcbd-8e164144172a,2,2,FN,1,1,0,0,no_quote,0.0217604732028829,0.0818338020826163,45,33
biasdetector,a4f1d515-d7d9-4319-b2e0-4d56e9d45554,2,0,FN,1,1,0,0,no_quote,0.0325307374073685,0.1683923249753812,39,34
biasdetector,be026bd1-52b1-4789-bfd3-3632af17b054,3,6,FN,1,0,1,0,no_quote,0.0420607698541725,0.1288362130289897,28,21
biasdetector,8abec8d9-50a2-480e-969a-157f94954f4d,2,18,FN,1,1,0,0,all_in_quote,0.0946503856651751,0.3806157734943554,27,14
biasdetector,33521e65-12da-4521-b132-7b606243b0e4,2,25,FN,1,0,1,0,no_quote,0.0218394505279783,0.1419723644995918,54,32
biasdetector,68748e7f-cf6e-4ac7-8504-454c0876880d,2,2,FN,1,0,1,0,no_quote,0.0215291009319289,0.0509120836388319,43,32
biasdetector,b4dbeda7-a1f3-4711-ae77-db23809d1ed2,2,1,FN,1,1,0,0,no_quote,0.034877004944632,0.1362968204828741,40,30
biasdetector,ee05c9b3-529c-4268-ad72-19bd34f7197e,3,0,FN,1,1,0,0,no_quote,0.0544124067363998,0.1865087355254218,29,26
biasdetector,79bf99c6-6fca-4ce4-8ae1-8771de026142,3,19,FN,1,1,0,0,all_in_quote,0.0321388470423234,0.1019605904649425,39,26
biasdetector,6b541575-99b1-40d2-8730-9bb868ee38ed,1,8,FN,1,0,1,0,no_quote,0.0343020295724272,0.0843280358240008,25,20
biasdetector,84b3c118-50d2-45a5-a91f-7ed95b5d0143,2,26,FN,1,0,1,0,no_quote,0.0250624995515523,0.1455307152937166,38,28
biasdetector,0d10341a-9dba-4374-a524-814c300d1611,2,27,FN,1,0,1,0,no_quote,0.0742622837424278,0.2884120632661506,14,11
biasdetector,74708dbf-5dfc-4c66-8419-d7dbc00e4a06,1,3,FN,1,0,1,0,no_quote,0.0364969364803982,0.1017605796107091,34,24
biasdetector,70c75d68-bf65-46a6-a822-15c23d77a275,1,50,FN,1,1,0,0,all_in_quote,0.0182194026056624,0.1008973442328473,45,34
biasdetector,be026bd1-52b1-4789-bfd3-3632af17b054,1,6,FN,1,0,1,0,no_quote,0.026394455920871,0.0978490972348178,31,26
biasdetector,65cb14cb-2d27-41e5-a2be-6fd6314f4363,1,0,FN,1,1,0,0,all_in_quote,0.0222563507796494,0.1413198632642715,52,37
biasdetector,2ec04201-2016-4227-baf7-ba8289058203,1,4,FN,1,0,1,0,all_in_quote,0.0669385734363459,0.1595711972622666,20,12
biasdetector,84b3c118-50d2-45a5-a91f-7ed95b5d0143,2,37,FN,1,0,1,0,no_quote,0.0225787797919474,0.0602293485280824,36,30
biasdetector,8dac6c12-b5ca-468c-a249-7e0ab42f6b52,3,4,FN,1,0,1,0,no_quote,0.1012134181711679,0.2041580002987757,17,13
biasdetector,6f95dcb9-e960-45ac-8c0e-91b85724c909,1,2,FN,1,0,1,0,no_quote,0.0477293489843999,0.1841193256550468,26,19
biasdetector,a28a0329-0887-42dc-bd3d-3bb4f8926757,2,20,FN,1,0,1,0,all_in_quote,0.0946011566265951,0.1829686324344948,19,12
biasdetector,2ec04201-2016-4227-baf7-ba8289058203,2,4,FN,1,0,1,0,all_in_quote,0.0901513766904827,0.2566458415240049,25,20
biasdetector,b764f81f-6d08-4d7c-b1a8-8961bed0a455,3,3,FN,1,0,1,0,all_in_quote,0.0551797443201454,0.2313720313133672,27,20
biasdetector,13792511-5142-449f-8d3e-d77d790f65ec,2,6,FN,1,1,0,0,no_quote,0.0256874568758019,0.1647833629976958,50,42
biasdetector,a4f1d515-d7d9-4319-b2e0-4d56e9d45554,1,22,FN,1,0,1,0,no_quote,0.0146583787925927,0.0882655375025933,68,51
biasdetector,eadabee7-3db9-43c4-a485-3e8b1882cd3c,2,19,FN,1,0,1,0,no_quote,0.0489844784865629,0.1579256962286308,25,19
biasdetector,2153fb3e-6b09-410c-bfea-d095c49a54ba,2,15,FN,1,0,1,0,all_in_quote,0.0125773133715739,0.0962064652827173,59,53
biasdetector,0ffb34cd-c367-4d90-aca7-7fcac3ed8f3d,3,15,FN,1,0,1,0,no_quote,0.0243392164669542,0.0888414963264949,35,30
biasdetector,aab91277-8d56-4844-a581-45630f873f49,1,44,FN,1,0,1,0,all_in_quote,0.035326326270547,0.1520639767016594,58,32
biasdetector,2153fb3e-6b09-410c-bfea-d095c49a54ba,3,6,FN,1,0,1,0,all_in_quote,0.0739432225236669,0.1528511878568679,11,8
biasdetector,b764f81f-6d08-4d7c-b1a8-8961bed0a455,1,17,FN,1,0,1,0,no_quote,0.0463946636999026,0.1630598344490863,13,10
biasdetector,45bd61bc-c356-4450-9e3a-cbfc862b09fd,1,9,FN,1,0,1,0,all_in_quote,0.0178735887056715,0.1136868693034297,62,47
biasdetector,70c75d68-bf65-46a6-a822-15c23d77a275,1,14,FN,1,0,1,0,all_in_quote,0.0549871956868826,0.3011234020814299,28,23
biasdetector,58ed2376-35a0-453a-a08e-5cd87e3bdea5,2,3,FN,1,0,1,0,all_in_quote,0.0498566423359859,0.1090702186338603,19,14
biasdetector,2b9468af-4ab0-4f25-85f4-c3ef93d72006,1,23,FN,1,0,1,0,all_in_quote,0.0309965993458119,0.1942419866099953,46,37
biasdetector,ed8c136f-8d44-4c83-ad05-0dcfc3a0c54a,1,33,FN,1,0,1,0,all_in_quote,0.0872212140044818,0.1949701815610751,14,9
biasdetector,2b9468af-4ab0-4f25-85f4-c3ef93d72006,2,1,FN,1,0,1,0,all_in_quote,0.0135457808565762,0.1345518646994605,86,72
biasdetector,1bb79cc1-5d69-4136-a23d-6dbd300cbf25,1,35,FN,1,0,1,0,no_quote,0.0237092289330423,0.1056279821593003,46,26
biasdetector,0d10341a-9dba-4374-a524-814c300d1611,3,1,FN,1,1,0,0,no_quote,0.0134924441066419,0.076980019104667,71,58
biasdetector,be026bd1-52b1-4789-bfd3-3632af17b054,3,0,FN,1,1,0,0,no_quote,0.0330507615717923,0.2742894110011143,43,32
biasdetector,c99adbdd-eaf3-4844-9548-2642e80de4e2,2,2,FN,1,0,1,0,no_quote,0.1339909753296524,0.1954356194473803,9,6
biasdetector,0d10341a-9dba-4374-a524-814c300d1611,1,24,FN,1,0,1,0,no_quote,0.0207536984530613,0.0834960184583906,34,30
biasdetector,2a3fde8a-082a-4d8f-9567-f7e8366c0200,2,49,FN,1,0,1,0,no_quote,0.0241380536085355,0.0983382100530434,41,35
biasdetector,58ed2376-35a0-453a-a08e-5cd87e3bdea5,2,0,FN,1,1,0,0,no_quote,0.0293266426574418,0.1415804537087255,49,38
biasdetector,33521e65-12da-4521-b132-7b606243b0e4,1,15,FN,1,0,1,0,no_quote,0.0520243150759579,0.172318218217697,25,17
biasdetector,3ae35b16-7f7f-4a5e-9f24-5ce724106a73,3,10,FN,1,0,1,0,no_quote,0.0412035164572039,0.1262321218673605,36,30
biasdetector,b7021938-ff8d-42ea-adec-5704c0b65237,1,3,FN,1,0,1,0,all_in_quote,0.0344914556225647,0.1229696298930018,27,19
biasdetector,aab91277-8d56-4844-a581-45630f873f49,1,12,FN,1,1,0,0,no_quote,0.0452440414112061,0.1895598124247044,26,20
biasdetector,eadabee7-3db9-43c4-a485-3e8b1882cd3c,3,21,FN,1,0,1,0,no_quote,0.0376091497332359,0.1347715072333812,31,26
biasdetector,0ffb34cd-c367-4d90-aca7-7fcac3ed8f3d,2,2,FN,1,0,1,0,no_quote,0.0320417620047616,0.1546493087119112,33,24
biasdetector,542cd22c-ea80-4669-995b-6ac6a33823f7,3,13,FN,1,0,1,0,no_quote,0.0408583732746672,0.1344554112874902,27,19
biasdetector,2b9468af-4ab0-4f25-85f4-c3ef93d72006,2,6,FN,1,0,1,0,no_quote,0.0191479199751741,0.0790814926847815,40,33
biasdetector,af4a3f41-eeb5-49fa-a276-e97c230b25f0,2,8,FN,1,0,1,0,no_quote,0.0193722565283274,0.1122878478989243,56,36
daroberta,c6a0e65c-4f8b-41de-8200-cd700f683c64,2,11,FN,1,0,1,0,all_in_quote,0.0188472199393436,0.047947424929589,28,20
daroberta,11c9f251-35c8-4452-b052-df9be61464c6,2,8,FN,1,1,0,0,no_quote,0.0589156452167247,0.1536551765166223,10,7
daroberta,2b9468af-4ab0-4f25-85f4-c3ef93d72006,1,19,FN,1,0,1,0,no_quote,0.0083824678813704,0.0434073776414152,35,26
daroberta,f688c56d-7fae-42ef-b7f7-7db207b58d27,3,19,FN,1,1,0,0,no_quote,0.0098271523160341,0.0721671639834172,48,30
daroberta,2058ec60-5372-4f5f-83a3-da780be3a350,3,23,FN,1,0,1,0,all_in_quote,0.0452786898905677,0.1593707087449729,20,14
daroberta,a4f1d515-d7d9-4319-b2e0-4d56e9d45554,1,19,FN,1,0,1,0,all_in_quote,0.009722298340358,0.0390143325785175,39,29
daroberta,c6a0e65c-4f8b-41de-8200-cd700f683c64,2,7,FN,1,0,1,0,all_in_quote,0.0056752134528404,0.0389992192862197,85,63
daroberta,70c744ad-e950-445c-8a7a-0782b0a7d20b,1,11,FN,1,0,1,0,all_in_quote,0.0134937393800987,0.1214821314982449,39,27
daroberta,79bf99c6-6fca-4ce4-8ae1-8771de026142,2,33,FN,1,1,0,0,no_quote,0.037412840074961,0.1097371602275719,31,16
daroberta,7f9c83f7-3efa-4c7a-adef-3ebdeda96042,1,1,FN,1,1,0,0,no_quote,0.0072306157551119,0.0453184057518632,56,48
daroberta,79bf99c6-6fca-4ce4-8ae1-8771de026142,1,28,FN,1,0,1,0,no_quote,0.0189854804733296,0.0996728446722651,43,31
daroberta,45bd61bc-c356-4450-9e3a-cbfc862b09fd,2,7,FN,1,0,1,0,no_quote,0.0236791964091702,0.0908961243694648,31,23
daroberta,01c59743-7082-44fc-8414-3c04126f470f,2,20,FN,1,0,1,0,no_quote,0.0098582901862747,0.0307763521559536,39,29
daroberta,dd1e6e3b-f36c-4064-8ef9-940984e9afa2,3,21,FN,1,0,1,0,no_quote,0.0152844656228971,0.0419343933463096,38,33
daroberta,2b9468af-4ab0-4f25-85f4-c3ef93d72006,1,17,FN,1,0,1,0,all_in_quote,0.0457259881967569,0.104274527169764,24,17
daroberta,4f473faf-f928-4cfd-8bed-00578be9db9a,3,17,FN,1,0,1,0,all_in_quote,0.0783411435162027,0.1635604230687022,7,3
daroberta,2a3fde8a-082a-4d8f-9567-f7e8366c0200,1,7,FN,1,0,1,0,no_quote,0.0153144011935104,0.0793096851557493,37,27
daroberta,c21cb217-3e2c-49bd-884d-5c74a165ef10,3,0,FN,1,0,1,0,no_quote,0.006159091408591,0.0214053878250221,46,37
daroberta,b7021938-ff8d-42ea-adec-5704c0b65237,2,25,FN,1,1,0,0,no_quote,0.0223513543347103,0.1427740128710866,33,27
daroberta,65cb14cb-2d27-41e5-a2be-6fd6314f4363,1,1,FN,1,1,0,0,all_in_quote,0.0359410414761934,0.1331654000096023,36,23
daroberta,76810849-0335-4ad3-9eaf-f0d9c5baceb6,2,17,FN,1,0,1,0,all_in_quote,0.0065482812884734,0.0500199680682271,50,37
daroberta,79bf99c6-6fca-4ce4-8ae1-8771de026142,1,29,FN,1,0,1,0,no_quote,0.0054034857246916,0.0210938034579157,52,47
daroberta,576116e5-2b18-4d35-be73-36f5863c9468,2,14,FN,1,0,1,0,all_in_quote,0.0562537888673922,0.1032073972746729,23,13
daroberta,0d10341a-9dba-4374-a524-814c300d1611,2,54,FN,1,0,1,0,all_in_quote,0.0280551651354741,0.1066058310680091,28,18
daroberta,f688c56d-7fae-42ef-b7f7-7db207b58d27,3,0,FN,1,1,0,0,no_quote,0.0048148695901199,0.0284085310995578,58,44
daroberta,29ffd053-7684-469b-a600-97000579bd01,1,11,FN,1,0,1,0,all_in_quote,0.0375607319562664,0.2887918474152684,31,21
daroberta,65cb14cb-2d27-41e5-a2be-6fd6314f4363,1,0,FN,1,1,0,0,all_in_quote,0.0078156607627072,0.068471755250357,52,37
daroberta,6e502405-bc90-4416-a787-3122918aa648,1,4,FN,1,0,1,0,no_quote,0.0101344848057672,0.0323526712600141,29,24
daroberta,68748e7f-cf6e-4ac7-8504-454c0876880d,1,16,FN,1,0,1,0,no_quote,0.0058885018897747,0.0475716403452679,39,31
daroberta,2f3e86b6-8443-47bd-9cd3-491c90a59fe9,3,15,FN,1,0,1,0,no_quote,0.0173787595757722,0.0662039117887616,34,29
daroberta,472158a1-4e39-4214-8397-904e66f2b4c5,3,10,FN,1,0,1,0,no_quote,0.0304738823906518,0.0881045251153409,16,12
daroberta,84b3c118-50d2-45a5-a91f-7ed95b5d0143,2,52,FN,1,0,1,0,no_quote,0.0159496798722424,0.0881475943606346,51,43
daroberta,11c9f251-35c8-4452-b052-df9be61464c6,2,9,FN,1,1,0,0,no_quote,0.003511119947093,0.0253134675634404,52,34
daroberta,7a97de89-1433-46f7-bcc2-f80b041cb9a0,3,10,FN,1,0,1,0,no_quote,0.021548401521674,0.1286999580916017,35,24
daroberta,2742e9c1-2943-496f-8b23-faf5332e1612,3,20,FN,1,0,1,0,all_in_quote,0.0302230970846721,0.093941212631762,18,8
daroberta,2ec04201-2016-4227-baf7-ba8289058203,1,29,FN,1,1,0,0,no_quote,0.0419263562180803,0.1579009818378836,27,23
daroberta,c99adbdd-eaf3-4844-9548-2642e80de4e2,2,29,FN,1,0,1,0,no_quote,0.093839740846306,0.2908332562074065,12,7
daroberta,1bb79cc1-5d69-4136-a23d-6dbd300cbf25,1,7,FN,1,1,0,0,no_quote,0.0085927962712299,0.0581864011706784,70,57
daroberta,550b80db-bdd5-442b-8f70-c8e9f3203a13,2,8,FN,1,0,1,0,no_quote,0.0422783371614059,0.1666798237129114,20,16
daroberta,b7021938-ff8d-42ea-adec-5704c0b65237,3,7,FN,1,1,0,0,no_quote,0.0365994441672228,0.1136689360719174,19,16
daroberta,c6a0e65c-4f8b-41de-8200-cd700f683c64,3,7,FN,1,1,0,0,all_in_quote,0.0092941519210282,0.0480997310951352,39,26
daroberta,13792511-5142-449f-8d3e-d77d790f65ec,3,11,FN,1,0,1,0,no_quote,0.0231175468402604,0.0926538207568228,31,25
daroberta,2058ec60-5372-4f5f-83a3-da780be3a350,1,11,FN,1,1,0,0,no_quote,0.083353858673945,0.2318771407008171,14,8
daroberta,3ae35b16-7f7f-4a5e-9f24-5ce724106a73,1,34,FN,1,1,0,0,no_quote,0.0411909636308404,0.1308360752300359,27,18
daroberta,33521e65-12da-4521-b132-7b606243b0e4,3,7,FN,1,0,1,0,all_in_quote,0.0108324500946076,0.0534484367983948,47,37
daroberta,005a2961-0c2e-4575-8eec-770ba52a08e0,1,7,FN,1,0,1,0,no_quote,0.0058090312729654,0.0220986488164358,47,39
daroberta,df5fe55a-dfcb-4817-8631-830f47c21a72,1,11,FN,1,1,0,0,no_quote,0.0347692685091475,0.2370063083944842,33,19
daroberta,84678e18-0b79-4570-9c9f-cb1cf88d968e,2,23,FN,1,0,1,0,all_in_quote,0.0881788241211325,0.1712004083674401,19,10
daroberta,4f473faf-f928-4cfd-8bed-00578be9db9a,2,8,FN,1,0,1,0,all_in_quote,0.0753427215386182,0.158248377032578,14,4
daroberta,be026bd1-52b1-4789-bfd3-3632af17b054,3,7,FN,1,0,1,0,no_quote,0.0298953062747246,0.1858318513259291,31,26
daroberta,2b9468af-4ab0-4f25-85f4-c3ef93d72006,3,18,FN,1,0,1,0,all_in_quote,0.0425060393227752,0.2022952888160943,30,14
daroberta,70c75d68-bf65-46a6-a822-15c23d77a275,1,14,FN,1,0,1,0,all_in_quote,0.024502235977654,0.1180654007863874,28,23
daroberta,2ec04201-2016-4227-baf7-ba8289058203,1,4,FN,1,0,1,0,all_in_quote,0.0459056724115119,0.1180354917887598,20,12
daroberta,c6a0e65c-4f8b-41de-8200-cd700f683c64,2,12,FN,1,0,1,0,all_in_quote,0.0113711081485709,0.0357712733093649,34,23
daroberta,526cabb7-02a3-4adb-8e90-ec781c40c498,2,13,FN,1,1,0,0,no_quote,0.0038219899441556,0.0263176359585486,66,57
daroberta,8385a996-1afc-4778-a06d-7070a8f19e27,2,2,FN,1,0,1,0,all_in_quote,0.0056332504666767,0.0344881603959947,49,32
daroberta,06ffda2d-1caf-45ba-99e2-268aac1bf0e1,1,10,FN,1,0,1,0,no_quote,0.1106070235625586,0.3538425751030445,20,11
daroberta,97566c74-e000-49fb-b091-e6ec6e179de0,1,5,FN,1,0,1,0,no_quote,0.0189458549721166,0.118781327153556,35,30
daroberta,8dac6c12-b5ca-468c-a249-7e0ab42f6b52,1,16,FN,1,0,1,0,all_in_quote,0.0083943265781553,0.0764152322218778,49,43
daroberta,84b3c118-50d2-45a5-a91f-7ed95b5d0143,2,36,FN,1,0,1,0,no_quote,0.0269110786577837,0.0766262211332408,38,26
daroberta,2742e9c1-2943-496f-8b23-faf5332e1612,1,1,FN,1,0,1,0,no_quote,0.0210570766977694,0.0756846237927675,36,29
daroberta,2a3fde8a-082a-4d8f-9567-f7e8366c0200,1,3,FN,1,0,1,0,all_in_quote,0.0358117075326542,0.0954650973435491,21,12
daroberta,aab91277-8d56-4844-a581-45630f873f49,1,39,FN,1,1,0,0,no_quote,0.0258928439792706,0.2609576879767701,39,31
daroberta,b5eefefb-2a33-45de-abe1-f855c94165f4,2,28,FN,1,0,1,0,all_in_quote,0.0739714213530533,0.1540949603077024,15,10
daroberta,2b9468af-4ab0-4f25-85f4-c3ef93d72006,1,9,FN,1,0,1,0,all_in_quote,0.0200595549688053,0.0928250101860612,33,20
daroberta,2a3fde8a-082a-4d8f-9567-f7e8366c0200,1,29,FN,1,0,1,0,all_in_quote,0.0177569536642387,0.0865400249604135,32,23
daroberta,45bd61bc-c356-4450-9e3a-cbfc862b09fd,3,9,FN,1,0,1,0,no_quote,0.0417649687411445,0.0933381095528602,27,21
daroberta,1f99798f-2b60-4ecb-b5f4-4aa7991e8ace,1,2,FN,1,0,1,0,no_quote,0.0384939079347532,0.3346717041567899,39,32
daroberta,01c59743-7082-44fc-8414-3c04126f470f,2,2,FN,1,1,0,0,no_quote,0.024731051971747,0.1300502891580645,40,30
daroberta,d3a1ce0a-fc48-4827-a278-8f0ce8c7a519,1,14,FN,1,0,1,0,all_in_quote,0.0189165400503457,0.0627951036828259,27,18
daroberta,6b541575-99b1-40d2-8730-9bb868ee38ed,3,14,FN,1,0,1,0,all_in_quote,0.0680918575873455,0.1578665233682841,16,13
daroberta,8385a996-1afc-4778-a06d-7070a8f19e27,2,11,FN,1,0,1,0,all_in_quote,0.0588745527590314,0.1275589678358907,19,13
daroberta,eadabee7-3db9-43c4-a485-3e8b1882cd3c,1,3,FN,1,1,1,1,all_in_quote,0.0092497552704901,0.0438839412527158,35,29
daroberta,b4dbeda7-a1f3-4711-ae77-db23809d1ed2,2,18,FN,1,0,1,0,all_in_quote,0.0378078141693819,0.3392096715979278,32,24
daroberta,2b9468af-4ab0-4f25-85f4-c3ef93d72006,3,2,FN,1,1,0,0,no_quote,0.0115944073813379,0.0416264033231597,38,33
daroberta,08bb9bee-c167-4c17-9c6d-4a1259231eb7,3,1,FN,1,0,1,0,all_in_quote,0.0093549135353361,0.0470649033086374,40,34
daroberta,ed8c136f-8d44-4c83-ad05-0dcfc3a0c54a,2,20,FN,1,0,1,0,no_quote,0.0146649636668227,0.0528643598081544,26,21
daroberta,df5fe55a-dfcb-4817-8631-830f47c21a72,1,2,FN,1,1,0,0,no_quote,0.0371766167528116,0.0964813707396388,25,21
daroberta,70c744ad-e950-445c-8a7a-0782b0a7d20b,3,14,FN,1,0,1,0,no_quote,0.0195699837542687,0.1318767084740102,50,40
daroberta,8abec8d9-50a2-480e-969a-157f94954f4d,2,21,FN,1,1,0,0,no_quote,0.099646138622322,0.2496272919233888,13,9
daroberta,4f473faf-f928-4cfd-8bed-00578be9db9a,3,21,FN,1,0,1,0,all_in_quote,0.0490903858379978,0.120758983772248,15,9
daroberta,79bf99c6-6fca-4ce4-8ae1-8771de026142,2,4,FN,1,0,1,0,no_quote,0.0520425251520731,0.2308634580112993,24,17
daroberta,79bf99c6-6fca-4ce4-8ae1-8771de026142,2,36,FN,1,0,1,0,all_in_quote,0.0438766777515411,0.1145566012710332,13,6
daroberta,8385a996-1afc-4778-a06d-7070a8f19e27,1,5,FN,1,0,1,0,all_in_quote,0.0210040610509388,0.0864837788976728,39,22
daroberta,9879bbc0-eab3-482f-bf6b-a4b519393986,3,35,FN,1,1,0,0,no_quote,0.004229942765558,0.028509846686696,47,40
daroberta,f688c56d-7fae-42ef-b7f7-7db207b58d27,1,6,FN,1,0,1,0,all_in_quote,0.1047190756330059,0.2479532037395984,15,9
daroberta,f688c56d-7fae-42ef-b7f7-7db207b58d27,2,8,FN,1,0,1,0,no_quote,0.0151180158770528,0.0941983530314506,60,46
daroberta,4f473faf-f928-4cfd-8bed-00578be9db9a,2,3,FN,1,1,0,0,all_in_quote,0.0095982271527117,0.0518677082145586,41,30
daroberta,7a97de89-1433-46f7-bcc2-f80b041cb9a0,1,23,FN,1,0,1,0,no_quote,0.0133941390219011,0.0472337821847759,41,28
daroberta,2f3e86b6-8443-47bd-9cd3-491c90a59fe9,3,7,FN,1,0,1,0,no_quote,0.0190139729252676,0.1501606032252311,46,37
daroberta,c9e4d35f-aeae-462b-a8bf-e08d09a93b6e,3,21,FN,1,0,1,0,no_quote,0.0351191694893512,0.1126059608068317,27,24
daroberta,08bb9bee-c167-4c17-9c6d-4a1259231eb7,1,7,FN,1,0,1,0,no_quote,0.0184379208864819,0.1698364224284887,52,39
daroberta,1bb79cc1-5d69-4136-a23d-6dbd300cbf25,1,16,FN,1,0,1,0,no_quote,0.0059578661259065,0.046283011923411,75,61
daroberta,8dc7ccfe-5cf0-482f-9101-a7c69881da4d,1,11,FN,1,0,1,0,no_quote,0.0122533903114445,0.0410189267131499,39,30
daroberta,1b96a5db-8974-46d3-82d7-5dfef02f650e,3,24,FN,1,0,1,0,no_quote,0.0505876920211418,0.1885596793477556,22,17
daroberta,c99adbdd-eaf3-4844-9548-2642e80de4e2,3,16,FN,1,1,0,0,no_quote,0.0461490822490304,0.0935399251757189,16,13
daroberta,d3a1ce0a-fc48-4827-a278-8f0ce8c7a519,2,29,FN,1,1,0,0,no_quote,0.028769227025646,0.0846982153598219,26,21
daroberta,b7021938-ff8d-42ea-adec-5704c0b65237,2,32,FN,1,0,1,0,all_in_quote,0.0654430012883884,0.1313611203804612,15,7
daroberta,96b7046f-f584-422f-a626-6f86a26dfd8b,3,15,FN,1,0,1,0,all_in_quote,0.0054294532877119,0.035615182792147,56,34
daroberta,ed8c136f-8d44-4c83-ad05-0dcfc3a0c54a,1,26,FN,1,0,1,0,no_quote,0.0183062383341357,0.0538352490402758,31,19
deberta,450755dd-30d3-478b-933e-917be5c384ba,2,14,TP,1,1,0,0,all_in_quote,0.014869580379158316,0.187254488778611,70,48
deberta,70c75d68-bf65-46a6-a822-15c23d77a275,3,5,TP,1,1,1,1,no_quote,0.011459890520010554,0.06318645503117958,66,61
deberta,13792511-5142-449f-8d3e-d77d790f65ec,2,12,TP,1,1,0,0,no_quote,0.027974909413845464,0.22787571709098606,48,42
deberta,86e6e27d-1440-4879-8b13-0dd2d89f7281,1,8,TP,1,0,1,0,no_quote,0.021379467458289888,0.08014628627440996,51,44
deberta,96b7046f-f584-422f-a626-6f86a26dfd8b,1,4,TP,1,0,1,0,all_in_quote,0.12494613636351591,0.2572422231314704,10,7
deberta,59f2f47c-5da0-4fbc-be6e-4f15d45d82e2,2,0,TP,1,1,0,0,all_in_quote,0.03709621801645317,0.3527734842417496,45,30
deberta,8385a996-1afc-4778-a06d-7070a8f19e27,2,0,TP,1,1,0,0,no_quote,0.03641493963996563,0.49613584799226373,52,39
deberta,38f7cbb7-5d6a-4c89-bcbd-8e164144172a,1,10,TP,1,1,1,1,all_in_quote,0.033578242121717075,0.5604579004090435,51,37
deberta,13792511-5142-449f-8d3e-d77d790f65ec,2,29,TP,1,0,1,0,no_quote,0.0605820648941735,0.2526036890016662,18,11
deberta,d4a4bc34-e48b-4485-86b2-f1daf4d464dd,3,8,TP,1,1,0,0,all_in_quote,0.038706562015882115,0.2486045491726448,19,16
deberta,3ae35b16-7f7f-4a5e-9f24-5ce724106a73,2,20,TP,1,0,1,0,all_in_quote,0.04690384454055075,0.4422300630249083,31,23
deberta,f688c56d-7fae-42ef-b7f7-7db207b58d27,3,11,TP,1,0,1,0,no_quote,0.03612135283362883,0.16427869282197208,33,25
deberta,6f95dcb9-e960-45ac-8c0e-91b85724c909,3,3,TP,1,0,1,0,no_quote,0.06586552749221382,0.24981984864506457,24,16
deberta,550b80db-bdd5-442b-8f70-c8e9f3203a13,1,18,TP,1,0,1,0,no_quote,0.037945357608534735,0.3188004688411075,35,22
deberta,8385a996-1afc-4778-a06d-7070a8f19e27,3,4,TP,1,0,1,0,all_in_quote,0.1354026964008217,0.423026730971677,9,6
deberta,6b541575-99b1-40d2-8730-9bb868ee38ed,3,9,TP,1,0,1,0,all_in_quote,0.023165213475261924,0.15595093505301824,44,31
deberta,b5eefefb-2a33-45de-abe1-f855c94165f4,3,12,TP,1,1,0,0,no_quote,0.04077986923221363,0.22810994546550017,27,21
deberta,86e6e27d-1440-4879-8b13-0dd2d89f7281,1,4,TP,1,0,1,0,no_quote,0.03636346068439502,0.20356836512316173,37,24
deberta,b5eefefb-2a33-45de-abe1-f855c94165f4,3,11,TP,1,0,1,0,no_quote,0.04679600755161861,0.333268452755874,27,19
deberta,29ffd053-7684-469b-a600-97000579bd01,1,11,TP,1,0,1,0,all_in_quote,0.044861963510285506,0.5121337162896192,31,21
deberta,d16050b3-979f-4834-90db-b8823691b87e,2,1,TP,1,0,1,0,no_quote,0.017966979376673176,0.33223020464356523,59,53
deberta,59f2f47c-5da0-4fbc-be6e-4f15d45d82e2,3,22,TP,1,0,1,0,all_in_quote,0.04903015132281101,0.294853682802724,29,16
deberta,aab91277-8d56-4844-a581-45630f873f49,1,26,TP,1,1,0,0,no_quote,0.02313927703871959,0.18583372671855614,40,32
deberta,33521e65-12da-4521-b132-7b606243b0e4,2,22,TP,1,0,1,0,no_quote,0.039235400099924565,0.44818978261901066,32,24
deberta,47a209b0-fc26-4a0a-a1fe-e4310d1d2419,1,7,TP,1,1,0,0,all_in_quote,0.03259301420225299,0.4036829730612226,44,38
deberta,df5fe55a-dfcb-4817-8631-830f47c21a72,3,1,TP,1,1,0,0,no_quote,0.035625820491493945,0.3230396757367998,36,30
deberta,a28a0329-0887-42dc-bd3d-3bb4f8926757,3,16,TP,1,1,0,0,all_in_quote,0.017983953123630433,0.13486022036522627,43,35
deberta,65cb14cb-2d27-41e5-a2be-6fd6314f4363,2,28,TP,1,0,1,0,all_in_quote,0.049637769645818064,0.2010422644088976,29,14
deberta,87609973-bd58-42a5-96e2-ee5aa47433f5,1,1,TP,1,1,0,0,no_quote,0.036526989382945727,0.5187670193845406,49,38
deberta,2ec04201-2016-4227-baf7-ba8289058203,1,5,TP,1,0,1,0,all_in_quote,0.1149076952614511,0.24067223728634415,9,5
deberta,2f3e86b6-8443-47bd-9cd3-491c90a59fe9,3,0,TP,1,0,1,0,no_quote,0.023054223570220404,0.19529149709103097,49,40
deberta,b7021938-ff8d-42ea-adec-5704c0b65237,3,11,TP,1,1,0,0,no_quote,0.03844271610682953,0.6004652340197936,45,23
deberta,76810849-0335-4ad3-9eaf-f0d9c5baceb6,1,13,TP,1,0,1,0,all_in_quote,0.059456690791584645,0.20076437366919386,24,17
deberta,450755dd-30d3-478b-933e-917be5c384ba,3,11,TP,1,0,1,0,all_in_quote,0.15064526326023042,0.5435023133953413,7,4
deberta,47a209b0-fc26-4a0a-a1fe-e4310d1d2419,3,30,TP,1,0,1,0,no_quote,0.01650303302865743,0.15008700804577935,77,64
deberta,b5eefefb-2a33-45de-abe1-f855c94165f4,2,4,TP,1,1,0,0,no_quote,0.02430538966195549,0.3154279432741792,50,38
deberta,13792511-5142-449f-8d3e-d77d790f65ec,1,5,TP,1,0,1,0,all_in_quote,0.04364019460623275,0.2636531105963513,44,31
deberta,af4a3f41-eeb5-49fa-a276-e97c230b25f0,3,10,TP,1,1,0,0,no_quote,0.035683405866472506,0.21507696345603716,28,25
deberta,2f3e86b6-8443-47bd-9cd3-491c90a59fe9,1,2,TP,1,0,1,0,no_quote,0.03555437460027015,0.4738427762252589,48,34
deberta,0c78e748-efbf-417c-a8c1-beeb6480147f,3,3,TP,1,0,1,0,all_in_quote,0.08466223561126364,0.48008909691125157,19,13
deberta,0ffb34cd-c367-4d90-aca7-7fcac3ed8f3d,3,9,TP,1,0,1,0,no_quote,0.07129984392809909,0.6557634378938625,17,13
deberta,96b7046f-f584-422f-a626-6f86a26dfd8b,1,8,TP,1,0,1,0,all_in_quote,0.06943918670612302,0.2327225268818438,16,11
deberta,7a97de89-1433-46f7-bcc2-f80b041cb9a0,2,24,TP,1,0,1,0,no_quote,0.023402296508050577,0.10859343684860506,39,31
deberta,29ffd053-7684-469b-a600-97000579bd01,1,4,TP,1,0,1,0,all_in_quote,0.26359813415479877,0.6181555357244279,8,3
deberta,97b1305c-13ca-4b74-a56a-f459bd79dfaf,2,5,TP,1,0,1,0,all_in_quote,0.05552078468252864,0.3128215627511963,22,16
deberta,ccf19ab6-7878-4378-b99c-2b08cc21371f,2,17,TP,1,1,0,0,no_quote,0.027310590128971832,0.3158205712279596,46,37
deberta,8abec8d9-50a2-480e-969a-157f94954f4d,2,25,TP,1,0,1,0,all_in_quote,0.08520106416323132,0.39724941551685333,19,12
deberta,6b541575-99b1-40d2-8730-9bb868ee38ed,3,24,TP,1,0,1,0,all_in_quote,0.07830478694692526,0.2598018180578947,14,8
deberta,b4dbeda7-a1f3-4711-ae77-db23809d1ed2,1,8,TP,1,1,0,0,no_quote,0.017431354713615503,0.11781305509308974,43,40
deberta,b4dbeda7-a1f3-4711-ae77-db23809d1ed2,3,1,TP,1,1,0,0,no_quote,0.026395611562776946,0.2771961293765344,49,44
deberta,d4a4bc34-e48b-4485-86b2-f1daf4d464dd,3,13,TP,1,1,0,0,all_in_quote,0.04737939688119305,0.20042741305327838,23,16
deberta,87609973-bd58-42a5-96e2-ee5aa47433f5,3,2,TP,1,1,1,1,no_quote,0.02532060716145574,0.4099394041841151,46,37
deberta,3db93526-a344-4ea4-8772-3734d0cfdfb1,1,9,TP,1,0,1,0,all_in_quote,0.046962250862967916,0.17089680672506802,22,19
deberta,ae243a95-b2c2-410c-9e2b-b083b4b8eb48,2,12,TP,1,0,1,0,all_in_quote,0.09213836103399646,0.3728341988462489,15,10
deberta,2b95d2cf-e979-4f9c-ae27-9a5370934f23,3,20,TP,1,0,1,0,no_quote,0.05357746070122501,0.12334918587779004,20,14
deberta,aab91277-8d56-4844-a581-45630f873f49,1,25,TP,1,0,1,0,no_quote,0.026703271532735974,0.44847678633232135,48,37
deberta,72fa9b13-4e59-4716-8df9-4c3580e7dddf,1,20,TP,1,0,1,0,no_quote,0.12037262007697588,0.2760074846446514,8,5
deberta,47a209b0-fc26-4a0a-a1fe-e4310d1d2419,1,0,TP,1,1,0,0,no_quote,0.027449428648755464,0.11774240926994632,40,32
deberta,ee05c9b3-529c-4268-ad72-19bd34f7197e,1,0,TP,1,1,0,0,no_quote,0.02550120026699927,0.22981795628934545,50,39
deberta,472158a1-4e39-4214-8397-904e66f2b4c5,1,4,TP,1,0,1,0,no_quote,0.026618919482722884,0.2511128212635716,42,27
deberta,ee05c9b3-529c-4268-ad72-19bd34f7197e,3,6,TP,1,0,1,0,no_quote,0.06010228861783976,0.5924343892450754,28,20
deberta,a4edca3f-931f-4785-8c3f-f3d8fa84cbec,1,4,TP,1,0,1,0,all_in_quote,0.08222545074395739,0.34110520128160715,23,12
deberta,c21cb217-3e2c-49bd-884d-5c74a165ef10,1,0,TP,1,0,1,0,no_quote,0.014985864291874049,0.24530344647646415,77,64
deberta,3ae35b16-7f7f-4a5e-9f24-5ce724106a73,1,27,TP,1,0,1,0,all_in_quote,0.04973378954351156,0.19476414110977203,36,23
deberta,8abec8d9-50a2-480e-969a-157f94954f4d,3,7,TP,1,0,1,0,all_in_quote,0.07228900058918013,0.3594425344490446,17,11
deberta,1ed4f378-b9d4-43b8-8d50-53d0cc063332,2,16,TP,1,0,1,0,no_quote,0.05766269222348538,0.4347558965382632,24,18
deberta,ae243a95-b2c2-410c-9e2b-b083b4b8eb48,2,11,TP,1,0,1,0,all_in_quote,0.018711741510190224,0.07699985734700245,45,39
deberta,86e6e27d-1440-4879-8b13-0dd2d89f7281,1,16,TP,1,1,0,0,no_quote,0.037416119495236884,0.308745701375301,39,30
deberta,11c9f251-35c8-4452-b052-df9be61464c6,2,1,TP,1,1,0,0,no_quote,0.02922740667580083,0.35557904509914806,56,37
deberta,84b3c118-50d2-45a5-a91f-7ed95b5d0143,2,52,TP,1,0,1,0,no_quote,0.03737492806197192,0.2592974082411577,51,39
deberta,a28a0329-0887-42dc-bd3d-3bb4f8926757,2,7,TP,1,1,0,0,no_quote,0.029710717384318377,0.20824542428017592,41,32
deberta,47a209b0-fc26-4a0a-a1fe-e4310d1d2419,1,4,TP,1,1,0,0,no_quote,0.028116907742885874,0.1436340070536567,37,31
deberta,65cb14cb-2d27-41e5-a2be-6fd6314f4363,2,16,TP,1,1,0,0,all_in_quote,0.059844204110741706,0.4268946748925373,25,17
deberta,b4dbeda7-a1f3-4711-ae77-db23809d1ed2,1,15,TP,1,1,0,0,no_quote,0.03275155672122051,0.16531194540409325,45,31
deberta,0d10341a-9dba-4374-a524-814c300d1611,3,18,TP,1,1,1,1,no_quote,0.013180812164785678,0.13193382499351475,76,60
deberta,2a3fde8a-082a-4d8f-9567-f7e8366c0200,1,13,TP,1,0,1,0,all_in_quote,0.11361871743574739,0.26888725673779845,10,5
deberta,df5fe55a-dfcb-4817-8631-830f47c21a72,2,26,TP,1,0,1,0,no_quote,0.11046709220778818,0.24343643258325756,9,6
deberta,6f95dcb9-e960-45ac-8c0e-91b85724c909,3,24,TP,1,0,1,0,no_quote,0.03125700504446059,0.2828417652183109,39,29
deberta,70c75d68-bf65-46a6-a822-15c23d77a275,2,28,TP,1,0,1,0,no_quote,0.10037804334347265,0.3973621307425977,16,8
deberta,c6a0e65c-4f8b-41de-8200-cd700f683c64,2,19,TP,1,1,0,0,all_in_quote,0.028151983137434597,0.1484966766891173,28,18
deberta,96b7046f-f584-422f-a626-6f86a26dfd8b,3,8,TP,1,0,1,0,no_quote,0.02668362849377385,0.11803900190473846,36,29
deberta,f688c56d-7fae-42ef-b7f7-7db207b58d27,3,16,TP,1,0,1,0,all_in_quote,0.030327097772905532,0.11990204202832982,35,25
deberta,86e6e27d-1440-4879-8b13-0dd2d89f7281,1,2,TP,1,1,0,0,no_quote,0.02683288371530651,0.7073149701929651,58,45
deberta,13792511-5142-449f-8d3e-d77d790f65ec,3,9,TP,1,0,1,0,no_quote,0.028618493245501878,0.4239240961873697,55,42
deberta,b5eefefb-2a33-45de-abe1-f855c94165f4,1,0,TP,1,1,0,0,no_quote,0.013737459496116438,0.1306290052831173,70,53
deberta,472158a1-4e39-4214-8397-904e66f2b4c5,3,6,TP,1,0,1,0,all_in_quote,0.04603061541918135,0.13781937886960804,25,16
deberta,b5eefefb-2a33-45de-abe1-f855c94165f4,3,2,TP,1,1,0,0,no_quote,0.021421252249020466,0.17868784065358342,51,36
deberta,3ae35b16-7f7f-4a5e-9f24-5ce724106a73,3,13,TP,1,0,1,0,no_quote,0.029186019606299164,0.18152277785663803,37,27
deberta,ad409798-ee94-4436-92c5-92669193be14,2,17,TP,1,0,1,0,no_quote,0.044333687547263856,0.3022167016752064,30,24
deberta,2ec04201-2016-4227-baf7-ba8289058203,3,24,TP,1,0,1,0,all_in_quote,0.020389357500224584,0.10006204103716673,43,35
deberta,472158a1-4e39-4214-8397-904e66f2b4c5,1,0,TP,1,1,1,1,no_quote,0.012294243203381957,0.16964436396956445,59,52
deberta,2ec04201-2016-4227-baf7-ba8289058203,3,3,TP,1,1,0,0,all_in_quote,0.06658611013133647,0.16787336859852076,17,12
deberta,aab91277-8d56-4844-a581-45630f873f49,1,11,TP,1,0,1,0,no_quote,0.040967369641349595,0.3472995606716722,36,24
deberta,86e6e27d-1440-4879-8b13-0dd2d89f7281,1,1,TP,1,1,0,0,no_quote,0.01723630272738833,0.16956882466447362,66,47
deberta,97566c74-e000-49fb-b091-e6ec6e179de0,1,1,TP,1,0,1,0,no_quote,0.05501457221816345,0.15476641349960119,20,14
deberta,6f95dcb9-e960-45ac-8c0e-91b85724c909,3,1,TP,1,1,0,0,no_quote,0.033914500271047456,0.23847931446064086,39,30
deberta,b5eefefb-2a33-45de-abe1-f855c94165f4,3,14,TP,1,0,1,0,no_quote,0.02818395849553141,0.1790966591797769,45,28
deberta,c6a0e65c-4f8b-41de-8200-cd700f683c64,1,18,TP,1,0,1,0,all_in_quote,0.0549486144496909,0.591002792519118,35,24
deberta,33521e65-12da-4521-b132-7b606243b0e4,3,4,TP,1,0,1,0,all_in_quote,0.04389426466754855,0.2704629048705101,28,22
deberta,8abec8d9-50a2-480e-969a-157f94954f4d,1,5,TP,1,0,1,0,all_in_quote,0.021148565006541477,0.09761944378260523,41,34
deberta,2742e9c1-2943-496f-8b23-faf5332e1612,1,21,FP,0,0,0,0,none,0.05869665549608827,0.4505518379446585,20,15
deberta,576116e5-2b18-4d35-be73-36f5863c9468,1,8,FP,0,0,0,0,none,0.2718022608903773,0.31458181608468294,6,3
deberta,2b95d2cf-e979-4f9c-ae27-9a5370934f23,3,21,FP,0,0,0,0,none,0.029216358614847244,0.25603568656370046,37,28
deberta,e71d149d-0426-43f0-87e8-8c611dad7205,2,13,FP,0,0,0,0,none,0.04606818183894219,0.1341475374564262,30,20
deberta,79bf99c6-6fca-4ce4-8ae1-8771de026142,3,23,FP,0,0,0,0,none,0.0360759396718427,0.15796313576477888,36,31
deberta,2ec04201-2016-4227-baf7-ba8289058203,3,25,FP,0,0,0,0,none,0.09575311220930112,0.2731019949230055,18,12
deberta,08bb9bee-c167-4c17-9c6d-4a1259231eb7,3,10,FP,0,0,0,0,none,0.044853632086627016,0.27037425013259053,24,18
deberta,af4a3f41-eeb5-49fa-a276-e97c230b25f0,3,28,FP,0,0,0,0,none,0.021001414128829526,0.3250359508674592,54,44
deberta,550b80db-bdd5-442b-8f70-c8e9f3203a13,2,17,FP,0,0,0,0,none,0.07819347255015349,0.29591481389486163,16,12
deberta,3db93526-a344-4ea4-8772-3734d0cfdfb1,1,14,FP,0,0,0,0,none,0.05204959005592009,0.16557110059592461,19,12
deberta,2f3e86b6-8443-47bd-9cd3-491c90a59fe9,1,17,FP,0,0,0,0,none,0.029586026271603394,0.30466398894786834,45,40
deberta,b5eefefb-2a33-45de-abe1-f855c94165f4,3,13,FP,0,0,0,0,none,0.11269129336190722,0.351176924072206,8,5
deberta,1e41e98b-9ac1-441d-b2c2-19d8f730c74a,2,14,FP,0,0,0,0,none,0.0606204367666109,0.19786687405289277,32,23
deberta,13792511-5142-449f-8d3e-d77d790f65ec,1,0,FP,0,0,0,0,none,0.049860872492815046,0.30902077071368694,17,15
deberta,6f95dcb9-e960-45ac-8c0e-91b85724c909,3,5,FP,0,0,0,0,none,0.10454828130039258,0.29129862488480285,13,8
deberta,ae243a95-b2c2-410c-9e2b-b083b4b8eb48,1,1,FP,0,0,0,0,none,0.028125130380858985,0.1395878155696361,53,41
deberta,f688c56d-7fae-42ef-b7f7-7db207b58d27,3,30,FP,0,0,0,0,none,0.02556772638984455,0.21581190038705245,45,38
deberta,f11c2566-848a-4e29-b8c5-4de0a81114e4,3,7,FP,0,0,0,0,none,0.030259299215114974,0.29411091494257563,33,28
deberta,47a209b0-fc26-4a0a-a1fe-e4310d1d2419,3,4,FP,0,0,0,0,none,0.04933518738425413,0.3946853780265277,23,20
deberta,472158a1-4e39-4214-8397-904e66f2b4c5,3,11,FP,0,0,0,0,none,0.0582568886743791,0.258519742754288,30,20
deberta,1ed4f378-b9d4-43b8-8d50-53d0cc063332,2,8,FP,0,0,0,0,none,0.09125335980085693,0.5130916209309362,16,10
deberta,9879bbc0-eab3-482f-bf6b-a4b519393986,3,40,FP,0,0,0,0,none,0.03341075937492196,0.24991941310027393,37,32
deberta,85475456-f38e-4c30-895d-ca2c819c6af1,2,5,FP,0,0,0,0,none,0.05230360753974461,0.3224705336615443,30,22
deberta,87609973-bd58-42a5-96e2-ee5aa47433f5,1,3,FP,0,0,0,0,none,0.08789440558344637,0.21365418448112905,15,10
deberta,59f2f47c-5da0-4fbc-be6e-4f15d45d82e2,3,10,FP,0,0,0,0,none,0.10600667119882773,0.5161932300155362,15,9
deberta,6f95dcb9-e960-45ac-8c0e-91b85724c909,3,26,FP,0,0,0,0,none,0.0416217425481822,0.12473437382141128,21,16
deberta,df5fe55a-dfcb-4817-8631-830f47c21a72,3,11,FP,0,0,0,0,none,0.08365813648259196,0.23681647920360166,12,9
deberta,65cb14cb-2d27-41e5-a2be-6fd6314f4363,2,7,FP,0,0,0,0,none,0.021960779249617653,0.12098327768035233,40,32
deberta,d16050b3-979f-4834-90db-b8823691b87e,3,0,FP,0,0,0,0,none,0.06950615511508659,0.21328546510388455,17,10
deberta,1b96a5db-8974-46d3-82d7-5dfef02f650e,3,7,FP,0,0,0,0,none,0.07435895104260584,0.15648974464940174,15,10
deberta,1f99798f-2b60-4ecb-b5f4-4aa7991e8ace,3,15,FP,0,0,0,0,none,0.03999673217498801,0.2524907781626098,30,25
deberta,86e6e27d-1440-4879-8b13-0dd2d89f7281,3,12,FP,0,0,0,0,none,0.05887336399595292,0.3602811636020696,27,12
deberta,47a209b0-fc26-4a0a-a1fe-e4310d1d2419,3,34,FP,0,0,0,0,none,0.07553436884135452,0.3391703708563,17,13
deberta,9879bbc0-eab3-482f-bf6b-a4b519393986,3,23,FP,0,0,0,0,none,0.03132038269440333,0.20586493950026732,34,25
deberta,79bf99c6-6fca-4ce4-8ae1-8771de026142,2,13,FP,0,0,0,0,none,0.06893362570259781,0.19164726623178768,20,13
deberta,526cabb7-02a3-4adb-8e90-ec781c40c498,1,0,FP,0,0,0,0,none,0.10457605127012357,0.3416317030787468,11,8
deberta,8385a996-1afc-4778-a06d-7070a8f19e27,2,12,FP,0,0,0,0,none,0.08582180228882604,0.15858843624591829,11,7
deberta,1ed4f378-b9d4-43b8-8d50-53d0cc063332,1,6,FP,0,0,0,0,none,0.0674719711778912,0.39018925828471157,21,14
deberta,01c59743-7082-44fc-8414-3c04126f470f,1,25,FP,0,0,0,0,none,0.060047729687313686,0.2716775195052226,17,11
deberta,59f2f47c-5da0-4fbc-be6e-4f15d45d82e2,3,0,FP,0,0,0,0,none,0.04075410772205321,0.23369006998836994,30,23
deberta,6f95dcb9-e960-45ac-8c0e-91b85724c909,3,10,FP,0,0,0,0,none,0.0719510247350286,0.4032442230731249,18,15
deberta,8abec8d9-50a2-480e-969a-157f94954f4d,2,19,FP,0,0,0,0,none,0.053238583668527566,0.22991865838412195,35,21
deberta,1e41e98b-9ac1-441d-b2c2-19d8f730c74a,2,11,FP,0,0,0,0,none,0.04213992732154481,0.21611229926347733,25,18
deberta,6f95dcb9-e960-45ac-8c0e-91b85724c909,2,0,FP,0,0,0,0,none,0.1333810388421019,0.5089989523403347,9,5
deberta,76810849-0335-4ad3-9eaf-f0d9c5baceb6,1,0,FP,0,0,0,0,none,0.021308820771444234,0.30841210385052753,56,44
deberta,6b541575-99b1-40d2-8730-9bb868ee38ed,3,2,FP,0,0,0,0,none,0.0634403536288261,0.18538096274382304,12,7
deberta,b4dbeda7-a1f3-4711-ae77-db23809d1ed2,3,5,FP,0,0,0,0,none,0.09037989856442437,0.21971292570233344,9,6
deberta,b5eefefb-2a33-45de-abe1-f855c94165f4,2,48,FP,0,0,0,0,none,0.06602441635154391,0.26924434935790487,21,13
deberta,3db93526-a344-4ea4-8772-3734d0cfdfb1,1,0,FP,0,0,0,0,none,0.020751043903472453,0.06663857874809764,47,38
deberta,d16050b3-979f-4834-90db-b8823691b87e,1,32,FP,0,0,0,0,none,0.04382504204165949,0.15505841045108226,25,17
deberta,b4dbeda7-a1f3-4711-ae77-db23809d1ed2,3,0,FP,0,0,0,0,none,0.06046738223913464,0.38460220058914274,22,17
deberta,87609973-bd58-42a5-96e2-ee5aa47433f5,2,0,FP,0,0,0,0,none,0.058713806467365966,0.19627059064805508,17,11
deberta,ad409798-ee94-4436-92c5-92669193be14,3,2,FP,0,0,0,0,none,0.1359020617469731,0.24547271197661757,8,5
deberta,58f414e5-a122-49f5-819e-512d91069da5,2,48,FP,0,0,0,0,none,0.025364771410811966,0.2277436548320111,51,39
deberta,f688c56d-7fae-42ef-b7f7-7db207b58d27,3,12,FP,0,0,0,0,none,0.03930381583214069,0.22833179326779726,41,29
deberta,7a97de89-1433-46f7-bcc2-f80b041cb9a0,2,25,FP,0,0,0,0,none,0.06930357744965437,0.3338296430767514,20,14
deberta,550b80db-bdd5-442b-8f70-c8e9f3203a13,1,14,FP,0,0,0,0,none,0.08222193481337782,0.24377136182738468,12,9
deberta,08bb9bee-c167-4c17-9c6d-4a1259231eb7,2,17,FP,0,0,0,0,none,0.10376954808210334,0.2965988140553236,12,8
deberta,2058ec60-5372-4f5f-83a3-da780be3a350,2,6,FP,0,0,0,0,none,0.02861333294005531,0.21893476326526565,36,32
deberta,526cabb7-02a3-4adb-8e90-ec781c40c498,1,27,FP,0,0,0,0,none,0.0462409979422687,0.303024037870475,24,19
deberta,b5eefefb-2a33-45de-abe1-f855c94165f4,3,28,FP,0,0,0,0,none,0.03246781257850526,0.15165290073322915,43,31
deberta,3db93526-a344-4ea4-8772-3734d0cfdfb1,1,1,FP,0,0,0,0,none,0.02051653192049408,0.23469224153086543,58,47
deberta,70c75d68-bf65-46a6-a822-15c23d77a275,1,26,FP,0,0,0,0,none,0.09782575961920277,0.22263587431304832,13,8
deberta,2b95d2cf-e979-4f9c-ae27-9a5370934f23,3,9,FP,0,0,0,0,none,0.05034668783913987,0.2048509397233526,30,21
deberta,96b7046f-f584-422f-a626-6f86a26dfd8b,1,6,FP,0,0,0,0,none,0.08085982119073233,0.20682246796786785,12,7
deberta,1e41e98b-9ac1-441d-b2c2-19d8f730c74a,2,38,FP,0,0,0,0,none,0.019174971973843012,0.09674429912120104,43,33
deberta,79bf99c6-6fca-4ce4-8ae1-8771de026142,3,8,FP,0,0,0,0,none,0.042980744361893024,0.6596033075475134,36,29
deberta,06ffda2d-1caf-45ba-99e2-268aac1bf0e1,2,0,FP,0,0,0,0,none,0.09331418036328008,0.1934067620895803,17,10
deberta,70c75d68-bf65-46a6-a822-15c23d77a275,1,20,FP,0,0,0,0,none,0.1102938246609869,0.3489245459945365,9,6
deberta,dd1e6e3b-f36c-4064-8ef9-940984e9afa2,1,26,FP,0,0,0,0,none,0.03773133636636349,0.11261097944508762,26,22
deberta,2f3e86b6-8443-47bd-9cd3-491c90a59fe9,2,1,FP,0,0,0,0,none,0.05482280979393526,0.506402978906408,35,25
deberta,a28a0329-0887-42dc-bd3d-3bb4f8926757,1,1,FP,0,0,0,0,none,0.10269569607198567,0.4149134438484907,16,10
deberta,b5eefefb-2a33-45de-abe1-f855c94165f4,2,54,FP,0,0,0,0,none,0.0805563954563695,0.2235107310116291,13,8
deberta,47a209b0-fc26-4a0a-a1fe-e4310d1d2419,3,7,FP,0,0,0,0,none,0.06029799456303167,0.18928455119021237,21,13
deberta,08bb9bee-c167-4c17-9c6d-4a1259231eb7,3,11,FP,0,0,0,0,none,0.05703659223961747,0.11814132786821574,14,9
deberta,cad4bba5-cf97-45cb-8059-ebeb47dcec7a,3,21,FP,0,0,0,0,none,0.08815368595967835,0.5024812615738483,14,9
deberta,542cd22c-ea80-4669-995b-6ac6a33823f7,2,7,FP,0,0,0,0,none,0.04140199715967229,0.2578736155293882,29,22
deberta,c99adbdd-eaf3-4844-9548-2642e80de4e2,3,2,FP,0,0,0,0,none,0.07399067521117023,0.2163148205552716,18,13
deberta,6f95dcb9-e960-45ac-8c0e-91b85724c909,1,0,FP,0,0,0,0,none,0.20392229254357516,0.5670746634714305,12,6
deberta,b7021938-ff8d-42ea-adec-5704c0b65237,2,35,FP,0,0,0,0,none,0.06871575186644001,0.23965285148005933,18,13
deberta,1b96a5db-8974-46d3-82d7-5dfef02f650e,2,19,FP,0,0,0,0,none,0.0329892818790077,0.4588244626453767,36,32
deberta,9879bbc0-eab3-482f-bf6b-a4b519393986,1,10,FP,0,0,0,0,none,0.038760084056019196,0.2221508976072073,23,20
deberta,01c59743-7082-44fc-8414-3c04126f470f,2,22,FP,0,0,0,0,none,0.06070640701999461,0.1397009373176843,24,16
deberta,ad409798-ee94-4436-92c5-92669193be14,1,14,FP,0,0,0,0,none,0.11373127469503323,0.2228913175371977,21,15
deberta,13792511-5142-449f-8d3e-d77d790f65ec,2,31,FP,0,0,0,0,none,0.014603474918139172,0.10617421643639152,76,61
deberta,9879bbc0-eab3-482f-bf6b-a4b519393986,3,0,FP,0,0,0,0,none,0.07683160667079884,0.19507421558955684,16,11
deberta,59f2f47c-5da0-4fbc-be6e-4f15d45d82e2,1,8,FP,0,0,0,0,none,0.10562958011904978,0.23606216613552533,11,7
deberta,0d10341a-9dba-4374-a524-814c300d1611,3,26,FP,0,0,0,0,none,0.02891506629287657,0.37394468518323265,48,39
deberta,a28a0329-0887-42dc-bd3d-3bb4f8926757,3,34,FP,0,0,0,0,none,0.026340057672093603,0.0904400929994881,30,25
deberta,c21cb217-3e2c-49bd-884d-5c74a165ef10,3,12,FP,0,0,0,0,none,0.02348251151145485,0.23950207236921414,50,36
deberta,11c9f251-35c8-4452-b052-df9be61464c6,2,0,FP,0,0,0,0,none,0.12544294381957682,0.45249227217088145,8,5
deberta,76810849-0335-4ad3-9eaf-f0d9c5baceb6,1,4,FP,0,0,0,0,none,0.06945336302248059,0.2732022781739943,15,12
deberta,47a209b0-fc26-4a0a-a1fe-e4310d1d2419,3,8,FP,0,0,0,0,none,0.03145217550125775,0.3030224124668166,38,31
deberta,ad409798-ee94-4436-92c5-92669193be14,3,6,FP,0,0,0,0,none,0.031566796081795634,0.4908599331974983,43,36
deberta,1ed4f378-b9d4-43b8-8d50-53d0cc063332,1,1,FP,0,0,0,0,none,0.036855674138740545,0.2330242314375937,36,29
deberta,550b80db-bdd5-442b-8f70-c8e9f3203a13,2,19,FP,0,0,0,0,none,0.025066006897032707,0.18988252896815538,40,35
deberta,b5eefefb-2a33-45de-abe1-f855c94165f4,2,49,FP,0,0,0,0,none,0.025388114914830406,0.1700682140653953,43,37
deberta,b5eefefb-2a33-45de-abe1-f855c94165f4,2,20,FP,0,0,0,0,none,0.02573074485760735,0.17044553804832202,50,43
deberta,06ffda2d-1caf-45ba-99e2-268aac1bf0e1,3,9,FP,0,0,0,0,none,0.1869782372067372,0.41554338335990904,9,3
deberta,d16050b3-979f-4834-90db-b8823691b87e,3,1,FP,0,0,0,0,none,0.05524212579683008,0.18611573212331645,23,13
deberta,005a2961-0c2e-4575-8eec-770ba52a08e0,2,13,TN,0,0,0,0,none,0.012309917356948485,0.04600220690259622,37,29
deberta,dd1e6e3b-f36c-4064-8ef9-940984e9afa2,1,0,TN,0,0,0,0,none,0.015045233044898042,0.04225246491841972,40,27
deberta,11c9f251-35c8-4452-b052-df9be61464c6,2,10,TN,0,0,0,0,none,0.01629787829838846,0.04154317197742675,30,21
deberta,c9e4d35f-aeae-462b-a8bf-e08d09a93b6e,2,23,TN,0,0,0,0,none,0.015583884486550618,0.06219564730902978,38,32
deberta,7f9c83f7-3efa-4c7a-adef-3ebdeda96042,1,12,TN,0,0,0,0,none,0.05009158208624946,0.2722447500564158,30,22
deberta,38f7cbb7-5d6a-4c89-bcbd-8e164144172a,2,25,TN,0,0,0,0,none,0.02226420369804238,0.11245951033197343,37,26
deberta,70c75d68-bf65-46a6-a822-15c23d77a275,2,38,TN,0,0,0,0,none,0.027038229053397558,0.1265168852172792,21,12
deberta,ad409798-ee94-4436-92c5-92669193be14,2,2,TN,0,0,0,0,none,0.06207188964228029,0.17752273636870086,27,15
deberta,c99adbdd-eaf3-4844-9548-2642e80de4e2,2,28,TN,0,0,0,0,none,0.02900349874800385,0.20694463821294318,50,32
deberta,f506aafc-8b43-427a-936e-bbd1ef33e076,3,2,TN,0,0,0,0,none,0.030601003101522414,0.060840018559247255,11,7
deberta,2b95d2cf-e979-4f9c-ae27-9a5370934f23,2,7,TN,0,0,0,0,none,0.025822189162747245,0.10441316029755399,31,21
deberta,a4f1d515-d7d9-4319-b2e0-4d56e9d45554,3,9,TN,0,0,0,0,none,0.016487320566108913,0.06081329726536448,41,33
deberta,01c59743-7082-44fc-8414-3c04126f470f,2,5,TN,0,0,0,0,none,0.015499832455454748,0.05953907826915383,27,22
deberta,aab91277-8d56-4844-a581-45630f873f49,2,0,TN,0,0,0,0,none,0.012738527948854383,0.07073221004878481,56,42
deberta,45bd61bc-c356-4450-9e3a-cbfc862b09fd,1,3,TN,0,0,0,0,none,0.022723529789313655,0.11060945205390453,27,16
deberta,7f9c83f7-3efa-4c7a-adef-3ebdeda96042,3,4,TN,0,0,0,0,none,0.0714733845531357,0.41703974758274853,24,17
deberta,2b95d2cf-e979-4f9c-ae27-9a5370934f23,1,21,TN,0,0,0,0,none,0.0897819593115682,0.38451343949418515,21,14
deberta,f506aafc-8b43-427a-936e-bbd1ef33e076,2,6,TN,0,0,0,0,none,0.025007786102876087,0.0824683642406997,32,21
deberta,76810849-0335-4ad3-9eaf-f0d9c5baceb6,1,16,TN,0,0,0,0,none,0.017889334670747367,0.06876045779790729,24,18
deberta,2ec04201-2016-4227-baf7-ba8289058203,3,48,TN,0,0,0,0,none,0.07912180854916068,0.3014921766007319,16,9
deberta,2058ec60-5372-4f5f-83a3-da780be3a350,1,3,TN,0,0,0,0,none,0.026666862006219948,0.13227883378062777,50,44
deberta,450755dd-30d3-478b-933e-917be5c384ba,2,8,TN,0,0,0,0,none,0.02266686291626668,0.049879735704356186,19,12
deberta,72fa9b13-4e59-4716-8df9-4c3580e7dddf,2,6,TN,0,0,0,0,none,0.01633961348523963,0.072482902634268,28,21
deberta,58ed2376-35a0-453a-a08e-5cd87e3bdea5,1,13,TN,0,0,0,0,none,0.015976937651917024,0.08281045117312008,40,30
deberta,ed8c136f-8d44-4c83-ad05-0dcfc3a0c54a,2,23,TN,0,0,0,0,none,0.012479505015775747,0.07586893893312663,39,31
deberta,4f473faf-f928-4cfd-8bed-00578be9db9a,3,14,TN,0,0,0,0,none,0.016018269559319818,0.036979595165965815,32,22
deberta,cad4bba5-cf97-45cb-8059-ebeb47dcec7a,3,29,TN,0,0,0,0,none,0.02103809437669244,0.061655507888644934,24,16
deberta,85475456-f38e-4c30-895d-ca2c819c6af1,1,34,TN,0,0,0,0,none,0.026958200179937268,0.23719163861339138,43,30
deberta,aab91277-8d56-4844-a581-45630f873f49,1,46,TN,0,0,0,0,none,0.01387023534941324,0.04901793090350649,33,27
deberta,cad4bba5-cf97-45cb-8059-ebeb47dcec7a,1,6,TN,0,0,0,0,none,0.020676703054962255,0.07273657293990254,27,20
deberta,2a3fde8a-082a-4d8f-9567-f7e8366c0200,1,9,TN,0,0,0,0,none,0.01864794309884506,0.043843774823471904,27,18
deberta,85475456-f38e-4c30-895d-ca2c819c6af1,2,10,TN,0,0,0,0,none,0.013749344562117958,0.0469230644715329,36,29
deberta,2058ec60-5372-4f5f-83a3-da780be3a350,3,12,TN,0,0,0,0,none,0.02326324913760006,0.054313434031791986,18,12
deberta,f506aafc-8b43-427a-936e-bbd1ef33e076,3,14,TN,0,0,0,0,none,0.014200058701705456,0.045346534345299006,32,25
deberta,2a3fde8a-082a-4d8f-9567-f7e8366c0200,2,7,TN,0,0,0,0,none,0.014458362694104183,0.04353992315009236,49,31
deberta,58f414e5-a122-49f5-819e-512d91069da5,3,43,TN,0,0,0,0,none,0.02553647157531318,0.13861627539154142,25,15
deberta,be026bd1-52b1-4789-bfd3-3632af17b054,3,5,TN,0,0,0,0,none,0.017623656459057842,0.0434259198890585,20,15
deberta,59f2f47c-5da0-4fbc-be6e-4f15d45d82e2,1,11,TN,0,0,0,0,none,0.056480958269452056,0.1439439259003848,29,21
deberta,8abec8d9-50a2-480e-969a-157f94954f4d,3,2,TN,0,0,0,0,none,0.03837719228382151,0.08237379125785083,19,10
deberta,84678e18-0b79-4570-9c9f-cb1cf88d968e,2,17,TN,0,0,0,0,none,0.0226830357448058,0.07907943769532721,23,19
deberta,84678e18-0b79-4570-9c9f-cb1cf88d968e,2,15,TN,0,0,0,0,none,0.02802490451833531,0.1136759178324913,45,37
deberta,450755dd-30d3-478b-933e-917be5c384ba,2,12,TN,0,0,0,0,none,0.025176298977384007,0.06752472710795701,27,18
deberta,aab91277-8d56-4844-a581-45630f873f49,1,28,TN,0,0,0,0,none,0.03531461084301685,0.11297671653499658,30,24
deberta,76810849-0335-4ad3-9eaf-f0d9c5baceb6,3,18,TN,0,0,0,0,none,0.022401669520717152,0.040988107095472515,18,14
deberta,2153fb3e-6b09-410c-bfea-d095c49a54ba,3,14,TN,0,0,0,0,none,0.15576064759516156,0.2421657113591209,10,4
deberta,eb17fa36-89f2-4d0b-8133-7bb4682228e1,1,5,TN,0,0,0,0,none,0.021246747747761204,0.0825782966691934,23,15
deberta,2b9468af-4ab0-4f25-85f4-c3ef93d72006,1,6,TN,0,0,0,0,none,0.0389135993720774,0.3078688226329783,36,27
deberta,2153fb3e-6b09-410c-bfea-d095c49a54ba,2,17,TN,0,0,0,0,none,0.022488248176412682,0.08760785791673698,29,24
deberta,f11c2566-848a-4e29-b8c5-4de0a81114e4,3,11,TN,0,0,0,0,none,0.01872396656253795,0.07356327660381794,25,17
deberta,70c75d68-bf65-46a6-a822-15c23d77a275,1,18,TN,0,0,0,0,none,0.012674149953976801,0.060488908528350295,48,35
deberta,a4edca3f-931f-4785-8c3f-f3d8fa84cbec,2,22,TN,0,0,0,0,none,0.01800762281526205,0.09853688448977967,32,22
deberta,ccf19ab6-7878-4378-b99c-2b08cc21371f,3,16,TN,0,0,0,0,none,0.03201334981670279,0.09396825373239281,20,16
deberta,6b541575-99b1-40d2-8730-9bb868ee38ed,3,7,TN,0,0,0,0,none,0.16736668368879087,0.2719705596100539,10,4
deberta,8385a996-1afc-4778-a06d-7070a8f19e27,3,21,TN,0,0,0,0,none,0.02244443783209944,0.07777878936030902,15,12
deberta,2153fb3e-6b09-410c-bfea-d095c49a54ba,2,4,TN,0,0,0,0,none,0.02009507486829222,0.10137134953401983,36,31
deberta,c99adbdd-eaf3-4844-9548-2642e80de4e2,1,32,TN,0,0,0,0,none,0.020735059252587056,0.1098620836623013,32,28
deberta,58f414e5-a122-49f5-819e-512d91069da5,2,45,TN,0,0,0,0,none,0.020818714293066826,0.060138797723791666,33,28
deberta,70c75d68-bf65-46a6-a822-15c23d77a275,1,13,TN,0,0,0,0,none,0.02874371653062611,0.12253619293915108,34,25
deberta,a4f1d515-d7d9-4319-b2e0-4d56e9d45554,3,3,TN,0,0,0,0,none,0.03628456375876977,0.1432397069875151,31,26
deberta,c99adbdd-eaf3-4844-9548-2642e80de4e2,2,4,TN,0,0,0,0,none,0.045212441452875084,0.1259720344969537,21,16
deberta,7f9c83f7-3efa-4c7a-adef-3ebdeda96042,2,3,TN,0,0,0,0,none,0.018394733284755518,0.06459780663458838,49,38
deberta,01c59743-7082-44fc-8414-3c04126f470f,1,18,TN,0,0,0,0,none,0.018108758304542567,0.0596043451913391,24,17
deberta,2ec04201-2016-4227-baf7-ba8289058203,3,42,TN,0,0,0,0,none,0.028108484800324903,0.11240762335946784,28,17
deberta,01c59743-7082-44fc-8414-3c04126f470f,2,30,TN,0,0,0,0,none,0.016626448016962295,0.06097448613893773,29,24
deberta,8dac6c12-b5ca-468c-a249-7e0ab42f6b52,1,24,TN,0,0,0,0,none,0.012576064178761046,0.04747437235346297,41,36
deberta,a4edca3f-931f-4785-8c3f-f3d8fa84cbec,2,19,TN,0,0,0,0,none,0.024326181038515412,0.09093797455231349,17,12
deberta,1e41e98b-9ac1-441d-b2c2-19d8f730c74a,1,4,TN,0,0,0,0,none,0.0133382958106482,0.061042404058389364,33,29
deberta,e71d149d-0426-43f0-87e8-8c611dad7205,2,1,TN,0,0,0,0,none,0.01198001383702626,0.037251862697303295,40,30
deberta,1f99798f-2b60-4ecb-b5f4-4aa7991e8ace,3,20,TN,0,0,0,0,none,0.0191499865005561,0.11109148843097501,23,16
deberta,58f414e5-a122-49f5-819e-512d91069da5,3,52,TN,0,0,0,0,none,0.04913083428938181,0.08119638944044709,18,6
deberta,2a3fde8a-082a-4d8f-9567-f7e8366c0200,2,15,TN,0,0,0,0,none,0.024799412579133727,0.11014538502786309,38,26
deberta,d16050b3-979f-4834-90db-b8823691b87e,1,13,TN,0,0,0,0,none,0.045772399808447516,0.3626042352989316,20,16
deberta,df5fe55a-dfcb-4817-8631-830f47c21a72,1,10,TN,0,0,0,0,none,0.01586950793108679,0.0634093716944335,29,21
deberta,b5eefefb-2a33-45de-abe1-f855c94165f4,1,41,TN,0,0,0,0,none,0.024654122680594418,0.12721755358922696,36,28
deberta,6f95dcb9-e960-45ac-8c0e-91b85724c909,2,6,TN,0,0,0,0,none,0.038424093432166205,0.18443264468159112,23,14
deberta,1f99798f-2b60-4ecb-b5f4-4aa7991e8ace,2,12,TN,0,0,0,0,none,0.020254774808251698,0.05987908393477223,22,19
deberta,450755dd-30d3-478b-933e-917be5c384ba,1,4,TN,0,0,0,0,none,0.014688787874246937,0.07658561648845319,50,36
deberta,74708dbf-5dfc-4c66-8419-d7dbc00e4a06,1,11,TN,0,0,0,0,none,0.02349745622082545,0.08379834141427031,26,20
deberta,2058ec60-5372-4f5f-83a3-da780be3a350,1,14,TN,0,0,0,0,none,0.02849171947612092,0.12932166068349032,29,24
deberta,13792511-5142-449f-8d3e-d77d790f65ec,2,40,TN,0,0,0,0,none,0.014463044628578694,0.11502721667056903,46,35
deberta,8dac6c12-b5ca-468c-a249-7e0ab42f6b52,2,19,TN,0,0,0,0,none,0.01075251910551687,0.04025875951629132,43,35
deberta,76810849-0335-4ad3-9eaf-f0d9c5baceb6,3,16,TN,0,0,0,0,none,0.03160168572606164,0.2344728536438197,24,20
deberta,2a3fde8a-082a-4d8f-9567-f7e8366c0200,2,26,TN,0,0,0,0,none,0.026459677450659587,0.09218708274420351,42,19
deberta,87609973-bd58-42a5-96e2-ee5aa47433f5,3,4,TN,0,0,0,0,none,0.020563332662998767,0.05746197188273072,22,15
deberta,0d10341a-9dba-4374-a524-814c300d1611,2,38,TN,0,0,0,0,none,0.021088377789159438,0.06693915888018002,30,17
deberta,526cabb7-02a3-4adb-8e90-ec781c40c498,1,5,TN,0,0,0,0,none,0.04666651593693119,0.1879752770376702,31,25
deberta,a4f1d515-d7d9-4319-b2e0-4d56e9d45554,1,25,TN,0,0,0,0,none,0.009656100420770903,0.05494496948085725,54,37
deberta,df6a55fb-dfe5-4362-89a6-8c040d648a70,3,0,TN,0,0,0,0,none,0.011961580817830907,0.03891966014634818,50,32
deberta,06ffda2d-1caf-45ba-99e2-268aac1bf0e1,3,3,TN,0,0,0,0,none,0.026854109996085628,0.06041276568014707,25,18
deberta,2a3fde8a-082a-4d8f-9567-f7e8366c0200,1,32,TN,0,0,0,0,none,0.02507907532575683,0.056361818834292615,13,9
deberta,1ed4f378-b9d4-43b8-8d50-53d0cc063332,2,13,TN,0,0,0,0,none,0.008079394640732191,0.055608758314823106,62,53
deberta,58f414e5-a122-49f5-819e-512d91069da5,1,33,TN,0,0,0,0,none,0.041292125988016834,0.2832793885221084,34,26
deberta,8abec8d9-50a2-480e-969a-157f94954f4d,3,12,TN,0,0,0,0,none,0.025252951809541135,0.14007160998880863,37,24
deberta,ed8c136f-8d44-4c83-ad05-0dcfc3a0c54a,1,22,TN,0,0,0,0,none,0.012677612879400394,0.04132512668147684,39,31
deberta,3ae35b16-7f7f-4a5e-9f24-5ce724106a73,1,8,TN,0,0,0,0,none,0.032879075388507456,0.1306880106317944,26,18
deberta,84b3c118-50d2-45a5-a91f-7ed95b5d0143,2,32,TN,0,0,0,0,none,0.028647106692832967,0.07382669299840927,33,19
deberta,2a3fde8a-082a-4d8f-9567-f7e8366c0200,1,23,TN,0,0,0,0,none,0.03559592408819183,0.08213569605723023,13,10
deberta,38f7cbb7-5d6a-4c89-bcbd-8e164144172a,1,5,TN,0,0,0,0,none,0.02779021347406266,0.21533887437544763,37,28
deberta,58f414e5-a122-49f5-819e-512d91069da5,3,36,TN,0,0,0,0,none,0.019667144197039715,0.0681450484553352,23,16
deberta,2058ec60-5372-4f5f-83a3-da780be3a350,3,31,TN,0,0,0,0,none,0.033595997529536605,0.1978000965609681,30,24
deberta,2b9468af-4ab0-4f25-85f4-c3ef93d72006,1,8,FN,1,0,1,0,no_quote,0.015225585299994645,0.06926794714033321,32,23
deberta,d4a4bc34-e48b-4485-86b2-f1daf4d464dd,2,13,FN,1,0,1,0,all_in_quote,0.11524207513535988,0.4375804723240435,13,8
deberta,a4edca3f-931f-4785-8c3f-f3d8fa84cbec,2,14,FN,1,0,1,0,no_quote,0.024699488561384035,0.06833945485278188,23,13
deberta,33521e65-12da-4521-b132-7b606243b0e4,2,0,FN,1,0,1,0,no_quote,0.013481404610927214,0.05577007507506226,61,45
deberta,2ec04201-2016-4227-baf7-ba8289058203,3,5,FN,1,0,1,0,all_in_quote,0.09064514007170348,0.35985764088885236,17,11
deberta,96b7046f-f584-422f-a626-6f86a26dfd8b,3,0,FN,1,1,0,0,no_quote,0.03234579605505632,0.19020193741016556,42,35
deberta,2f3e86b6-8443-47bd-9cd3-491c90a59fe9,2,10,FN,1,0,1,0,no_quote,0.05878029628098307,0.21096730269491673,19,16
deberta,a28a0329-0887-42dc-bd3d-3bb4f8926757,1,4,FN,1,0,1,0,no_quote,0.01042513851238594,0.05275286904070526,59,48
deberta,526cabb7-02a3-4adb-8e90-ec781c40c498,2,8,FN,1,0,1,0,no_quote,0.014899222430543329,0.03776364062408296,30,27
deberta,7a97de89-1433-46f7-bcc2-f80b041cb9a0,1,21,FN,1,0,1,0,no_quote,0.058036325926369654,0.1884988610011836,23,13
deberta,84b3c118-50d2-45a5-a91f-7ed95b5d0143,3,2,FN,1,0,1,0,no_quote,0.03655473401415117,0.12711376399480895,23,19
deberta,70c744ad-e950-445c-8a7a-0782b0a7d20b,2,11,FN,1,0,1,0,all_in_quote,0.05817085113412152,0.37276822087199735,29,22
deberta,2f3e86b6-8443-47bd-9cd3-491c90a59fe9,1,3,FN,1,0,1,0,all_in_quote,0.018054640188500986,0.09857515367912129,35,21
deberta,aab91277-8d56-4844-a581-45630f873f49,2,26,FN,1,0,1,0,all_in_quote,0.1688715121875909,0.5899829463218339,16,8
deberta,f688c56d-7fae-42ef-b7f7-7db207b58d27,2,28,FN,1,1,0,0,no_quote,0.022422290880949023,0.12663300581542508,30,22
deberta,2742e9c1-2943-496f-8b23-faf5332e1612,3,28,FN,1,0,1,0,no_quote,0.03880295805821622,0.10053467365320434,13,7
deberta,c21cb217-3e2c-49bd-884d-5c74a165ef10,2,29,FN,1,0,1,0,no_quote,0.025619212552802216,0.12389545689802617,26,18
deberta,ad409798-ee94-4436-92c5-92669193be14,2,8,FN,1,1,0,0,all_in_quote,0.04474775914531881,0.26672779075064074,35,24
deberta,af4a3f41-eeb5-49fa-a276-e97c230b25f0,1,15,FN,1,0,1,0,no_quote,0.02473546771916315,0.07233853423967958,16,10
deberta,79bf99c6-6fca-4ce4-8ae1-8771de026142,3,19,FN,1,1,0,0,all_in_quote,0.032274420521879905,0.14804526756439979,39,26
deberta,b5eefefb-2a33-45de-abe1-f855c94165f4,2,33,FN,1,1,0,0,all_in_quote,0.03296170718482337,0.08641100587556139,18,9
deberta,f688c56d-7fae-42ef-b7f7-7db207b58d27,3,8,FN,1,0,1,0,no_quote,0.022269097700081585,0.041179242194630206,16,11
deberta,6f95dcb9-e960-45ac-8c0e-91b85724c909,3,2,FN,1,1,0,0,no_quote,0.03405010540932531,0.12606534198857844,35,28
deberta,4f473faf-f928-4cfd-8bed-00578be9db9a,3,11,FN,1,0,1,0,no_quote,0.021243109274620933,0.10115856995616923,22,15
deberta,84678e18-0b79-4570-9c9f-cb1cf88d968e,2,6,FN,1,0,1,0,no_quote,0.010530033407338267,0.0910882733296603,50,43
deberta,2a3fde8a-082a-4d8f-9567-f7e8366c0200,1,15,FN,1,0,1,0,no_quote,0.04239899705727452,0.3398906387322183,45,24
deberta,542cd22c-ea80-4669-995b-6ac6a33823f7,3,13,FN,1,0,1,0,no_quote,0.047330319908414464,0.16879430636375523,27,19
deberta,2b9468af-4ab0-4f25-85f4-c3ef93d72006,3,12,FN,1,0,1,0,no_quote,0.03922509714189257,0.17850849498063326,32,21
deberta,1bb79cc1-5d69-4136-a23d-6dbd300cbf25,2,4,FN,1,1,1,1,no_quote,0.0253677380345472,0.18284515168384782,35,32
deberta,1bb79cc1-5d69-4136-a23d-6dbd300cbf25,3,19,FN,1,1,0,0,all_in_quote,0.054064293320601184,0.1074232691898942,17,10
deberta,1bb79cc1-5d69-4136-a23d-6dbd300cbf25,1,2,FN,1,0,1,0,no_quote,0.011991261680868087,0.05261088558170316,52,39
deberta,472158a1-4e39-4214-8397-904e66f2b4c5,2,5,FN,1,0,1,0,all_in_quote,0.022153747669273766,0.07478051990758451,39,24
deberta,97566c74-e000-49fb-b091-e6ec6e179de0,2,5,FN,1,1,0,0,no_quote,0.017012568824706132,0.07854214459657669,41,34
deberta,550b80db-bdd5-442b-8f70-c8e9f3203a13,1,16,FN,1,0,1,0,no_quote,0.02252699274343582,0.07952473136699863,34,24
deberta,68748e7f-cf6e-4ac7-8504-454c0876880d,2,3,FN,1,0,1,0,no_quote,0.016171658492958988,0.03728367369330954,31,22
deberta,8abec8d9-50a2-480e-969a-157f94954f4d,3,18,FN,1,0,1,0,all_in_quote,0.09271430721293047,0.35861931915860623,18,10
deberta,d16050b3-979f-4834-90db-b8823691b87e,2,5,FN,1,0,1,0,all_in_quote,0.03224732636423605,0.1582976999459788,27,16
deberta,06ffda2d-1caf-45ba-99e2-268aac1bf0e1,2,6,FN,1,0,1,0,no_quote,0.01840600244533121,0.12216240711626597,46,34
deberta,4f473faf-f928-4cfd-8bed-00578be9db9a,1,28,FN,1,0,1,0,no_quote,0.03814581600904819,0.08263598252863934,25,10
deberta,7a97de89-1433-46f7-bcc2-f80b041cb9a0,3,16,FN,1,0,1,0,all_in_quote,0.04834736026604857,0.19858603019799506,19,12
deberta,b5eefefb-2a33-45de-abe1-f855c94165f4,1,27,FN,1,0,1,0,all_in_quote,0.09648513387896061,0.2456318587064743,12,9
deberta,3db93526-a344-4ea4-8772-3734d0cfdfb1,3,8,FN,1,0,1,0,all_in_quote,0.023638445794795005,0.061016244859470485,42,17
deberta,c6a0e65c-4f8b-41de-8200-cd700f683c64,3,7,FN,1,1,0,0,all_in_quote,0.021278708706038766,0.13286491017788649,39,26
deberta,b7021938-ff8d-42ea-adec-5704c0b65237,2,7,FN,1,0,1,0,all_in_quote,0.09384377063051076,0.30644019255414606,15,8
deberta,472158a1-4e39-4214-8397-904e66f2b4c5,1,9,FN,1,0,1,0,all_in_quote,0.0711402887730103,0.17973093688488007,24,15
deberta,1e41e98b-9ac1-441d-b2c2-19d8f730c74a,1,22,FN,1,0,1,0,no_quote,0.03442155682753593,0.08612189917928642,21,14
deberta,47a209b0-fc26-4a0a-a1fe-e4310d1d2419,2,33,FN,1,0,1,0,no_quote,0.008094155023927501,0.03945355676114559,58,43
deberta,2a3fde8a-082a-4d8f-9567-f7e8366c0200,2,47,FN,1,0,1,0,no_quote,0.01761879229215672,0.09909317145938985,34,20
deberta,6f95dcb9-e960-45ac-8c0e-91b85724c909,1,18,FN,1,0,1,0,no_quote,0.024166000520508053,0.07067841064417735,21,15
deberta,0d10341a-9dba-4374-a524-814c300d1611,2,14,FN,1,0,1,0,all_in_quote,0.035094926349993324,0.12078804890625179,19,10
deberta,b5eefefb-2a33-45de-abe1-f855c94165f4,3,17,FN,1,1,0,0,no_quote,0.019717997091568844,0.0957548922393471,31,20
deberta,eb17fa36-89f2-4d0b-8133-7bb4682228e1,1,14,FN,1,0,1,0,no_quote,0.027080467595947486,0.1473679798655212,30,15
deberta,1bb79cc1-5d69-4136-a23d-6dbd300cbf25,1,35,FN,1,0,1,0,no_quote,0.013961200846503553,0.07130939842075654,46,26
deberta,550b80db-bdd5-442b-8f70-c8e9f3203a13,2,18,FN,1,0,1,0,all_in_quote,0.11543710756915052,0.21864429313427536,18,8
deberta,d1344998-0e7c-409e-aaad-df5be687fc94,2,0,FN,1,1,0,0,no_quote,0.016969358710917096,0.06201242306269705,38,30
deberta,be026bd1-52b1-4789-bfd3-3632af17b054,3,1,FN,1,0,1,0,no_quote,0.007300432396873487,0.03946317811669023,68,50
deberta,7a97de89-1433-46f7-bcc2-f80b041cb9a0,3,15,FN,1,0,1,0,all_in_quote,0.026163321230460286,0.1418944078895863,50,36
deberta,01c59743-7082-44fc-8414-3c04126f470f,3,2,FN,1,0,1,0,no_quote,0.022727895221247272,0.08820375218600421,39,26
deberta,c21cb217-3e2c-49bd-884d-5c74a165ef10,2,18,FN,1,0,1,0,no_quote,0.012523689335556648,0.048548882968607356,40,28
deberta,be026bd1-52b1-4789-bfd3-3632af17b054,2,4,FN,1,1,0,0,mixed,0.0366217463983422,0.14104876807929637,51,41
deberta,08bb9bee-c167-4c17-9c6d-4a1259231eb7,2,11,FN,1,1,0,0,no_quote,0.02517842772290874,0.1540988389105122,21,17
deberta,38f7cbb7-5d6a-4c89-bcbd-8e164144172a,3,25,FN,1,0,1,0,no_quote,0.19451675249406924,0.39020586386322975,9,5
deberta,86e6e27d-1440-4879-8b13-0dd2d89f7281,3,13,FN,1,0,1,0,no_quote,0.028195228200040213,0.07462993723509664,14,10
deberta,86e6e27d-1440-4879-8b13-0dd2d89f7281,2,21,FN,1,1,0,0,no_quote,0.026042073259688946,0.07971600373620512,34,18
deberta,8dac6c12-b5ca-468c-a249-7e0ab42f6b52,1,16,FN,1,0,1,0,all_in_quote,0.02055196203411458,0.07750276978024179,49,41
deberta,b7021938-ff8d-42ea-adec-5704c0b65237,2,25,FN,1,1,0,0,no_quote,0.030144355171540987,0.15737863133351007,33,27
deberta,f688c56d-7fae-42ef-b7f7-7db207b58d27,2,19,FN,1,0,1,0,all_in_quote,0.026903758782374526,0.15685808198759332,48,32
deberta,aab91277-8d56-4844-a581-45630f873f49,2,2,FN,1,0,1,0,no_quote,0.037715445245017215,0.3482765823996698,46,36
deberta,f688c56d-7fae-42ef-b7f7-7db207b58d27,3,28,FN,1,0,1,0,all_in_quote,0.041713972841742886,0.16560494425648356,20,14
deberta,33521e65-12da-4521-b132-7b606243b0e4,1,10,FN,1,0,1,0,no_quote,0.024387149174364083,0.07099992372483635,29,21
deberta,8385a996-1afc-4778-a06d-7070a8f19e27,3,22,FN,1,0,1,0,all_in_quote,0.028258343968848465,0.23669518847115492,46,40
deberta,4f473faf-f928-4cfd-8bed-00578be9db9a,3,2,FN,1,0,1,0,all_in_quote,0.02063571654451202,0.1311297919601202,30,24
deberta,58f414e5-a122-49f5-819e-512d91069da5,2,26,FN,1,0,1,0,no_quote,0.03917714205929215,0.20335976742208003,32,25
deberta,7f9c83f7-3efa-4c7a-adef-3ebdeda96042,1,25,FN,1,0,1,0,all_in_quote,0.01393596365353101,0.18267996532570882,69,62
deberta,526cabb7-02a3-4adb-8e90-ec781c40c498,3,16,FN,1,0,1,0,all_in_quote,0.019918826987093807,0.10174371091998183,39,31
deberta,550b80db-bdd5-442b-8f70-c8e9f3203a13,1,5,FN,1,0,1,0,all_in_quote,0.024902250187994548,0.1469061172567308,40,27
deberta,01c59743-7082-44fc-8414-3c04126f470f,2,14,FN,1,0,1,0,all_in_quote,0.017625589470314933,0.11014139594044536,31,21
deberta,b7021938-ff8d-42ea-adec-5704c0b65237,2,16,FN,1,0,1,0,all_in_quote,0.021757229996570083,0.09999706537928432,57,24
deberta,1b96a5db-8974-46d3-82d7-5dfef02f650e,2,31,FN,1,0,1,0,all_in_quote,0.01436667495527459,0.08367224124958739,38,30
deberta,11c9f251-35c8-4452-b052-df9be61464c6,3,10,FN,1,1,0,0,all_in_quote,0.04489316156526063,0.15124525541614275,31,25
deberta,eb17fa36-89f2-4d0b-8133-7bb4682228e1,2,0,FN,1,0,1,0,no_quote,0.006028466986094848,0.025196821516146883,64,58
deberta,72fa9b13-4e59-4716-8df9-4c3580e7dddf,3,19,FN,1,1,0,0,no_quote,0.0177405360326852,0.08851716867260014,47,37
deberta,96b7046f-f584-422f-a626-6f86a26dfd8b,1,1,FN,1,1,1,1,mixed,0.013669678539173237,0.14028581849579963,67,44
deberta,d16050b3-979f-4834-90db-b8823691b87e,1,9,FN,1,0,1,0,no_quote,0.05580056093638719,0.20423491362349266,17,11
deberta,b764f81f-6d08-4d7c-b1a8-8961bed0a455,1,17,FN,1,0,1,0,no_quote,0.0611983996123171,0.19883850205224007,13,9
deberta,1ed4f378-b9d4-43b8-8d50-53d0cc063332,2,28,FN,1,0,1,0,no_quote,0.05364609904914621,0.2467250386951491,35,22
deberta,c99adbdd-eaf3-4844-9548-2642e80de4e2,2,29,FN,1,0,1,0,no_quote,0.09236994368584577,0.25195982078598306,12,7
deberta,33521e65-12da-4521-b132-7b606243b0e4,1,5,FN,1,0,1,0,all_in_quote,0.01257237802560417,0.07684543091420304,49,40
deberta,df5fe55a-dfcb-4817-8631-830f47c21a72,1,22,FN,1,0,1,0,all_in_quote,0.018878279341224817,0.13542063899895812,42,26
deberta,33521e65-12da-4521-b132-7b606243b0e4,3,7,FN,1,0,1,0,all_in_quote,0.01628356208755203,0.11225405934965238,47,37
deberta,be026bd1-52b1-4789-bfd3-3632af17b054,3,7,FN,1,0,1,0,no_quote,0.04005773968110166,0.21197434794157743,31,26
deberta,1e41e98b-9ac1-441d-b2c2-19d8f730c74a,3,0,FN,1,1,0,0,no_quote,0.033068744959533866,0.28833525555940775,37,32
deberta,8385a996-1afc-4778-a06d-7070a8f19e27,1,11,FN,1,0,1,0,all_in_quote,0.012972683211587056,0.06557426869403571,44,31
deberta,b5eefefb-2a33-45de-abe1-f855c94165f4,2,6,FN,1,0,1,0,all_in_quote,0.009081391499655735,0.07969426683848724,56,49
deberta,13792511-5142-449f-8d3e-d77d790f65ec,2,3,FN,1,0,1,0,no_quote,0.014743085961685064,0.08250937354750931,51,40
deberta,68748e7f-cf6e-4ac7-8504-454c0876880d,2,11,FN,1,1,0,0,no_quote,0.01613580663699505,0.06514523807466806,40,26
deberta,576116e5-2b18-4d35-be73-36f5863c9468,1,12,FN,1,1,0,0,no_quote,0.02057775117576764,0.04710999224334955,26,17
deberta,08bb9bee-c167-4c17-9c6d-4a1259231eb7,3,8,FN,1,1,0,0,no_quote,0.02904550327772159,0.07677550539301592,23,19
deberta,1f99798f-2b60-4ecb-b5f4-4aa7991e8ace,1,2,FN,1,0,1,0,no_quote,0.02322854520750211,0.13387001888310937,39,32
deberta,8385a996-1afc-4778-a06d-7070a8f19e27,3,23,FN,1,1,0,0,no_quote,0.13569606781263888,0.3748880444909446,16,7
