model,triplet_uuid,outlet_idx,sentence_idx,bias_type,mean_abs_shap,top20_tokens
biasdetector,97b1305c-13ca-4b74-a56a-f459bd79dfaf,3,24,lex_only,0.065684976125205,"extremist|0.4100;these|0.1279;""And|-0.1127;groups,|-0.0968;this.""|-0.0742;groups,|-0.0700;to|-0.0688;looking|-0.0334;and|0.0291;on|0.0291;latching|0.0255;these|0.0233;they|0.0215;for|0.0174;then|0.0147;are|0.0123;something,|0.0087;are|0.0067"
biasdetector,86e6e27d-1440-4879-8b13-0dd2d89f7281,1,16,lex_only,0.02234786243514261,"Regardless,|0.1120;talking|0.0670;Mr.’’|0.0631;Trumps|0.0533;openly|0.0420;conference.|-0.0346;astonishing|0.0321;United|-0.0304;his|-0.0269;embrace|0.0257;news|-0.0209;another|0.0193;frank|0.0170;issue|0.0157;impeachment|0.0129;at|0.0128;House|-0.0125;of|0.0123;White|-0.0115;the|0.0104"
biasdetector,ad409798-ee94-4436-92c5-92669193be14,1,19,lex_only,0.025541017675891006,"content|-0.1010;swipe|0.0999;thingand|0.0736;offending|-0.0699;censorship““|0.0680;that|-0.0537;MSNBC,|-0.0480;does|-0.0381;call|0.0345;are““|0.0301;to|0.0265;a|0.0243;at|0.0211;took|0.0191;fake,””|-0.0161;he|-0.0158;be|0.0153;CNN|0.0142;a|-0.0134;not|-0.0131"
biasdetector,97566c74-e000-49fb-b091-e6ec6e179de0,3,4,lex_only,0.06985917141557568,loudly|0.3408;claiming|0.2584;year.)|-0.0902;made|-0.0690;waves|-0.0679;running|-0.0678;considering|-0.0660;(Trump|0.0632;the|0.0614;earlier|-0.0372;very|0.0354;Republican|0.0262;was|-0.0232;in|0.0195;a|0.0169;he|-0.0057;by|-0.0057;as|0.0030
biasdetector,47a209b0-fc26-4a0a-a1fe-e4310d1d2419,1,7,lex_only,0.028210278789548987,"howling|0.2146;circumstances.""|-0.0689;bet|0.0526;the|0.0481;““You|-0.0461;was|-0.0451;FBI|0.0439;foot|0.0413;moon|0.0359;would|-0.0356;filling|0.0353;Court|-0.0342;investigation|-0.0332;be|0.0324;can|0.0301;about|0.0273;Republicans|0.0262;seat|0.0231;the|0.0210;at|0.0208"
biasdetector,6f95dcb9-e960-45ac-8c0e-91b85724c909,3,23,lex_only,0.03982433031293719,"railed|0.2685;logic|0.0984;he|0.0809;lack|0.0694;Reflecting|-0.0646;education,|-0.0641;of|-0.0573;against|-0.0545;government|0.0449;on|-0.0398;the|0.0292;formal|-0.0146;extending|0.0139;argue|0.0098;to|0.0081;handouts|0.0081;own|-0.0066;health|0.0065;against|-0.0061;his|-0.0035"
biasdetector,f688c56d-7fae-42ef-b7f7-7db207b58d27,3,9,lex_only,0.017309887580340747,"bluster|0.4292;election|0.0342;including|-0.0313;at|0.0301;Wis.),|-0.0288;It’’s|-0.0279;all,|0.0227;clear|-0.0212;what|-0.0212;his|-0.0207;be|-0.0191;considering|-0.0177;would|-0.0154;not|-0.0151;the’’|0.0131;House|-0.0121;have|-0.0120;said|-0.0120;proposed―|0.0109;who|-0.0107"
biasdetector,7a97de89-1433-46f7-bcc2-f80b041cb9a0,3,20,lex_only,0.04493415164976689,"Members|-0.1687;have|-0.1440;censuring|0.1342;even|0.1339;talking|0.0850;headaches’’|0.0806;him.|0.0700;been|0.0530;state|0.0496;hes|0.0408;about|0.0390;to|-0.0387;GOP|0.0385;deal|-0.0379;party|0.0239;the|0.0192;well,|-0.0160;caused|-0.0148;of|-0.0108;with|-0.0100"
biasdetector,76810849-0335-4ad3-9eaf-f0d9c5baceb6,1,1,lex_only,0.031398754863975906,far|-0.1202;term|-0.0817;nominee|-0.0740;step””|-0.0711;should““|0.0628;went|0.0611;so|0.0499;using|-0.0498;Clinton|0.0470;either.|0.0440;wont|0.0382;raceif|-0.0304;this””|-0.0285;Obama|0.0282;she’’|0.0276;not|-0.0261;presidential|-0.0225;the|-0.0194;as|0.0171;say|0.0102
biasdetector,b5eefefb-2a33-45de-abe1-f855c94165f4,3,3,lex_only,0.044678292745425376,"no|0.1404;mentioning|0.1219;was|0.1180;Quayle,|-0.1132;mistake|0.0945;of|0.0718;Dan|0.0661;Ryan|0.0545;Kennedy|-0.0536;in|-0.0516;economy.|-0.0508;argument|-0.0395;whether|-0.0345;make|0.0252;but|-0.0249;over|-0.0247;John|0.0244;cuts|0.0227;he|-0.0199;the|0.0189"
biasdetector,1ed4f378-b9d4-43b8-8d50-53d0cc063332,1,14,lex_only,0.021231749272765287,"said:""|-0.1695;Democrats.””|-0.0882;also|-0.0543;disappointing|0.0517;profoundly|0.0509;cave|0.0456;from|0.0456;guaranteed…|0.0386;committee|-0.0379;action|-0.0372;Democracy|0.0323;no|0.0295;further|0.0295;than|0.0265;this|0.0265;weak|0.0265;Dean,|-0.0248;Howard|-0.0235;presidential|-0.0225;candidate|-0.0225"
biasdetector,47a209b0-fc26-4a0a-a1fe-e4310d1d2419,3,6,lex_only,0.0292615370532308,"dogging|0.1851;infamous|0.1776;election:|-0.0845;Bush|0.0573;Republicans?|0.0559;ever|0.0549;Democrats|0.0522;since|-0.0509;well,|0.0454;argument|0.0377;been|-0.0372;2000|-0.0341;presidential|-0.0297;Gore|-0.0238;the|-0.0232;question|-0.0204;the|-0.0190;decision|-0.0184;v.|-0.0181;on|-0.0154"
biasdetector,59f2f47c-5da0-4fbc-be6e-4f15d45d82e2,3,7,lex_only,0.046942365469617976,"tabloid|0.1811;smear,|0.0916;his|0.0749;henchmen.””|-0.0696;““It|-0.0678;Donald|0.0547;a|0.0487;Trump|0.0472;it|0.0171;and|0.0159;come|0.0106;and|-0.0080;from|0.0079;is|0.0069;has|0.0023"
biasdetector,2a3fde8a-082a-4d8f-9567-f7e8366c0200,1,12,lex_only,0.08730966814191025,"fact|0.3822;Witch|0.2703;of|-0.1248;Based|-0.1158;that|0.1007;Strzok|-0.0933;the|-0.0828;the|0.0634;on|-0.0513;was|-0.0477;will|-0.0451;charge|-0.0313;Hunt,|0.0269;be|-0.0203;dropped?|-0.0163;it|-0.0082;in|-0.0039"
biasdetector,0d10341a-9dba-4374-a524-814c300d1611,3,21,lex_only,0.04972130456008017,taxpayers|0.1540;nothing|0.1321;during|-0.1271;because|0.1037;of|0.0971;his|-0.0842;that|-0.0601;wall|0.0595;Mexico|0.0564;times|0.0415;would|-0.0386;campaign|-0.0374;promised|-0.0365;he|0.0328;get|0.0231;the|-0.0224;cost|-0.0223;hundreds|0.0189;for|0.0138;pay|0.0117
biasdetector,84b3c118-50d2-45a5-a91f-7ed95b5d0143,2,1,lex_only,0.05364759906505546,greatness.|0.1427;lost|0.1385;himself|0.1384;populist|0.1371;a|-0.1366;Trump|0.1032;Mr.|-0.0650;remarkable|0.0640;a|-0.0585;ceremony|-0.0584;capped|-0.0527;In|-0.0519;leader|-0.0504;the|-0.0460;that|-0.0331;uprising|0.0146;a|-0.0146;to|-0.0119;as|-0.0060;restore|0.0054
biasdetector,d4a4bc34-e48b-4485-86b2-f1daf4d464dd,2,10,lex_only,0.12142310610839299,"prophet.""|0.3676;false|0.2596;of|0.0743;a|0.0726;followers|-0.0353;'re|-0.0299;""They|-0.0107"
biasdetector,86e6e27d-1440-4879-8b13-0dd2d89f7281,1,1,lex_only,0.009769535511580206,"expletive|0.0652;exuber|0.0602;bonhomie|0.0245;House’’|0.0218;laden|0.0208;upend|0.0184;week|-0.0165;his|0.0163;freshman|-0.0162;little|0.0161;prompt|0.0119;President|0.0119;to|0.0105;own|0.0100;a|-0.0099;by|0.0094;Trump,|0.0093;impeach|0.0092;the|0.0089;impeachment|0.0088"
biasdetector,76810849-0335-4ad3-9eaf-f0d9c5baceb6,3,0,lex_only,0.03494114596301436,bombastic|0.7133;injured.|-0.0896;call|0.0838;shooting|-0.0565;Sunday|-0.0345;nominee|-0.0339;issued|-0.0331;for|0.0307;others|-0.0300;response|-0.0227;50|-0.0207;people|-0.0197;on|-0.0190;and|-0.0185;presidents|-0.0163;Orlando|-0.0153;a|-0.0144;resign|-0.0135;Barack|-0.0129;Trump|-0.0118
biasdetector,96b7046f-f584-422f-a626-6f86a26dfd8b,1,10,lex_only,0.039269098618635805,"hardly|0.1452;lame|0.1342;disdain|0.1233;year,|-0.0779;jokes|0.0733;predictably|0.0712;Daughters|-0.0590;the|-0.0413;join|-0.0377;dad|0.0343;the|0.0275;that|0.0228;every|0.0191;Obama|-0.0187;First|-0.0180;follow.|-0.0173;ceremony|-0.0172;at|-0.0162;they|0.0138;their|0.0132"
biasdetector,84678e18-0b79-4570-9c9f-cb1cf88d968e,1,1,lex_only,0.07542259019938412,"maelstrom|0.3090;controversy.|0.1468;facing|-0.1425;the|-0.1253;Now|0.1155;Lois|0.0832;is|-0.0784;the|0.0776;protection|0.0723;of|0.0682;of|-0.0537;under|-0.0521;Amendment,|0.0377;Fifth|-0.0286;lawyers|-0.0203;a|0.0090;Lerner|0.0064;and|0.0054;her|-0.0011"
biasdetector,65cb14cb-2d27-41e5-a2be-6fd6314f4363,1,7,lex_only,0.04382096360909203,"destructive,””|-0.1881;uglinessand|0.1513;wrong.’’|0.1069;said|-0.1033;Gibbs|-0.1019;distortions|0.0821;of|0.0821;divisiveness,””|0.0686;nastiness,|0.0584;Week,””|-0.0477;program““|-0.0397;adding|-0.0352;that|-0.0329;fought|0.0277;ABC|-0.0174;News|-0.0174;on|-0.0163;the|-0.0163;a|0.0139;hard|0.0139"
biasdetector,c99adbdd-eaf3-4844-9548-2642e80de4e2,3,17,lex_only,0.0496107028162826,grumbled|0.4527;campaign|-0.1204;willing|0.1155;had|-0.0970;member|-0.0968;to|0.0926;the|-0.0915;Some|-0.0809;listen|0.0526;that|0.0503;the|0.0502;to|0.0468;the’’|0.0440;David|-0.0411;Houses|0.0264;members.|-0.0197;professor|-0.0187;Cantor|-0.0172;Mr.|0.0138;one|-0.0130
biasdetector,b5eefefb-2a33-45de-abe1-f855c94165f4,3,5,lex_only,0.051000463235612845,"dismal|0.3608;week.|-0.1928;performance|-0.1748;Romney,|0.1302;Tuesday|-0.1039;the’’|0.0776;supposed|0.0728;reboot|0.0610;Obama|0.0552;the|0.0532;on|-0.0481;debate|-0.0408;The|-0.0347;president,|-0.0287;Mitt|-0.0276;last|-0.0246;to|0.0243;be|0.0231;a|0.0226;for|0.0218"
biasdetector,b5eefefb-2a33-45de-abe1-f855c94165f4,1,0,lex_only,0.008948424709096243,"wasted|0.0724;guffaws,|0.0416;proxies,|0.0402;attack|0.0356;Thursday|-0.0330;disdainful|0.0263;on|0.0250;interruptions.|0.0169;Biden|-0.0167;trying|0.0115;grins,|0.0111;of|0.0109;failed|0.0107;snickers|0.0098;an|0.0088;often|0.0088;Vice|-0.0079;barrage|0.0073;what|0.0066;do|0.0064"
biasdetector,2ec04201-2016-4227-baf7-ba8289058203,2,23,lex_only,0.07872601319104433,assault|0.4930;on|0.2258;campaign|-0.1278;McCain|0.0976;was|-0.0722;relatively|-0.0484;minor|-0.0409;Medicare|-0.0397;Obama|0.0335;of|0.0317;aspect|0.0294;This|-0.0287;'s|-0.0240;a|-0.0157;the|0.0132;'s|0.0095;record.|-0.0073
biasdetector,59f2f47c-5da0-4fbc-be6e-4f15d45d82e2,2,0,lex_only,0.033257303563247353,"lashed|0.1805;at|0.1068;Friday|-0.0939;billionaire|0.0817;henchmen|0.0810;out|0.0712;Sen.|-0.0671;on|-0.0636;political|0.0586;Donald|0.0548;Texas)|-0.0481;Enquirer|-0.0327;R|-0.0185;his|0.0169;of|0.0147;Ted|-0.0131;bidding.""|0.0103;and|0.0088;National|0.0083;Trump,|0.0066"
biasdetector,1ed4f378-b9d4-43b8-8d50-53d0cc063332,2,6,lex_only,0.030879095573618544,"humiliating|0.3298;hasty|0.2714;The|0.0962;March,|-0.0640;Democrats|0.0549;retreat|-0.0516;Republicans.|-0.0320;Womens|-0.0283;anniversary|-0.0266;particularly|-0.0230;in|-0.0229;cities|-0.0229;of|-0.0224;reconvene|-0.0180;thousands|-0.0170;which|-0.0163;and|-0.0152;saw|-0.0141;33|-0.0140;was|0.0095"
biasdetector,6f95dcb9-e960-45ac-8c0e-91b85724c909,3,29,lex_only,0.028001436361218317,"All|0.1786;complained,|0.1289;the|0.0892;Fox|0.0715;tent.|-0.0529;heard,|0.0401;News|0.0333;tent.|-0.0332;is""|0.0276;need|0.0272;tent?|-0.0268;Can|-0.0242;we|-0.0241;host|-0.0237;We|-0.0161;we|0.0126;we|0.0123;bigger|-0.0119;a|-0.0119;'ve|0.0112"
biasdetector,1bb79cc1-5d69-4136-a23d-6dbd300cbf25,3,0,lex_only,0.036555722250341205,concerns|-0.1716;resurgent|0.1482;underscores|0.0828;Department|-0.0713;The|0.0682;controversy|-0.0681;attack|-0.0581;incidents.|-0.0459;State|0.0440;Obama|0.0397;about|-0.0311;initial|-0.0307;the|-0.0295;the|0.0268;act|0.0217;security|-0.0215;over|-0.0203;on|0.0191;failure|0.0185;line|0.0175
biasdetector,29ffd053-7684-469b-a600-97000579bd01,1,9,lex_only,0.0593980201205951,"erroneously|0.3733;claiming|0.1064;bishopscritique,|-0.0962;week,|-0.0864;Rep.|0.0859;denied.|-0.0775;bishops,””|-0.0719;represent““|0.0659;letters’’|-0.0641;USCCB|0.0553;dismissed|-0.0509;the’’|-0.0472;media|-0.0336;office|-0.0336;didnt|-0.0310;Last|-0.0296;Ryan|-0.0207;the|0.0190;the|0.0049;a|-0.0037"
biasdetector,1ed4f378-b9d4-43b8-8d50-53d0cc063332,1,4,lex_only,0.03052846071749502,include|-0.1395;illegally|0.1200;Schumer|-0.1067;forced|0.0945;permanent|-0.0919;insisting|0.0867;called|0.0731;brought|0.0475;and|-0.0409;the|-0.0361;weekend|-0.0353;government|-0.0348;DREAMers--|0.0343;fellow|0.0336;so|0.0310;to|-0.0276;keep|-0.0239;the|0.0235;Democrats|-0.0209;after|-0.0201
biasdetector,3ae35b16-7f7f-4a5e-9f24-5ce724106a73,3,43,lex_only,0.027477639680728316,"Trump|0.0845;viscerally|0.0793;attacked|0.0580;But|0.0579;clearly|0.0522;gotten|0.0422;Ms.|-0.0316;caving|0.0268;under|0.0247;for|0.0185;has|0.0183;wall,|-0.0180;skin.|-0.0089;has|-0.0075;who|0.0074;Coulter,|0.0046;the|-0.0046;Mr.|-0.0019;on|-0.0016;his|-0.0012"
biasdetector,08bb9bee-c167-4c17-9c6d-4a1259231eb7,1,10,lex_only,0.05888724247459321,"year,|-0.3295;Romneys|0.2345;hard|0.1786;activists|0.0787;whose|0.0696;nomination|-0.0639;life|0.0596;Mr.’’|-0.0552;he|-0.0472;core|0.0435;conversion|0.0380;their|0.0355;of|-0.0331;of|0.0318;captured|-0.0302;late|0.0292;to|0.0215;remained|-0.0196;the|0.0161;in|0.0134"
biasdetector,b4dbeda7-a1f3-4711-ae77-db23809d1ed2,1,15,lex_only,0.03760449642500769,"July,|-0.1544;In|-0.1029;called““|0.0936;an|-0.0810;attack|0.0753;released|-0.0661;so|0.0635;group|-0.0629;expense|0.0528;apology””|0.0502;the|0.0450;the|-0.0381;employed|0.0381;line|0.0338;by|0.0300;American|0.0286;of|0.0238;pushing|0.0221;tourat|0.0189;on|-0.0137"
biasdetector,47a209b0-fc26-4a0a-a1fe-e4310d1d2419,1,6,lex_only,0.030276296347450125,"unseemly|0.1332;said.|-0.1187;Schumer|-0.1099;presidency,””|-0.0855;confirming|0.0669;big|0.0652;gray|0.0409;this|0.0400;while|0.0345;justice|0.0341;is|0.0319;so|0.0298;appointment|0.0285;““It|0.0275;fast|0.0273;on|0.0226;investigation|-0.0183;hangs|-0.0181;forward|-0.0129;lifetime|0.0110"
biasdetector,97566c74-e000-49fb-b091-e6ec6e179de0,1,2,lex_only,0.03363130770322651,Tuesday|-0.2355;of““|0.1960;threats|0.0932;might…””|0.0746;Mr.’’|0.0690;statement|-0.0536;another|0.0465;round|0.0415;that|-0.0393;to|0.0353;Trumps|0.0344;door|0.0337;on|-0.0265;mogul.|-0.0263;from|0.0186;the|0.0186;bowing|0.0101;out|0.0077;of|0.0077;the|0.0077
biasdetector,2153fb3e-6b09-410c-bfea-d095c49a54ba,3,0,lex_only,0.02572641767269974,"mocking|0.4549;them|0.0625;on|0.0464;Wednesday,|-0.0461;while|0.0445;motto.|-0.0427;simultaneously|0.0365;Obama|-0.0355;Trust""|-0.0311;supposedly|0.0306;recent|-0.0247;less|0.0213;reaffirm""|-0.0179;national|-0.0144;bill|-0.0137;Barack|-0.0133;to|-0.0126;urged|-0.0118;funding|-0.0108;portion|-0.0102"
biasdetector,be026bd1-52b1-4789-bfd3-3632af17b054,2,4,lex_only,0.021670538417035434,"staunch|0.0831;lashed|0.0824;conservative|0.0787;liberal|0.0681;Moore|-0.0501;he|-0.0406;media|0.0373;machine|0.0356;initiated|0.0356;reported|-0.0342;lapdogs""|0.0332;Post|-0.0326;14.|-0.0321;earlier|-0.0243;social|0.0243;Clinton|0.0192;called""|0.0188;what|-0.0180;her|0.0157;when|0.0157"
biasdetector,65cb14cb-2d27-41e5-a2be-6fd6314f4363,2,17,lex_only,0.0706665082118259,"phony|0.4796;Some|0.1212;theology.|0.1028;Bible.|-0.0577;based|-0.0455;theology.""|-0.0421;Not|0.0182;on|-0.0177;theology|0.0114;a|-0.0094;A|-0.0068;different|-0.0046;the|0.0016"
biasdetector,af4a3f41-eeb5-49fa-a276-e97c230b25f0,3,10,lex_only,0.035719958028163426,terrorists|0.1209;took|-0.1186;radical|0.1004;swipe|0.0938;He|-0.0716;at|0.0634;Obama|0.0478;vowed|-0.0327;Islamic|-0.0320;a|-0.0307;Islamic|0.0280;the|0.0239;also|0.0231;and|-0.0186;State|-0.0147;for|0.0130;declining|-0.0095;President|0.0090;to|-0.0085;as|0.0085
biasdetector,84b3c118-50d2-45a5-a91f-7ed95b5d0143,2,6,lex_only,0.05688869332640294,hostile|0.3358;Trumps|0.1283;Mr.’’|0.0763;significant|-0.0692;amounted|0.0660;facing|-0.0534;ascension|-0.0524;a|0.0446;its|-0.0423;a|-0.0315;most|-0.0272;generations.|-0.0247;disruption|0.0207;in|0.0207;to|0.0178;capital|-0.0106;takeover|0.0013;of|0.0013
biasdetector,86e6e27d-1440-4879-8b13-0dd2d89f7281,1,2,lex_only,0.03025305598929207,"profanely|0.5864;Capitol.|-0.0638;camera|-0.0519;captured|-0.0490;Thursday|-0.0421;episode|-0.0414;Rashida|-0.0380;liberal|0.0369;Tlaib|-0.0366;Trump|0.0324;night,|-0.0310;activists|0.0280;as|0.0252;began|-0.0216;Representative|-0.0186;a|-0.0179;bar|-0.0179;near|-0.0179;the|-0.0179;promising|0.0171"
biasdetector,2b95d2cf-e979-4f9c-ae27-9a5370934f23,3,13,lex_only,0.06717165467529818,"neoconservative|0.4010;that’’|-0.1083;irresponsible.””|-0.1017;told|-0.0975;major|0.0808;Steeles|-0.0593;utterly|0.0591;Post|-0.0468;Senor,|-0.0290;the|-0.0262;figure,|0.0229;comments|-0.0220;Huffington|-0.0116;Another|0.0041;Dan|-0.0037;are““|-0.0005"
biasdetector,29ffd053-7684-469b-a600-97000579bd01,2,0,lex_only,0.0390791886924163,"knuckle|0.1909;rapping.|0.1631;fashioned,|0.0842;Catholic|0.0839;Rep.|-0.0696;school|0.0597;Thursday|-0.0540;an|-0.0454;morning,|-0.0315;University|-0.0289;is|-0.0287;Georgetown|-0.0258;heading|0.0122;for|-0.0115;GOP|-0.0112;to|-0.0063;a|-0.0060;Ryan|-0.0058;Paul|-0.0052;but|-0.0041"
biasdetector,472158a1-4e39-4214-8397-904e66f2b4c5,2,4,lex_only,0.04509828642953951,"threw|0.1697;a""|0.0920;bomb|0.0908;demagogue""|0.0804;Bloomberg,|-0.0794;at|0.0777;several|-0.0585;billion,|-0.0573;jabs|0.0551;of$|-0.0516;has|-0.0516;an|-0.0511;thrower.""|0.0390;a""|-0.0375;estimated|-0.0315;he|-0.0289;Trump,|0.0203;ous|0.0178;called|-0.0175;danger|0.0156"
biasdetector,a28a0329-0887-42dc-bd3d-3bb4f8926757,3,37,lex_only,0.0741227301773524,"cronies|0.3706;perfect|0.1971;S.|-0.1775;his|0.1378;up|0.0785;document.|-0.0600;U.|-0.0519;sacred,|-0.0380;the|0.0326;a|-0.0288;as|-0.0213;Constitution|0.0198;Boehner|-0.0185;""John|-0.0168;and|0.0067;are|0.0026;holding|0.0015"
biasdetector,47a209b0-fc26-4a0a-a1fe-e4310d1d2419,1,4,lex_only,0.039821004583275005,only|0.2823;shouldnt|0.0996;not|0.0748;probe|-0.0631;filibuster|0.0629;its|-0.0461;vote|-0.0460;he’’|0.0445;links|-0.0434;but|0.0427;threaten|0.0422;get|0.0399;a|0.0331;Democrats|0.0315;until|-0.0307;suggest|-0.0269;of|-0.0263;comes|-0.0255;completes|-0.0218;possible|-0.0218
biasdetector,b5eefefb-2a33-45de-abe1-f855c94165f4,2,16,lex_only,0.044945009357330895,said|-0.2020;devolved|0.1081;clearly|0.0944;and|-0.0866;Romney|0.0861;room|-0.0771;won|0.0634;Biden|0.0592;composure|0.0429;while|0.0429;into|0.0403;fits|0.0403;substance|0.0351;on|0.0322;Ryan|-0.0321;audible|0.0307;spin|0.0269;operatives|0.0249;and|0.0208;in|0.0065
biasdetector,58ed2376-35a0-453a-a08e-5cd87e3bdea5,1,16,lex_only,0.1108741074671141,"Democrats|-0.4134;say|-0.2712;toxic""|0.2501;wash|0.1853;legislation|0.1194;that|0.0863;argument|0.0654;discrimination.|-0.0650;that|0.0596;'t|-0.0520;and|0.0351;allows|0.0251;SB1062""|0.0158;call|-0.0126;doesn|-0.0068"
biasdetector,d3a1ce0a-fc48-4827-a278-8f0ce8c7a519,2,29,lex_only,0.054692457920117746,reportedly|0.1710;Patrick|-0.1459;seat.|-0.1211;led|0.1021;groups|-0.0842;pursuit|0.0782;brist|0.0735;but|-0.0601;of|-0.0506;Progressive|0.0405;the|-0.0347;his|0.0300;rally|-0.0253;for|-0.0236;to|0.0235;at|0.0190;lined|0.0185;up|-0.0181;public|-0.0156;support|-0.0130
biasdetector,79bf99c6-6fca-4ce4-8ae1-8771de026142,2,33,lex_only,0.05347454233359223,"Pelosi’’s|0.2017;understanding|-0.1115;lack|0.1042;problem.|0.0787;as|-0.0552;thereof,|0.0509;the’’|-0.0415;of|0.0348;Midwesterners,|0.0341;highlighted|-0.0318;or|-0.0277;biggest|-0.0248;partys|0.0245;Ryan|-0.0162;what|0.0143;is|-0.0037"
biasdetector,76810849-0335-4ad3-9eaf-f0d9c5baceb6,3,1,lex_only,0.07572087358372907,"disgracefully|0.5928;remarks|-0.1224;even|0.0826;words'|-0.0715;today,|-0.0699;Radical|0.0577;Obama|0.0380;his|-0.0269;""In|-0.0261;Islam'.|0.0166;President|-0.0110;the|-0.0070;say|0.0066;to|-0.0036;refused|0.0031"
biasdetector,9879bbc0-eab3-482f-bf6b-a4b519393986,1,1,lex_only,0.02417862765358615,heated|0.1205;challenging|-0.1130;Republicans|-0.1102;bogus|0.1031;Wednesday|-0.0629;are|-0.0619;claiming|0.0452;funding|0.0402;are|0.0402;urgent|0.0334;testimony--|0.0321;during|-0.0317;attack.|-0.0314;insistence|-0.0274;cables|0.0272;statements|0.0265;'s|0.0256;Secretary|-0.0198;warning|0.0166;about|0.0166
biasdetector,1bb79cc1-5d69-4136-a23d-6dbd300cbf25,1,7,lex_only,0.01588196975294026,"bureaucratic|0.1157;tug|0.1157;mails|-0.0901;of|0.0800;war|0.0800;they|0.0278;While|0.0199;mediated|-0.0189;a|-0.0189;Department,|-0.0184;aides|-0.0174;constraints|-0.0174;because|-0.0174;the|-0.0158;concerns|-0.0158;Mr.’’|-0.0142;that|-0.0141;sensitive|-0.0136;to|-0.0136;suggest|-0.0129"
biasdetector,aab91277-8d56-4844-a581-45630f873f49,1,26,lex_only,0.030695242464086427,taunt|0.2356;to|0.0958;link|-0.0715;seemed|0.0552;American|0.0476;He|-0.0463;find|-0.0414;foreign|0.0390;sometimes|-0.0372;law|0.0368;accept|0.0321;Moscows|-0.0313;to’’|-0.0238;daring|0.0223;them|0.0223;to|-0.0181;aid.|-0.0162;to|-0.0149;enforcement|-0.0104;him|-0.0100
biasdetector,ae243a95-b2c2-410c-9e2b-b083b4b8eb48,3,0,lex_only,0.05066767114589714,Friday.|-0.3225;threat|0.3058;GOP|0.1219;The|0.0822;'s|-0.0747;every|0.0603;until|-0.0489;legislation|-0.0477;as|0.0433;soon|0.0408;resolves|-0.0367;piece|0.0310;chamber|-0.0306;be|0.0288;likely|0.0255;budget|-0.0252;cut|-0.0223;to|-0.0218;WASHINGTON--|-0.0210;tax|-0.0179
biasdetector,3ae35b16-7f7f-4a5e-9f24-5ce724106a73,1,0,lex_only,0.03173390312372156,unilaterally|0.1227;Friday|-0.1194;Mexico.|-0.0789;to|0.0730;S.|-0.0702;U.|-0.0595;Donald|0.0509;declared|-0.0507;on|-0.0431;effort|0.0408;President|0.0406;southern|-0.0329;wall|0.0230;an|0.0226;emergency|0.0225;the|0.0223;a|-0.0221;seize|0.0217;S.|-0.0208;U.|-0.0192
biasdetector,59f2f47c-5da0-4fbc-be6e-4f15d45d82e2,3,18,lex_only,0.0606160602002553,"““Lyin'|0.2835;said|-0.1951;ad,””|-0.1458;site.|-0.1204;Trump|-0.0952;Ted|0.0920;Cruz|0.0819;just|0.0797;picture|-0.0524;a|-0.0399;GQ|-0.0391;used|0.0348;the|0.0315;shoot|-0.0230;in|-0.0193;on|0.0164;from|-0.0151;a|-0.0089;his|-0.0085;Melania|0.0047"
biasdetector,2ec04201-2016-4227-baf7-ba8289058203,2,27,lex_only,0.04096023218072433,"demagogued|0.6121;budget.""|-0.1301;ironically,|0.0886;and|0.0487;the|-0.0423;issue,|-0.0343;in|-0.0316;identified|-0.0266;McCain|-0.0261;have|-0.0261;savings|0.0215;president|-0.0207;'s|-0.0194;since|-0.0185;Governor|-0.0148;subsequently|-0.0100;his|-0.0078;that|0.0078;running|-0.0066;Governor|-0.0064"
biasdetector,47a209b0-fc26-4a0a-a1fe-e4310d1d2419,3,31,lex_only,0.041909557462469695,"blasted’’|0.1456;cloth,““|0.1076;she|-0.1057;said.|-0.0981;constitutional|0.0792;modesty,””|-0.0617;out|0.0567;new|0.0565;of|0.0536;Sen.|-0.0528;whole|0.0520;doctrine|0.0501;Hawaii)|-0.0421;Hirono(|-0.0414;whole|0.0264;Mazie|-0.0240;for|0.0232;creating|0.0232;a|0.0216;Robertsdecision|0.0150"
biasdetector,ad409798-ee94-4436-92c5-92669193be14,2,8,lex_only,0.04876404160677339,"fools|0.4609;wrote.|-0.1996;China,””|-0.1585;Trump|-0.0681;Mr.|-0.0500;so|0.0369;should|-0.0366;are|0.0348;that|0.0240;direction,|-0.0182;the|-0.0165;““All|-0.0102;Russia|0.0101;another|-0.0089;looking|-0.0056;at|0.0056;of|-0.0051;in|-0.0047;focused|0.0043;start|-0.0035"
biasdetector,7f9c83f7-3efa-4c7a-adef-3ebdeda96042,1,14,lex_only,0.1266311193716579,alleged‘‘’’|0.4090;““Okay.|-0.2067;newforeign|0.1024;Rubios|0.0632;heres’’|0.0503;policy.|0.0374;So’’|-0.0176
biasdetector,526cabb7-02a3-4adb-8e90-ec781c40c498,3,33,lex_only,0.026952539879682963,"elitist|0.1591;hypocrite""|0.1315;offensive|0.0860;Obama|0.0839;campaign|-0.0796;Conn.|-0.0760;group|-0.0678;attacking|0.0670;continued|0.0622;its|0.0348;criticized|0.0347;week,|-0.0311;advertising|-0.0294;for|0.0256;schools.|-0.0187;launching|-0.0181;the|0.0180;an|-0.0118;shooting,|-0.0102;in|-0.0071"
biasdetector,2f3e86b6-8443-47bd-9cd3-491c90a59fe9,3,25,lex_only,0.04402504723570088,freighted|0.2282;ambushed|0.2226;repeatedly|0.1260;members.|-0.0674;district|-0.0663;politically|0.0599;with|-0.0505;Republicans|-0.0460;have|-0.0456;twice|-0.0265;draw|-0.0233;a|-0.0163;procedural|0.0161;out|0.0159;and|0.0154;motions|0.0149;vulnerable|0.0142;to|0.0115;in|-0.0095;Democrats|-0.0089
biasdetector,b7021938-ff8d-42ea-adec-5704c0b65237,1,1,lex_only,0.032571305664245605,"slammed|0.2601;letter,|-0.2141;a|-0.1187;lawmakers|-0.0944;committee,|-0.0636;every|0.0616;In|-0.0478;Russia.|0.0449;Fox|0.0423;Schiff|0.0400;News|0.0345;and|0.0239;the|-0.0235;on|-0.0175;for|0.0163;Republican|0.0143;was““|-0.0134;the|0.0113;circumstantial””|-0.0103;his|0.0103"
biasdetector,3ae35b16-7f7f-4a5e-9f24-5ce724106a73,3,11,lex_only,0.041230905148927764,"aggrieved,|0.3450;alternately|0.1549;job.””|-0.1290;Sounding|-0.1024;failure|0.0949;defensive|0.0618;and|0.0553;Trump|0.0488;his|0.0476;I|-0.0452;explained|0.0437;Republicans|-0.0429;controlled|-0.0304;houses|-0.0281;during|-0.0275;saying,““|-0.0260;was|-0.0247;first|-0.0230;two|-0.0230;both|-0.0230"
biasdetector,84b3c118-50d2-45a5-a91f-7ed95b5d0143,1,10,lex_only,0.027053817991576763,"blunt|0.2024;In|0.1590;crime|0.0739;described““|-0.0684;the|0.0503;the|-0.0473;he|-0.0451;in’’|0.0420;Friday|-0.0417;Americas|0.0389;jobs|-0.0350;terms|-0.0268;and|-0.0251;summer,|0.0219;lost|-0.0217;to|-0.0217;the|0.0200;rusted|0.0185;similar|-0.0184;language|-0.0183"
biasdetector,d16050b3-979f-4834-90db-b8823691b87e,2,2,lex_only,0.0518911915797624,"castigated|0.5752;video|-0.1169;holding|-0.1153;bloodied|0.0986;showing|-0.0869;Griffin,|-0.0780;author,|-0.0772;her|-0.0585;Trump.|0.0565;president|-0.0394;celebrity|0.0328;posing|0.0188;severed|-0.0183;like|-0.0172;the|-0.0172;the|0.0169;and|-0.0111;for|0.0106;and|-0.0089;a|-0.0077"
biasdetector,65cb14cb-2d27-41e5-a2be-6fd6314f4363,3,6,lex_only,0.05186415786156431,"phony|0.2093;phony|0.1625;some|0.1310;theology.""|-0.1136;some|0.0853;different|-0.0630;Oh,|0.0533;theology.|-0.0481;A|-0.0445;ideal,|0.0394;Bible.|-0.0273;the|0.0182;based|-0.0113;""It|0.0097;not|-0.0062;about|0.0054;a|-0.0041;theology|0.0023;on|-0.0018;'s|0.0011"
biasdetector,59f2f47c-5da0-4fbc-be6e-4f15d45d82e2,2,9,lex_only,0.01826436922327212,"Cruz.””|-0.1449;problem|0.1329;'s|0.0399;National|0.0394;and|0.0301;right|0.0284;Lyin'|0.0277;alone,|0.0238;the|0.0218;Ted|0.0149;and|0.0145;were|0.0139;his|0.0129;his|0.0126;Edwards,|-0.0092;not|0.0091;is|0.0087;about|0.0087;with|-0.0085;they|0.0084"
biasdetector,70c75d68-bf65-46a6-a822-15c23d77a275,1,30,lex_only,0.01774928335907804,"senseless|0.2572;""This|-0.1104;getting|0.0503;Americans,|-0.0401;hurting|0.0281;impacts|-0.0277;only|0.0236;its|-0.0234;immigration.|0.0224;worse.|-0.0178;sensible|0.0164;solution|0.0164;is|0.0141;of|0.0130;work|-0.0100;with|-0.0100;shutdown|-0.0098;are|0.0083;and|-0.0081;government|0.0080"
biasdetector,b4dbeda7-a1f3-4711-ae77-db23809d1ed2,1,8,lex_only,0.024994690716266633,GOP|0.1663;month|-0.0986;concerns.|-0.0737;dismissive|0.0675;paint|0.0558;to|0.0493;the|0.0336;opportunity|0.0317;president|0.0305;in|-0.0303;as|0.0299;Assembly|-0.0287;later|-0.0244;declining|-0.0231;attacked|0.0225;the|0.0216;current|0.0216;its|-0.0198;of|0.0176;Israel|0.0176
biasdetector,2153fb3e-6b09-410c-bfea-d095c49a54ba,2,10,lex_only,0.03386969370933782,"nothing|0.3974;During|-0.0987;do|0.0793;remarks,|-0.0535;week--|-0.0495;Congress.|0.0432;drumbeat|0.0395;his|-0.0325;last|-0.0201;House|0.0184;out|0.0163;John|-0.0144;over|0.0136;the|0.0136;a|-0.0116;Speaker|-0.0081;the|0.0059;president|0.0059;what|0.0053;the|-0.0046"
biasdetector,2ec04201-2016-4227-baf7-ba8289058203,2,11,lex_only,0.04686480909518465,"beat|0.1909;Ariz.):|-0.1306;up|0.1270;virtually|0.1128;used|0.0639;Sen.|-0.0560;language|0.0538;on|0.0512;to|0.0467;prior,|-0.0395;identical|0.0370;years|-0.0309;McCain(|-0.0257;John|-0.0245;Two|-0.0196;opponent,|-0.0159;then|0.0139;R|-0.0121;Senator|0.0065;Obama|0.0065"
biasdetector,b7021938-ff8d-42ea-adec-5704c0b65237,3,11,lex_only,0.05321394920411421,"misleadingly,|0.5267;Somewhat|0.1811;present””|-0.0652;investigation.|-0.0558;findings““|-0.0466;letter|-0.0410;conclusively””’’|-0.0407;refuteSchiffs““|-0.0257;the|-0.0228;and|-0.0194;committee|-0.0154;GOP|0.0147;in|-0.0137;members|-0.0093;stated|-0.0073;the|0.0073;past|-0.0063;that’’|0.0055;Muellers|0.0050;assertionsabout|0.0048"
biasdetector,59f2f47c-5da0-4fbc-be6e-4f15d45d82e2,1,1,lex_only,0.021249996306780664,"slowly|0.1630;week,|-0.0801;super””|0.0720;main|-0.0666;All|0.0632;war|0.0555;PACstarted|0.0411;escalated|0.0359;words|0.0274;an|-0.0267;on|-0.0261;of|0.0250;ad|-0.0236;his|-0.0209;race,|-0.0200;based|-0.0192;Texas,|-0.0168;people|0.0165;who|0.0165;a|0.0158"
biasdetector,76810849-0335-4ad3-9eaf-f0d9c5baceb6,2,11,lex_only,0.053327307915315036,"Americas|0.2234;nominee,|-0.1120;seized|0.1093;of’’|0.0857;terrorism.|0.0802;on|-0.0680;weakness|0.0667;as|-0.0498;J.|-0.0463;evidence|0.0422;Donald|0.0372;presumptive|-0.0344;presidential|-0.0253;Republican|-0.0245;Trump,|0.0157;attacks|0.0144;in|0.0085;facing|0.0085;the|0.0080;the|0.0066"
biasdetector,b5eefefb-2a33-45de-abe1-f855c94165f4,1,47,lex_only,0.044133512752697515,"feisty|0.2773;quipped|0.1071;campaign|-0.0887;warrior""|0.0842;Thursday,|-0.0721;manager|-0.0640;Jim|-0.0624;Messina|-0.0499;class.|-0.0356;more|0.0355;performance|0.0279;'s|0.0237;middle|0.0209;After|0.0192;a""|0.0120;Biden|0.0110;happy|0.0061;'s|0.0059;Obama|-0.0032;for|-0.0031"
biasdetector,450755dd-30d3-478b-933e-917be5c384ba,3,27,lex_only,0.05320060525244723,"A,””|-0.2538;blind|0.1698;said|-0.1098;hatred|0.1000;their|0.0942;sent|-0.0795;liberals|0.0762;““I|-0.0544;Minor|-0.0526;Chick|-0.0463;of|0.0383;a|-0.0353;are|0.0314;News.|-0.0312;Fox|0.0261;to|0.0230;missing|0.0226;statement|-0.0189;think|0.0189;fil|-0.0179"
biasdetector,ae243a95-b2c2-410c-9e2b-b083b4b8eb48,1,11,lex_only,0.02528732790071963,"deprive|0.2505;month.|-0.1552;to|0.0838;next|-0.0727;vowing|0.0719;negotiators|-0.0704;60|-0.0452;addressed,|-0.0296;virtually|0.0271;the|-0.0267;Democrats|-0.0265;vote|-0.0262;of|-0.0251;anything|0.0243;these|0.0235;will|-0.0222;until|0.0218;a|-0.0214;on|0.0196;toward|-0.0187"
biasdetector,d4a4bc34-e48b-4485-86b2-f1daf4d464dd,1,2,lex_only,0.11462108571625626,"adoring|0.2751;Trumps|0.1761;reply,““|-0.1442;fail,|0.1112;fans|0.0742;Mexico!””|-0.0697;Without|0.0453;Mr.’’|0.0212"
biasdetector,df5fe55a-dfcb-4817-8631-830f47c21a72,1,11,lex_only,0.06136410491982181,churning|0.3160;message|-0.1737;machine|0.1414;support.|-0.0893;Mr.’’|0.0829;started|-0.0706;the’’|0.0518;presidents|-0.0364;comments|-0.0355;visit|-0.0327;out|-0.0212;statements|-0.0212;administrations|0.0202;Bidens|-0.0170;the’’|0.0146;and|0.0146;come|-0.0125;as|-0.0125;of|-0.0017
biasdetector,8dc7ccfe-5cf0-482f-9101-a7c69881da4d,2,13,lex_only,0.08065902483212994,"pounced|0.4926;Following|-0.1507;Romney|0.1186;campaign|-0.0740;former|0.0727;comments.|-0.0649;the|-0.0581;Obama|0.0447;news|0.0409;governor|0.0387;conference,|-0.0337;'s|-0.0320;immediately|-0.0255;'s|0.0226;on|0.0169;'s|-0.0039"
biasdetector,d4a4bc34-e48b-4485-86b2-f1daf4d464dd,3,13,lex_only,0.06649952151929028,"wall!|0.2549;stupid|0.2534;such|0.1309;““Mexican|-0.1112;we|-0.0643;people,|-0.0552;cent|-0.0411;a|0.0359;not|0.0343;are|-0.0191;going|0.0147;for|0.0140;to|-0.0118;a|-0.0093;single|0.0086;pay|-0.0053"
biasdetector,47a209b0-fc26-4a0a-a1fe-e4310d1d2419,1,0,lex_only,0.030432475139186666,"bomb|0.1450;vote|-0.0841;fire|0.0833;nominee,|-0.0817;Republicans|0.0485;their|0.0394;Senate|-0.0386;a|0.0385;nuclear|0.0367;complicating|0.0348;As|0.0341;ready|0.0329;one.|0.0305;a|-0.0300;appear|0.0280;of|0.0271;new|-0.0171;Trumps|0.0157;President’’|0.0135;float|-0.0125"
biasdetector,2b95d2cf-e979-4f9c-ae27-9a5370934f23,3,15,lex_only,0.0169042968702426,"himself|0.1158;failed.””|-0.1123;cry|0.0909;far|0.0690;declared|0.0586;said:““...|-0.0563;Indeed,|0.0555;even|0.0403;to””|-0.0309;Steele|0.0291;night,|-0.0280;he|-0.0188;a|-0.0177;alright,|0.0129;December|-0.0119;that|-0.0119;dont|0.0118;comments|-0.0116;he|-0.0116;everyone’’|0.0113"
biasdetector,59f2f47c-5da0-4fbc-be6e-4f15d45d82e2,3,19,lex_only,0.09104925624918765,"““Be|-0.2182;wife!””|0.2069;Lyin'|0.1781;on|0.1346;careful,|-0.1035;I|-0.0982;will|-0.0575;Ted,|0.0498;beans|0.0432;or|0.0409;spill|0.0376;your|0.0107;the|0.0044"
biasdetector,6f95dcb9-e960-45ac-8c0e-91b85724c909,3,1,lex_only,0.04106849225378634,Bombastic|0.4706;Saturday|-0.1052;conference|-0.0858;conservative|0.0855;conservative|0.0787;on|-0.0693;governance.|0.0650;Beck|-0.0491;demanding|0.0344;a|-0.0314;day|-0.0242;closed|-0.0212;get|0.0207;three|-0.0207;host|0.0198;by|0.0178;in|-0.0176;Republicans|-0.0175;talk|0.0163;house|-0.0112
biasdetector,3ae35b16-7f7f-4a5e-9f24-5ce724106a73,1,7,lex_only,0.033120394644218114,"traffickers|0.1004;wall|0.0668;only|0.0641;repeatedly|0.0632;justify|0.0627;criminals,|0.0615;members|-0.0607;insisted|0.0489;them.|-0.0447;a|-0.0441;border|0.0404;were|-0.0323;To|0.0292;Trump|0.0260;that|-0.0240;wall,|-0.0234;the|0.0146;drug|0.0121;over|0.0105;the|0.0097"
biasdetector,a28a0329-0887-42dc-bd3d-3bb4f8926757,3,16,lex_only,0.023343514525109816,"fail|0.1228;divisiveness.""|0.1139;""We|-0.1073;that|-0.0616;a|-0.0332;our|-0.0332;ability|-0.0328;blessing,|0.0321;feared|0.0317;to|-0.0303;reason|0.0228;show|0.0209;American|0.0179;the|0.0177;people|-0.0160;not|-0.0157;for|0.0127;that|-0.0124;to|-0.0123;and|0.0079"
biasdetector,65cb14cb-2d27-41e5-a2be-6fd6314f4363,2,16,lex_only,0.06772261095543702,phony|0.3695;ideal.|0.3240;some|0.1210;your|-0.0642;'s|-0.0551;'s|-0.0518;about|-0.0474;quality|-0.0440;life.|-0.0396;not|0.0390;It|-0.0381;jobs.|0.0361;It|-0.0321;your|-0.0315;about|-0.0229;about|-0.0191;not|-0.0067;'s|-0.0052;of|0.0047;It|-0.0025
biasdetector,ee05c9b3-529c-4268-ad72-19bd34f7197e,1,0,lex_only,0.028546500172476275,"insufficiently|0.0883;hammered|0.0829;Tuesday|-0.0806;soundly|0.0691;Tea|0.0589;by|-0.0518;on|-0.0503;backed|0.0483;a|0.0474;Cantor,|-0.0430;economics|0.0427;Eric|-0.0411;professor|0.0383;who|0.0383;Party|0.0369;stunning|0.0307;being|0.0293;majority|-0.0263;defeated|-0.0239;conservative.|0.0234"
biasdetector,be026bd1-52b1-4789-bfd3-3632af17b054,3,12,lex_only,0.04136901975803387,"said,““|-0.2311;shenanigans|0.1927;he|-0.1123;pulled|0.0743;standard|0.0651;procedure.””|-0.0551;““Most|-0.0478;these|0.0433;by|0.0423;being|0.0400;Democrats|0.0268;and|0.0254;operating|0.0203;them|0.0153;the|0.0149;of|0.0072;shocked,””|-0.0047;be|0.0045;expecting|0.0045;rather|0.0032"
biasdetector,d4a4bc34-e48b-4485-86b2-f1daf4d464dd,1,9,lex_only,0.08043989286358867,false|0.2163;““They|-0.2074;prophet.””|0.0533;of|0.0356;a|-0.0326;followers|0.0117;are|-0.0062
biasdetector,8abec8d9-50a2-480e-969a-157f94954f4d,1,0,lex_only,0.028001047426301634,"Wednesday,|-0.1412;tear|0.1235;Donald|0.0668;declaring|0.0533;nominee““|0.0533;war|0.0466;Vicente|-0.0462;Republican|0.0438;Mexico|-0.0436;with|0.0410;in|-0.0386;Even|0.0383;the|0.0338;a|0.0189;country.|0.0174;on|0.0144;himself|0.0137;the|0.0137;Fox|0.0136;before|0.0131"
biasdetector,576116e5-2b18-4d35-be73-36f5863c9468,2,1,lex_only,0.025889723948162677,"groups|-0.1327;sought|-0.1138;who|0.0728;ammunition|0.0723;conservatives|0.0571;have|-0.0455;powerful|0.0391;The’’|-0.0388;because|-0.0373;generated|-0.0336;Americans.|0.0335;issue,|-0.0320;promises|0.0293;older|0.0293;sides|-0.0284;chip|0.0276;away|0.0266;added|0.0262;voice|0.0237;restructure|-0.0219"
biasdetector,ee05c9b3-529c-4268-ad72-19bd34f7197e,3,1,lex_only,0.053402675129473214,"who|0.1789;Brat,|0.1591;Dave|-0.0952;is|-0.0571;stunning|0.0443;So|0.0443;pull|0.0430;he|0.0371;win?|0.0360;did|0.0321;how|0.0294;such|0.0289;and|-0.0124;off|0.0017;a|0.0016"
biasdetector,8abec8d9-50a2-480e-969a-157f94954f4d,2,21,lex_only,0.12030867859721184,helpfully|0.3295;noted|-0.2454;so|0.1130;morning.|-0.1050;Trump|0.0973;tweet|0.0793;in|-0.0474;a|0.0354;Wednesday|-0.0304
biasdetector,450755dd-30d3-478b-933e-917be5c384ba,2,14,lex_only,0.012468448906793448,““It|-0.0810;little|0.0636;quotes|0.0469;hate|0.0312;proudly|0.0242;of|0.0214;fil|0.0213;they‘‘|0.0195;about|0.0187;how|0.0187;of|0.0182;Chick|0.0177;gay’’|0.0169;approveof|0.0144;posted|0.0140;they|0.0118;all|0.0118;disconcerting|0.0117;they‘‘’’|0.0105;their|0.0095
biasdetector,70c75d68-bf65-46a6-a822-15c23d77a275,1,21,inf_only,0.016533291832291377,"pointless,|0.0967;falsely|0.0830;hostage,|0.0602;ineffective|0.0517;wall|0.0263;for.|0.0213;Now|0.0178;federal|0.0163;a|0.0155;workers|0.0149;'ll|-0.0122;temporarily|-0.0121;only|0.0120;he|-0.0118;holding|-0.0112;promised|0.0108;pay|0.0099;he|-0.0093;saying|-0.0079;what|0.0071"
biasdetector,2ec04201-2016-4227-baf7-ba8289058203,1,6,inf_only,0.044988415284973125,So|0.1301;you.””|-0.1269;massive|0.1212;government|0.1047;not|0.0754;guaranteed|0.0660;program’’|-0.0649;your|0.0610;health|0.0404;you|-0.0371;a|-0.0350;to|-0.0343;care|0.0283;money|0.0228;for|-0.0208;new|0.0186;going|-0.0103;paid|0.0096;the|0.0081;is|-0.0080
biasdetector,8385a996-1afc-4778-a06d-7070a8f19e27,3,3,inf_only,0.053380627335220775,dumb|0.2542;embarrassed|0.1637;S.|-0.1114;Ginsburg|-0.0653;Supreme|0.0546;by|0.0441;Justice|-0.0401;U.|-0.0357;very|0.0348;statements|0.0345;political|0.0326;about|0.0292;making|0.0265;all|0.0257;has|-0.0188;the|0.0188;me.|-0.0115;of|-0.0065;Court|0.0062
biasdetector,8dac6c12-b5ca-468c-a249-7e0ab42f6b52,3,10,inf_only,0.05821004314195653,"secretive|0.4162;Friday|-0.2839;sweeping,|0.1793;a|-0.1256;agreements|-0.1196;international|0.1056;rejected|0.0671;have|-0.0665;trade|0.0406;measure|-0.0378;through|0.0339;agenda|0.0332;Obama|0.0317;'s|-0.0190;Congress.|-0.0126;blocking|-0.0121;power|0.0074;would|-0.0070;granted|0.0068;him|0.0048"
biasdetector,13792511-5142-449f-8d3e-d77d790f65ec,2,15,inf_only,0.032652970742986315,an|0.1036;entire|0.0906;paragon|0.0804;conspired|0.0786;office|-0.0619;he|-0.0515;scandal.|0.0395;the’’|0.0343;administration|0.0337;pledged|-0.0326;instead|0.0308;mire|0.0306;ethics|0.0265;traffic|-0.0242;of|0.0235;and|-0.0231;in|-0.0186;town|-0.0142;would|-0.0127;governors|0.0117
biasdetector,c99adbdd-eaf3-4844-9548-2642e80de4e2,3,9,inf_only,0.032435247089456436,"rationale|0.3233;lacking|0.1258;McCarthy,|-0.1099;have|-0.1010;actually|0.0835;conservatives|0.0774;a|-0.0520;Mr.’’|-0.0458;Mr.|0.0342;fight|0.0298;liked|-0.0281;incumbents|-0.0251;member|-0.0230;of|-0.0230;raised|-0.0221;is|0.0216;has|-0.0206;Cantors.|-0.0165;House|0.0125;left|-0.0125"
biasdetector,472158a1-4e39-4214-8397-904e66f2b4c5,3,22,inf_only,0.020529384180093296,"safe.””|-0.2568;do|0.1030;He|0.0857;would|0.0745;damage|0.0396;compete,|0.0304;great|0.0268;make|0.0229;to|0.0211;harder|0.0188;unemployment,|-0.0155;small|-0.0155;to|-0.0150;lead|-0.0131;Americans,|-0.0131;communities|-0.0121;businesses|0.0118;less|-0.0108;it|-0.0108;erode|0.0094"
biasdetector,13792511-5142-449f-8d3e-d77d790f65ec,2,35,inf_only,0.11519113876339462,"into|0.2951;frequently|0.1903;clichés.|0.1833;descended|0.1632;Christie|-0.0564;text,|-0.0538;a|-0.0492;Mr.|-0.0444;Without|0.0010"
biasdetector,1ed4f378-b9d4-43b8-8d50-53d0cc063332,2,16,inf_only,0.07125243182289759,derision|0.5527;right.|-0.1756;of|0.1549;figure|-0.0823;left|-0.0646;the|0.0552;McConnell|-0.0520;Schumer|0.0297;Mr.|0.0205;is|-0.0183;not|-0.0170;the|0.0152;a|0.0140;Mr.|-0.0109;as|0.0075;on|-0.0047;on|0.0046;is|0.0030
biasdetector,526cabb7-02a3-4adb-8e90-ec781c40c498,3,12,inf_only,0.06681464041494542,grabbing|0.4195;so|0.0899;The|-0.0896;sweeping|0.0823;approach|-0.0704;otherwise|-0.0662;what|0.0646;a|0.0498;announcement|-0.0486;billing.|0.0454;received|-0.0426;headline|0.0409;have|-0.0379;is|-0.0323;would|0.0154;second|-0.0032;been|0.0021;that|-0.0018
biasdetector,79bf99c6-6fca-4ce4-8ae1-8771de026142,2,6,inf_only,0.09770183839524788,refuses|0.2642;astounded|0.2292;change.””|-0.2070;““I’’m|-0.1312;reality|0.0854;caucus|0.0729;this|0.0301;acknowledge|0.0251;to|-0.0125;that|-0.0090;and|-0.0082
biasdetector,29ffd053-7684-469b-a600-97000579bd01,2,3,inf_only,0.018102843708422765,"few.””|-0.0869;remiss…|0.0446;““However,|-0.0431;radically|0.0416;that|0.0412;your|0.0385;continuing|0.0332;misuse|0.0322;decimates|0.0321;did|-0.0283;challenge|-0.0281;not|-0.0264;if|0.0232;teaching|0.0232;Catholic|0.0232;of|0.0232;defend|0.0176;we|-0.0169;weakens|0.0169;and|0.0155"
biasdetector,58f414e5-a122-49f5-819e-512d91069da5,2,24,inf_only,0.06996215426988783,"railed|0.3693;Trump|0.2499;Thursday|-0.0998;associates.|-0.0871;tweet,|-0.0577;In|-0.0514;HUNTof|0.0486;Mr.|-0.0372;a|-0.0273;investigations|-0.0272;WITCH””|0.0247;the““|0.0231;against|0.0070;of|-0.0033;his|-0.0033;morning|-0.0024"
biasdetector,47a209b0-fc26-4a0a-a1fe-e4310d1d2419,3,19,inf_only,0.04851949997246265,Democrats|0.1036;seriously|0.0943;little|0.0867;anymore.|0.0800;surprise|0.0778;that|0.0642;It|0.0604;need|0.0452;find|-0.0417;no|0.0248;opinion|-0.0232;is|-0.0089;take|0.0076;to|0.0062;this|0.0031
biasdetector,3ae35b16-7f7f-4a5e-9f24-5ce724106a73,1,27,inf_only,0.04737055882178394,"““Any|-0.2004;seekers,|0.1442;turning|0.0814;backs|0.0803;and|0.0774;Trumps|0.0615;border|-0.0482;detention,|-0.0469;making:|0.0466;asylum|0.0454;our|0.0435;family|-0.0388;President’’|0.0362;own|0.0279;our|0.0247;on|0.0213;on|0.0190;of|-0.0107;separations,|-0.0106;more.|-0.0079"
biasdetector,b5eefefb-2a33-45de-abe1-f855c94165f4,3,9,inf_only,0.02073020922431202,"choirboy|0.1967;attack|0.0741;respectful,|-0.0508;head,|0.0430;puppy|0.0300;but|-0.0258;Mr.|-0.0249;dog|0.0242;vice|-0.0220;listening|-0.0200;and|0.0197;to|-0.0189;his|0.0185;irritation|0.0184;the|-0.0164;to|0.0162;policy|0.0156;showed|0.0148;president|0.0133;with|0.0133"
biasdetector,3db93526-a344-4ea4-8772-3734d0cfdfb1,2,9,inf_only,0.07510531555368181,"mistaken|0.5199;again|0.2263;lifestyles.""|-0.1085;America|0.0663;endorsement|-0.0566;Obama|-0.0479;for|-0.0469;with|-0.0408;those|0.0384;has|-0.0272;different|0.0245;an|0.0207;President|-0.0202;tolerance|-0.0167;'s|-0.0085;of|-0.0045;lifestyles|0.0030"
biasdetector,8dc7ccfe-5cf0-482f-9101-a7c69881da4d,1,19,inf_only,0.049869282786590606,"And,|0.3231;them.””|-0.1659;of|0.1251;alarm|0.0940;sense|0.0496;he|-0.0494;some|-0.0484;conservative|0.0480;actually|0.0332;are|-0.0304;that““|-0.0303;warned|-0.0285;children|-0.0248;gay|0.0222;about|0.0207;with|0.0191;speaking|-0.0184;a|-0.0176;born|-0.0148;a|-0.0138"
biasdetector,3ae35b16-7f7f-4a5e-9f24-5ce724106a73,1,23,inf_only,0.057671686228630795,"sidestepping|0.4171;Trump|0.1179;approval.|-0.1161;case,|0.0687;so|0.0669;certain|-0.0575;In|-0.0541;this|0.0499;Congress|0.0491;funds|-0.0317;congressional|-0.0225;is|-0.0189;gain|-0.0159;federal|-0.0140;can|-0.0117;he|-0.0106;access|-0.0086;to|-0.0086;that|-0.0070;without|0.0068"
biasdetector,3db93526-a344-4ea4-8772-3734d0cfdfb1,2,8,inf_only,0.06660716506303288,"""Investing|-0.2696;wrong.|0.2008;objectionable|0.1376;promoting|0.1013;deeply|0.0628;dollars|0.0595;lifestyle|-0.0554;so|0.0465;find|-0.0327;a|-0.0194;is|0.0190;tax|0.0186;faith|-0.0144;of|0.0132;Americas|-0.0130;many|-0.0020"
biasdetector,c6a0e65c-4f8b-41de-8200-cd700f683c64,1,23,inf_only,0.06029547999302546,betrayal|0.2322;would|-0.1715;democracy.””|-0.1584;profound|0.1227;a|-0.0798;Putin|0.0724;Constitution|0.0310;stand|0.0272;our|0.0234;up|-0.0212;to|-0.0205;constitute|0.0187;““Failure|-0.0158;the|-0.0130;of|0.0075;to|-0.0070;and|-0.0027
biasdetector,0ffb34cd-c367-4d90-aca7-7fcac3ed8f3d,3,9,inf_only,0.08177255045694228,heartless.|0.4793;he|-0.1621;suggested|-0.0930;At|-0.0703;were|0.0654;one|-0.0513;that|-0.0363;opposed|-0.0355;who|0.0201;position|-0.0192;those|0.0123;his|0.0100;point|0.0083
biasdetector,13792511-5142-449f-8d3e-d77d790f65ec,2,13,inf_only,0.08261222631618795,ugly|0.2775;growth.|-0.2192;anemic|0.1194;he|0.1178;economic|-0.0938;recovery|-0.0872;job|0.0848;of|0.0707;credit|0.0659;cascade|0.0632;has|-0.0595;promised|0.0523;The|0.0517;turned|0.0422;and|0.0312;downgrades|-0.0286;into|-0.0199;a|-0.0021
biasdetector,6b541575-99b1-40d2-8730-9bb868ee38ed,3,10,inf_only,0.06637703943449098,government|0.2358;Democrats|0.1122;a|-0.1072;only|0.1041;chance|0.0937;running|-0.0933;given|-0.0907;the|0.0900;run|-0.0881;theyve|0.0661;it|0.0568;and’’|0.0440;The|-0.0211;to|0.0166;were|-0.0135;succeeded|0.0099;into|-0.0075;in|0.0066;ground.|-0.0040
biasdetector,65cb14cb-2d27-41e5-a2be-6fd6314f4363,2,28,inf_only,0.06188660754511754,"nastiness,|0.2665;ugliness,|0.1935;divisiveness,|0.0963;We|0.0851;records,|-0.0838;record.""|-0.0574;president|-0.0432;'s|-0.0311;have|-0.0230;distortions|-0.0188;of|0.0171;the|0.0067;seen|-0.0054;of|-0.0004;opponents'|0.0001"
biasdetector,005a2961-0c2e-4575-8eec-770ba52a08e0,3,23,inf_only,0.028951843948573336,"confusing|0.2052;saying""|-0.1251;He|-0.1003;Obama|0.0679;States.""|-0.0660;policy|0.0644;United|-0.0493;Gadhafi|0.0393;and|0.0298;carrying|0.0297;out|0.0248;Libya,|-0.0220;strongman|0.0197;of|0.0189;Libyan|0.0181;the|-0.0177;the|-0.0176;on|-0.0165;civil|0.0144;war|0.0144"
biasdetector,70c75d68-bf65-46a6-a822-15c23d77a275,3,1,inf_only,0.024310208595265607,"like|0.1767;wish|0.0824;hard|0.0727;week,|-0.0606;White|0.0600;Monday|-0.0553;liners|0.0505;proposal,|-0.0392;immigration|0.0366;a|0.0348;more|0.0331;of|0.0331;Miller.|-0.0323;Republicans|-0.0321;details|-0.0282;in|-0.0233;in|-0.0199;vote|-0.0189;to|-0.0186;House|-0.0185"
biasdetector,58ed2376-35a0-453a-a08e-5cd87e3bdea5,3,7,inf_only,0.01649643487789422,"release|-0.1419;Herrod,|-0.0721;lies,|0.0649;saying,““|-0.0497;legislation““|0.0338;Cathi|-0.0331;news|-0.0327;through|0.0324;Policy,|-0.0312;attacks|0.0264;irresponsible|0.0250;calling|0.0243;a|-0.0184;politics|0.0175;reporting.””|0.0166;absolute|0.0162;issued|-0.0153;have|0.0147;hijacked|0.0147;this|0.0147"
biasdetector,29ffd053-7684-469b-a600-97000579bd01,1,11,inf_only,0.05353691475589084,love.””|-0.2730;Darwinists|0.2467;““Survival|-0.1918;fittest|0.1122;may|-0.0585;gospel|0.0443;the|-0.0283;okay|0.0258;for|0.0214;be|-0.0213;the|-0.0213;of|0.0208;compassion|0.0149;but|0.0127;and|0.0094;of|-0.0089;Social|0.0088;of|0.0022;not|0.0008;for|0.0008
biasdetector,aab91277-8d56-4844-a581-45630f873f49,1,11,inf_only,0.035939810508862136,"glasses.|-0.1465;his|0.1060;shirt,|-0.1025;dapper|0.0778;trademark|0.0702;wardrobe|0.0630;bluejeans|-0.0477;navy|-0.0371;blue|-0.0356;rimmed|-0.0353;cotton|-0.0303;A|0.0228;his|0.0211;a|-0.0206;for|0.0192;in|-0.0160;dressed|-0.0093;and|0.0088;was|0.0082;known|0.0068"
biasdetector,b5eefefb-2a33-45de-abe1-f855c94165f4,2,53,inf_only,0.08781660061371936,"him|0.1902;with|0.1873;over|0.1300;expected,|-0.1284;attempted|0.1059;plow|0.0873;Biden,|-0.0511;But|0.0342;broadsides.|0.0258;to|-0.0250;as|0.0007"
biasdetector,68748e7f-cf6e-4ac7-8504-454c0876880d,2,25,inf_only,0.03564900960673872,"prowess|0.1816;has|-0.1232;associations|0.0863;gun|0.0622;rifle’’|0.0565;but|-0.0563;to|0.0490;testimony|0.0440;ownership,|0.0425;the|-0.0419;prospects|-0.0419;the|0.0397;new|-0.0365;for|-0.0254;such|-0.0254;controls|-0.0227;a|0.0215;are|-0.0195;President|0.0171;tough|0.0153"
biasdetector,6f95dcb9-e960-45ac-8c0e-91b85724c909,3,24,inf_only,0.024638399989183605,"supposed|0.0937;explosion|0.0928;enthralled,|0.0826;crowd|-0.0637;1920s.|-0.0554;class|0.0464;the|0.0336;was|-0.0312;down|0.0267;Coolidge,|-0.0214;tales|0.0213;even|0.0210;and|0.0208;of|0.0198;of|0.0152;as|0.0107;Statute|0.0101;The|0.0075;Calvin|-0.0062;winding|0.0060"
biasdetector,70c75d68-bf65-46a6-a822-15c23d77a275,2,6,inf_only,0.01867753155089484,"acrimonious|0.2500;politics,|0.0749;tit|0.0739;Pelosi|-0.0723;tat|0.0562;told|-0.0530;came|-0.0309;an|-0.0299;after|-0.0291;week|0.0284;of|0.0284;which|0.0236;for|0.0184;Ms.|0.0170;Union|-0.0170;address|-0.0170;could|-0.0159;not|-0.0147;Afghanistan.|-0.0139;deliver|-0.0130"
biasdetector,3ae35b16-7f7f-4a5e-9f24-5ce724106a73,1,29,inf_only,0.031920118142634325,"fabricated|0.1727;accountable.””|-0.1603;abandons|0.1089;““If|-0.1004;national|0.0729;bluff,|0.0427;call|0.0374;his|0.0374;Congress|0.0369;by|0.0269;emergency,|-0.0268;him|-0.0202;only|0.0177;Trump|0.0176;wont|0.0169;to|-0.0160;hold|-0.0160;and|0.0131;his|0.0128;we|-0.0115"
biasdetector,be026bd1-52b1-4789-bfd3-3632af17b054,2,22,inf_only,0.04146987038400275,"liberal|0.1744;said.|-0.1226;death|0.0989;spiral,|0.0844;Hail|0.0823;Armistead|-0.0738;ditch|0.0683;Mary,””|-0.0666;a|0.0413;chairman|-0.0403;know|0.0396;Bill|-0.0379;candidate|-0.0362;““National|0.0272;Moore|-0.0224;this|0.0193;is|0.0193;and|0.0177;campaign|-0.0160;their|0.0148"
biasdetector,7f9c83f7-3efa-4c7a-adef-3ebdeda96042,1,9,inf_only,0.08805151513910718,audacity|0.4243;““He|-0.1781;having‘‘’’|-0.1647;the|0.1279;dictate|0.0954;America|0.0528;to‘‘|0.0471;nations.|-0.0399;termsto|-0.0317;arroganceand|0.0309;criticized|0.0176;our’’|-0.0140;for|0.0049;other|-0.0036
biasdetector,2f3e86b6-8443-47bd-9cd3-491c90a59fe9,1,2,inf_only,0.03699961445671285,"felons,|0.3284;gerrymandering.|0.1368;transparency|-0.1192;of|-0.0828;It|0.0818;voting|-0.0693;dramatically|0.0692;expand|-0.0573;executive|-0.0357;and|-0.0291;strengthen|-0.0282;partisan|0.0210;money|0.0209;voting|-0.0205;restore|-0.0195;in|0.0179;millions|0.0149;access,|-0.0136;end|0.0130;the|-0.0126"
biasdetector,84678e18-0b79-4570-9c9f-cb1cf88d968e,2,32,inf_only,0.019082121859018617,"said.|-0.1684;Cincinnati,””|-0.1129;he|-0.0922;who|0.0744;administration|0.0613;““This|0.0556;expects|0.0332;us|0.0332;American|0.0255;people|0.0255;administration,|0.0233;which|0.0208;told|0.0208;us|0.0196;caused|0.0196;told|0.0151;the|0.0151;scandal|0.0144;was|0.0144;just|0.0123"
biasdetector,68748e7f-cf6e-4ac7-8504-454c0876880d,2,13,inf_only,0.022215814402425284,"as““|-0.0869;prey|0.0682;to|0.0618;Edelman,|-0.0603;on’’|0.0578;Americas|0.0553;the’’|-0.0433;the|-0.0430;Fund,|-0.0371;s|0.0347;attempts|0.0347;study|-0.0339;Wright|-0.0311;saturate|0.0307;Childrens|-0.0277;Marian|-0.0243;A.’’|0.0241;president|-0.0230;of|-0.0230;criticized|-0.0211"
biasdetector,eadabee7-3db9-43c4-a485-3e8b1882cd3c,2,30,inf_only,0.03914231939086069,somehow|0.2865;nomination|-0.0927;deny|0.0806;ditch|0.0746;platform|-0.0551;Clinton|0.0478;the|0.0367;remains|-0.0353;seen.|0.0330;to|0.0292;or|0.0291;be|0.0263;to|-0.0239;bid|-0.0211;last|0.0202;party|-0.0176;a|-0.0139;a|0.0125;fight|-0.0096;overhaul|0.0093
biasdetector,7a97de89-1433-46f7-bcc2-f80b041cb9a0,2,5,inf_only,0.027071279378273885,"lawmakers|-0.1274;erratic|0.0949;exasper|0.0823;behavior,|0.0664;what,|0.0560;years|0.0437;ated|0.0406;out|0.0372;Democrats|-0.0366;of|0.0363;scenes,|-0.0350;they|-0.0337;crisis.|0.0297;could|-0.0278;anything,|0.0273;this|0.0261;latest|0.0261;as|-0.0212;saw|-0.0204;do|0.0167"
biasdetector,df5fe55a-dfcb-4817-8631-830f47c21a72,2,11,inf_only,0.06237938581500202,giveaways|0.1925;that|0.1911;rich|0.1833;the|0.0848;little|0.0795;Democrats|-0.0651;economy.|-0.0629;provisions|-0.0622;to|-0.0521;do|0.0510;by|-0.0509;as|-0.0354;are|-0.0340;Both|-0.0305;the|0.0226;many|-0.0190;will|-0.0175;to|-0.0109;seen|0.0012;help|0.0010
biasdetector,2a3fde8a-082a-4d8f-9567-f7e8366c0200,3,5,inf_only,0.015201874320394899,"not|0.1004;facts.|0.0686;punish|0.0509;a|0.0497;fair|0.0497;service,|-0.0420;to|0.0417;““In|-0.0375;on|0.0354;Strzok|-0.0348;officers,|-0.0310;and|0.0249;Special|0.0249;Agent|0.0249;Amendment,|0.0205;the’’|-0.0194;countrys|-0.0186;conclusion―|-0.0168;of|0.0167;the|0.0167"
biasdetector,96b7046f-f584-422f-a626-6f86a26dfd8b,1,5,inf_only,0.017010171409319378,"nation|0.0585;Then|0.0585;so’’|-0.0441;modeldepartment.|0.0413;role’’|0.0406;respect|0.0359;guessing’’|0.0281;or|0.0252;father’’|0.0247;Im|-0.0235;dont|0.0223;the|0.0216;their|0.0144;coming|-0.0143;much,|-0.0137;very|-0.0129;youre|0.0109;up|-0.0084;and|-0.0067;matter,|0.0060"
biasdetector,72fa9b13-4e59-4716-8df9-4c3580e7dddf,3,1,inf_only,0.01588043997052875,"Lieberman,|-0.0586;political|0.0515;members|-0.0506;Trumps|0.0419;Mr.’’|0.0364;quietly|0.0333;operator|0.0304;with|0.0304;embrace|0.0260;of|0.0258;have|0.0222;rapid|0.0221;alarmed|0.0182;no|0.0167;federal|0.0167;But|-0.0160;a|0.0157;charming|0.0157;old|0.0154;hire.|0.0153"
biasdetector,8dac6c12-b5ca-468c-a249-7e0ab42f6b52,1,29,inf_only,0.039314007095526904,"she|-0.1632;bad|0.1624;someone|0.1411;country.""|-0.0750;""This|-0.0744;who|0.0583;has|-0.0546;they|0.0508;thought|0.0463;the|0.0380;when|0.0379;agreements|-0.0376;agreements|-0.0308;voted|-0.0295;is|-0.0245;for|0.0233;have|-0.0208;and|0.0187;they|0.0142;against|-0.0121"
biasdetector,58f414e5-a122-49f5-819e-512d91069da5,2,27,inf_only,0.0468049230306254,rancor.|0.1315;And|0.1292;present|0.1026;resist|0.0949;initiators|-0.0497;suggesting|0.0450;Ms.|-0.0356;the|0.0342;Republicans|0.0260;the|0.0242;Pelosi|0.0240;not|-0.0209;of|-0.0184;were|0.0056;that|-0.0048;could|0.0023
biasdetector,472158a1-4e39-4214-8397-904e66f2b4c5,1,5,inf_only,0.056509713736730284,crude.|0.4670;Trump|0.0943;a|-0.0826;relishes|0.0778;aligns|-0.0688;sophisticated|0.0635;Manhattans|-0.0605;in|0.0571;being|-0.0455;supporter|-0.0372;with’’|-0.0370;scene;|-0.0325;is|-0.0225;himself|0.0215;Bloomberg|-0.0200;Mr.|0.0190;Mr.|-0.0145;and|-0.0124;the|-0.0038;of|-0.0025
biasdetector,97b1305c-13ca-4b74-a56a-f459bd79dfaf,2,5,inf_only,0.05373625637251227,"bigoted|0.3056;bigotry|0.1217;""What|-0.1086;Tea|0.0903;Party|0.0520;we|-0.0428;continued|0.0422;issue|-0.0357;the|0.0214;for|-0.0196;and|0.0194;statements.|0.0149;tolerance|0.0125;with|-0.0101;take|0.0058;'s|0.0056;is|-0.0055"
biasdetector,84b3c118-50d2-45a5-a91f-7ed95b5d0143,2,52,inf_only,0.035430111467491754,"mogul|0.2981;unlikely|0.2025;who|0.1021;room,|-0.0682;educated|-0.0639;lives|-0.0624;himself|0.0494;York|-0.0462;Ivy|0.0436;foot|-0.0436;named|-0.0354;tower|-0.0331;himself|0.0319;in|-0.0315;rural|-0.0315;after|-0.0312;with|0.0305;movement|-0.0301;anchored|-0.0301;in|-0.0285"
biasdetector,550b80db-bdd5-442b-8f70-c8e9f3203a13,1,10,inf_only,0.1376199728498856,Surely|0.5559;man.””|-0.3745;never|-0.0875;done|0.0739;has|-0.0706;a|0.0310;been|-0.0244;to|-0.0145;this|-0.0062
biasdetector,b7021938-ff8d-42ea-adec-5704c0b65237,2,18,inf_only,0.041741110172057366,"enraged|0.1110;Republicans,|-0.0866;Trump.|0.0829;happily|0.0726;Muellers|0.0629;embraced|0.0623;has|-0.0560;what|0.0492;That|-0.0472;Mr.’’|0.0403;who|0.0350;they|0.0206;of|0.0175;in|0.0139;call|0.0127;absolution|0.0110;turn|0.0054;Mr.|0.0040;have|-0.0020"
biasdetector,3ae35b16-7f7f-4a5e-9f24-5ce724106a73,3,13,inf_only,0.0333614235157268,"replete|0.1195;misinformation|0.1026;by|-0.0949;government|0.0715;with|0.0692;reporters,|-0.0681;Trumps|0.0505;challenged|-0.0379;conflicted|0.0362;that|0.0316;statistics|0.0240;accept|0.0236;assertions|0.0231;were|0.0231;when|-0.0201;refused|0.0200;and,|-0.0180;Mr.’’|0.0172;own|-0.0153;narrative.|-0.0100"
biasdetector,1ed4f378-b9d4-43b8-8d50-53d0cc063332,1,5,inf_only,0.03166556116710934,progressive|0.2417;Friday|-0.1241;had|-0.1038;York|-0.0778;lauded|0.0687;Democrats|-0.0631;their|0.0581;base|0.0564;senator|-0.0487;voted|-0.0435;term|-0.0371;furloughed|-0.0330;federal|0.0302;to|-0.0224;even|0.0216;workers|0.0208;pay.|-0.0207;by|0.0165;spending|0.0159;million|-0.0155
biasdetector,13792511-5142-449f-8d3e-d77d790f65ec,2,0,inf_only,0.020690849468398723,"unconcealed|0.1477;disgust|0.1228;swagger,|0.0716;Tuesday|-0.0669;for|0.0643;that““|0.0618;say.””|-0.0573;LIVINGSTON,|-0.0491;N.|-0.0454;on|-0.0443;style|0.0420;J.|-0.0383;declared|-0.0207;an|-0.0207;vowing|0.0188;Jersey|0.0183;with|-0.0164;New|-0.0164;Washington|0.0154;Chris|-0.0134"
biasdetector,b5eefefb-2a33-45de-abe1-f855c94165f4,3,14,inf_only,0.026093578848949806,"withering|0.1388;patronizing|0.1279;singeing|0.0999;1988,|-0.0581;Bentsen|-0.0455;And|0.0409;courtly|0.0365;grins,|0.0363;unlike|0.0274;in|-0.0199;retorts.|0.0189;mostly|0.0162;up,|-0.0142;Mr.|-0.0101;Biden|-0.0098;the|0.0044;with|0.0032;but|-0.0028;the|-0.0027;young|-0.0027"
biasdetector,79bf99c6-6fca-4ce4-8ae1-8771de026142,3,34,inf_only,0.059015948128885,"has|-0.2394;Pelosi|0.2376;fact|0.1405;refuses|0.1307;relinquish|-0.1069;large,|-0.1029;each|-0.0818;has|-0.0703;to|-0.0645;to.|-0.0634;the|0.0577;cultivated|-0.0505;power|0.0446;Ms.|0.0388;idea|0.0365;a|-0.0310;underscored|0.0308;new|-0.0306;following|-0.0300;much|0.0248"
biasdetector,13792511-5142-449f-8d3e-d77d790f65ec,2,14,inf_only,0.07835323926820247,morass|0.2899;descended|0.2789;pension|-0.1432;state|-0.1356;of|0.1293;lawsuits.|-0.0974;payments|-0.0756;missed|0.0620;has|0.0478;he|0.0381;The|0.0357;vowed|0.0259;a|0.0213;and|0.0083;fix|-0.0081;to|-0.0054;system|0.0041;into|0.0038
biasdetector,ad409798-ee94-4436-92c5-92669193be14,2,7,inf_only,0.049538872407914755,"conspiracy|0.2509;that.|0.1268;an|-0.1013;theories|0.0985;Minutes|-0.0913;tweets|-0.0840;just|0.0838;Saturday|-0.0765;who|0.0562;has|-0.0528;had|-0.0400;on|-0.0310;morning|-0.0256;long|-0.0256;media,|0.0216;affinity|0.0184;to|-0.0177;about|0.0136;after|0.0121;social|0.0112"
biasdetector,2153fb3e-6b09-410c-bfea-d095c49a54ba,2,20,inf_only,0.012925861846461124,"""If|-0.1232;so|0.0749;people?|0.0632;divorced|0.0533;be|0.0425;from|0.0374;wholly|0.0301;American|0.0254;unrelated|0.0250;pushing|0.0231;of|0.0204;the|0.0204;insistence|0.0198;be--|-0.0140;debating|0.0119;matters|0.0119;that|0.0097;Americans|0.0097;the|0.0093;reality|0.0093"
biasdetector,ad409798-ee94-4436-92c5-92669193be14,2,17,inf_only,0.05767244213784579,"relentless|0.2304;waged|0.2079;has|-0.1595;hostility|0.1077;Yet|0.0943;long|-0.0876;expressed|-0.0697;freedoms.|-0.0653;has|-0.0622;on|0.0460;Trump|0.0421;attacks|0.0402;toward|-0.0395;Mr.|0.0299;traditional|-0.0205;like,|-0.0199;he|-0.0199;that|-0.0107;press|-0.0102;coverage|0.0074"
biasdetector,550b80db-bdd5-442b-8f70-c8e9f3203a13,3,4,inf_only,0.022803757181197804,"foul|0.1569;crying|0.1371;over|0.0461;blogger|-0.0456;already|0.0445;mainstream|0.0420;some|-0.0400;Can|-0.0294;biased|0.0272;saying|-0.0267;one|-0.0213;totally|0.0196;websites|-0.0195;look""|0.0193;with|-0.0187;media|0.0176;is|0.0150;Conservative|0.0142;it|-0.0137;crazy""|0.0136"
biasdetector,9879bbc0-eab3-482f-bf6b-a4b519393986,2,5,inf_only,0.019132481770428977,video|-0.0598;critics|-0.0582;of|0.0567;truth.|0.0507;the|-0.0423;before|-0.0398;was|-0.0385;administration|-0.0383;widely|-0.0367;wavered|0.0335;among|-0.0314;suppress|0.0307;conceal|0.0307;the|0.0307;terrorism--|0.0305;that|-0.0204;desire|0.0202;repeatedly|0.0197;of|0.0193;interpreted|-0.0166
biasdetector,550b80db-bdd5-442b-8f70-c8e9f3203a13,1,5,inf_only,0.032938982479093444,"Mainstream|0.1203;Lighthouse|-0.1064;said,““|-0.0872;Media|0.0809;face|0.0760;straight|0.0681;conservatives?””|-0.0511;the|0.0507;is|0.0406;that|0.0375;Web|-0.0263;biased|0.0199;against|0.0199;on|-0.0166;A|-0.0161;the|-0.0135;site’’|-0.0122;a|-0.0104;Can|0.0069;with|-0.0068"
biasdetector,c99adbdd-eaf3-4844-9548-2642e80de4e2,1,4,inf_only,0.03002463553916493,believe|0.0982;Washington|0.0756;time|0.0526;change|-0.0473;dont|0.0448;listening|-0.0428;the|0.0292;that.|-0.0216;Americans’’|0.0197;their|0.0182;to|-0.0166;in|0.0133;and|0.0125;are|-0.0104;is|-0.0030;now|0.0025;leaders|0.0022
biasdetector,70c75d68-bf65-46a6-a822-15c23d77a275,1,27,inf_only,0.030569169243836816,"unacceptable|0.2308;wall.""|-0.0949;'s|0.0638;program|-0.0488;away|0.0435;creating|0.0419;border,|-0.0398;TPS|-0.0388;crisis|0.0384;It|0.0373;solutions|0.0337;offering|-0.0294;and|0.0290;that|0.0280;taking|0.0270;for|-0.0257;immigrants|0.0255;permanent|-0.0254;for|-0.0254;a|-0.0239"
biasdetector,a4f1d515-d7d9-4319-b2e0-4d56e9d45554,2,19,inf_only,0.03808215165405639,"throated|0.3399;full|0.0826;programs,|-0.0810;The|0.0609;the|-0.0580;to|-0.0534;over|-0.0456;defense|0.0373;'s|-0.0251;the|0.0244;quell|-0.0226;he|-0.0210;of|0.0184;qualification|0.0183;albeit|0.0158;welcomes|-0.0138;unlikely|-0.0129;the|0.0104;revelations.|-0.0096;is|-0.0088"
biasdetector,84b3c118-50d2-45a5-a91f-7ed95b5d0143,3,3,inf_only,0.037387613069128106,establishment|0.1751;angry|0.1339;Barack’’|-0.0694;President|-0.0558;the|0.0509;base|0.0448;voting|-0.0430;fighting|0.0406;a|-0.0392;capitalize|0.0384;not|0.0371;GOP|0.0338;aggressively|0.0335;able|-0.0329;primary|-0.0323;for|0.0274;he|-0.0264;policies.|-0.0237;Obamas|-0.0220;was|-0.0187
biasdetector,1ed4f378-b9d4-43b8-8d50-53d0cc063332,1,3,inf_only,0.029499871200061444,"known.””|-0.1237;including|-0.0602;Democratic|-0.0592;Donald|0.0566;““Most|0.0541;allow|0.0533;number|-0.0526;Schumer,|-0.0525;Senate|-0.0513;threatened|0.0429;growing|-0.0386;Democrats,|-0.0367;deportation|0.0298;an|0.0296;to|0.0274;Trump|0.0259;continue|0.0246;to|0.0244;subject|0.0241;lives|0.0219"
biasdetector,0c78e748-efbf-417c-a8c1-beeb6480147f,2,5,inf_only,0.027278150099840373,"““Nothing|-0.1371;unfair,””|-0.1080;said,|-0.0945;lied|0.0661;Trump|-0.0467;like|0.0371;they|0.0364;Flynn|0.0331;Very|0.0321;life.|0.0242;and’’|0.0206;to|-0.0200;double””|0.0194;he|-0.0194;asked|-0.0188;happened|-0.0147;tweet|0.0136;ruined|0.0115;his|0.0115;standardwas|0.0097"
biasdetector,1f99798f-2b60-4ecb-b5f4-4aa7991e8ace,3,9,inf_only,0.04936927945238306,"claimed|0.1366;attacked|0.0928;prominent|0.0710;often|-0.0708;Democrats,|0.0708;Trump|0.0654;after|-0.0607;Republicans|0.0550;addressing|-0.0490;Minutes|-0.0434;threats|0.0360;the|0.0275;to|0.0198;for|0.0129;supporting|0.0123;are|0.0116;him.|-0.0036"
biasdetector,86e6e27d-1440-4879-8b13-0dd2d89f7281,1,4,inf_only,0.04804710817449065,"destroy|0.1811;eager|0.1479;Tlaib|-0.1098;portray|0.0972;out|0.0804;to|0.0779;criticism|-0.0702;as|0.0558;presidency,|-0.0478;Republicans,|-0.0460;piled|0.0413;Ms.|-0.0252;Democrats|0.0252;some|-0.0238;Mr.’’|-0.0199;of|-0.0179;to|-0.0120;on|-0.0108;tinged.|-0.0085;racially|0.0042"
biasdetector,8abec8d9-50a2-480e-969a-157f94954f4d,1,5,inf_only,0.028321413043886422,traitor|0.1665;““He|-0.1137;offended|0.0754;be|0.0565;face.|-0.0504;that|0.0468;comes|0.0366;here|0.0345;and|0.0341;like|0.0311;a|-0.0274;his|-0.0264;to|0.0258;he|0.0246;we|-0.0244;even|0.0229;because|0.0208;not|0.0205;with|-0.0200;will|0.0188
biasdetector,3db93526-a344-4ea4-8772-3734d0cfdfb1,2,7,inf_only,0.051602220764228456,"said.|-0.2227;war|0.1763;administration|0.1461;he|-0.0928;country,""|-0.0841;just|0.0486;recent|-0.0446;at|0.0402;with|0.0351;of|0.0334;the|0.0280;example|0.0264;most|-0.0261;""This|-0.0260;faith|-0.0168;an|0.0114;people|0.0101;is|-0.0075;of|0.0053;in|-0.0011"
biasdetector,472158a1-4e39-4214-8397-904e66f2b4c5,1,7,inf_only,0.04056125415256247,ostentatious|0.1958;Trump|0.1757;loves|0.0671;Mr.|-0.0660;his|-0.0527;overly|0.0494;possessions.|-0.0376;not|-0.0296;great|0.0281;show|0.0273;of|0.0240;Mr.|0.0116;to|-0.0101;for|0.0077;man|0.0061;is|-0.0058;Bloomberg|-0.0050;a|0.0047;wealth;|0.0041;off|-0.0028
biasdetector,1e41e98b-9ac1-441d-b2c2-19d8f730c74a,2,34,inf_only,0.030052346550242824,"And|0.1001;border|0.0790;wall.|0.0735;appears|0.0730;shutdown|-0.0702;the|0.0636;it|0.0622;remains|-0.0504;down|-0.0394;very|0.0376;the|0.0339;term|-0.0322;seen,|-0.0283;damage|0.0265;costly|-0.0236;than|-0.0236;though|-0.0233;term|-0.0226;economic|-0.0217;pain|-0.0204"
biasdetector,be026bd1-52b1-4789-bfd3-3632af17b054,3,9,inf_only,0.23481867206282914,contrived|0.3927;garbage|0.2399;media’’|0.2113;‘‘Total|-0.0954
biasdetector,0c78e748-efbf-417c-a8c1-beeb6480147f,1,9,inf_only,0.08133179373440466,Hillary|0.3784;lied|0.2598;Clinton|0.1006;B.|-0.0884;happened|-0.0802;to|-0.0637;Nothing|0.0476;to|-0.0297;times|-0.0277;the|0.0243;F.|-0.0176;many|0.0123;I.|-0.0050;her.|-0.0033
biasdetector,7f9c83f7-3efa-4c7a-adef-3ebdeda96042,1,10,inf_only,0.0290992299355166,"championed.””|-0.2079;unreciprocated|0.0799;systematically|0.0711;From|0.0624;reset|0.0491;oppose|0.0475;hand|0.0389;to|0.0389;that|0.0385;his|0.0356;has|-0.0274;Iran,|0.0260;to|0.0210;open|0.0201;every|0.0182;his|0.0178;opening|0.0145;to|0.0129;principle|-0.0105;his|0.0104"
biasdetector,3ae35b16-7f7f-4a5e-9f24-5ce724106a73,2,20,inf_only,0.04104240688940754,"affront|0.2319;abuse|0.1441;declaration|-0.1099;""The’’|-0.1020;an|0.0564;separation|0.0529;to|0.0407;an|0.0332;his|-0.0286;emergency|-0.0263;would|-0.0262;powers.|0.0200;of|-0.0188;a|-0.0170;of|0.0154;national|-0.0086;of|-0.0055;oath|-0.0022;and|0.0016;constitutional|0.0010"
biasdetector,3db93526-a344-4ea4-8772-3734d0cfdfb1,1,9,inf_only,0.05566703294109749,war|0.3352;administration|0.1266;of|0.1019;recent|-0.0962;This|-0.0527;just|0.0519;this|0.0496;most|-0.0471;at|0.0354;example|0.0287;an|-0.0276;is|-0.0229;the|-0.0220;people|0.0194;with|-0.0157;faith|0.0103;of|0.0103;country.|0.0034;in|-0.0007
biasdetector,c99adbdd-eaf3-4844-9548-2642e80de4e2,2,29,inf_only,0.10390562224867088,"politician.|0.3406;savvy|0.1154;ambitious,|0.1000;is|-0.0643;Labrador|-0.0627;sometimes|-0.0269;an|-0.0175"
biasdetector,01c59743-7082-44fc-8414-3c04126f470f,1,23,inf_only,0.042173739788787704,"Fake|0.2037;nothing|0.0995;deal|0.0653;""Grandstander?|0.0568;The|0.0407;such|0.0290;News|-0.0249;big|0.0225;about|0.0199;this|0.0112;a|-0.0112;is|-0.0034;event!""|-0.0021;making|0.0003"
biasdetector,3db93526-a344-4ea4-8772-3734d0cfdfb1,1,8,inf_only,0.07398885851725936,must|0.2006;war|0.1249;American|0.1020;administration|0.0937;on|0.0911;stop.|0.0864;'s|-0.0248;values|-0.0071;traditional|0.0055;This|0.0039
biasdetector,8abec8d9-50a2-480e-969a-157f94954f4d,2,14,inf_only,0.021874578137482916,"traitor|0.1070;not|0.0583;like|0.0563;heard,|-0.0411;be|0.0387;just|0.0249;even|0.0238;because|0.0226;and|0.0210;should|-0.0172;to|0.0160;dont|0.0146;we’’|-0.0126;offended|0.0123;He|0.0116;will|0.0104;like|0.0094;accept|0.0070;we|0.0064;be|0.0039"
biasdetector,4f473faf-f928-4cfd-8bed-00578be9db9a,2,35,inf_only,0.04030194140779426,tweeted:““|-0.2101;freedom???#|0.2063;OUTRAGE.””|0.1788;Indiana|-0.0575;Christian|0.0538;establishments|0.0509;actor|-0.0446;Ashton|-0.0387;Or|0.0330;Jews|0.0316;Vice|0.0313;in?|0.0249;Kutcher|-0.0237;from|0.0223;recently|0.0148;And|-0.0114;Religious|0.0110;Versa?|-0.0104;are|-0.0077;allow|-0.0048
biasdetector,01c59743-7082-44fc-8414-3c04126f470f,2,35,inf_only,0.023639774186858083,"scant|0.1323;understanding|0.0784;was|-0.0683;Marine|-0.0633;of|0.0533;respected|0.0530;among|-0.0401;Hill,|-0.0313;with|0.0285;a|-0.0269;protector|0.0247;chief.|-0.0238;beloved|0.0230;Capitol|-0.0208;career|-0.0187;on|-0.0154;as|-0.0148;the|0.0129;and|-0.0125;as|-0.0119"
biasdetector,8abec8d9-50a2-480e-969a-157f94954f4d,2,5,inf_only,0.02443689474398324,"railing|0.1840;mongering|0.1487;year|-0.0820;rapistsand|0.0719;U.|-0.0504;against|0.0416;about““””|0.0365;Trump|0.0345;drug|0.0327;dealers|0.0327;leaders,|-0.0295;a|-0.0286;as|0.0257;fear|0.0257;that|0.0245;are|0.0245;Mexico|-0.0223;than|-0.0177;has|-0.0174;it.|-0.0164"
biasdetector,76810849-0335-4ad3-9eaf-f0d9c5baceb6,1,13,inf_only,0.07133873469908447,weak|0.2724;ineffective.|0.1423;I|-0.1311;tough.””|-0.1096;asked|-0.1043;and|-0.0737;it|0.0673;leadership|0.0622;Must|0.0601;Our|0.0599;ban.|-0.0422;the|0.0346;called|0.0164;and|0.0133;is|0.0087;be|-0.0081;for|-0.0068
biasdetector,ae243a95-b2c2-410c-9e2b-b083b4b8eb48,2,12,inf_only,0.09488348257727922,cynical|0.5663;transparent.””|-0.1048;obvious|0.1009;very|0.0973;This|-0.0308;very|-0.0239;is|0.0150;and|-0.0051;strategy|0.0041;but|-0.0005
biasdetector,8385a996-1afc-4778-a06d-7070a8f19e27,3,4,inf_only,0.14432648357469588,resign!|0.5079;mind|0.1711;shot|0.0216;is|-0.0130;Her|-0.0080
biasdetector,f688c56d-7fae-42ef-b7f7-7db207b58d27,3,16,inf_only,0.03376490828596505,midterms.””|-0.1770;blatantly|0.1179;immigrant|0.0909;unconstitutional|0.0854;attempt|0.0534;hatred|0.0399;the|0.0315;fan|0.0278;transparent|0.0277;to|0.0275;ahead|-0.0266;anti|0.0264;and|0.0238;““This|-0.0230;sow|0.0214;of|0.0172;flames|0.0162;days|-0.0151;in|-0.0122;a|0.0071
biasdetector,d16050b3-979f-4834-90db-b8823691b87e,3,2,inf_only,0.015651753709108786,shocking|0.1080;sex|0.0860;stories|-0.0516;Lohans|0.0409;crotch|0.0318;fire|0.0284;has|-0.0270;of|0.0230;oral|0.0213;Griffin|-0.0191;out|0.0148;shoot.|0.0132;whole|0.0128;things|0.0107;to|0.0107;and|0.0101;new|0.0096;her|-0.0095;level|0.0092;controversial|0.0091
biasdetector,8385a996-1afc-4778-a06d-7070a8f19e27,3,12,inf_only,0.1678297009319067,really|0.4364;ego.|0.2278;an|0.1019;has|0.0690;He|0.0041
biasdetector,86e6e27d-1440-4879-8b13-0dd2d89f7281,2,3,inf_only,0.07762173789087683,entitlement|0.2589;lost|0.1565;““GOP|0.1314;Next.””|-0.1299;womens|-0.0872;behavior|0.0569;policing’’|0.0455;ago.|-0.0299;time|0.0172;long|0.0108;to|0.0061;a|0.0011
biasdetector,7f9c83f7-3efa-4c7a-adef-3ebdeda96042,3,6,inf_only,0.01470442448107116,"""He|-0.0888;off.""|-0.0796;believing|0.0539;too|0.0402;ceding|0.0289;more'|0.0279;adversaries,|0.0254;home'--|0.0242;better|0.0210;a|-0.0206;countries--|0.0198;took|-0.0198;and|-0.0191;was|-0.0179;hard|0.0152;America|-0.0143;office|-0.0137;be|0.0132;would|0.0131;too|0.0129"
biasdetector,b764f81f-6d08-4d7c-b1a8-8961bed0a455,3,32,inf_only,0.055804895738844396,"youd|0.2234;better|0.1479;enforcement|-0.1017;things|0.1014;as|0.0633;'s|-0.0521;Colorado|-0.0497;and’’|0.0453;have|-0.0446;do|0.0446;officials|-0.0380;think’’|0.0314;well.|-0.0250;law|0.0163;Nebraskas|0.0088;would,|-0.0084;top|0.0017;to|-0.0008"
biasdetector,3db93526-a344-4ea4-8772-3734d0cfdfb1,1,2,inf_only,0.1150669728172943,"religion.|0.2784;on|0.1905;I|-0.1670;President,|-0.1266;Obama|0.1248;'ll|0.1010;war|0.0988;'s|0.0487;end|0.0089;As|-0.0061"
biasdetector,86e6e27d-1440-4879-8b13-0dd2d89f7281,1,6,inf_only,0.07416418203501962,mouthed|0.2593;foul|0.2380;congresswoman.””)|-0.1309;Islamic|0.0823;Broadcasting|-0.0585;Network|-0.0529;referred|-0.0424;a““|-0.0343;The|-0.0278;to|-0.0168;her|-0.0136;as|-0.0050;Christian|-0.0025
biasdetector,1e41e98b-9ac1-441d-b2c2-19d8f730c74a,3,4,both,0.020278768568784647,"cave|0.1256;clear|0.1112;lawmakers|-0.0939;say|-0.0888;and|0.0836;a|0.0497;is|0.0432;35th|-0.0363;S.-|-0.0303;announcement|-0.0268;comes|-0.0268;border―|-0.0230;by|0.0222;budget|0.0214;Mexico|-0.0203;is|-0.0195;a|-0.0195;stems|0.0181;Trump,|0.0178;over|0.0154"
biasdetector,38f7cbb7-5d6a-4c89-bcbd-8e164144172a,1,10,both,0.02873187472135557,shenanigans|0.1896;““It|-0.1455;as’’|0.0684;abundantly|0.0664;political|0.0627;usualand|0.0590;end.””|-0.0421;he|0.0395;conduct|-0.0319;President’’|-0.0292;to|-0.0280;contrary|0.0271;kind|0.0249;clear|0.0232;engaged|0.0226;is|-0.0226;this|0.0205;is|0.0181;of|0.0156;kind|0.0125
biasdetector,ae243a95-b2c2-410c-9e2b-b083b4b8eb48,1,18,both,0.025070865029518597,"rigged""|0.1675;duck|0.0969;Sen.|-0.0782;ripping|0.0733;Senate|0.0637;Bennet,|-0.0493;lame|0.0459;Colo.,|-0.0432;agenda,|0.0354;the|0.0255;Michael|-0.0247;was|-0.0226;as""|-0.0167;caught|0.0145;members.|-0.0135;the|0.0129;and|0.0109;done|0.0095;without|0.0095;a|0.0095"
biasdetector,86e6e27d-1440-4879-8b13-0dd2d89f7281,3,6,both,0.026311522381868038,infamously|0.2232;bragged|0.1051;has|-0.0974;shithole””|0.0673;he|-0.0540;2005;|-0.0539;insults|0.0471;Trump|0.0360;slung|0.0289;at|0.0253;women““|0.0233;office|-0.0230;foes.|0.0229;pussyin|0.0222;the””|-0.0203;since|-0.0167;countriesand|0.0114;from|-0.0114;taking|-0.0109;a|-0.0091
biasdetector,1e41e98b-9ac1-441d-b2c2-19d8f730c74a,2,12,both,0.026371374998025575,"wimp|0.3083;States,””|-0.1342;aggressively|0.1031;pushed|0.1031;Twitter.|-0.0676;wrote|-0.0486;wall,|-0.0470;biggest|0.0393;the|0.0300;today,|-0.0298;longer|-0.0261;no|-0.0251;of|-0.0211;who|-0.0181;has|-0.0181;news|0.0173;for|0.0173;Mr.|0.0165;““Good|0.0158;Ann|0.0134"
biasdetector,cad4bba5-cf97-45cb-8059-ebeb47dcec7a,3,2,both,0.05883573420578614,"chided|0.3348;Friday|-0.1513;wasted|0.1226;on|-0.1159;accusing|0.1152;Boehner|0.1147;date,|-0.0952;the|0.0481;publicly|0.0440;of|-0.0402;came|-0.0313;another|0.0299;after|-0.0298;week.""|-0.0276;of|0.0200;having""|-0.0192;It|0.0162;progress|0.0149;Obama|0.0146;to|-0.0105"
biasdetector,0ffb34cd-c367-4d90-aca7-7fcac3ed8f3d,3,5,both,0.01685074075708486,"unabashedly|0.3547;Ariz.,|-0.0722;primary,|-0.0475;Tuesday|-0.0454;calls|0.0449;toughest””|0.0293;County,|-0.0274;New|-0.0235;Hampshire|-0.0235;the““|0.0226;he|-0.0226;a|-0.0208;month|-0.0208;himself|0.0184;more|-0.0174;than|-0.0174;issue:|0.0159;country.|0.0157;Sheriff|0.0132;sheriffin|0.0131"
biasdetector,472158a1-4e39-4214-8397-904e66f2b4c5,1,0,both,0.010540393184816836,rage|0.0769;Bloomberg|0.0705;menace|0.0367;think|0.0249;Michael|-0.0228;easy|0.0202;to|0.0191;billionaires|0.0188;labeling|0.0173;that|0.0170;week|-0.0164;Democratic|-0.0152;him|0.0144;about|0.0143;it|0.0112;Donald|0.0098;this|-0.0092;had|0.0078;Listening|-0.0077;a|0.0076
biasdetector,0ffb34cd-c367-4d90-aca7-7fcac3ed8f3d,1,1,both,0.01842022737988226,"self|0.2651;illegal|0.0512;titled|0.0427;Toughest|0.0405;S.|-0.0394;Sheriff,|-0.0327;combat|-0.0276;America|0.0275;controversial|0.0270;Perry|-0.0256;candidates.|-0.0255;law,|-0.0228;said|-0.0192;instituted|0.0190;has|-0.0184;1995|-0.0179;has|-0.0173;also|-0.0173;immigration|0.0172;that|-0.0156"
biasdetector,0d10341a-9dba-4374-a524-814c300d1611,3,18,both,0.012804694687992692,"complaining|0.1122;Sen.|-0.0690;Instead,|0.0550;it|0.0434;again.|0.0430;of|0.0411;McCains|-0.0314;variety|-0.0242;about|0.0207;issues,|-0.0205;and|0.0167;a|-0.0151;of|-0.0134;vote|-0.0134;to|0.0120;invade|0.0120;Afghanistan|0.0120;a|0.0116;half|0.0116;Defense|-0.0108"
biasdetector,c9e4d35f-aeae-462b-a8bf-e08d09a93b6e,1,14,both,0.03814162234322453,hysterical|0.3469;Friday|-0.1481;far.””|-0.0911;false””|0.0811;also|-0.0717;on|-0.0691;desire|0.0622;destroy|0.0580;Giuliani|-0.0476;to|0.0369;heed|0.0363;press|0.0325;Buzzfeed|0.0304;their|0.0214;take|0.0205;Muellers|-0.0192;to|0.0187;storyand|0.0162;correcting|-0.0161;Trump|0.0139
biasdetector,aab91277-8d56-4844-a581-45630f873f49,1,24,both,0.04327250133544482,"dirty|0.2745;trickster,|0.2527;described|0.0740;a|-0.0627;self|0.0585;campaign|-0.0390;began|-0.0386;back.|-0.0369;tattoo|-0.0364;of|0.0328;Stone|-0.0275;career|-0.0258;has|-0.0203;aide|-0.0174;Mr.|-0.0098;on|-0.0095;as|-0.0055;Nixon|-0.0054;his|-0.0032;Nixon|0.0021"
biasdetector,87609973-bd58-42a5-96e2-ee5aa47433f5,3,2,both,0.04580673644484609,"lashing|0.3753;apparently|0.2118;Friday.|-0.1487;resort,|-0.1254;Abedin,|-0.1244;Trump,|0.0994;Department|-0.0611;on|-0.0583;out|0.0371;tweet|0.0360;Washington|-0.0312;after|-0.0312;his|-0.0311;Florida|-0.0311;returning|-0.0308;to|-0.0308;former|0.0303;to|0.0285;posted|-0.0227;Clinton|0.0205"
biasdetector,59f2f47c-5da0-4fbc-be6e-4f15d45d82e2,2,8,both,0.01621234258252477,hacks|0.0623;pretend|0.0524;total|0.0453;innocence.|0.0449;nothing|0.0348;National|0.0299;sic)|0.0296;then|0.0261;political|0.0242;Lyin'|0.0179;henchman(|-0.0173;unlike|0.0159;I|-0.0145;Enquirer|-0.0119;the|0.0099;Ted|0.0081;do|0.0080;with|0.0056;to|-0.0053;Cruz|-0.0051
biasdetector,96b7046f-f584-422f-a626-6f86a26dfd8b,2,4,both,0.02062881452466806,"department.””|-0.1719;shot|0.1013;pro|0.1000;took|0.0712;lady,|-0.0629;at|0.0435;a|0.0413;writing""|-0.0314;The|0.0250;Obama|0.0243;much,|-0.0182;President|0.0178;and|-0.0177;your|-0.0171;mother|-0.0171;nation|0.0161;or|0.0150;model'|0.0142;the|0.0131;also|0.0130"
biasdetector,d4a4bc34-e48b-4485-86b2-f1daf4d464dd,2,4,both,0.02090932279673944,"outrageous|0.2007;runner,|-0.1075;about|0.0479;comments|0.0428;Latinos|0.0401;including|-0.0390;S.|-0.0339;rapists,""|0.0327;elected.|-0.0287;if|0.0280;calling|-0.0233;criminals""|0.0229;many|0.0189;GOP|0.0177;made|0.0167;he|0.0135;out|0.0123;insists|-0.0121;keep|0.0116;paying|0.0116"
biasdetector,72fa9b13-4e59-4716-8df9-4c3580e7dddf,1,25,both,0.05051237901282166,"stunning|0.2843;week,|-0.2083;need|0.1256;came|-0.0925;campaigns|-0.0842;director|-0.0606;for|0.0584;after|-0.0550;investigation|-0.0531;Comey|-0.0422;a|0.0414;Trump|0.0392;last|-0.0374;move|0.0349;that|0.0345;Russia.|0.0334;into|-0.0331;ties|0.0279;to|0.0279;the’’|-0.0262"
biasdetector,70c75d68-bf65-46a6-a822-15c23d77a275,3,5,both,0.014470261624647362,"bill|-0.0972;dead|0.0750;on|0.0750;GOP|-0.0442;detention―|0.0402;expand|0.0364;Senate.|0.0347;immigration|0.0314;arrival|0.0312;in|0.0312;be|0.0234;making|0.0191;it|0.0191;for|-0.0189;all|0.0174;measures|0.0174;the|0.0174;entry,|-0.0149;for|-0.0145;children|-0.0145"
biasdetector,aab91277-8d56-4844-a581-45630f873f49,1,27,both,0.019158037751207523,whodunit|0.0849;brash|0.0614;subject|-0.0604;crime.|0.0513;behavior|0.0470;of|-0.0356;the|0.0352;whom|0.0274;immediately|0.0274;dismiss|0.0268;readers|0.0257;obvious|0.0240;aides|-0.0235;former|-0.0222;His|0.0179;to|0.0175;less|0.0167;scrutiny|0.0149;made|0.0147;a|0.0137
biasdetector,72fa9b13-4e59-4716-8df9-4c3580e7dddf,1,26,both,0.06564244685547524,explosive|0.1980;Trump|0.1417;heightened|-0.1246;investigation.|-0.1134;the|0.1063;appearance|0.0800;have|-0.0725;of|0.0722;the|0.0694;series|-0.0689;reports|-0.0639;A|-0.0361;that|0.0307;with|-0.0194;the|0.0186;last|-0.0172;over|0.0080;interfered|0.0057;week|-0.0006
biasdetector,f688c56d-7fae-42ef-b7f7-7db207b58d27,1,1,both,0.035571365282290594,"called|0.1854;tweeted.|-0.1825;other,””|-0.0619;he|-0.0615;our|0.0613;““So|-0.0508;Citizenship,|-0.0497;Country|0.0414;unfair|0.0393;be|-0.0327;which|-0.0305;billions|0.0240;ended|-0.0233;one|-0.0207;our|0.0172;of|0.0169;dollars|0.0162;to|0.0157;and|0.0156;will|-0.0125"
biasdetector,d16050b3-979f-4834-90db-b8823691b87e,1,1,both,0.06795520396784893,"shocking|0.3288;gory|0.2606;famed|0.1777;photo|-0.0943;first|-0.0835;photo|-0.0581;the|-0.0550;published|-0.0498;TMZ|0.0443;Shields,|-0.0364;with|-0.0335;known|-0.0322;pictures.|-0.0314;from|-0.0284;his|0.0227;'s|-0.0209;Griffin|-0.0191;for|-0.0162;in|-0.0144;session|0.0132"
biasdetector,7f9c83f7-3efa-4c7a-adef-3ebdeda96042,1,28,both,0.015056581250924834,"assailed|0.1243;oppression|0.0721;continue|0.0546;political|0.0360;ironclad|0.0351;hostile|0.0262;Rubio|0.0252;exercise|-0.0251;which|0.0249;Obama|0.0176;for|-0.0158;As|0.0146;dialogues|-0.0144;hearings,|-0.0127;against|0.0093;stressing|-0.0089;openly|0.0087;Senate|-0.0085;with|-0.0074;has|-0.0064"
daroberta,6f95dcb9-e960-45ac-8c0e-91b85724c909,2,1,lex_only,0.03709007083410997,"ripped|0.2539;sweeping|0.1452;conference,|0.1257;denunciation|0.1159;progressivism.|0.0612;closing|-0.0375;Glenn|-0.0345;the|0.0343;Beck,|-0.0334;of|0.0300;right|0.0292;Saturday|-0.0270;Washington|-0.0269;hero|0.0255;political|0.0221;the|0.0195;a|0.0170;conservative|0.0164;off|0.0163;and|0.0145"
daroberta,72fa9b13-4e59-4716-8df9-4c3580e7dddf,1,7,lex_only,0.07445086824840733,severe|0.1849;had|-0.1528;politics|0.1469;in|-0.1162;background|-0.1098;with|0.1040;reacting|0.0749;his|0.0459;But|0.0285;reservation.|0.0259;is|-0.0221;that|0.0114;Democrats|0.0102;it|0.0087
daroberta,b7021938-ff8d-42ea-adec-5704c0b65237,1,9,lex_only,0.07891790121461131,"outrageous|0.3780;said.|-0.1737;pretty|0.1142;Graham|-0.1069;that|0.0992;some|0.0663;could|-0.0615;made|-0.0551;""He|-0.0229;Mueller|0.0171;'s|0.0047;comments|-0.0024;not|0.0023;verify,|-0.0004"
daroberta,472158a1-4e39-4214-8397-904e66f2b4c5,2,4,lex_only,0.03652786643102752,"bomb|0.1104;a""|0.0996;demagogue""|0.0824;thrower.""|0.0811;ous|0.0654;jabs|0.0620;called|0.0595;threw|0.0594;Bloomberg,|-0.0409;a""|0.0404;danger|0.0316;of$|-0.0315;and|0.0272;several|-0.0265;an|-0.0242;estimated|-0.0210;net|-0.0191;at|0.0175;billion,|-0.0134;worth|-0.0106"
daroberta,6f95dcb9-e960-45ac-8c0e-91b85724c909,3,23,lex_only,0.03321749586320948,"railed|0.2992;he|0.0820;logic|0.0705;education,|-0.0596;against|-0.0514;Reflecting|-0.0497;lack|0.0390;the|0.0305;of|-0.0271;to|-0.0138;government|-0.0116;argue|-0.0109;extending|0.0079;right|0.0064;to|0.0064;formal|-0.0056;on|0.0054;handouts|-0.0048;own|0.0043;health|0.0033"
daroberta,86e6e27d-1440-4879-8b13-0dd2d89f7281,1,26,lex_only,0.11709275003522635,talking|0.3264;outburst|0.2752;points.|-0.1564;Her|0.1252;ran|-0.0676;all|0.0670;Democratic|0.0241;counter|0.0117;to|-0.0003
daroberta,76810849-0335-4ad3-9eaf-f0d9c5baceb6,3,1,lex_only,0.0669291841176649,"disgracefully|0.3291;Islam'.|0.1350;Radical|0.1166;even|0.0849;President|-0.0581;words'|0.0515;to|0.0409;Obama|0.0402;refused|0.0377;remarks|-0.0302;today,|-0.0268;""In|-0.0172;the|-0.0156;say|-0.0123;his|-0.0076"
daroberta,b4dbeda7-a1f3-4711-ae77-db23809d1ed2,1,8,lex_only,0.015305579692358151,attacked|0.1869;concerns.|-0.0414;and|0.0391;GOP|0.0390;also|0.0259;president|0.0259;the|0.0248;opportunity|0.0232;The|0.0203;month|-0.0170;has|-0.0158;in|-0.0152;as|0.0098;dismissive|0.0098;White|0.0087;meet|0.0077;declining|0.0063;to|0.0060;for|0.0057;later|-0.0056
daroberta,af4a3f41-eeb5-49fa-a276-e97c230b25f0,3,10,lex_only,0.04034576745517552,terrorists|0.2257;radical|0.1889;took|-0.1017;Islamic|0.0921;swipe|0.0832;recognize|-0.0547;them.|-0.0483;State|-0.0370;a|-0.0283;also|-0.0268;He|0.0183;to|-0.0143;Islamic|-0.0136;at|-0.0134;and|-0.0114;declining|-0.0089;President|-0.0088;as|0.0069;stop|0.0064;group|-0.0063
daroberta,7f9c83f7-3efa-4c7a-adef-3ebdeda96042,1,14,lex_only,0.10445790950741086,alleged‘‘’’|0.3526;Rubios|0.1160;newforeign|0.0814;heres’’|0.0688;So’’|0.0617;““Okay.|-0.0306;policy.|0.0201
daroberta,d4a4bc34-e48b-4485-86b2-f1daf4d464dd,3,13,lex_only,0.04815290898217687,"wall!|0.3165;stupid|0.3016;such|0.0559;pay|-0.0208;a|0.0146;not|0.0123;going|0.0122;to|-0.0082;a|-0.0066;for|-0.0055;we|-0.0055;are|-0.0042;people,|-0.0024;single|0.0017;““Mexican|0.0017;cent|-0.0008"
daroberta,526cabb7-02a3-4adb-8e90-ec781c40c498,2,29,lex_only,0.07336028169633614,"hypocrite""|0.3534;ad|-0.1868;elitist|0.1732;called|0.1045;group|-0.0900;'s|-0.0495;first|-0.0394;security|0.0352;detail.|0.0209;Obama|0.0200;The|-0.0150;for|-0.0096;daughters'|-0.0017;an""|0.0008;his|0.0003"
daroberta,005a2961-0c2e-4575-8eec-770ba52a08e0,1,0,lex_only,0.04379467938459762,conspiracy|0.4124;theories|0.1785;about|0.1021;the|0.0586;investing|-0.0344;more|-0.0273;Donald|0.0262;certificate|-0.0225;Trump|0.0215;birth|-0.0209;is|0.0197;he|-0.0163;his|0.0125;as|-0.0117;Obamas|-0.0098;in|-0.0073;for|-0.0061;the|-0.0049;explores|0.0039;presidency.|-0.0031
daroberta,2f3e86b6-8443-47bd-9cd3-491c90a59fe9,1,15,lex_only,0.09484562573682827,"hardened|0.3743;lines,|-0.1651;Republicans|0.1397;vote|-0.1105;with|0.0896;down|0.0815;broke|-0.0577;opposition.|-0.0544;The|-0.0506;on|-0.0111;party|0.0023;in|0.0014"
daroberta,65cb14cb-2d27-41e5-a2be-6fd6314f4363,2,17,lex_only,0.0722020289932306,"phony|0.3793;theology.|0.1336;Some|0.0575;theology.""|0.0574;based|-0.0549;Not|0.0481;Bible.|0.0400;A|-0.0398;on|-0.0349;different|0.0325;a|-0.0283;the|0.0280;theology|0.0044"
daroberta,b5eefefb-2a33-45de-abe1-f855c94165f4,1,47,lex_only,0.04022638758077569,"feisty|0.2072;warrior""|0.1174;Messina|-0.0757;a""|0.0676;Obama|0.0522;Thursday,|0.0447;that|0.0437;Jim|-0.0378;'s|0.0326;happy|0.0316;he|0.0273;performance|0.0245;class.|0.0236;quipped|0.0232;'s|0.0204;After|0.0179;campaign|0.0173;middle|0.0139;Biden|0.0137;for|0.0099"
daroberta,1b96a5db-8974-46d3-82d7-5dfef02f650e,2,0,lex_only,0.02071545673090787,"blow|0.1034;stinging|0.1005;attacks.|0.0607;terrorist|0.0540;alleged|0.0397;In|0.0356;Wednesday|-0.0323;role|0.0291;Arabia|0.0222;its|0.0213;911|0.0204;for|0.0201;a|0.0199;the|0.0181;Saudi|0.0178;voted|-0.0175;in|0.0151;let/|0.0148;Obama,|0.0142;to|-0.0108"
daroberta,33521e65-12da-4521-b132-7b606243b0e4,2,24,lex_only,0.0351273079182614,"stormed|0.2864;threatened|0.1200;off|0.0913;but|-0.0487;Grimm|-0.0462;When|0.0340;camera|-0.0328;and|0.0287;investigation,|0.0278;to|0.0225;returned|-0.0222;balcony.|0.0213;about|0.0201;he|0.0167;Mr.|0.0106;the|0.0098;the|0.0090;off|0.0085;campaign|0.0051;financing|0.0042"
daroberta,86e6e27d-1440-4879-8b13-0dd2d89f7281,1,1,lex_only,0.01477007229457983,"expletive|0.1468;laden|0.0998;bonhomie|0.0391;the|0.0331;exuber|0.0309;telling,|0.0291;House’’|0.0248;impeach|0.0230;impeachment|0.0186;to|0.0173;promise|0.0172;and|0.0152;ant,|0.0142;of|0.0133;a|0.0126;by|0.0123;his|0.0123;But|0.0106;Trump,|0.0100;own|0.0096"
daroberta,d4a4bc34-e48b-4485-86b2-f1daf4d464dd,2,10,lex_only,0.10620696310486112,"prophet.""|0.3420;false|0.1819;""They|0.0751;of|0.0497;a|0.0466;followers|0.0339;'re|0.0142"
daroberta,59f2f47c-5da0-4fbc-be6e-4f15d45d82e2,2,0,lex_only,0.024844718829263,"Enquirer|0.0930;bidding.""|0.0744;henchmen|0.0688;billionaire|0.0607;political|0.0436;National|0.0410;lashed|0.0370;the|0.0339;to|0.0314;at|0.0287;the|0.0269;ing""|0.0265;friends|0.0265;of|0.0238;his|0.0233;do|0.0224;his|0.0183;and|0.0183;out|0.0148;Ted|-0.0139"
daroberta,6b541575-99b1-40d2-8730-9bb868ee38ed,3,22,lex_only,0.13197861671713845,these““|0.5350;known|-0.1316;little|0.1110;students.””|-0.0582;is|-0.0577;But|-0.0204;about|0.0100
daroberta,76810849-0335-4ad3-9eaf-f0d9c5baceb6,3,0,lex_only,0.024254039800559575,bombastic|0.6197;call|0.0899;the’’|0.0708;a|0.0249;and|-0.0121;shooting|-0.0109;for|0.0104;resign|0.0104;a|-0.0103;Obama|0.0086;issued|-0.0085;at|-0.0078;nominee|-0.0074;Donald|-0.0063;injured.|0.0058;50|-0.0057;people|-0.0057;Presumptive|-0.0056;Sunday|0.0054;dead|-0.0043
daroberta,2a3fde8a-082a-4d8f-9567-f7e8366c0200,2,25,lex_only,0.029298142730624897,unfounded|0.1669;called|0.0791;assertions|0.0582;so|0.0462;Trumps|0.0451;bureaucrats|0.0449;Mr.’’|0.0442;that|0.0395;state|0.0258;presidency.|0.0252;deep|0.0191;of|0.0173;opposed|0.0131;to|0.0131;undermining|0.0121;him|0.0105;emblematic|0.0099;a|0.0080;his|0.0070;was|0.0066
daroberta,59f2f47c-5da0-4fbc-be6e-4f15d45d82e2,3,7,lex_only,0.05510077346633706,"tabloid|0.1660;henchmen.””|0.1204;his|0.1135;a|0.0575;Trump|0.0572;““It|-0.0561;smear,|0.0517;and|0.0456;it|0.0455;and|0.0365;Donald|0.0200;has|0.0194;come|0.0185;is|-0.0133;from|-0.0054"
daroberta,3ae35b16-7f7f-4a5e-9f24-5ce724106a73,3,1,lex_only,0.017031044419854875,"grinding|0.1024;criminals|0.0414;unilateral|0.0360;justified|0.0357;profound|0.0335;action.|0.0325;regain|-0.0324;threat|0.0324;asserted|0.0312;Trying|0.0251;Mr.|-0.0250;and|0.0230;to|-0.0214;constituted|0.0204;a|0.0204;illegal|0.0179;immigrants|0.0176;Trump|0.0170;that|0.0155;drugs,|-0.0142"
daroberta,d4a4bc34-e48b-4485-86b2-f1daf4d464dd,3,4,lex_only,0.04278215810068344,"prophet,""|0.1108;false|0.1042;Hispanics|0.0894;are,|0.0825;those|0.0677;said.|-0.0590;to|-0.0470;""I|-0.0433;a|0.0413;would|-0.0363;they|0.0345;of|0.0291;know|0.0281;Fox|0.0115;who|-0.0096;are|0.0086;followers|0.0068;because|0.0027;like|-0.0006"
daroberta,e71d149d-0426-43f0-87e8-8c611dad7205,2,17,lex_only,0.09539529268762895,Trump’’s|0.2968;at|-0.1355;bit.|0.0826;camp’’|-0.0725;wasnt|0.0496;champing|0.0306;the|-0.0002
daroberta,74708dbf-5dfc-4c66-8419-d7dbc00e4a06,3,6,lex_only,0.040932989368836076,prone|0.2043;gaffe|0.1894;significant|-0.1874;GOPers|0.0893;who|0.0762;bloc|0.0517;of|0.0498;Steele|-0.0482;'s|0.0347;month.|0.0344;seeing|0.0279;of|0.0270;are|0.0198;the|0.0183;next|0.0182;creation|0.0179;aided|0.0174;the|0.0167;departure|0.0163;his|0.0152
daroberta,d16050b3-979f-4834-90db-b8823691b87e,2,2,lex_only,0.03639036365385331,"castigated|0.3207;bloodied|0.0800;Trump.|0.0753;Griffin,|-0.0691;the|0.0645;celebrity|0.0563;Mr.|0.0423;posing|0.0418;for|0.0391;author,|-0.0380;The|0.0377;comic|0.0368;president|0.0278;video|-0.0229;Kathy|-0.0199;showing|-0.0180;holding|-0.0126;of|0.0096;like|0.0096;her|-0.0094"
daroberta,70c75d68-bf65-46a6-a822-15c23d77a275,1,29,lex_only,0.02430922860821878,"slammed|0.1566;Trump|0.0681;McConnell|0.0543;Delaware|-0.0532;for|0.0492;offer""|0.0416;'s|0.0393;Fellow|0.0351;refusing""|0.0326;but|0.0249;called|0.0244;reform.""|0.0190;Sen.|0.0175;Chris|-0.0163;a|0.0159;meaning|0.0140;first|0.0136;fully|0.0125;to|0.0113;negotiate|0.0089"
daroberta,97b1305c-13ca-4b74-a56a-f459bd79dfaf,3,24,lex_only,0.052487011429750256,"extremist|0.4190;these|0.1132;groups,|-0.0660;these|0.0591;""And|0.0560;on|0.0429;then|0.0347;looking|-0.0337;they|0.0314;for|-0.0236;and|0.0191;are|-0.0120;something,|-0.0089;to|0.0076;are|0.0076;this.""|-0.0045;groups,|0.0043;latching|0.0013"
daroberta,f688c56d-7fae-42ef-b7f7-7db207b58d27,1,18,lex_only,0.018756734710946982,"blasted|0.3196;Republicans|-0.0518;former|0.0486;immigration|0.0394;such|0.0339;a|0.0283;something|-0.0272;an|0.0252;significant|0.0245;that|0.0174;Congress,|-0.0156;doing|0.0155;with|0.0155;DACA)|0.0140;the|0.0132;Arrivals(|0.0122;the|0.0120;with|0.0118;Trump|0.0108;use|0.0101"
daroberta,1ed4f378-b9d4-43b8-8d50-53d0cc063332,2,37,lex_only,0.03927157230179709,"crow|0.2912;about|0.2072;to|0.1535;bipartisan|0.0703;10|-0.0366;vote|0.0362;their|0.0349;outside|-0.0236;are|0.0208;Senate|0.0204;this|0.0178;the|-0.0159;on|-0.0131;chamber|-0.0109;agreement,|0.0105;year.|-0.0102;six|-0.0097;after|-0.0093;gathered|-0.0068;who|0.0066"
daroberta,f688c56d-7fae-42ef-b7f7-7db207b58d27,1,3,lex_only,0.020446586107969168,"crime)‘‘|0.1433;stuff.’’””|0.1156;insane|0.1134;went|0.0480;massive|0.0476;and|0.0355;Borders(|0.0324;Democrats|0.0296;the|0.0260;and|0.0217;the|0.0159;Open|0.0159;which|0.0136;brings|0.0136;started|0.0120;with|0.0120;said““|0.0108;he|0.0086;Reid,|-0.0054;Democratic|-0.0019"
daroberta,b5eefefb-2a33-45de-abe1-f855c94165f4,2,4,lex_only,0.013562768356992848,"woeful|0.2109;negligible|0.0501;top|0.0345;the|0.0234;Biden|0.0195;'s|0.0195;last|0.0166;doing:|0.0157;performance|-0.0141;probably|-0.0141;anyway,|0.0137;sometimes|0.0137;over|0.0137;But|0.0132;'s|0.0095;rallying|0.0086;the|0.0086;after|0.0066;Obama|0.0066;often|0.0060"
daroberta,d4a4bc34-e48b-4485-86b2-f1daf4d464dd,1,9,lex_only,0.08426382033420461,prophet.””|0.2410;false|0.1163;are|-0.0828;followers|0.0773;of|0.0573;““They|0.0076;a|-0.0075
daroberta,d4a4bc34-e48b-4485-86b2-f1daf4d464dd,2,7,lex_only,0.04932247000550361,"crazy|0.4446;people|0.0825;""Democracy|0.0804;cannot|-0.0751;that|0.0620;said.|-0.0561;today,""|-0.0357;pick|0.0311;he|-0.0267;the|-0.0103;on|0.0067;doesn|-0.0055;world|-0.0053;'t|-0.0050;know|0.0033;in|-0.0033;what|0.0021;going|-0.0009;'s|-0.0005"
daroberta,c21cb217-3e2c-49bd-884d-5c74a165ef10,1,4,lex_only,0.015930551619203103,"the““|0.0758;Wonderland””|0.0717;a|0.0587;strikingly|0.0565;wayward|0.0521;worldin|0.0341;marveled|0.0313;Wednesday,|0.0309;which|0.0263;town.|0.0236;what|0.0218;which|0.0184;at|0.0183;was|0.0156;adopted|0.0142;and|-0.0138;of|0.0129;the|0.0129;different|-0.0115;approach,|0.0096"
daroberta,d4a4bc34-e48b-4485-86b2-f1daf4d464dd,3,8,lex_only,0.055383291153702885,"crazy|0.3343;of|0.0859;fail|0.0850;to|-0.0580;man.""|0.0540;a|0.0489;falls|0.0482;the|0.0467;hands|0.0275;into|0.0177;going|-0.0157;is|0.0135;it|0.0133;if|-0.0128;This|-0.0124;nation|-0.0121"
daroberta,be026bd1-52b1-4789-bfd3-3632af17b054,3,12,lex_only,0.03204235380346125,"shenanigans|0.2699;these|0.1316;Democrats|0.0523;procedure.””|0.0451;and|0.0392;said,““|-0.0392;the|0.0352;by|0.0274;pulled|0.0259;standard|0.0230;operating|0.0230;as|0.0194;being|0.0174;shocked,””|0.0154;he|-0.0097;be|0.0044;rather|0.0035;will|0.0031;not|0.0031;of|0.0031"
daroberta,47a209b0-fc26-4a0a-a1fe-e4310d1d2419,3,31,lex_only,0.031166680203361465,"blasted’’|0.4725;cloth,““|0.1015;whole|0.0366;of|0.0327;whole|0.0245;So,|0.0219;modesty,””|0.0199;Hawaii)|-0.0193;constitutional|0.0182;new|0.0149;a|0.0135;doctrine|0.0133;Hirono(|-0.0132;creating|0.0128;for|0.0123;out|0.0110;Mazie|-0.0099;Sen.|-0.0088;so|0.0079;much|0.0079"
daroberta,450755dd-30d3-478b-933e-917be5c384ba,2,14,lex_only,0.014465303218045032,little|0.0665;and|0.0375;quotes|0.0374;gay’’|0.0359;they‘‘|0.0350;their|0.0347;about|0.0333;they‘‘’’|0.0325;they|0.0310;dont’’|0.0273;proudly|0.0223;posted|0.0211;all|0.0192;disconcerting|0.0175;a|0.0166;approveof|0.0160;how|0.0160;fil|0.0149;friendsbut|0.0148;really|0.0136
daroberta,b4dbeda7-a1f3-4711-ae77-db23809d1ed2,1,15,lex_only,0.02614911779541001,"called““|0.1562;Romney,|-0.0869;July,|-0.0692;apology””|0.0590;so|0.0449;of|0.0356;tourat|0.0318;attack|0.0267;In|-0.0259;group|-0.0251;an|-0.0221;the|0.0214;expense|0.0203;employed|0.0177;by|0.0177;same|0.0160;a|0.0157;line|0.0150;president|0.0137;of|0.0137"
daroberta,2ec04201-2016-4227-baf7-ba8289058203,2,11,lex_only,0.03623230856545385,"language|0.1543;virtually|0.1170;up|0.1159;beat|0.1021;identical|0.0625;used|0.0528;on|0.0449;to|0.0428;John|-0.0155;Ariz.):|0.0149;prior,|-0.0148;opponent,|0.0134;McCain(|-0.0131;his|0.0121;general|0.0110;Two|-0.0094;Sen.|-0.0070;Senator|-0.0067;Obama|-0.0067;R|0.0057"
daroberta,c6a0e65c-4f8b-41de-8200-cd700f683c64,2,19,lex_only,0.047884569494743595,"buddy.|0.2389;patriotic|0.1148;Putin|0.0724;understand|-0.0641;the’’|0.0544;should|-0.0490;and|0.0461;not’’|0.0393;Americans|-0.0376;Americas|0.0315;is|0.0215;not|0.0213;he|0.0196;that|0.0174;friend,|-0.0156;presidents|0.0097;is|-0.0073;All|0.0014"
daroberta,70c75d68-bf65-46a6-a822-15c23d77a275,1,23,lex_only,0.03174692651256919,"bluntly|0.1565;accused|0.1166;forcing""|0.1078;pointless|0.1028;Sen.|-0.0568;Trump|0.0547;of|0.0415;'s|-0.0222;a|0.0215;New|-0.0200;shutdown""|0.0174;Jersey|-0.0165;He|-0.0143;was|0.0103;wall.|0.0094;Then|-0.0077;Bob|-0.0072;to|0.0027;there|-0.0019;response.|-0.0016"
daroberta,11c9f251-35c8-4452-b052-df9be61464c6,2,1,lex_only,0.02083441223558191,"blast|0.2166;to|0.1082;daughters,|0.0972;Facebook|0.0971;to|0.0484;Dick’’|0.0392;taken|0.0202;has|0.0147;the’’|0.0133;latters|0.0102;sibling,|0.0099;Senate|-0.0092;ex|0.0089;York|0.0085;Times|0.0085;candidate,|0.0075;one|0.0074;of|0.0074;a|-0.0067;Wyoming|-0.0067"
daroberta,576116e5-2b18-4d35-be73-36f5863c9468,1,35,lex_only,0.020731521811627004,"adamant|0.1525;politically|0.0847;opposition|0.0535;Republicans'|0.0450;congressional|0.0391;that|0.0312;they|0.0240;accompanied|0.0236;tax|0.0221;The|0.0174;of|0.0167;unfeasible|0.0166;cut.|0.0159;of|0.0151;increase|0.0151;because|0.0147;a|0.0147;sort|0.0137;increase,|-0.0135;much|0.0125"
daroberta,47a209b0-fc26-4a0a-a1fe-e4310d1d2419,3,6,lex_only,0.030103088840068744,"infamous|0.2578;dogging|0.2269;ever|0.0632;base|0.0522;since|-0.0410;the|-0.0392;simple|0.0385;this|0.0385;rigged|0.0315;the|0.0309;Bush|0.0299;been|-0.0281;Democrats|0.0267;corporations,|0.0255;of|0.0248;2000|-0.0213;election:|-0.0192;well,|0.0185;and,|0.0184;Republicans?|0.0167"
daroberta,ad409798-ee94-4436-92c5-92669193be14,3,0,lex_only,0.04880780107267792,"voices.””|0.1127;claiming|0.1053;totally|0.0979;were““|0.0899;tear|0.0777;Saturday|-0.0691;Twitter|0.0586;discriminating|0.0541;into|0.0511;they|0.0479;to|0.0417;President|-0.0376;used|0.0370;companies|-0.0358;against/|0.0342;RepublicanConservative|0.0188;morning,|-0.0173;Donald|-0.0146;media|0.0111;social|0.0081"
daroberta,1e41e98b-9ac1-441d-b2c2-19d8f730c74a,3,0,lex_only,0.017823605320176506,devastating|0.1415;shutdown.|0.0463;negotiations|0.0369;Friday|-0.0329;government|0.0285;the|0.0259;term|-0.0199;a|-0.0179;so|0.0175;Trump|0.0163;will|0.0161;short|0.0152;that|0.0142;government|0.0134;effects|0.0134;that|0.0122;plan|0.0121;weeks|0.0119;partial|-0.0118;the|0.0112
daroberta,97566c74-e000-49fb-b091-e6ec6e179de0,1,2,lex_only,0.025792400098659775,of““|0.1491;the|0.1273;Newsmax|0.1018;Tuesday|-0.0633;might…””|0.0424;mogul.|0.0411;bowing|0.0313;threats|0.0293;seemed|0.0211;debate|0.0190;he|0.0184;was|0.0184;certain|-0.0168;to|-0.0168;Trumps|0.0144;that|-0.0136;I|0.0132;real|0.0127;from|0.0110;the|0.0110
daroberta,a4f1d515-d7d9-4319-b2e0-4d56e9d45554,2,0,lex_only,0.02072875717695912,"forcefully|0.1722;saying|0.0610;revelations|0.0587;Friday|0.0536;that|0.0461;defended|0.0421;communications,|0.0341;that|0.0282;briefed|0.0192;scope.|0.0165;in|0.0149;WASHINGTON--|-0.0137;fully|0.0134;programs|0.0115;was|0.0097;limited|-0.0092;Barack|-0.0091;Obama|-0.0088;electronic|0.0084;are|-0.0083"
daroberta,c99adbdd-eaf3-4844-9548-2642e80de4e2,3,17,lex_only,0.02350302638074794,grumbled|0.2484;the’’|0.0544;Some|-0.0485;ousted|0.0442;the|0.0361;of|0.0274;members.|0.0264;Houses|0.0240;David|-0.0218;to|0.0192;conservative|0.0180;Brat|0.0167;college|0.0160;willing|0.0145;House|0.0135;listen|0.0129;to|0.0129;had|-0.0128;most|0.0127;to|0.0125
daroberta,b7021938-ff8d-42ea-adec-5704c0b65237,2,3,lex_only,0.03560333629623832,"barbed|0.1952;the|0.1040;response|0.1013;room.|-0.0563;Adam|-0.0537;of|0.0452;the’’|0.0434;and|0.0417;Schiff,|-0.0388;demand|-0.0351;chairman,|0.0307;Republican|-0.0249;Representative|-0.0249;The|0.0208;B.|0.0069;House|0.0064;hearing|0.0064;paneled|0.0047;outside|-0.0039;committees|0.0031"
daroberta,1e41e98b-9ac1-441d-b2c2-19d8f730c74a,2,10,lex_only,0.026967163687115724,surrender|0.1123;remarkable|0.0900;nonnegotiable|0.0637;announcement|0.0582;reopening|-0.0483;who|0.0411;for|-0.0408;president|0.0371;the|-0.0327;surprise|0.0318;a|0.0303;political|0.0200;The|0.0173;made|-0.0162;a|-0.0129;condition|-0.0125;for|-0.0125;the|0.0120;government|0.0112;was|0.0099
daroberta,59f2f47c-5da0-4fbc-be6e-4f15d45d82e2,3,18,lex_only,0.03559131556581976,"““Lyin'|0.3317;site.|-0.0457;Trump|-0.0436;picture|-0.0389;GQ|0.0378;said|-0.0351;Cruz|0.0346;his|0.0330;just|0.0279;Ted|0.0262;of|0.0239;Melania|0.0239;used|0.0160;ad,””|-0.0154;the|0.0144;social|0.0129;on|0.0116;media|0.0109;a|0.0092;shoot|-0.0086"
daroberta,29ffd053-7684-469b-a600-97000579bd01,2,0,lex_only,0.03186175085992622,"rapping.|0.1456;knuckle|0.1420;Catholic|0.1159;fashioned,|0.1141;school|0.0820;but|0.0200;an|0.0195;old|0.0194;morning,|-0.0134;for|-0.0121;before|0.0120;University|-0.0105;not|0.0102;Ryan|-0.0084;Rep.|-0.0078;Paul|-0.0062;is|-0.0057;to|-0.0046;Thursday|-0.0039;Georgetown|-0.0036"
daroberta,29ffd053-7684-469b-a600-97000579bd01,3,0,lex_only,0.019637672760643796,"excoriated|0.2637;claimed|0.0809;he|0.0572;Committee,|0.0482;ever|0.0473;leaders|0.0392;since|0.0310;this|0.0257;been|0.0221;Catholic|-0.0201;D.|-0.0196;Paul|-0.0182;has|0.0174;Representative|-0.0168;his|0.0107;budget|0.0107;was|0.0103;inspired|0.0103;faith.|0.0099;the|0.0089"
daroberta,2ec04201-2016-4227-baf7-ba8289058203,2,28,lex_only,0.07541740979426183,nonetheless.|0.1524;attack|0.1368;McCain|0.1366;assault|0.1100;was|-0.0854;'s|0.0771;part|-0.0689;of|-0.0556;But|0.0537;the|0.0398;the|0.0251;on|0.0245;accounting|-0.0146
daroberta,d4a4bc34-e48b-4485-86b2-f1daf4d464dd,1,11,lex_only,0.0441845807324474,"stupid|0.3773;wall!””|0.1324;Calderón|-0.0787;told|-0.0406;CNBC.|-0.0393;Mr.|0.0393;““Mexican|-0.0315;such|0.0291;people,|-0.0210;a|0.0201;not|-0.0200;any|0.0165;single|0.0100;for|0.0070;we|-0.0060;are|-0.0042;pay|-0.0038;cent|0.0037;going|-0.0030;to|-0.0002"
daroberta,87609973-bd58-42a5-96e2-ee5aa47433f5,1,1,lex_only,0.017354523623975934,"Crooked""|0.2367;the““|0.0615;after""|-0.0398;Deep””|0.0317;Trump|0.0262;dump.|0.0230;President|-0.0209;went|0.0189;appearing|0.0184;classified|0.0170;aide|0.0128;StateJustice|0.0122;recent|0.0115;of|0.0108;Hillary|0.0107;issues|0.0080;Clinton|-0.0080;Tuesday,|-0.0080;material|0.0073;a|0.0069"
daroberta,6b541575-99b1-40d2-8730-9bb868ee38ed,3,21,lex_only,0.020218690942662456,"honestly,|0.1503;the““|0.0817;Obama””|0.0560;that|0.0554;provocative|0.0528;of|0.0394;inflammatory|0.0389;techniques.)|0.0321;Agenda(|0.0262;interview|0.0253;school|0.0227;of|0.0216;asked|0.0184;Jason|-0.0156;straight|0.0152;sort|0.0139;from|0.0132;regarding|0.0124;physical|0.0118;have|0.0097"
daroberta,96b7046f-f584-422f-a626-6f86a26dfd8b,1,12,lex_only,0.05460248094929195,"nonchalant,""|0.4094;turkeys|0.1380;even|0.1041;Nah.""|0.0610;the|-0.0448;with|0.0352;a|0.0328;to|-0.0325;one|-0.0292;'s|-0.0234;pet|-0.0190;pardoned|-0.0137;of|-0.0114;Malia|-0.0106;offer|-0.0086;declined|-0.0077;her|0.0012;father|-0.0003"
daroberta,0d10341a-9dba-4374-a524-814c300d1611,3,10,lex_only,0.03596880967202394,ridiculed|0.1902;News|0.1606;Trump|0.0722;radio|0.0613;his|-0.0513;changed|-0.0414;Fox|0.0404;and|0.0398;him|0.0311;money.|0.0237;demand|-0.0220;hosts|0.0174;for|0.0160;talk|-0.0128;on|0.0123;wall|0.0104;down|0.0076;for|0.0054;backing|-0.0052;again|0.0024
daroberta,86e6e27d-1440-4879-8b13-0dd2d89f7281,1,2,lex_only,0.02164830166588933,"profanely|0.2746;promising|0.1102;Mr.|-0.0711;Trump|0.0690;as|0.0640;began|0.0340;episode|0.0303;Tlaib|-0.0291;The|0.0281;cheers|0.0239;Rashida|-0.0199;to|0.0181;from|0.0179;activists|0.0160;when|0.0152;Thursday|-0.0120;in,|0.0113;she|-0.0109;drew|-0.0099;of|-0.0096"
daroberta,1ed4f378-b9d4-43b8-8d50-53d0cc063332,2,6,lex_only,0.026507033081448056,"hasty|0.2767;humiliating|0.2156;The|0.1533;the’’|0.0663;retreat|-0.0560;33|-0.0547;was|0.0411;Senate|-0.0338;Democrats|0.0286;by|-0.0229;of|0.0167;the|0.0129;particularly|0.0126;anniversary|0.0100;Republicans.|-0.0099;March,|-0.0061;the|0.0048;in|0.0044;Womens|0.0042;President|-0.0031"
daroberta,08bb9bee-c167-4c17-9c6d-4a1259231eb7,1,10,lex_only,0.0333046683271726,"year,|-0.1150;core|0.0940;activists|0.0824;a|0.0652;hard|0.0627;whose|0.0496;nomination|-0.0370;conversion|0.0351;their|0.0302;cause.|0.0294;life|0.0278;Mr.’’|0.0274;he|-0.0273;to|0.0257;captured|-0.0243;This|0.0239;in|0.0181;late|0.0132;of|0.0123;the|-0.0098"
daroberta,450755dd-30d3-478b-933e-917be5c384ba,3,7,lex_only,0.06845113177162905,ferocious.|0.4808;backlash|0.0599;across|-0.0519;has|-0.0496;been|0.0432;the|0.0323;fil|0.0293;The|-0.0281;country|-0.0215;Chick|0.0143;against|0.0086;A|0.0019
daroberta,2153fb3e-6b09-410c-bfea-d095c49a54ba,1,20,lex_only,0.013870107230203326,facetiously|0.2085;Boehner|0.1173;help:““’’|0.0533;Mr.|0.0208;work.””|0.0193;that|0.0116;could|0.0088;he|0.0085;that|0.0080;really|0.0080;former|-0.0076;Democratic|-0.0076;back|0.0071;to|0.0071;American|0.0067;people|0.0067;has|0.0066;sure|0.0059;Mr.|-0.0058;Im|0.0053
daroberta,2a3fde8a-082a-4d8f-9567-f7e8366c0200,1,12,lex_only,0.07083090646740269,"Witch|0.4436;Hunt,|0.1329;fact|0.1289;that|0.1015;the|-0.0956;Based|-0.0686;Strzok|-0.0632;will|-0.0414;on|-0.0296;the|0.0275;charge|0.0208;it|0.0179;was|-0.0084;be|-0.0083;in|-0.0075;of|-0.0058;dropped?|0.0027"
daroberta,b7021938-ff8d-42ea-adec-5704c0b65237,1,1,lex_only,0.023359428416603264,"slammed|0.1904;letter,|-0.0838;was““|0.0730;a|-0.0513;In|-0.0476;the|0.0391;media|0.0372;lawmakers|-0.0350;Fox|0.0300;circumstantial””|0.0298;claims|0.0279;committee,|-0.0278;Schiff|0.0276;in|0.0240;his|0.0193;more|0.0180;for|0.0179;and|0.0177;that|0.0171;there|0.0171"
daroberta,ad409798-ee94-4436-92c5-92669193be14,3,5,lex_only,0.02085572609169133,"rant|0.2176;about““|0.1412;fake””|0.0573;newsCNN|0.0321;““Censorship|0.0269;familiar|0.0266;police,””|0.0230;embarking|0.0206;now|0.0197;before|0.0191;watching,|0.0172;and|0.0151;salt.””|0.0129;a|0.0121;on|0.0116;added,|0.0084;thing&|0.0073;is|0.0072;a|0.0072;but““|0.0068"
daroberta,2f3e86b6-8443-47bd-9cd3-491c90a59fe9,3,25,lex_only,0.03401492400494005,freighted|0.2621;ambushed|0.1753;repeatedly|0.1119;Republicans|0.0772;to|0.0475;drive|0.0284;Democrats|-0.0209;in|0.0189;members.|0.0174;Democrats|-0.0122;procedural|0.0121;divide|-0.0099;motions|0.0096;with|-0.0081;vulnerable|0.0074;swing|0.0074;and|0.0071;twice|-0.0043;politically|0.0042;district|0.0037
daroberta,47a209b0-fc26-4a0a-a1fe-e4310d1d2419,1,7,lex_only,0.020981456909181653,"howling|0.3261;at|0.0640;moon|0.0527;the|0.0429;about|0.0422;circumstances.""|0.0366;such|0.0287;““You|0.0267;a|0.0235;the|0.0200;in|0.0189;filling|0.0182;Supreme|0.0175;Republicans|0.0131;FBI|-0.0067;seat|0.0046;were|0.0046;be|-0.0044;president|0.0042;investigation|0.0041"
daroberta,97566c74-e000-49fb-b091-e6ec6e179de0,3,4,lex_only,0.054059355086388275,claiming|0.4051;loudly|0.2413;(Trump|0.0639;he|0.0473;made|-0.0366;year.)|-0.0313;Republican|-0.0269;considering|-0.0245;earlier|-0.0240;very|-0.0236;in|-0.0137;by|-0.0119;as|0.0065;waves|0.0055;was|-0.0052;a|0.0028;running|0.0019;the|0.0012
daroberta,13792511-5142-449f-8d3e-d77d790f65ec,2,12,lex_only,0.01970022707689731,"spectacular|0.1884;dazzling|0.1575;whose|0.0494;his|0.0419;of|0.0387;loss|0.0328;by|0.0304;only|0.0212;Mr.|0.0210;matched|0.0176;stature|0.0162;be.|0.0159;term|0.0151;was|0.0151;second,|0.0142;national|-0.0120;his|0.0114;first|0.0114;a|-0.0092;he|0.0087"
daroberta,97566c74-e000-49fb-b091-e6ec6e179de0,3,8,lex_only,0.0266276347430216,"Trump|0.1680;noises|0.0883;making|0.0832;he|0.0437;still|-0.0374;debate;|0.0369;was|0.0344;on,|0.0341;went|0.0301;saying|-0.0288;began|-0.0270;canceling|0.0250;the|0.0219;however,|0.0175;place.|-0.0151;about|0.0141;as|-0.0136;Monday|-0.0136;possibly|-0.0131;the|0.0126"
daroberta,2ec04201-2016-4227-baf7-ba8289058203,2,23,lex_only,0.06311700832756129,assault|0.2804;on|0.2269;aspect|0.1235;campaign|-0.0930;This|0.0553;'s|0.0547;record.|-0.0451;Medicare|-0.0395;was|-0.0356;of|0.0344;the|0.0225;relatively|-0.0187;McCain|0.0115;minor|-0.0106;a|0.0096;Obama|0.0081;'s|0.0033
daroberta,65cb14cb-2d27-41e5-a2be-6fd6314f4363,1,2,lex_only,0.09682356822304428,"some|0.1704;phony|0.1481;some|0.1355;phony|0.1237;theology.|0.0715;““It’’s|-0.0610;ideal,|0.0515;about|0.0129"
daroberta,59f2f47c-5da0-4fbc-be6e-4f15d45d82e2,1,1,lex_only,0.015415303923590626,"words|0.0763;slowly|0.0695;Trump|0.0683;war|0.0542;escalated|0.0469;a|0.0434;of|0.0367;has|0.0352;Mr.|0.0331;his|0.0316;Twitter|0.0234;a““|0.0233;All|0.0211;super””|0.0198;on|0.0189;race,|0.0188;against|0.0075;Senator|0.0075;Ted|-0.0069;Cruz|-0.0069"
daroberta,6f95dcb9-e960-45ac-8c0e-91b85724c909,3,29,lex_only,0.021826560864025242,"News|0.1376;Fox|0.1358;complained,|0.1129;the|0.1027;All|0.0418;heard,|0.0292;tent.|0.0253;is""|0.0146;tent?|0.0142;'ve|0.0128;need|-0.0122;big|0.0114;we|0.0100;a|0.0081;host|0.0071;tent.|0.0070;tent?|0.0051;a|0.0032;big|0.0032;a|-0.0031"
daroberta,be026bd1-52b1-4789-bfd3-3632af17b054,1,0,lex_only,0.039831353141926235,bombshell|0.4761;Donald’’|0.0749;response|-0.0673;molested|0.0660;relayed|0.0538;WASHINGTON―|-0.0538;1979.|0.0443;allegations|-0.0443;Moore|-0.0313;The|-0.0257;Roy|-0.0238;that|0.0207;year|0.0187;House|0.0177;girl|0.0173;in|0.0173;sexually|-0.0159;a|0.0154;14|0.0154;Trumps|0.0148
daroberta,8dc7ccfe-5cf0-482f-9101-a7c69881da4d,2,13,lex_only,0.05136566294822842,"pounced|0.3228;comments.|-0.1032;Romney|0.0558;campaign|-0.0510;governor|0.0443;on|0.0430;news|0.0389;former|-0.0375;the|-0.0312;Obama|0.0285;'s|-0.0259;conference,|-0.0132;'s|0.0105;Following|-0.0097;'s|-0.0051;immediately|-0.0011"
daroberta,c21cb217-3e2c-49bd-884d-5c74a165ef10,2,15,lex_only,0.06908913202849883,"jackass.""|0.4222;a""|0.1266;referred|-0.0609;point,|0.0536;scrum|0.0504;Weiner|-0.0453;in|-0.0401;a|-0.0394;as|0.0381;to|-0.0381;one|0.0261;At|-0.0167;the|-0.0073;reporter|0.0024"
daroberta,47a209b0-fc26-4a0a-a1fe-e4310d1d2419,1,6,lex_only,0.022373793164466402,"unseemly|0.1326;big|0.1098;this|0.1002;““It|0.0796;is|0.0560;gray|0.0356;presidency,””|0.0349;said.|-0.0313;while|0.0247;justice|0.0235;Schumer|-0.0216;so|0.0123;lifetime|0.0117;Supreme|0.0098;appointment|0.0097;confirming|0.0096;to|0.0072;forward|-0.0070;fast|0.0066;Court|0.0053"
daroberta,ee05c9b3-529c-4268-ad72-19bd34f7197e,3,1,lex_only,0.05714299049849312,"who|0.1293;So|0.1205;Dave|-0.0914;stunning|0.0823;Brat,|0.0813;such|0.0764;pull|0.0699;he|0.0430;and|0.0394;win?|-0.0384;off|-0.0336;did|0.0241;how|0.0146;a|0.0124;is|0.0007"
daroberta,b5eefefb-2a33-45de-abe1-f855c94165f4,2,1,lex_only,0.017677491709608764,"bombarding|0.1505;rolls,|0.0724;accusations.|0.0602;jections|0.0534;him|0.0494;a|0.0425;flurry|0.0425;of|0.0422;eye|0.0422;and|0.0359;with|0.0349;and|0.0225;go|0.0119;inter|0.0108;charging|-0.0101;Romney|-0.0083;Mitt|-0.0069;Wis.),|-0.0065;mate|0.0055;from|0.0055"
daroberta,7a97de89-1433-46f7-bcc2-f80b041cb9a0,3,20,lex_only,0.03289154948362587,headaches’’|0.1967;hes|0.0985;Members|-0.0705;talking|0.0650;own|0.0638;the|-0.0606;party|0.0434;censuring|0.0419;even|0.0342;trying|0.0255;deal|-0.0240;to|-0.0220;one|-0.0209;with|-0.0182;Pages|0.0165;been|0.0162;have|-0.0162;about|0.0151;him.|0.0141;with|-0.0119
daroberta,2ec04201-2016-4227-baf7-ba8289058203,2,27,lex_only,0.02948696482409206,"demagogued|0.5093;ironically,|0.1904;and|0.0311;identified|-0.0198;the|0.0148;McCain|-0.0133;budget.""|0.0105;savings|0.0100;and|0.0068;that|0.0063;kept|0.0063;Romney|-0.0058;mate|0.0057;have|0.0057;the|-0.0049;since|-0.0047;them|0.0045;his|0.0045;'s|0.0044;Governor|-0.0040"
daroberta,3ae35b16-7f7f-4a5e-9f24-5ce724106a73,3,43,lex_only,0.039876908343285326,"caving|0.1230;Trump|0.1046;skin.|0.0821;wall,|0.0767;under|0.0557;on|0.0543;his|0.0438;gotten|0.0399;Ms.|-0.0358;viscerally|0.0335;the|0.0328;for|0.0269;But|0.0194;has|0.0156;Coulter,|0.0144;clearly|0.0121;who|0.0113;has|0.0112;attacked|0.0024;Mr.|0.0022"
daroberta,b4dbeda7-a1f3-4711-ae77-db23809d1ed2,1,7,lex_only,0.021414602433114945,"claiming|0.1238;has““|0.0747;bus.””|0.0611;that|0.0568;on|0.0444;the|0.0436;occasions|0.0406;many|0.0397;a|0.0252;targeted|0.0182;president|0.0169;under|0.0168;repeatedly|0.0155;the|0.0145;has|-0.0133;Iran,|0.0133;administration|0.0128;Israel|0.0105;for|0.0102;Mitt|-0.0082"
daroberta,be026bd1-52b1-4789-bfd3-3632af17b054,2,4,lex_only,0.016319722814527763,"media|0.0961;liberal|0.0928;called""|0.0660;lapdogs""|0.0558;lashed|0.0551;machine|0.0383;staunch|0.0213;Clinton|0.0198;social|0.0188;14.|0.0156;that|0.0150;claims|0.0145;earlier|-0.0145;The|0.0139;'s|0.0139;'s|0.0135;at|-0.0115;the|0.0101;he|-0.0096;Obama|0.0083"
daroberta,97566c74-e000-49fb-b091-e6ec6e179de0,1,11,lex_only,0.06647351513882833,"laden|0.3913;point|0.2432;issued|-0.0634;Trump|0.0581;through|-0.0487;statement|0.0307;exclamation|-0.0176;following|-0.0176;lawyer,|0.0169;Cohen.|-0.0167;his|0.0152;Mr.|-0.0092;the|0.0013;Michael|0.0009"
daroberta,6f95dcb9-e960-45ac-8c0e-91b85724c909,3,1,lex_only,0.03163421912540798,Bombastic|0.6222;conservative|0.0588;show|0.0456;Saturday|-0.0409;governance.|0.0285;conference|-0.0252;demanding|0.0247;their|0.0209;closed|-0.0157;Beck|-0.0126;three|-0.0109;hand|0.0104;trying|0.0098;that|0.0086;talk|0.0080;Glenn|-0.0076;a|-0.0074;conservative|0.0069;own|0.0054;by|0.0053
daroberta,84b3c118-50d2-45a5-a91f-7ed95b5d0143,2,6,lex_only,0.05726583047200822,hostile|0.2506;Trumps|0.1805;Mr.’’|0.1054;significant|-0.0836;generations.|-0.0820;amounted|0.0437;most|-0.0421;ascension|0.0419;facing|-0.0329;capital|-0.0324;a|-0.0307;takeover|0.0271;its|-0.0219;a|-0.0202;of|0.0172;to|0.0162;disruption|-0.0012;in|-0.0012
daroberta,b5eefefb-2a33-45de-abe1-f855c94165f4,3,8,lex_only,0.024423483774216492,"blowhard|0.2013;disconcerted|0.0905;blows,|0.0747;sheer|0.0642;the|0.0587;night.|0.0489;by|0.0265;It|0.0191;Ryan|-0.0190;spirited|0.0177;but|0.0170;intensity|-0.0152;lacer|0.0151;and|-0.0142;to|0.0132;the|0.0132;both|-0.0129;debate,|0.0123;with|-0.0108;Mr.|-0.0098"
daroberta,1ed4f378-b9d4-43b8-8d50-53d0cc063332,1,4,lex_only,0.031176166432886954,called|0.3365;DREAMers--|0.1802;the|0.0859;include|-0.0824;so|0.0575;forced|0.0460;permanent|-0.0447;bill|0.0423;Schumer|-0.0295;weekend|-0.0267;and|-0.0240;shutdown|0.0217;to|-0.0215;protections|0.0200;the|0.0200;Democrats|-0.0198;the|0.0196;over|0.0181;keep|-0.0176;after|-0.0173
daroberta,8385a996-1afc-4778-a06d-7070a8f19e27,3,23,lex_only,0.12637757629688298,squirming.|0.3769;also|-0.1549;left|0.1187;Ginsburg’’s|-0.1077;Democratic|0.0579;comments|0.0476;lawmakers|-0.0210
daroberta,6f95dcb9-e960-45ac-8c0e-91b85724c909,3,24,inf_only,0.02676248067411883,"supposed|0.1015;enthralled,|0.0974;the|0.0935;explosion|0.0679;even|0.0424;tales|0.0409;1920s.|0.0399;class|0.0389;as|0.0389;of|0.0284;the|0.0260;and|0.0257;of|0.0253;Statute|0.0223;Coolidge,|0.0188;down|0.0098;the|0.0093;them|0.0091;The|0.0090;crowd|-0.0069"
daroberta,eadabee7-3db9-43c4-a485-3e8b1882cd3c,3,10,inf_only,0.03889217073670947,"inaudibly|0.2188;chatting|0.1584;broadly.|0.1022;grinning|0.0909;Office,|0.0642;and|-0.0574;Mr.|0.0412;and|-0.0336;strolled|-0.0294;the|0.0289;colonnade|-0.0258;Obama|-0.0253;Sanders|-0.0195;Mr.|0.0177;Oval|0.0177;on|-0.0165;into|0.0161;Garden|-0.0132;the|-0.0101;their|0.0066"
daroberta,b5eefefb-2a33-45de-abe1-f855c94165f4,3,11,inf_only,0.04136755813921529,"brawler.|0.4233;his|0.1247;barroom|0.0794;especially,|0.0364;unleash|0.0362;inner|0.0201;relive|0.0107;Biden|-0.0103;and|0.0091;For|0.0069;his|-0.0064;chance|-0.0063;to|-0.0056;past|0.0032;night|-0.0023;was|-0.0021;Mr.|0.0015;debates|0.0010;the|0.0005"
daroberta,472158a1-4e39-4214-8397-904e66f2b4c5,1,24,inf_only,0.03008444986605485,"baggage,|0.1495;crazy,””|0.1453;Trump|0.0646;is|0.0638;but|0.0418;said|-0.0400;explorative|0.0378;Sheekey,|-0.0289;Mr.’’|0.0273;bid.|0.0230;told|-0.0228;who|-0.0225;Bloombergs|0.0223;Mr.|-0.0222;some|0.0209;me,|0.0198;was|-0.0146;Republican|-0.0097;presidential|-0.0094;involved|-0.0092"
daroberta,33521e65-12da-4521-b132-7b606243b0e4,3,4,inf_only,0.033818007523024614,"driven|0.2039;vendetta|0.1806;politically|0.1014;a|0.0550;against|0.0428;truth.|0.0356;Congressman|0.0315;Grimm|0.0137;""From|0.0129;and|0.0110;government|0.0107;an|-0.0084;the|0.0069;not|-0.0057;has|-0.0048;pursued|-0.0048;for|0.0037;the|0.0037;independent|0.0024;search|0.0024"
daroberta,f688c56d-7fae-42ef-b7f7-7db207b58d27,2,2,inf_only,0.13443216401393768,ridiculous.|0.4010;ridiculous.’’|0.3422;end.””|-0.1242;““It’’s|-0.1205;it|0.0755;Its|-0.0473;And|0.0471;has|0.0471;to|-0.0050
daroberta,3ae35b16-7f7f-4a5e-9f24-5ce724106a73,3,42,inf_only,0.016094339031371332,"that““|0.0829;policy.””|0.0688;Trumps|0.0658;insisted|0.0395;they’’|0.0360;supporters,|-0.0309;dont|0.0297;news|0.0217;outlets|0.0217;Mr.’’|0.0194;other|0.0178;conservative|0.0178;and|0.0165;display|0.0161;when|0.0161;was|0.0150;on|0.0150;desire|-0.0129;Laura|-0.0121;Hannity,|0.0118"
daroberta,550b80db-bdd5-442b-8f70-c8e9f3203a13,3,4,inf_only,0.025446533920937743,"crying|0.1384;foul|0.1095;websites|0.0595;already|0.0555;over|0.0436;really|0.0426;media|0.0389;mainstream|0.0359;are|0.0302;one|-0.0297;straight|0.0292;anyone|0.0275;Conservative|0.0275;blogger|-0.0270;a|0.0269;totally|0.0261;face|0.0242;saying|-0.0229;cover,|0.0208;that|0.0204"
daroberta,3db93526-a344-4ea4-8772-3734d0cfdfb1,1,9,inf_only,0.05809575558247927,war|0.2511;administration|0.1852;just|0.0943;country.|-0.0920;recent|-0.0706;this|0.0634;people|0.0613;with|-0.0521;an|-0.0395;most|-0.0378;of|0.0301;This|0.0294;example|-0.0239;in|-0.0232;at|0.0182;the|-0.0136;is|0.0073;faith|0.0066;of|-0.0044
daroberta,7f9c83f7-3efa-4c7a-adef-3ebdeda96042,1,10,inf_only,0.02495464222675931,"systematically|0.1206;regimes|0.0671;championed.””|0.0558;unreciprocated|0.0551;that|0.0521;every|0.0420;Cuba,|0.0377;Russia,|0.0349;oppose|0.0348;his|0.0341;Iran,|0.0334;his|0.0234;to|0.0224;to|0.0218;embraced|0.0192;principle|-0.0176;hand|0.0167;our|-0.0129;to|0.0117;to|0.0114"
daroberta,a4edca3f-931f-4785-8c3f-f3d8fa84cbec,1,4,inf_only,0.08552989569337417,"cronyism|0.2667;""It’’s|-0.1374;amok.""|0.1280;corruption,|0.1152;stunning|0.0921;of|0.0856;run|0.0717;secrecy|0.0684;record|-0.0324;and|0.0149;a|-0.0099;of|0.0041"
daroberta,8abec8d9-50a2-480e-969a-157f94954f4d,1,7,inf_only,0.10662409693468362,"fired|0.2468;Trump,|0.2453;his|0.1626;way,|-0.1578;back|-0.1058;Twitter.|0.0821;is|-0.0314;often|0.0142;as|0.0132;on|0.0071"
daroberta,0d10341a-9dba-4374-a524-814c300d1611,2,45,inf_only,0.05287907974786681,"claiming|0.3988;inaccurately|0.2370;that|0.0494;Barack|-0.0412;former|0.0382;work,””|0.0302;Washington.|-0.0203;one““|-0.0194;President|-0.0146;he|0.0118;has|-0.0103;““Walls|0.0083;Obama|-0.0076;compoundin|-0.0049;around|-0.0045;his””|-0.0020;added,|0.0003"
daroberta,7f9c83f7-3efa-4c7a-adef-3ebdeda96042,1,7,inf_only,0.013615523057225616,"bully|0.0625;thumbed|0.0450;extreme,|0.0418;a|0.0377;Rubio|-0.0365;characterization|0.0343;noses|0.0330;that|0.0265;so|0.0265;he|0.0264;their|0.0261;U.|0.0204;acquiesce|0.0187;to|0.0170;of|0.0156;eager|0.0153;erred|0.0147;repeated|0.0117;with|0.0108;laws.|0.0107"
daroberta,68748e7f-cf6e-4ac7-8504-454c0876880d,1,14,inf_only,0.018380055632566,"cruel|0.1254;hoax|0.1008;guns.""|0.0514;statement,|-0.0441;simply|0.0438;Weingarten|-0.0389;called|-0.0279;safe,""|-0.0257;flood|0.0252;a|0.0249;manufacturers|0.0235;that|0.0226;adding|-0.0221;a|-0.0204;assist|0.0159;gun|0.0159;are|0.0149;report""|0.0134;schools|0.0123;our|0.0113"
daroberta,97566c74-e000-49fb-b091-e6ec6e179de0,1,10,inf_only,0.025492933386062063,"proclaimed|0.2115;Mr.’’|0.1030;Trumps|0.0957;self|0.0831;status|0.0610;kingmaker.|0.0533;putting|0.0155;declined,|0.0133;a|0.0119;as|0.0098;Republican|0.0098;Romney,|-0.0067;Jr.|-0.0067;in|-0.0055;big|0.0050;all|0.0030;Huntsman|-0.0026;Ron|0.0024;Paul|0.0024;and|0.0022"
daroberta,b5eefefb-2a33-45de-abe1-f855c94165f4,3,14,inf_only,0.028716982009687596,"patronizing|0.1164;grins,|0.1131;singeing|0.0655;withering|0.0573;the|0.0511;retorts.|0.0487;up,|0.0451;with|0.0325;mostly|0.0302;man|0.0282;table|0.0248;And|0.0246;the|0.0240;across|0.0227;young|0.0226;unlike|0.0218;courtly|0.0150;the|0.0120;his|0.0082;temperature|0.0082"
daroberta,d16050b3-979f-4834-90db-b8823691b87e,2,22,inf_only,0.026758620259940604,lashed|0.3398;Trump|0.0597;Mr.|0.0524;whom|0.0420;of|0.0379;accused|0.0294;election.|-0.0254;he|0.0253;also|0.0237;Congress|-0.0171;at|0.0155;Democrats|0.0127;in|-0.0107;the|-0.0038;investigation|-0.0038;to|-0.0033;years|-0.0031;into|-0.0024;Russian|-0.0024;meddling|-0.0024
daroberta,b7021938-ff8d-42ea-adec-5704c0b65237,2,23,inf_only,0.04352817171149783,"lying|0.1307;knowingly|0.1032;leaking.””|0.0875;unlawfully|0.0719;and|0.0651;Schiff|-0.0588;well,|-0.0379;intervened|-0.0221;Trump|0.0211;accusing|0.0142;and|-0.0129;as|0.0119;of““|-0.0065;Mr.|-0.0048;Mr.|-0.0044"
daroberta,86e6e27d-1440-4879-8b13-0dd2d89f7281,1,18,inf_only,0.032069989079327295,asserting|0.1399;news|0.0796;his|0.0601;you’’|0.0555;theme|-0.0536;that““|0.0512;somebody|0.0500;cant|0.0467;at|-0.0406;who|0.0306;conference|-0.0208;impeach|-0.0186;by|0.0142;job.””|0.0111;He|0.0085;””|0.0076;continued|-0.0073;great|-0.0040;doing|-0.0028;the|-0.0024
daroberta,ad409798-ee94-4436-92c5-92669193be14,2,18,inf_only,0.03838324039908392,"open””|-0.1236;libel|0.1124;He|0.0898;fact|0.0730;to““|-0.0707;even|0.0564;has|-0.0474;federal,|0.0413;though|0.0300;vowed|0.0263;state,|0.0257;statutes|0.0164;laws,|0.0114;laws.|0.0105;nations|-0.0092;not|0.0074;are|0.0067;in|0.0067;those|0.0024;upthe’’|-0.0004"
daroberta,b7021938-ff8d-42ea-adec-5704c0b65237,2,20,inf_only,0.05141062968799187,"And|0.1647;their|0.1028;faced|0.0993;whose|0.0847;Mr.|-0.0786;doughy|0.0734;wrath|0.0656;demeanor|-0.0544;dog.|0.0375;at|0.0366;hardly|0.0358;of|0.0306;evokes|0.0255;center|0.0199;is|0.0192;Schiff,|-0.0149;an|0.0137;attack|0.0115;the|0.0081"
daroberta,472158a1-4e39-4214-8397-904e66f2b4c5,2,6,inf_only,0.02314373239267397,"disillusioned|0.0983;angry|0.0561;Bloomberg|-0.0537;and|0.0512;off.""|0.0463;Trump|0.0437;documented|0.0397;also|-0.0376;bankruptcies|0.0368;who|0.0341;had""|-0.0292;ripped|0.0268;charged|0.0259;of|0.0237;of|0.0212;and|0.0165;that|0.0164;feel|0.0155;record|0.0150;lawsuits|0.0147"
daroberta,472158a1-4e39-4214-8397-904e66f2b4c5,3,5,inf_only,0.03444230761791308,"lawsuits,|-0.1830;angry|0.1240;disillusioned|0.1071;Trump|0.0626;Bloomberg|-0.0595;bankruptcies,|0.0570;has|0.0464;career,|0.0444;said.|-0.0399;documented|0.0391;and|0.0269;who|0.0250;ripped|0.0245;his|0.0240;feel|0.0225;record|0.0199;of|0.0199;off,””|0.0181;stockholders|0.0166;who|0.0154"
daroberta,b5eefefb-2a33-45de-abe1-f855c94165f4,1,2,inf_only,0.0291133281344498,"blatantly|0.4525;panned|0.1140;tone,|0.0520;aggressive|0.0394;striving|0.0336;Obama|0.0258;But|0.0220;the|0.0205;at|-0.0204;was|0.0155;debate.|0.0150;president|-0.0127;his|0.0126;for|0.0125;who|-0.0105;last|-0.0096;to|-0.0091;reset|-0.0070;lackluster|0.0069;after|-0.0064"
daroberta,550b80db-bdd5-442b-8f70-c8e9f3203a13,2,5,inf_only,0.054355248270763296,"crazy.|0.4348;somebody|0.0884;who|0.0788;Rage'|0.0450;is|0.0348;of|0.0291;or|-0.0240;to|-0.0229;is|-0.0152;apply|-0.0116;wrestlers|0.0104;you|-0.0097;something|-0.0047;Queen|0.0039;""The'|-0.0020"
daroberta,70c75d68-bf65-46a6-a822-15c23d77a275,1,27,inf_only,0.015865967040006528,"unacceptable|0.1436;wall.""|0.0536;humanitarian|0.0404;crisis|0.0279;permanent|0.0254;away|0.0216;border,|-0.0191;'s|0.0174;Trump|0.0160;that|0.0158;after|0.0152;creating|0.0150;TPS|-0.0138;of|0.0131;taking|0.0131;eliminating|0.0121;DACA|0.0116;a|0.0114;President|-0.0109;is|-0.0100"
daroberta,e71d149d-0426-43f0-87e8-8c611dad7205,2,9,inf_only,0.030484679185420922,attack|0.0839;Trump|0.0722;Administration|-0.0537;Any|0.0534;democracy|0.0499;on|0.0487;unacceptable.””|-0.0428;this|0.0389;into’’|0.0363;cover|0.0363;attempt|0.0322;the|0.0283;up|0.0260;our|0.0203;to|-0.0179;of|0.0167;would|-0.0131;results|-0.0088;Russias|0.0080;be|-0.0074
daroberta,96b7046f-f584-422f-a626-6f86a26dfd8b,3,8,inf_only,0.022843366061690552,"glumly|0.2432;immigrants.|0.0478;and|0.0387;times,|0.0367;amnesty|0.0295;to|0.0195;unauthorized|0.0195;roll|0.0185;their|0.0181;father|0.0159;threw|-0.0148;the|0.0147;he|0.0144;pardoning|-0.0138;at|0.0134;granting|0.0121;girls|0.0105;as|0.0094;an|-0.0091;compared|0.0089"
daroberta,2b95d2cf-e979-4f9c-ae27-9a5370934f23,2,6,inf_only,0.02395580032851869,cuff|0.0896;Republicans.|-0.0616;troublesome|0.0544;but|-0.0472;and|0.0444;known|0.0408;occasionally|0.0359;chairman|-0.0288;The|0.0282;war|0.0248;is|0.0248;too|0.0236;supporting|-0.0228;the|0.0194;off|0.0193;much|0.0161;for|0.0158;remarks|0.0156;Afghanistan|0.0098;were|-0.0072
daroberta,79bf99c6-6fca-4ce4-8ae1-8771de026142,2,6,inf_only,0.07636560760720662,astounded|0.2250;refuses|0.1800;change.””|-0.1071;““I’’m|-0.0731;caucus|0.0583;to|-0.0466;this|0.0443;that|-0.0384;acknowledge|-0.0332;reality|0.0245;and|0.0096
daroberta,1ed4f378-b9d4-43b8-8d50-53d0cc063332,3,3,inf_only,0.04931779771244952,worse|0.1561;Trump.|0.1306;even|0.1217;the|0.0584;worst|0.0577;Washington―|0.0381;Chuck|-0.0375;negotiator|-0.0263;Schumer|0.0193;““It’’s|0.0156;than|0.0135;is|0.0085;official:|0.0038;in|-0.0032
daroberta,eb17fa36-89f2-4d0b-8133-7bb4682228e1,1,12,inf_only,0.018290079793740786,"allegedly|0.1775;was|0.0719;Hunter,|-0.0559;purchases.””|0.0428;race,|-0.0355;earliest|-0.0260;about““|0.0253;aware|0.0206;of|0.0206;continued|0.0197;Trumps|0.0191;and|0.0183;presidential|-0.0154;to|0.0151;and|0.0118;what|0.0117;he|0.0117;were|0.0109;doing|0.0109;his|0.0100"
daroberta,472158a1-4e39-4214-8397-904e66f2b4c5,3,8,inf_only,0.06163551423898233,"hypocrisy,””|0.3194;Bloomberg|-0.1100;said.|-0.1026;told,|0.0982;Trump|0.0557;““Truth|0.0553;thing|0.0381;Donald|0.0340;be|0.0245;about|0.0130;the|0.0055;is|0.0039;richest|-0.0019;his|0.0008"
daroberta,c21cb217-3e2c-49bd-884d-5c74a165ef10,3,26,inf_only,0.03645234379003307,"usual|0.2595;partisan|0.1627;tweeting|0.0912;his|0.0898;was|0.0707;back|0.0676;Tuesday|-0.0396;limit,|0.0316;Weiner|0.0257;vote|-0.0196;debt|-0.0185;House|-0.0161;as|-0.0151;the|0.0142;edge.|-0.0116;nation|-0.0096;about|0.0095;to|-0.0082;'s|-0.0069;on|-0.0056"
daroberta,2a3fde8a-082a-4d8f-9567-f7e8366c0200,1,28,inf_only,0.05070281771109684,tarnished|0.1762;sterling|0.1176;He|0.1136;FBI|0.0726;paramount.|-0.0716;the|0.0686;severely|0.0679;damaged|0.0576;reputation|0.0501;an|-0.0356;public|0.0327;institution|-0.0246;is|-0.0239;and|0.0188;in|-0.0120;trust|-0.0108;where|0.0042;'s|-0.0036;trust|-0.0014
daroberta,58f414e5-a122-49f5-819e-512d91069da5,2,27,inf_only,0.05053695652168244,rancor.|0.2106;present|0.1618;And|0.1349;Pelosi|-0.0532;the|0.0347;the|0.0343;of|0.0273;Republicans|0.0267;initiators|0.0244;Ms.|-0.0212;resist|0.0173;were|0.0166;that|0.0161;could|0.0145;suggesting|-0.0084;not|-0.0066
daroberta,ed8c136f-8d44-4c83-ad05-0dcfc3a0c54a,3,36,inf_only,0.057111335240981796,the|0.1557;what|0.0983;doing?””|0.0915;are|-0.0604;protesters|-0.0590;they|0.0507;that:|0.0382;commenting|-0.0306;““Even|0.0300;are|-0.0082;on|-0.0057
daroberta,aab91277-8d56-4844-a581-45630f873f49,2,22,inf_only,0.04226059923465881,vindictive|0.3715;fact|0.0897;CNN|0.0714;it|0.0683;““This|-0.0617;abuse|0.0554;by|0.0426;time.””|0.0420;the|0.0251;that|0.0250;of|0.0229;nature|0.0172;it|-0.0170;was|-0.0166;is|-0.0140;underscores|-0.0119;ahead|-0.0102;of|0.0101;the|0.0099;of|0.0085
daroberta,aab91277-8d56-4844-a581-45630f873f49,2,7,inf_only,0.055200237003686065,"scaring|0.1683;scaring|0.1252;said.|-0.0951;attorney|-0.0798;house,|0.0773;it|0.0628;was|0.0611;completely|0.0611;wife,|0.0576;his|0.0497;unnecessary,””’’|-0.0395;Stones|-0.0383;““A|0.0345;searching|-0.0323;dogs|0.0208;the|-0.0198;his|0.0171;team,|-0.0061;SWAT|-0.0024"
daroberta,97b1305c-13ca-4b74-a56a-f459bd79dfaf,1,12,inf_only,0.024444747575111638,"beset|0.1301;and|0.0666;epithets,|0.0601;legislation|-0.0521;instance,|0.0514;Tea|0.0468;The|0.0461;hurling|0.0333;protesters|-0.0285;Party|0.0265;been|0.0263;Congress|-0.0219;of|0.0201;care|-0.0199;racism|0.0183;congressman.|-0.0176;on|-0.0170;health|-0.0164;vote|-0.0159;accused|-0.0157"
daroberta,6b541575-99b1-40d2-8730-9bb868ee38ed,3,8,inf_only,0.024939322994461718,"bag|0.1081;fantasy|0.0825;a|0.0508;of|0.0507;public.|0.0481;hard,|0.0373;grab|0.0353;them|0.0343;forced|0.0320;A|0.0263;to|0.0247;is|0.0233;increasingly|0.0223;progressive|0.0210;enact|0.0187;the|0.0182;that|0.0163;American|0.0155;unpopular|0.0138;left|0.0127"
daroberta,2ec04201-2016-4227-baf7-ba8289058203,3,24,inf_only,0.020618571138820027,truth|0.1196;is|0.0471;today.””|0.0444;that|0.0403;nothing|0.0355;Romney|0.0326;the|0.0326;it:|0.0323;but|0.0299;with|0.0236;people|0.0230;end|0.0228;know|-0.0216;with|0.0212;the|0.0200;Medicare|0.0199;of|0.0173;The|-0.0168;we|-0.0156;would|0.0143
daroberta,0c78e748-efbf-417c-a8c1-beeb6480147f,2,5,inf_only,0.019366677382320008,"life.|0.0876;like|0.0537;and’’|0.0515;lied|0.0459;ruined|0.0368;her.|0.0354;Flynn|0.0354;they|0.0319;said,|-0.0269;its|0.0263;““Nothing|-0.0256;his|0.0244;tweet|-0.0204;weekend|-0.0181;unfair,””|-0.0130;play.|-0.0089;Trump|-0.0085;echoing|-0.0076;a|-0.0076;he|-0.0053"
daroberta,c9e4d35f-aeae-462b-a8bf-e08d09a93b6e,1,1,inf_only,0.015499098359445683,"phony|0.1041;BuzzFeed|0.0798;phony|0.0778;total|0.0654;story,|0.0616;a|0.0571;that,””|-0.0388;was|0.0376;it|0.0361;story--|0.0336;piece--|0.0232;reporters.|-0.0220;statement|-0.0167;a|-0.0145;and|0.0124;night,|0.0114;last|-0.0114;he|-0.0088;told|-0.0088;and|0.0083"
daroberta,a28a0329-0887-42dc-bd3d-3bb4f8926757,2,11,inf_only,0.06964057542694112,"virtually|0.3045;axiomatic|0.1508;least|-0.1095;precedent,|-0.0943;congressional|0.0938;initially.|-0.0729;all|-0.0665;legal|0.0452;presumed|-0.0240;is|-0.0197;valid|0.0178;at|-0.0163;Under|0.0151;anyway,|-0.0101;action|-0.0041"
daroberta,8abec8d9-50a2-480e-969a-157f94954f4d,2,22,inf_only,0.027769617842406863,"bomb.””””|0.1575;railing|0.1172;the““|0.0917;against|0.0622;f|0.0275;Vicente|-0.0275;who|-0.0249;President|-0.0230;he|-0.0227;my|0.0212;““Former|-0.0186;using|-0.0183;Fox,|0.0161;today,|0.0090;invited|0.0070;visit|0.0064;when|0.0040;for|-0.0031;also|0.0021;is|0.0018"
daroberta,ad409798-ee94-4436-92c5-92669193be14,2,7,inf_only,0.03506987344195568,"conspiracy|0.2094;theories|0.1365;an|-0.0977;Saturday|-0.0789;media,|0.0598;appeared|0.0519;for|0.0393;affinity|0.0235;his|0.0235;tweets|0.0226;long|-0.0192;that.|0.0185;on|0.0183;who|0.0170;president|0.0166;just|0.0157;has|-0.0153;the|0.0141;do|0.0084;social|0.0066"
daroberta,b764f81f-6d08-4d7c-b1a8-8961bed0a455,3,33,inf_only,0.12306215251899427,"wrong|0.3819;guys|0.3095;on|-0.0980;the|0.0823;These|-0.0675;history.""|-0.0613;are|-0.0457;of|0.0450;side|0.0164"
daroberta,8385a996-1afc-4778-a06d-7070a8f19e27,1,26,inf_only,0.04665753034253915,pretense|0.2759;harm|0.0878;apolitical|0.0797;perhaps|-0.0575;does|-0.0421;than|0.0418;““So|-0.0320;that|-0.0192;more|-0.0183;the|0.0137;are|-0.0092;nonpartisan|-0.0091;and|-0.0054;good.””|-0.0050;judges|-0.0032
daroberta,1f99798f-2b60-4ecb-b5f4-4aa7991e8ace,3,9,inf_only,0.05648637721132414,"claimed|0.2629;attacked|0.1316;threats|0.0958;Trump|0.0808;after|-0.0726;addressing|-0.0677;Republicans|0.0392;Minutes|-0.0388;for|0.0313;supporting|0.0265;prominent|0.0237;Democrats,|0.0223;him.|-0.0206;are|-0.0136;the|-0.0132;to|-0.0123;often|-0.0073"
daroberta,0c78e748-efbf-417c-a8c1-beeb6480147f,3,5,inf_only,0.07247218706955512,"lied,|0.1164;like,|0.1127;ruined|0.0981;and’’|0.0975;Flynn|0.0831;it|0.0571;its|0.0566;life.|0.0162;his|0.0146"
daroberta,be026bd1-52b1-4789-bfd3-3632af17b054,2,22,inf_only,0.032105395869751065,"liberal|0.1664;spiral,|0.1061;death|0.0565;and|0.0527;a|0.0446;this|0.0433;said.|-0.0428;their|0.0344;know|0.0338;is|0.0338;Moore|-0.0328;Doug|-0.0304;ditch|0.0241;candidate|-0.0239;Mary,””|0.0226;Armistead|-0.0212;Hail|0.0205;organizations|-0.0155;chairman|-0.0147;Bill|-0.0147"
daroberta,7a97de89-1433-46f7-bcc2-f80b041cb9a0,2,30,inf_only,0.03043100830477973,"claimed,|0.2131;Page|0.1021;language,””|0.0442;Mr.|0.0428;it.””|0.0370;““I’’|-0.0272;also|-0.0213;charged|0.0178;leave|-0.0160;racially|-0.0145;out|0.0115;of|0.0115;didnt|-0.0096;said,““’’|0.0095;Le|-0.0084;ethnicity|-0.0078;Lets|0.0069;use|0.0038;although|0.0019;he|0.0019"
daroberta,b7021938-ff8d-42ea-adec-5704c0b65237,2,31,inf_only,0.13605536543764174,scaredy|0.2247;““I|-0.1544;theyre|0.1442;just|0.1436;cats.|0.1404;think’’|-0.0090
daroberta,3db93526-a344-4ea4-8772-3734d0cfdfb1,1,2,inf_only,0.07726131491363049,"religion.|0.2029;President,|-0.1536;'ll|0.1211;on|0.0646;Obama|0.0590;war|-0.0525;I|0.0388;'s|-0.0378;As|0.0315;end|0.0107"
daroberta,8abec8d9-50a2-480e-969a-157f94954f4d,3,9,inf_only,0.061934015775720275,misleading|0.2071;Trump|0.1423;also|-0.1378;prophetwho|0.1204;Mr.|0.0343;followers.|0.0332;He|0.0220;his|0.0150;false””|-0.0103;called|0.0092;a““|-0.0091;was|-0.0025
daroberta,b764f81f-6d08-4d7c-b1a8-8961bed0a455,3,30,inf_only,0.05052752611618097,"bullies,|0.3297;laws,""|-0.0764;officials|0.0717;and|0.0674;like|0.0585;HuffPost.|-0.0583;business|0.0564;they|0.0517;acting|0.0504;Tvert|-0.0406;said|-0.0400;are|0.0390;no|0.0371;have|0.0287;marijuana|-0.0265;""Nebraska|-0.0259;dictate|0.0224;Colorado|0.0110;'s|-0.0082;to|-0.0060"
daroberta,08bb9bee-c167-4c17-9c6d-4a1259231eb7,3,7,inf_only,0.0234970874228336,"claimed|0.2256;also|0.1033;would|-0.0442;the|0.0403;Republican|0.0350;Akin|0.0348;ing|0.0290;race.|-0.0279;on,|0.0272;soldier|0.0249;and|0.0235;admitted|0.0221;he|0.0180;help|0.0173;Romney|0.0151;had|-0.0149;that|0.0102;party|0.0071;but|0.0070;November|0.0068"
daroberta,b5eefefb-2a33-45de-abe1-f855c94165f4,2,53,inf_only,0.09712324586739256,"But|0.1596;plow|0.1553;attempted|0.1417;with|0.1355;expected,|-0.1291;him|0.1196;over|0.0884;broadsides.|0.0655;as|-0.0534;Biden,|-0.0111;to|-0.0091"
daroberta,f688c56d-7fae-42ef-b7f7-7db207b58d27,2,1,inf_only,0.012725063665248688,"false|0.1348;Mr.|0.0526;a|0.0511;claim.|0.0475;Tuesday,|0.0404;making|0.0276;Trump|0.0233;Axios|0.0189;was|0.0153;““We’’re|-0.0143;that|0.0139;is|0.0131;essentially|0.0131;benefits,””|0.0114;on|0.0114;years,|-0.0103;interview|0.0093;the|0.0091;baby|0.0091;an|0.0082"
daroberta,ad409798-ee94-4436-92c5-92669193be14,1,15,inf_only,0.023128024186007682,"executive|-0.1348;claimed|0.0866;Trump|0.0664;long|0.0549;personalities|0.0469;who|0.0419;apologized|-0.0267;biased|0.0253;month|-0.0247;platform,|0.0233;they|0.0225;but|0.0223;conservatives.|0.0223;mistreating|0.0194;for|-0.0176;last|-0.0172;are|0.0171;being|0.0160;have|0.0153;Silk--|-0.0151"
daroberta,005a2961-0c2e-4575-8eec-770ba52a08e0,3,28,inf_only,0.08209114932370457,"hell....|0.5818;this|0.0766;this|0.0590;country,|-0.0487;love|-0.0382;but|-0.0349;going|0.0328;is|0.0116;I|0.0113;country|-0.0040;to|0.0039"
daroberta,2b95d2cf-e979-4f9c-ae27-9a5370934f23,3,8,inf_only,0.020459154804208964,"affront,|0.2236;It’’s|0.0946;an|0.0633;Republican|0.0487;both|0.0477;the|0.0261;of|0.0241;to|0.0231;party|0.0164;leaders.|-0.0112;the|0.0094;commitment|-0.0069;of|-0.0069;accomplish|-0.0066;the|-0.0066;honor|0.0051;to|-0.0051;the|-0.0051;by|-0.0043;our|-0.0043"
daroberta,be026bd1-52b1-4789-bfd3-3632af17b054,2,25,inf_only,0.0610712287847751,"garbage|0.1703;said.|-0.1040;fake|0.0921;very|0.0882;““This|0.0673;defamation,””|0.0648;intentional|0.0578;he|-0.0510;news|0.0464;the|0.0416;and|-0.0301;of|0.0260;is|-0.0124;definition|-0.0029"
daroberta,8385a996-1afc-4778-a06d-7070a8f19e27,3,3,inf_only,0.053048117699003534,dumb|0.2212;embarrassed|0.1588;all|0.0892;about|0.0860;statements|0.0656;S.|-0.0538;political|0.0511;very|0.0481;Court|0.0406;making|0.0403;me.|-0.0403;Ginsburg|-0.0324;Supreme|0.0320;U.|-0.0254;by|0.0085;of|-0.0042;Justice|0.0040;has|-0.0039;the|0.0024
daroberta,2a3fde8a-082a-4d8f-9567-f7e8366c0200,1,15,inf_only,0.038719570584135256,"losers!””|0.2772;clowns|0.1389;as““|0.0805;damagedthe’’|0.0720;badly””|0.0458;them|0.0414;FBIs|0.0365;Strzok|-0.0343;and|-0.0198;to|0.0185;tweeted|-0.0184;the|-0.0179;weekend|-0.0169;have““|0.0161;had|-0.0144;and|0.0128;others|0.0070;president|-0.0068;reputation,|0.0062;over|-0.0043"
daroberta,d16050b3-979f-4834-90db-b8823691b87e,3,2,inf_only,0.02028604922953427,"shocking|0.1883;sex|0.0881;CNN,|0.0717;oral|0.0446;whole|0.0424;Lindsay’’|0.0412;out|0.0351;Lohans|0.0267;but|0.0228;a|0.0221;shoot.|0.0194;new|0.0188;simulating|-0.0181;things|0.0167;to|0.0129;controversial|0.0127;photo|0.0127;telling|-0.0125;level|0.0119;by|-0.0115"
daroberta,84678e18-0b79-4570-9c9f-cb1cf88d968e,2,32,inf_only,0.014201541504679392,"rogue|0.1274;said.|-0.0451;scandal|0.0388;just|0.0356;was|0.0332;work,|0.0330;““This|0.0314;the|0.0303;two|0.0211;agents|0.0200;caused|0.0181;in|0.0173;Benghazi|0.0162;was|0.0162;video,|0.0161;killed|0.0147;four|0.0147;the|0.0145;was|0.0143;he|-0.0121"
daroberta,7f9c83f7-3efa-4c7a-adef-3ebdeda96042,1,9,inf_only,0.06127425005459892,audacity|0.3592;to‘‘|0.1062;the|0.1026;““He|-0.0739;arroganceand|0.0517;dictate|0.0458;having‘‘’’|0.0289;America|0.0269;our’’|0.0181;for|0.0122;termsto|0.0105;nations.|0.0098;criticized|0.0071;other|0.0051
daroberta,13792511-5142-449f-8d3e-d77d790f65ec,2,13,inf_only,0.058095612268274026,ugly|0.3781;anemic|0.2025;growth.|-0.0565;he|0.0502;of|0.0474;credit|0.0472;economic|-0.0411;promised|0.0395;downgrades|-0.0362;cascade|0.0321;recovery|-0.0312;turned|0.0214;a|0.0213;job|0.0171;has|-0.0138;The|-0.0038;into|-0.0034;and|-0.0029
daroberta,13792511-5142-449f-8d3e-d77d790f65ec,2,15,inf_only,0.03232186513308149,paragon|0.1061;conspired|0.0644;entire|0.0634;ethics|0.0613;the’’|0.0606;of|0.0593;instead|0.0570;scandal.|0.0540;an|0.0484;has|0.0440;mire|0.0347;in|0.0302;he|-0.0289;town|0.0280;traffic|0.0209;pledged|-0.0201;to|0.0171;would|-0.0111;be|-0.0090;governors|0.0064
daroberta,aab91277-8d56-4844-a581-45630f873f49,1,4,inf_only,0.030021984081360566,"angry|0.2105;even|0.1325;meetings,|-0.1169;to““|0.0772;clandestine|0.0762;texts|0.0683;counts,|-0.0402;with|0.0287;seven|-0.0279;indictment|-0.0276;filled|0.0249;Mr.|0.0233;an|-0.0230;tampering.|-0.0222;about|0.0197;In|-0.0155;colorful|0.0141;reference|0.0137;a|0.0125;details|0.0106"
daroberta,be026bd1-52b1-4789-bfd3-3632af17b054,2,5,inf_only,0.025944559344497974,"claimed""|0.1594;lie,|0.0675;evil|0.0627;Thursday|-0.0537;will|0.0503;conservatives.""|0.0483;of|0.0385;forces|0.0381;up|0.0353;evening,|0.0316;Christian|0.0294;In|-0.0265;shut|0.0238;cheat,|0.0168;even|0.0163;if|0.0154;The|-0.0148;and|0.0130;tweets|0.0124;they|0.0121"
daroberta,c6a0e65c-4f8b-41de-8200-cd700f683c64,3,6,inf_only,0.030687784585444453,tersely|0.1989;ridiculous|0.1968;tweeted|0.0860;Trump|0.0387;and|0.0358;States.””|0.0313;butt|0.0285;on|0.0238;Putin|0.0208;your|0.0206;Mass.)|-0.0188;to|0.0185;summit|0.0177;get|0.0126;the|0.0099;to|0.0094;United|0.0091;back|0.0088;a|0.0086;to““|0.0078
daroberta,70c75d68-bf65-46a6-a822-15c23d77a275,1,24,inf_only,0.02993607817207003,"pointless|0.3412;expensive,|0.0792;a|0.0678;hostage|0.0650;shutdown|0.0475;ineffective|0.0277;who|0.0263;forced|0.0261;wall.|0.0261;has|0.0216;800,|-0.0211;a|0.0141;Americans|-0.0129;""This|0.0117;President|0.0116;000|-0.0112;is|-0.0091;for|0.0091;an|0.0084;than|-0.0070"
daroberta,0c78e748-efbf-417c-a8c1-beeb6480147f,1,9,inf_only,0.060247727669775486,Hillary|0.1930;Clinton|0.1866;lied|0.1516;times|0.0695;B.|-0.0646;the|0.0447;Nothing|0.0358;F.|-0.0253;many|0.0186;to|-0.0181;I.|-0.0132;happened|-0.0094;to|0.0088;her.|-0.0042
daroberta,550b80db-bdd5-442b-8f70-c8e9f3203a13,1,18,inf_only,0.03360708369379581,"Creepy|0.3170;Newsweek?””|0.1353;simply,““|0.0735;Princess’’|0.0290;Ghost|0.0274;The|0.0229;on|0.0170;called,|0.0149;about|0.0135;story|0.0131;Atlantic|0.0121;Wire|0.0109;Dianas|0.0107;the|0.0106;cover|-0.0066;Is|0.0053;a|0.0048;How|-0.0047;ran|0.0045;that|0.0037"
daroberta,8dc7ccfe-5cf0-482f-9101-a7c69881da4d,2,14,inf_only,0.026205342545202282,"just|0.1069;refused|0.1068;Romney|0.1048;to|0.0612;lesbians.""|0.0493;tweeted,""@|-0.0227;Mitt|-0.0217;rights|-0.0162;Labolt|-0.0129;he|-0.0099;at|-0.0092;supports|-0.0088;hospital|0.0070;a|-0.0065;say|-0.0060;and|0.0058;level|0.0054;visitation|-0.0037;gays|0.0036;federal|-0.0035"
daroberta,2ec04201-2016-4227-baf7-ba8289058203,2,4,inf_only,0.06647039109375327,"""If|-0.2160;this|0.1795;blood|0.1221;'s|0.1191;debate|0.1179;entire|0.1043;on|0.0693;it|0.0653;Medicare,|-0.0633;in|-0.0540;in|-0.0410;Barack|0.0396;has|-0.0299;Obama.""|-0.0263;hands|0.0217;to|0.0183;person|-0.0179;any|-0.0136;their|0.0100;regard|-0.0000"
daroberta,70c75d68-bf65-46a6-a822-15c23d77a275,2,6,inf_only,0.015888460189298577,"acrimonious|0.1617;Ms.|-0.0783;over,|0.0702;tit|0.0625;of|0.0529;politics,|0.0330;week|0.0330;in|0.0314;an|0.0283;supposed|0.0250;to|0.0246;that|0.0241;was|0.0241;tat|0.0165;It|0.0141;was|0.0134;and|0.0132;Afghanistan.|0.0126;which|0.0112;retaliated|0.0110"
daroberta,d4a4bc34-e48b-4485-86b2-f1daf4d464dd,1,12,inf_only,0.10958761049966727,useless.””|0.3481;completely|0.2106;““And’’|-0.0847;to|-0.0431;its|0.0337;be|-0.0327;going|-0.0142
daroberta,70c75d68-bf65-46a6-a822-15c23d77a275,1,21,inf_only,0.025269475186977423,"hostage,|0.1107;pointless,|0.1102;Now|0.0906;'s|0.0628;a|0.0510;away--|0.0417;only|0.0384;for.|0.0362;falsely|0.0288;give|-0.0233;holding|0.0228;federal|0.0208;what|0.0182;workers|0.0179;we|0.0173;he|0.0172;promised|0.0156;him|0.0141;Mexico|0.0126;give|0.0122"
daroberta,96b7046f-f584-422f-a626-6f86a26dfd8b,1,3,inf_only,0.03596946027175943,"awful|0.4806;get’’|0.0504;but’’|0.0426;Dear|0.0420;those|0.0294;little|0.0237;Family,|0.0234;youre|0.0233;Malia,|-0.0188;both|-0.0185;try|-0.0180;Sasha|-0.0174;the|0.0173;in|0.0165;youre|0.0165;years,|0.0154;of|0.0153;teen|0.0129;a|0.0128;showing|-0.0094"
daroberta,2a3fde8a-082a-4d8f-9567-f7e8366c0200,1,13,inf_only,0.18089185091666876,Hoax.|0.6662;a|-0.0800;It|0.0766;total|0.0655;is|0.0161
daroberta,87609973-bd58-42a5-96e2-ee5aa47433f5,3,9,inf_only,0.024075140833084322,"asserted|0.2469;Trump|0.1099;that|0.0373;Department.””|0.0365;the““|0.0362;Times|0.0280;he|0.0267;in|-0.0238;absolute|0.0208;York|-0.0103;right|0.0100;New|-0.0098;interview|0.0080;Last|0.0072;a|-0.0061;week,|0.0048;to|-0.0048;to|-0.0047;want|-0.0039;do|-0.0026"
daroberta,86e6e27d-1440-4879-8b13-0dd2d89f7281,1,6,inf_only,0.05313561890477266,mouthed|0.2923;foul|0.1422;congresswoman.””)|0.0745;Islamic|0.0637;a““|0.0610;as|0.0239;Broadcasting|-0.0182;Network|-0.0061;referred|-0.0055;Christian|0.0027;The|-0.0004;to|-0.0002;her|-0.0002
daroberta,1f99798f-2b60-4ecb-b5f4-4aa7991e8ace,2,17,inf_only,0.0551368614126529,"despicable|0.2018;terrorizing|0.1221;are|0.0983;said.|-0.0899;no|0.0589;and|-0.0510;““These|-0.0353;he|-0.0244;country,””|0.0236;in|0.0217;acts|-0.0172;have|0.0158;our|0.0071;place|0.0048"
daroberta,f11c2566-848a-4e29-b8c5-4de0a81114e4,2,10,inf_only,0.10672844507332359,"boogeyman|0.4754;And|0.2473;theyre|0.2016;said.|-0.1364;man,""|-0.1058;he|-0.1021;so’’|0.0698;going|0.0541;look|-0.0356;for|-0.0252;to|-0.0212;known|0.0101;every|0.0065;to|0.0030"
daroberta,ae243a95-b2c2-410c-9e2b-b083b4b8eb48,1,2,inf_only,0.01784749928917964,"backburner|0.1296;immigrant|0.0725;illegal|0.0550;giving|0.0493;students|0.0391;openly|0.0355;the|0.0313;military|0.0312;the|0.0289;of|0.0277;the|0.0268;banning|0.0227;That|0.0225;unemployment|0.0212;military,|0.0184;to|-0.0123;a|-0.0119;and|0.0115;extension|0.0113;term|0.0102"
daroberta,8abec8d9-50a2-480e-969a-157f94954f4d,3,7,inf_only,0.06197678924284198,cynically|0.2747;disregard|0.0614;Mexicans.””|0.0607;He|0.0597;continues|0.0469;disregard|0.0393;own|0.0375;to|0.0305;and|0.0303;people|0.0302;his|-0.0106
daroberta,79bf99c6-6fca-4ce4-8ae1-8771de026142,2,30,inf_only,0.04360571369659482,Pelosi.|0.1758;tactician|0.1480;even|0.1040;better.|0.0787;No|0.0609;it|0.0363;better|-0.0361;close.””|-0.0360;than|0.0358;one|0.0227;No|-0.0215;one|0.0192;does|-0.0150;No|-0.0117;one|-0.0099;is|-0.0083;comes|0.0068;Nancy|0.0018;a|0.0003
daroberta,2ec04201-2016-4227-baf7-ba8289058203,1,6,inf_only,0.04516966225903319,massive|0.2834;government|0.1262;So|0.0986;new|0.0807;you.””|0.0606;a|-0.0564;money|-0.0478;not|0.0420;paid|0.0365;you|-0.0345;to|-0.0328;program’’|0.0315;for|-0.0294;now|0.0176;guaranteed|0.0143;your|0.0136;for|-0.0068;the|0.0062;care|0.0061;health|0.0049
daroberta,b4dbeda7-a1f3-4711-ae77-db23809d1ed2,1,0,inf_only,0.019986928270134346,"politicking,|0.1317;Even|0.1241;neoconservative|0.0992;though|0.0740;a|0.0535;Bibi|0.0359;Netanyahu|-0.0329;Now,|0.0258;Israeli|0.0238;year|0.0224;the|0.0220;is|0.0217;his|0.0204;the|0.0186;the|-0.0149;of|0.0141;minister|0.0129;of|0.0116;policy.|0.0111;ad|0.0091"
daroberta,6f95dcb9-e960-45ac-8c0e-91b85724c909,2,17,inf_only,0.039063148138423764,"spellbound|0.3154;riffs|0.2155;on|0.0508;held|-0.0437;political|0.0197;laced|0.0174;through|-0.0159;on|0.0151;the|-0.0144;responsibility.|-0.0111;life|0.0102;audience|0.0098;personal|-0.0093;philosophy,|-0.0091;his|0.0073;He|0.0072;with|-0.0033;personal|-0.0031;his|0.0025;strong|0.0006"
daroberta,a28a0329-0887-42dc-bd3d-3bb4f8926757,3,0,inf_only,0.040978156936100935,"S.|-0.1152;like|0.1004;Even|0.0944;U.|-0.0795;little|0.0631;known|0.0622;every|0.0558;the|0.0468;simple|0.0448;Congress|0.0415;exercise.|-0.0366;aloud|-0.0348;reading|0.0302;battle|0.0209;detail,|-0.0205;sounded|-0.0162;Constitution|0.0107;a|-0.0103;to|0.0095;over|0.0044"
daroberta,8385a996-1afc-4778-a06d-7070a8f19e27,3,4,inf_only,0.14469927735626698,resign!|0.4221;mind|0.1440;shot|0.0973;Her|0.0392;is|-0.0209
daroberta,f688c56d-7fae-42ef-b7f7-7db207b58d27,1,5,inf_only,0.04053457028401846,"immigrant?|0.1594;illegal|0.1447;illegal|0.1346;alien|0.0694;""If|-0.0685;an|0.0604;easy|0.0450;making|-0.0283;an|0.0271;for|0.0248;enough,|-0.0242;be|-0.0228;to|-0.0170;being|0.0114;reward|0.0113;how|0.0105;offering|-0.0089;it|0.0067;about|0.0058;a|0.0052"
daroberta,58f414e5-a122-49f5-819e-512d91069da5,2,24,inf_only,0.05464531045678692,"railed|0.3142;WITCH””|0.1809;Trump|0.1014;the““|0.0676;HUNTof|0.0490;associates.|-0.0472;Thursday|-0.0339;In|-0.0268;tweet,|0.0185;morning|0.0172;against|-0.0055;investigations|0.0050;Mr.|0.0036;a|-0.0020;of|-0.0008;his|-0.0008"
daroberta,2ec04201-2016-4227-baf7-ba8289058203,3,0,inf_only,0.017765514537495804,"a““|0.0782;bank,””|0.0710;piggy|0.0634;claim|0.0476;President’’|0.0458;treasured|0.0401;the““|0.0326;News|0.0300;entitlement|0.0288;like|0.0288;Romney””|0.0278;Fox|0.0270;to|0.0251;ad|0.0228;TV|0.0205;while|0.0163;offense|0.0157;Ryanplan|0.0150;treats|0.0139;the|0.0139"
daroberta,472158a1-4e39-4214-8397-904e66f2b4c5,1,0,both,0.015729756713838864,rage|0.0923;menace|0.0556;public|0.0512;Listening|0.0404;easy|0.0310;to|0.0310;years.|0.0303;think|0.0299;that|0.0299;a|0.0291;hinting|0.0265;labeling|0.0238;him|0.0209;billionaires|0.0191;had|0.0191;the|0.0186;two|0.0186;about|0.0172;that|0.0171;he|0.0171
daroberta,8385a996-1afc-4778-a06d-7070a8f19e27,3,9,both,0.07536332969638435,"Monday,|-0.2262;faker.””|0.1600;telling|0.1458;CNN:““|0.1075;a|0.0732;is|-0.0289;late|-0.0272;down|-0.0206;He|0.0188;doubled|-0.0171;She|0.0037"
daroberta,542cd22c-ea80-4669-995b-6ac6a33823f7,1,23,both,0.022947317981632662,"despicable|0.1650;this|0.1401;Sanerib,|-0.0842;lions.””|0.0530;““It’’s|-0.0483;decision,””|-0.0464;senior|-0.0333;Diversity,““|0.0262;elephants|0.0247;slaughter|0.0240;and|0.0239;Tanya|-0.0221;ing|0.0219;Trump|0.0214;said|-0.0210;forced|0.0209;Center|-0.0154;a|-0.0145;to|0.0115;reconsider|0.0115"
daroberta,72fa9b13-4e59-4716-8df9-4c3580e7dddf,1,26,both,0.060122332388633175,Trump|0.2402;explosive|0.2036;investigation.|-0.1281;heightened|-0.0834;appearance|0.0578;last|-0.0512;A|-0.0501;over|0.0500;interfered|0.0497;series|-0.0462;the|0.0325;of|0.0320;week|-0.0280;the|0.0268;have|-0.0216;reports|-0.0204;the|0.0107;with|0.0079;that|-0.0022
daroberta,86e6e27d-1440-4879-8b13-0dd2d89f7281,3,6,both,0.024343560760219887,infamously|0.1636;bragged|0.0907;shithole””|0.0818;Trump|0.0495;countriesand|0.0492;women““|0.0446;has|-0.0361;as““|0.0327;foes.|0.0321;grabbing|0.0310;slung|0.0295;the””|0.0266;leaked|0.0250;pussyin|0.0212;tape|0.0165;nations|0.0139;about|0.0125;other|0.0119;insults|0.0115;political|0.0111
daroberta,aab91277-8d56-4844-a581-45630f873f49,3,0,both,0.030153417035878174,"eccentric|0.4169;longtime|0.0891;Friday|-0.0754;include|-0.0485;Stone,|0.0404;tampering.|0.0372;back,|0.0326;a|-0.0324;criminal|-0.0273;Richard’’|0.0260;Republican|0.0239;an|0.0211;charges|-0.0208;Nixons|0.0178;obstruction|-0.0174;that|-0.0170;on|-0.0162;was|-0.0156;proceeding,|-0.0111;witness|0.0110"
daroberta,be026bd1-52b1-4789-bfd3-3632af17b054,1,7,both,0.061683959001675254,"bragging|0.2912;claimed|0.2313;He|0.1381;2005|-0.1024;that|0.0951;was““|0.0717;last|-0.0621;released|-0.0527;assault,|0.0446;him|-0.0439;tape|-0.0384;of|-0.0357;about|0.0319;sexual|0.0176;locker|0.0130;a|0.0076;fall,|-0.0070;room|0.0045;talk.””|-0.0043;which|-0.0013"
daroberta,0d10341a-9dba-4374-a524-814c300d1611,3,18,both,0.016418584863955185,"Instead,|0.0975;musings|0.0523;Trump|0.0446;Sen.|-0.0410;of|0.0332;wheels|0.0332;and|0.0331;Obamacare,|0.0323;on|0.0291;such|0.0291;against’’|0.0269;spent|0.0244;and|0.0227;complaining|0.0205;about|0.0200;James’’|-0.0176;for|0.0175;Russia|0.0175;again.|0.0168;of|0.0155"
daroberta,0ffb34cd-c367-4d90-aca7-7fcac3ed8f3d,1,1,both,0.01363699405890759,"titled|0.2005;self|0.1077;The|0.0456;who|0.0283;famously|0.0258;controversial|0.0245;and|0.0175;of|0.0163;America|0.0155;SB1070|0.0155;also|0.0139;instituted|0.0125;has|0.0123;'s|0.0118;his|0.0112;law,|-0.0097;been|0.0095;re|0.0095;'s|0.0092;gangs|0.0091"
daroberta,7f9c83f7-3efa-4c7a-adef-3ebdeda96042,1,28,both,0.020090561060280333,"ironclad|0.0847;hostile|0.0709;assailed|0.0670;States,|0.0499;often|0.0398;diplomacy|0.0331;to|0.0314;over|0.0313;have|0.0242;hearings,|-0.0235;openly|0.0233;dissidents.|0.0231;he|0.0224;that|0.0222;been|0.0217;As|0.0189;and|0.0188;foreign|0.0176;governments|0.0176;Senate|-0.0152"
daroberta,f688c56d-7fae-42ef-b7f7-7db207b58d27,1,1,both,0.027765855471795754,"called|0.3251;costs|-0.0473;tweeted.|-0.0461;““So|0.0334;which|-0.0319;very|0.0315;and|0.0302;Birthright|0.0249;Country|-0.0198;dollars|0.0195;Citizenship,|-0.0164;citizens,|0.0147;he|0.0145;is|0.0134;of|0.0122;unfair|0.0121;other,””|0.0120;billions|0.0117;our|0.0099;or|0.0091"
daroberta,72fa9b13-4e59-4716-8df9-4c3580e7dddf,1,25,both,0.01983557843668286,"stunning|0.1880;campaigns|-0.0652;the’’|0.0553;ties|0.0385;Trump|0.0356;FBIs|0.0287;a|0.0268;for|0.0266;week,|0.0236;Russia.|-0.0191;need|0.0179;to|0.0115;ongoing|0.0109;fired|-0.0098;occurred|0.0080;amid|0.0080;The|0.0066;came|0.0062;Comey|0.0050;new|0.0037"
daroberta,87609973-bd58-42a5-96e2-ee5aa47433f5,3,2,both,0.021533841049000458,"lashing|0.2540;apparently|0.1533;Abedin,|-0.0652;Trump,|0.0536;tweet|0.0532;morning|0.0245;State|0.0232;the|0.0190;out|-0.0189;to|0.0160;resort,|-0.0144;Department|0.0132;on|0.0132;aide|0.0085;posted|0.0084;response|0.0081;returning|0.0074;to|0.0074;spending|0.0069;the|0.0050"
daroberta,d4a4bc34-e48b-4485-86b2-f1daf4d464dd,2,4,both,0.018728112527617934,"outrageous|0.2951;rapists,""|0.0765;comments|0.0506;about|0.0352;Latinos|0.0284;many|0.0268;elected.|0.0191;made|0.0184;undocumented|0.0139;U.|0.0132;ce|0.0132;to|0.0121;migrants|0.0119;criminals""|0.0119;coer|0.0119;keep|0.0098;'ll|0.0097;runner,|0.0095;out|0.0090;of|0.0090"
daroberta,c21cb217-3e2c-49bd-884d-5c74a165ef10,1,3,both,0.059574573662687556,"testy|0.3416;Mr.|0.1684;news|0.1607;questions.|-0.0765;dodged|0.0692;had|-0.0584;presided|0.0404;two|-0.0393;at|-0.0373;over|0.0287;Tuesday,|-0.0282;which|-0.0188;Weiner|-0.0188;On|0.0137;he|0.0120;a|-0.0061;briefings|0.0057;of|0.0053;variety|-0.0028"
daroberta,cad4bba5-cf97-45cb-8059-ebeb47dcec7a,3,2,both,0.04200276617969697,"chided|0.2773;date,|-0.0895;week.""|0.0850;president|0.0732;Friday|-0.0689;of|0.0555;after|-0.0457;the|0.0415;wasted|0.0404;another|0.0289;for|-0.0279;accusing|0.0268;having""|0.0241;came|-0.0212;of|-0.0201;Obama|-0.0185;It|0.0176;on|-0.0098;publicly|0.0091;lack|0.0083"
daroberta,d16050b3-979f-4834-90db-b8823691b87e,1,1,both,0.05967065940300623,"shocking|0.3090;famed|0.1602;gory|0.1571;for|0.0708;photo|-0.0681;The|0.0613;in|-0.0567;first|-0.0511;Shields,|0.0507;known|0.0456;pictures.|-0.0427;the|-0.0400;TMZ|0.0345;published|-0.0333;Griffin|-0.0239;session|0.0114;'s|-0.0110;with|-0.0081;his|0.0068;photo|0.0061"
daroberta,0ffb34cd-c367-4d90-aca7-7fcac3ed8f3d,3,5,both,0.014578972633520818,"unabashedly|0.3218;calls|0.0497;immigration:|0.0493;Ariz.,|-0.0361;On|0.0289;himself|0.0257;County,|0.0235;issue:|0.0198;country.|0.0159;Sheriff|0.0157;toughest””|0.0149;controversial|0.0149;public|0.0149;on|0.0133;officials|0.0127;on|0.0127;outspoken|-0.0121;his|0.0121;credentials|0.0121;governor|0.0104"
daroberta,aab91277-8d56-4844-a581-45630f873f49,1,27,both,0.01961573380096241,brash|0.1159;His|0.1003;whodunit|0.0617;crime.|0.0401;behavior|0.0297;like|0.0260;obvious|0.0247;made|0.0246;Trump|0.0217;of|0.0211;a|0.0199;the|0.0195;to|0.0179;the|0.0169;subject|-0.0166;readers|0.0155;news|0.0149;dismiss|0.0142;aides|0.0134;as|0.0123
daroberta,ae243a95-b2c2-410c-9e2b-b083b4b8eb48,1,18,both,0.033992924689359605,"as""|0.0992;rigged""|0.0826;duck|0.0710;ripping|0.0701;Bennet,|-0.0660;lame|0.0618;agenda,|0.0537;hot|0.0472;the|0.0413;Sen.|-0.0374;Michael|-0.0367;and|0.0351;exclusively|0.0330;Colo.,|-0.0330;on|-0.0311;mic|0.0305;party,|0.0301;by|0.0292;his|0.0292;a|0.0289"
daroberta,38f7cbb7-5d6a-4c89-bcbd-8e164144172a,1,10,both,0.024295978836663477,shenanigans|0.2483;political|0.0777;end.””|0.0612;he|0.0423;engaged|0.0398;kind|0.0340;in|0.0271;usualand|0.0269;administration|0.0262;the|0.0218;of|0.0218;President’’|-0.0205;has|0.0187;as’’|0.0185;campaigned|0.0157;Obamas|-0.0146;abundantly|0.0140;once|0.0134;““It|-0.0132;contrary|-0.0106
daroberta,aab91277-8d56-4844-a581-45630f873f49,1,24,both,0.042283703336983704,"dirty|0.3463;trickster,|0.3119;described|0.0848;a|-0.0724;of|0.0459;self|0.0455;has|-0.0185;A|-0.0112;and|-0.0111;tattoo|0.0099;campaign|-0.0099;aide|-0.0077;his|0.0067;back.|0.0059;began|-0.0052;Mr.|0.0051;career|-0.0050;on|-0.0042;as|-0.0022;Nixon|-0.0021"
daroberta,c9e4d35f-aeae-462b-a8bf-e08d09a93b6e,1,14,both,0.02786628173550732,hysterical|0.3871;to|0.0518;their|0.0395;false””|0.0394;desire|0.0389;destroy|0.0333;press|0.0309;Friday|-0.0304;far.””|0.0285;also|-0.0284;this|0.0212;heed|0.0201;asked|-0.0198;take|0.0187;President|0.0178;Giuliani|-0.0171;on|-0.0137;for““|0.0121;has|0.0112;too|0.0110
daroberta,59f2f47c-5da0-4fbc-be6e-4f15d45d82e2,2,8,both,0.025898939578069585,Lyin'|0.1014;hacks|0.0694;political|0.0603;sic)|0.0572;henchman(|0.0569;Enquirer|0.0555;innocence.|0.0552;and|0.0546;and|0.0321;nothing|0.0264;pretend|0.0250;total|0.0219;do|0.0211;National|0.0202;then|0.0197;have|0.0186;unlike|0.0172;with|0.0122;I|0.0106;the|0.0088
daroberta,1e41e98b-9ac1-441d-b2c2-19d8f730c74a,2,12,both,0.01617224099005553,"wimp|0.2436;““Good|0.0640;biggest|0.0482;the|0.0433;Mr.|0.0368;aggressively|0.0247;pushed|0.0247;ever|0.0242;Bush:|0.0197;Coulter,|0.0187;today,|0.0166;longer|-0.0126;no|-0.0126;to|0.0126;States,””|0.0121;Ann|0.0120;the|0.0102;commentator|0.0098;Twitter.|-0.0089;As|0.0083"
