model,stratum,triplet_uuid,outlet_idx,sentence_idx
biasdetector,magnitude_TP,7a97de89-1433-46f7-bcc2-f80b041cb9a0,3,13
biasdetector,magnitude_TP,2b95d2cf-e979-4f9c-ae27-9a5370934f23,3,20
biasdetector,magnitude_TP,3ae35b16-7f7f-4a5e-9f24-5ce724106a73,3,8
biasdetector,magnitude_TP,b7021938-ff8d-42ea-adec-5704c0b65237,2,25
biasdetector,magnitude_TP,c9e4d35f-aeae-462b-a8bf-e08d09a93b6e,1,14
biasdetector,magnitude_TP,df5fe55a-dfcb-4817-8631-830f47c21a72,3,5
biasdetector,magnitude_TP,84678e18-0b79-4570-9c9f-cb1cf88d968e,1,1
biasdetector,magnitude_TP,79bf99c6-6fca-4ce4-8ae1-8771de026142,2,33
biasdetector,magnitude_TP,7f9c83f7-3efa-4c7a-adef-3ebdeda96042,3,12
biasdetector,magnitude_TP,8dc7ccfe-5cf0-482f-9101-a7c69881da4d,2,14
biasdetector,magnitude_TP,a28a0329-0887-42dc-bd3d-3bb4f8926757,3,23
biasdetector,magnitude_TP,0c78e748-efbf-417c-a8c1-beeb6480147f,2,3
biasdetector,magnitude_TP,472158a1-4e39-4214-8397-904e66f2b4c5,3,22
biasdetector,magnitude_TP,76810849-0335-4ad3-9eaf-f0d9c5baceb6,3,5
biasdetector,magnitude_TP,b5eefefb-2a33-45de-abe1-f855c94165f4,2,53
biasdetector,magnitude_TP,7f9c83f7-3efa-4c7a-adef-3ebdeda96042,1,28
biasdetector,magnitude_TP,b7021938-ff8d-42ea-adec-5704c0b65237,2,23
biasdetector,magnitude_TP,1ed4f378-b9d4-43b8-8d50-53d0cc063332,3,4
biasdetector,magnitude_TP,8abec8d9-50a2-480e-969a-157f94954f4d,1,5
biasdetector,magnitude_TP,c99adbdd-eaf3-4844-9548-2642e80de4e2,3,17
biasdetector,magnitude_TP,86e6e27d-1440-4879-8b13-0dd2d89f7281,1,8
biasdetector,magnitude_TP,8dac6c12-b5ca-468c-a249-7e0ab42f6b52,3,10
biasdetector,magnitude_TP,550b80db-bdd5-442b-8f70-c8e9f3203a13,1,18
biasdetector,magnitude_TP,47a209b0-fc26-4a0a-a1fe-e4310d1d2419,1,0
biasdetector,magnitude_TP,65cb14cb-2d27-41e5-a2be-6fd6314f4363,2,28
biasdetector,magnitude_TP,f688c56d-7fae-42ef-b7f7-7db207b58d27,3,11
biasdetector,magnitude_TP,84b3c118-50d2-45a5-a91f-7ed95b5d0143,2,53
biasdetector,magnitude_TP,3ae35b16-7f7f-4a5e-9f24-5ce724106a73,1,27
biasdetector,magnitude_TP,005a2961-0c2e-4575-8eec-770ba52a08e0,3,28
biasdetector,magnitude_TP,6f95dcb9-e960-45ac-8c0e-91b85724c909,3,1
biasdetector,magnitude_TP,79bf99c6-6fca-4ce4-8ae1-8771de026142,3,34
biasdetector,magnitude_TP,1ed4f378-b9d4-43b8-8d50-53d0cc063332,3,7
biasdetector,magnitude_TP,0ffb34cd-c367-4d90-aca7-7fcac3ed8f3d,1,1
biasdetector,magnitude_TP,59f2f47c-5da0-4fbc-be6e-4f15d45d82e2,1,1
biasdetector,magnitude_TP,96b7046f-f584-422f-a626-6f86a26dfd8b,3,3
biasdetector,magnitude_TP,6f95dcb9-e960-45ac-8c0e-91b85724c909,3,23
biasdetector,magnitude_TP,ad409798-ee94-4436-92c5-92669193be14,2,17
biasdetector,magnitude_TP,c99adbdd-eaf3-4844-9548-2642e80de4e2,2,29
biasdetector,magnitude_TP,c21cb217-3e2c-49bd-884d-5c74a165ef10,1,0
biasdetector,magnitude_TP,b5eefefb-2a33-45de-abe1-f855c94165f4,2,16
biasdetector,magnitude_TP,13792511-5142-449f-8d3e-d77d790f65ec,1,5
biasdetector,magnitude_TP,86e6e27d-1440-4879-8b13-0dd2d89f7281,3,6
biasdetector,magnitude_TP,d4a4bc34-e48b-4485-86b2-f1daf4d464dd,3,11
biasdetector,magnitude_TP,8abec8d9-50a2-480e-969a-157f94954f4d,2,22
biasdetector,magnitude_TP,70c75d68-bf65-46a6-a822-15c23d77a275,2,32
biasdetector,magnitude_TP,8dac6c12-b5ca-468c-a249-7e0ab42f6b52,1,23
biasdetector,magnitude_TP,2a3fde8a-082a-4d8f-9567-f7e8366c0200,1,12
biasdetector,magnitude_TP,65cb14cb-2d27-41e5-a2be-6fd6314f4363,1,2
biasdetector,magnitude_TP,2b95d2cf-e979-4f9c-ae27-9a5370934f23,3,7
biasdetector,magnitude_TP,1ed4f378-b9d4-43b8-8d50-53d0cc063332,3,2
biasdetector,magnitude_TP,86e6e27d-1440-4879-8b13-0dd2d89f7281,1,1
biasdetector,magnitude_TP,b7021938-ff8d-42ea-adec-5704c0b65237,2,20
biasdetector,magnitude_TP,550b80db-bdd5-442b-8f70-c8e9f3203a13,3,4
biasdetector,magnitude_TP,65cb14cb-2d27-41e5-a2be-6fd6314f4363,2,17
biasdetector,magnitude_TP,2f3e86b6-8443-47bd-9cd3-491c90a59fe9,1,2
biasdetector,magnitude_TP,96b7046f-f584-422f-a626-6f86a26dfd8b,1,5
biasdetector,magnitude_TP,72fa9b13-4e59-4716-8df9-4c3580e7dddf,3,11
biasdetector,magnitude_TP,a4edca3f-931f-4785-8c3f-f3d8fa84cbec,1,4
biasdetector,magnitude_TP,3ae35b16-7f7f-4a5e-9f24-5ce724106a73,1,29
biasdetector,magnitude_TP,2a3fde8a-082a-4d8f-9567-f7e8366c0200,1,11
biasdetector,magnitude_TP,b7021938-ff8d-42ea-adec-5704c0b65237,2,7
biasdetector,magnitude_TP,01c59743-7082-44fc-8414-3c04126f470f,2,2
biasdetector,magnitude_TP,86e6e27d-1440-4879-8b13-0dd2d89f7281,1,0
biasdetector,magnitude_TP,47a209b0-fc26-4a0a-a1fe-e4310d1d2419,3,30
biasdetector,magnitude_TP,84b3c118-50d2-45a5-a91f-7ed95b5d0143,2,46
biasdetector,magnitude_TP,1ed4f378-b9d4-43b8-8d50-53d0cc063332,1,10
biasdetector,magnitude_TP,1e41e98b-9ac1-441d-b2c2-19d8f730c74a,2,34
biasdetector,magnitude_TP,1ed4f378-b9d4-43b8-8d50-53d0cc063332,1,2
biasdetector,magnitude_TP,2153fb3e-6b09-410c-bfea-d095c49a54ba,1,15
biasdetector,magnitude_TP,2ec04201-2016-4227-baf7-ba8289058203,2,27
biasdetector,magnitude_TP,472158a1-4e39-4214-8397-904e66f2b4c5,1,0
biasdetector,magnitude_TP,3ae35b16-7f7f-4a5e-9f24-5ce724106a73,3,9
biasdetector,magnitude_TP,01c59743-7082-44fc-8414-3c04126f470f,2,27
biasdetector,magnitude_TP,0d10341a-9dba-4374-a524-814c300d1611,2,45
biasdetector,magnitude_TP,3db93526-a344-4ea4-8772-3734d0cfdfb1,1,9
biasdetector,magnitude_TP,c21cb217-3e2c-49bd-884d-5c74a165ef10,3,26
biasdetector,magnitude_TP,6b541575-99b1-40d2-8730-9bb868ee38ed,3,21
biasdetector,magnitude_TP,472158a1-4e39-4214-8397-904e66f2b4c5,3,6
biasdetector,magnitude_TP,59f2f47c-5da0-4fbc-be6e-4f15d45d82e2,3,7
biasdetector,magnitude_TP,d4a4bc34-e48b-4485-86b2-f1daf4d464dd,2,14
biasdetector,magnitude_TP,6f95dcb9-e960-45ac-8c0e-91b85724c909,2,17
biasdetector,magnitude_TP,b7021938-ff8d-42ea-adec-5704c0b65237,1,1
biasdetector,magnitude_TP,8dc7ccfe-5cf0-482f-9101-a7c69881da4d,3,9
biasdetector,magnitude_TP,b764f81f-6d08-4d7c-b1a8-8961bed0a455,3,30
biasdetector,magnitude_TP,13792511-5142-449f-8d3e-d77d790f65ec,3,9
biasdetector,magnitude_TP,d16050b3-979f-4834-90db-b8823691b87e,2,1
biasdetector,magnitude_TP,86e6e27d-1440-4879-8b13-0dd2d89f7281,2,3
biasdetector,magnitude_TP,3ae35b16-7f7f-4a5e-9f24-5ce724106a73,1,7
biasdetector,magnitude_TP,2b95d2cf-e979-4f9c-ae27-9a5370934f23,3,8
biasdetector,magnitude_TP,be026bd1-52b1-4789-bfd3-3632af17b054,2,4
biasdetector,magnitude_TP,13792511-5142-449f-8d3e-d77d790f65ec,2,14
biasdetector,magnitude_TP,0d10341a-9dba-4374-a524-814c300d1611,3,19
biasdetector,magnitude_TP,3ae35b16-7f7f-4a5e-9f24-5ce724106a73,2,17
biasdetector,magnitude_TP,84678e18-0b79-4570-9c9f-cb1cf88d968e,2,32
biasdetector,magnitude_TP,0c78e748-efbf-417c-a8c1-beeb6480147f,3,5
biasdetector,magnitude_TP,450755dd-30d3-478b-933e-917be5c384ba,3,27
biasdetector,magnitude_TP,b764f81f-6d08-4d7c-b1a8-8961bed0a455,3,33
biasdetector,magnitude_TP,450755dd-30d3-478b-933e-917be5c384ba,3,8
biasdetector,magnitude_TP,be026bd1-52b1-4789-bfd3-3632af17b054,2,5
biasdetector,magnitude_TP,70c75d68-bf65-46a6-a822-15c23d77a275,1,30
biasdetector,magnitude_FP,cad4bba5-cf97-45cb-8059-ebeb47dcec7a,2,2
biasdetector,magnitude_FP,0d10341a-9dba-4374-a524-814c300d1611,1,7
biasdetector,magnitude_FP,96b7046f-f584-422f-a626-6f86a26dfd8b,1,9
biasdetector,magnitude_FP,85475456-f38e-4c30-895d-ca2c819c6af1,2,0
biasdetector,magnitude_FP,2a3fde8a-082a-4d8f-9567-f7e8366c0200,1,8
biasdetector,magnitude_FP,526cabb7-02a3-4adb-8e90-ec781c40c498,3,32
biasdetector,magnitude_FP,b7021938-ff8d-42ea-adec-5704c0b65237,2,38
biasdetector,magnitude_FP,13792511-5142-449f-8d3e-d77d790f65ec,1,8
biasdetector,magnitude_FP,450755dd-30d3-478b-933e-917be5c384ba,3,29
biasdetector,magnitude_FP,2153fb3e-6b09-410c-bfea-d095c49a54ba,3,15
biasdetector,magnitude_FP,df5fe55a-dfcb-4817-8631-830f47c21a72,3,16
biasdetector,magnitude_FP,b7021938-ff8d-42ea-adec-5704c0b65237,1,17
biasdetector,magnitude_FP,ee05c9b3-529c-4268-ad72-19bd34f7197e,1,35
biasdetector,magnitude_FP,8dc7ccfe-5cf0-482f-9101-a7c69881da4d,3,8
biasdetector,magnitude_FP,01c59743-7082-44fc-8414-3c04126f470f,1,25
biasdetector,magnitude_FP,08bb9bee-c167-4c17-9c6d-4a1259231eb7,1,16
biasdetector,magnitude_FP,3db93526-a344-4ea4-8772-3734d0cfdfb1,1,14
biasdetector,magnitude_FP,6f95dcb9-e960-45ac-8c0e-91b85724c909,3,11
biasdetector,magnitude_FP,b5eefefb-2a33-45de-abe1-f855c94165f4,3,4
biasdetector,magnitude_FP,df5fe55a-dfcb-4817-8631-830f47c21a72,3,23
biasdetector,magnitude_FP,1b96a5db-8974-46d3-82d7-5dfef02f650e,1,3
biasdetector,magnitude_FP,550b80db-bdd5-442b-8f70-c8e9f3203a13,3,0
biasdetector,magnitude_FP,8385a996-1afc-4778-a06d-7070a8f19e27,3,5
biasdetector,magnitude_FP,0d10341a-9dba-4374-a524-814c300d1611,2,10
biasdetector,magnitude_FP,01c59743-7082-44fc-8414-3c04126f470f,1,3
biasdetector,magnitude_FP,d16050b3-979f-4834-90db-b8823691b87e,3,0
biasdetector,magnitude_FP,84b3c118-50d2-45a5-a91f-7ed95b5d0143,2,12
biasdetector,magnitude_FP,526cabb7-02a3-4adb-8e90-ec781c40c498,1,0
biasdetector,magnitude_FP,86e6e27d-1440-4879-8b13-0dd2d89f7281,3,10
biasdetector,magnitude_FP,70c75d68-bf65-46a6-a822-15c23d77a275,2,20
biasdetector,magnitude_FP,3ae35b16-7f7f-4a5e-9f24-5ce724106a73,3,20
biasdetector,magnitude_FP,59f2f47c-5da0-4fbc-be6e-4f15d45d82e2,3,5
biasdetector,magnitude_FP,13792511-5142-449f-8d3e-d77d790f65ec,2,19
biasdetector,magnitude_FP,6f95dcb9-e960-45ac-8c0e-91b85724c909,2,3
biasdetector,magnitude_FP,df5fe55a-dfcb-4817-8631-830f47c21a72,1,21
biasdetector,magnitude_FP,70c75d68-bf65-46a6-a822-15c23d77a275,1,10
biasdetector,magnitude_FP,c99adbdd-eaf3-4844-9548-2642e80de4e2,1,3
biasdetector,magnitude_FP,dd1e6e3b-f36c-4064-8ef9-940984e9afa2,1,28
biasdetector,magnitude_FP,c99adbdd-eaf3-4844-9548-2642e80de4e2,2,14
biasdetector,magnitude_FP,76810849-0335-4ad3-9eaf-f0d9c5baceb6,3,15
biasdetector,magnitude_FP,1e41e98b-9ac1-441d-b2c2-19d8f730c74a,2,58
biasdetector,magnitude_FP,2b95d2cf-e979-4f9c-ae27-9a5370934f23,3,2
biasdetector,magnitude_FP,84678e18-0b79-4570-9c9f-cb1cf88d968e,2,38
biasdetector,magnitude_FP,ccf19ab6-7878-4378-b99c-2b08cc21371f,3,15
biasdetector,magnitude_FP,1b96a5db-8974-46d3-82d7-5dfef02f650e,2,18
biasdetector,magnitude_FP,c6a0e65c-4f8b-41de-8200-cd700f683c64,1,0
biasdetector,magnitude_FP,85475456-f38e-4c30-895d-ca2c819c6af1,3,24
biasdetector,magnitude_FP,70c75d68-bf65-46a6-a822-15c23d77a275,2,55
biasdetector,magnitude_FP,76810849-0335-4ad3-9eaf-f0d9c5baceb6,2,7
biasdetector,magnitude_FP,85475456-f38e-4c30-895d-ca2c819c6af1,1,10
biasdetector,magnitude_FP,af4a3f41-eeb5-49fa-a276-e97c230b25f0,3,16
biasdetector,magnitude_FP,68748e7f-cf6e-4ac7-8504-454c0876880d,1,18
biasdetector,magnitude_FP,f688c56d-7fae-42ef-b7f7-7db207b58d27,3,30
biasdetector,magnitude_FP,d16050b3-979f-4834-90db-b8823691b87e,2,25
biasdetector,magnitude_FP,47a209b0-fc26-4a0a-a1fe-e4310d1d2419,3,28
biasdetector,magnitude_FP,79bf99c6-6fca-4ce4-8ae1-8771de026142,3,18
biasdetector,magnitude_FP,b7021938-ff8d-42ea-adec-5704c0b65237,1,10
biasdetector,magnitude_FP,526cabb7-02a3-4adb-8e90-ec781c40c498,3,38
biasdetector,magnitude_FP,79bf99c6-6fca-4ce4-8ae1-8771de026142,2,16
biasdetector,magnitude_FP,85475456-f38e-4c30-895d-ca2c819c6af1,3,17
biasdetector,magnitude_FP,6f95dcb9-e960-45ac-8c0e-91b85724c909,2,2
biasdetector,magnitude_FP,1ed4f378-b9d4-43b8-8d50-53d0cc063332,2,11
biasdetector,magnitude_FP,c99adbdd-eaf3-4844-9548-2642e80de4e2,2,21
biasdetector,magnitude_FP,2058ec60-5372-4f5f-83a3-da780be3a350,2,6
biasdetector,magnitude_FP,b5eefefb-2a33-45de-abe1-f855c94165f4,1,12
biasdetector,magnitude_FP,01c59743-7082-44fc-8414-3c04126f470f,3,18
biasdetector,magnitude_FP,7a97de89-1433-46f7-bcc2-f80b041cb9a0,1,10
biasdetector,magnitude_FP,47a209b0-fc26-4a0a-a1fe-e4310d1d2419,3,33
biasdetector,magnitude_FP,472158a1-4e39-4214-8397-904e66f2b4c5,3,7
biasdetector,magnitude_FP,2b95d2cf-e979-4f9c-ae27-9a5370934f23,3,17
biasdetector,magnitude_FP,550b80db-bdd5-442b-8f70-c8e9f3203a13,2,0
biasdetector,magnitude_FP,ed8c136f-8d44-4c83-ad05-0dcfc3a0c54a,1,7
biasdetector,magnitude_FP,1ed4f378-b9d4-43b8-8d50-53d0cc063332,2,14
biasdetector,magnitude_FP,0d10341a-9dba-4374-a524-814c300d1611,3,26
biasdetector,magnitude_FP,b5eefefb-2a33-45de-abe1-f855c94165f4,2,36
biasdetector,magnitude_FP,6f95dcb9-e960-45ac-8c0e-91b85724c909,3,19
biasdetector,magnitude_FP,58f414e5-a122-49f5-819e-512d91069da5,2,28
biasdetector,magnitude_FP,f688c56d-7fae-42ef-b7f7-7db207b58d27,2,37
biasdetector,magnitude_FP,01c59743-7082-44fc-8414-3c04126f470f,2,49
biasdetector,magnitude_FP,76810849-0335-4ad3-9eaf-f0d9c5baceb6,1,5
biasdetector,magnitude_FP,6b541575-99b1-40d2-8730-9bb868ee38ed,3,34
biasdetector,magnitude_FP,7a97de89-1433-46f7-bcc2-f80b041cb9a0,2,8
biasdetector,magnitude_FP,cad4bba5-cf97-45cb-8059-ebeb47dcec7a,2,18
biasdetector,magnitude_FP,47a209b0-fc26-4a0a-a1fe-e4310d1d2419,3,10
biasdetector,magnitude_FP,08bb9bee-c167-4c17-9c6d-4a1259231eb7,1,8
biasdetector,magnitude_FP,3ae35b16-7f7f-4a5e-9f24-5ce724106a73,1,35
biasdetector,magnitude_FP,0d10341a-9dba-4374-a524-814c300d1611,2,9
biasdetector,magnitude_FP,2a3fde8a-082a-4d8f-9567-f7e8366c0200,1,24
biasdetector,magnitude_FP,b7021938-ff8d-42ea-adec-5704c0b65237,1,15
biasdetector,magnitude_FP,11c9f251-35c8-4452-b052-df9be61464c6,2,0
biasdetector,magnitude_FP,b5eefefb-2a33-45de-abe1-f855c94165f4,2,41
biasdetector,magnitude_FP,70c75d68-bf65-46a6-a822-15c23d77a275,1,45
biasdetector,magnitude_FP,87609973-bd58-42a5-96e2-ee5aa47433f5,1,9
biasdetector,magnitude_FP,2a3fde8a-082a-4d8f-9567-f7e8366c0200,1,26
biasdetector,magnitude_FP,59f2f47c-5da0-4fbc-be6e-4f15d45d82e2,3,1
biasdetector,magnitude_FP,3ae35b16-7f7f-4a5e-9f24-5ce724106a73,3,16
biasdetector,magnitude_FP,8dac6c12-b5ca-468c-a249-7e0ab42f6b52,1,20
biasdetector,magnitude_FP,1ed4f378-b9d4-43b8-8d50-53d0cc063332,2,41
biasdetector,magnitude_FP,a28a0329-0887-42dc-bd3d-3bb4f8926757,1,5
biasdetector,magnitude_FP,65cb14cb-2d27-41e5-a2be-6fd6314f4363,2,7
biasdetector,magnitude_TN,cad4bba5-cf97-45cb-8059-ebeb47dcec7a,1,3
biasdetector,magnitude_TN,6b541575-99b1-40d2-8730-9bb868ee38ed,3,38
biasdetector,magnitude_TN,cad4bba5-cf97-45cb-8059-ebeb47dcec7a,3,15
biasdetector,magnitude_TN,c5534b7e-a373-4962-8345-3847bc41a636,1,11
biasdetector,magnitude_TN,df5fe55a-dfcb-4817-8631-830f47c21a72,1,28
biasdetector,magnitude_TN,ad409798-ee94-4436-92c5-92669193be14,2,2
biasdetector,magnitude_TN,8dc7ccfe-5cf0-482f-9101-a7c69881da4d,3,12
biasdetector,magnitude_TN,1ed4f378-b9d4-43b8-8d50-53d0cc063332,1,24
biasdetector,magnitude_TN,70c75d68-bf65-46a6-a822-15c23d77a275,2,41
biasdetector,magnitude_TN,005a2961-0c2e-4575-8eec-770ba52a08e0,2,20
biasdetector,magnitude_TN,70c744ad-e950-445c-8a7a-0782b0a7d20b,2,0
biasdetector,magnitude_TN,576116e5-2b18-4d35-be73-36f5863c9468,3,22
biasdetector,magnitude_TN,0ffb34cd-c367-4d90-aca7-7fcac3ed8f3d,1,6
biasdetector,magnitude_TN,ad409798-ee94-4436-92c5-92669193be14,2,6
biasdetector,magnitude_TN,2153fb3e-6b09-410c-bfea-d095c49a54ba,1,0
biasdetector,magnitude_TN,eadabee7-3db9-43c4-a485-3e8b1882cd3c,3,6
biasdetector,magnitude_TN,542cd22c-ea80-4669-995b-6ac6a33823f7,1,21
biasdetector,magnitude_TN,d1344998-0e7c-409e-aaad-df5be687fc94,1,6
biasdetector,magnitude_TN,1ed4f378-b9d4-43b8-8d50-53d0cc063332,1,25
biasdetector,magnitude_TN,f506aafc-8b43-427a-936e-bbd1ef33e076,1,13
biasdetector,magnitude_TN,ed8c136f-8d44-4c83-ad05-0dcfc3a0c54a,1,0
biasdetector,magnitude_TN,2742e9c1-2943-496f-8b23-faf5332e1612,1,14
biasdetector,magnitude_TN,eadabee7-3db9-43c4-a485-3e8b1882cd3c,3,1
biasdetector,magnitude_TN,86e6e27d-1440-4879-8b13-0dd2d89f7281,1,3
biasdetector,magnitude_TN,a28a0329-0887-42dc-bd3d-3bb4f8926757,3,6
biasdetector,magnitude_TN,1f99798f-2b60-4ecb-b5f4-4aa7991e8ace,3,26
biasdetector,magnitude_TN,45bd61bc-c356-4450-9e3a-cbfc862b09fd,2,14
biasdetector,magnitude_TN,76810849-0335-4ad3-9eaf-f0d9c5baceb6,1,8
biasdetector,magnitude_TN,0d10341a-9dba-4374-a524-814c300d1611,1,34
biasdetector,magnitude_TN,13792511-5142-449f-8d3e-d77d790f65ec,3,20
biasdetector,magnitude_TN,1e41e98b-9ac1-441d-b2c2-19d8f730c74a,2,13
biasdetector,magnitude_TN,76810849-0335-4ad3-9eaf-f0d9c5baceb6,2,32
biasdetector,magnitude_TN,dd1e6e3b-f36c-4064-8ef9-940984e9afa2,2,12
biasdetector,magnitude_TN,a28a0329-0887-42dc-bd3d-3bb4f8926757,3,2
biasdetector,magnitude_TN,74708dbf-5dfc-4c66-8419-d7dbc00e4a06,3,4
biasdetector,magnitude_TN,450755dd-30d3-478b-933e-917be5c384ba,3,9
biasdetector,magnitude_TN,2a3fde8a-082a-4d8f-9567-f7e8366c0200,2,39
biasdetector,magnitude_TN,526cabb7-02a3-4adb-8e90-ec781c40c498,3,50
biasdetector,magnitude_TN,526cabb7-02a3-4adb-8e90-ec781c40c498,3,27
biasdetector,magnitude_TN,74708dbf-5dfc-4c66-8419-d7dbc00e4a06,2,7
biasdetector,magnitude_TN,be026bd1-52b1-4789-bfd3-3632af17b054,3,28
biasdetector,magnitude_TN,8385a996-1afc-4778-a06d-7070a8f19e27,2,9
biasdetector,magnitude_TN,06ffda2d-1caf-45ba-99e2-268aac1bf0e1,1,7
biasdetector,magnitude_TN,e71d149d-0426-43f0-87e8-8c611dad7205,1,0
biasdetector,magnitude_TN,c99adbdd-eaf3-4844-9548-2642e80de4e2,1,12
biasdetector,magnitude_TN,59f2f47c-5da0-4fbc-be6e-4f15d45d82e2,2,1
biasdetector,magnitude_TN,68748e7f-cf6e-4ac7-8504-454c0876880d,3,5
biasdetector,magnitude_TN,8dc7ccfe-5cf0-482f-9101-a7c69881da4d,3,13
biasdetector,magnitude_TN,542cd22c-ea80-4669-995b-6ac6a33823f7,2,2
biasdetector,magnitude_TN,eb17fa36-89f2-4d0b-8133-7bb4682228e1,3,9
biasdetector,magnitude_TN,0d10341a-9dba-4374-a524-814c300d1611,3,15
biasdetector,magnitude_TN,ed8c136f-8d44-4c83-ad05-0dcfc3a0c54a,2,7
biasdetector,magnitude_TN,a28a0329-0887-42dc-bd3d-3bb4f8926757,3,27
biasdetector,magnitude_TN,7f9c83f7-3efa-4c7a-adef-3ebdeda96042,2,2
biasdetector,magnitude_TN,d16050b3-979f-4834-90db-b8823691b87e,2,20
biasdetector,magnitude_TN,c5534b7e-a373-4962-8345-3847bc41a636,2,16
biasdetector,magnitude_TN,c6a0e65c-4f8b-41de-8200-cd700f683c64,3,12
biasdetector,magnitude_TN,f506aafc-8b43-427a-936e-bbd1ef33e076,1,0
biasdetector,magnitude_TN,8385a996-1afc-4778-a06d-7070a8f19e27,2,17
biasdetector,magnitude_TN,2ec04201-2016-4227-baf7-ba8289058203,1,20
biasdetector,magnitude_TN,e71d149d-0426-43f0-87e8-8c611dad7205,3,10
biasdetector,magnitude_TN,2a3fde8a-082a-4d8f-9567-f7e8366c0200,2,36
biasdetector,magnitude_TN,ed8c136f-8d44-4c83-ad05-0dcfc3a0c54a,1,37
biasdetector,magnitude_TN,8385a996-1afc-4778-a06d-7070a8f19e27,1,24
biasdetector,magnitude_TN,2f3e86b6-8443-47bd-9cd3-491c90a59fe9,2,8
biasdetector,magnitude_TN,f506aafc-8b43-427a-936e-bbd1ef33e076,2,17
biasdetector,magnitude_TN,0c78e748-efbf-417c-a8c1-beeb6480147f,1,8
biasdetector,magnitude_TN,f688c56d-7fae-42ef-b7f7-7db207b58d27,3,22
biasdetector,magnitude_TN,af4a3f41-eeb5-49fa-a276-e97c230b25f0,3,21
biasdetector,magnitude_TN,1f99798f-2b60-4ecb-b5f4-4aa7991e8ace,3,13
biasdetector,magnitude_TN,9879bbc0-eab3-482f-bf6b-a4b519393986,3,13
biasdetector,magnitude_TN,29ffd053-7684-469b-a600-97000579bd01,3,5
biasdetector,magnitude_TN,29ffd053-7684-469b-a600-97000579bd01,1,10
biasdetector,magnitude_TN,70c744ad-e950-445c-8a7a-0782b0a7d20b,1,2
biasdetector,magnitude_TN,7a97de89-1433-46f7-bcc2-f80b041cb9a0,3,19
biasdetector,magnitude_TN,06ffda2d-1caf-45ba-99e2-268aac1bf0e1,2,8
biasdetector,magnitude_TN,d4a4bc34-e48b-4485-86b2-f1daf4d464dd,3,21
biasdetector,magnitude_TN,d3a1ce0a-fc48-4827-a278-8f0ce8c7a519,2,33
biasdetector,magnitude_TN,84678e18-0b79-4570-9c9f-cb1cf88d968e,3,14
biasdetector,magnitude_TN,550b80db-bdd5-442b-8f70-c8e9f3203a13,2,12
biasdetector,magnitude_TN,1b96a5db-8974-46d3-82d7-5dfef02f650e,3,14
biasdetector,magnitude_TN,3db93526-a344-4ea4-8772-3734d0cfdfb1,1,15
biasdetector,magnitude_TN,a4f1d515-d7d9-4319-b2e0-4d56e9d45554,3,14
biasdetector,magnitude_TN,526cabb7-02a3-4adb-8e90-ec781c40c498,3,18
biasdetector,magnitude_TN,450755dd-30d3-478b-933e-917be5c384ba,3,0
biasdetector,magnitude_TN,ad409798-ee94-4436-92c5-92669193be14,2,9
biasdetector,magnitude_TN,2153fb3e-6b09-410c-bfea-d095c49a54ba,2,0
biasdetector,magnitude_TN,eadabee7-3db9-43c4-a485-3e8b1882cd3c,1,0
biasdetector,magnitude_TN,0c78e748-efbf-417c-a8c1-beeb6480147f,2,24
biasdetector,magnitude_TN,0d10341a-9dba-4374-a524-814c300d1611,3,12
biasdetector,magnitude_TN,c5534b7e-a373-4962-8345-3847bc41a636,3,4
biasdetector,magnitude_TN,72fa9b13-4e59-4716-8df9-4c3580e7dddf,3,8
biasdetector,magnitude_TN,38f7cbb7-5d6a-4c89-bcbd-8e164144172a,2,21
biasdetector,magnitude_TN,2058ec60-5372-4f5f-83a3-da780be3a350,1,29
biasdetector,magnitude_TN,79bf99c6-6fca-4ce4-8ae1-8771de026142,1,4
biasdetector,magnitude_TN,84678e18-0b79-4570-9c9f-cb1cf88d968e,1,22
biasdetector,magnitude_TN,c99adbdd-eaf3-4844-9548-2642e80de4e2,1,17
biasdetector,magnitude_TN,7a97de89-1433-46f7-bcc2-f80b041cb9a0,1,7
biasdetector,magnitude_TN,06ffda2d-1caf-45ba-99e2-268aac1bf0e1,1,11
biasdetector,magnitude_TN,06ffda2d-1caf-45ba-99e2-268aac1bf0e1,1,3
daroberta,magnitude_TP,97566c74-e000-49fb-b091-e6ec6e179de0,3,8
daroberta,magnitude_TP,2f3e86b6-8443-47bd-9cd3-491c90a59fe9,2,14
daroberta,magnitude_TP,f688c56d-7fae-42ef-b7f7-7db207b58d27,3,11
daroberta,magnitude_TP,b5eefefb-2a33-45de-abe1-f855c94165f4,1,47
daroberta,magnitude_TP,eadabee7-3db9-43c4-a485-3e8b1882cd3c,3,10
daroberta,magnitude_TP,ad409798-ee94-4436-92c5-92669193be14,3,0
daroberta,magnitude_TP,59f2f47c-5da0-4fbc-be6e-4f15d45d82e2,3,6
daroberta,magnitude_TP,c21cb217-3e2c-49bd-884d-5c74a165ef10,2,15
daroberta,magnitude_TP,06ffda2d-1caf-45ba-99e2-268aac1bf0e1,1,14
daroberta,magnitude_TP,70c75d68-bf65-46a6-a822-15c23d77a275,1,27
daroberta,magnitude_TP,6b541575-99b1-40d2-8730-9bb868ee38ed,3,21
daroberta,magnitude_TP,ad409798-ee94-4436-92c5-92669193be14,2,17
daroberta,magnitude_TP,c6a0e65c-4f8b-41de-8200-cd700f683c64,3,6
daroberta,magnitude_TP,96b7046f-f584-422f-a626-6f86a26dfd8b,3,0
daroberta,magnitude_TP,76810849-0335-4ad3-9eaf-f0d9c5baceb6,3,0
daroberta,magnitude_TP,13792511-5142-449f-8d3e-d77d790f65ec,2,15
daroberta,magnitude_TP,86e6e27d-1440-4879-8b13-0dd2d89f7281,1,6
daroberta,magnitude_TP,97b1305c-13ca-4b74-a56a-f459bd79dfaf,2,20
daroberta,magnitude_TP,3ae35b16-7f7f-4a5e-9f24-5ce724106a73,1,7
daroberta,magnitude_TP,7f9c83f7-3efa-4c7a-adef-3ebdeda96042,1,9
daroberta,magnitude_TP,f688c56d-7fae-42ef-b7f7-7db207b58d27,1,18
daroberta,magnitude_TP,eb17fa36-89f2-4d0b-8133-7bb4682228e1,1,12
daroberta,magnitude_TP,b5eefefb-2a33-45de-abe1-f855c94165f4,3,14
daroberta,magnitude_TP,472158a1-4e39-4214-8397-904e66f2b4c5,1,0
daroberta,magnitude_TP,01c59743-7082-44fc-8414-3c04126f470f,1,23
daroberta,magnitude_TP,d4a4bc34-e48b-4485-86b2-f1daf4d464dd,2,4
daroberta,magnitude_TP,e71d149d-0426-43f0-87e8-8c611dad7205,2,17
daroberta,magnitude_TP,450755dd-30d3-478b-933e-917be5c384ba,3,11
daroberta,magnitude_TP,b7021938-ff8d-42ea-adec-5704c0b65237,1,1
daroberta,magnitude_TP,472158a1-4e39-4214-8397-904e66f2b4c5,1,7
daroberta,magnitude_TP,0c78e748-efbf-417c-a8c1-beeb6480147f,2,3
daroberta,magnitude_TP,aab91277-8d56-4844-a581-45630f873f49,2,26
daroberta,magnitude_TP,70c75d68-bf65-46a6-a822-15c23d77a275,1,12
daroberta,magnitude_TP,0c78e748-efbf-417c-a8c1-beeb6480147f,3,3
daroberta,magnitude_TP,1bb79cc1-5d69-4136-a23d-6dbd300cbf25,2,27
daroberta,magnitude_TP,472158a1-4e39-4214-8397-904e66f2b4c5,3,5
daroberta,magnitude_TP,38f7cbb7-5d6a-4c89-bcbd-8e164144172a,1,10
daroberta,magnitude_TP,01c59743-7082-44fc-8414-3c04126f470f,2,15
daroberta,magnitude_TP,3ae35b16-7f7f-4a5e-9f24-5ce724106a73,1,27
daroberta,magnitude_TP,dd1e6e3b-f36c-4064-8ef9-940984e9afa2,1,27
daroberta,magnitude_TP,2153fb3e-6b09-410c-bfea-d095c49a54ba,3,0
daroberta,magnitude_TP,b5eefefb-2a33-45de-abe1-f855c94165f4,2,27
daroberta,magnitude_TP,550b80db-bdd5-442b-8f70-c8e9f3203a13,2,2
daroberta,magnitude_TP,472158a1-4e39-4214-8397-904e66f2b4c5,3,6
daroberta,magnitude_TP,cad4bba5-cf97-45cb-8059-ebeb47dcec7a,3,2
daroberta,magnitude_TP,3ae35b16-7f7f-4a5e-9f24-5ce724106a73,1,29
daroberta,magnitude_TP,72fa9b13-4e59-4716-8df9-4c3580e7dddf,3,11
daroberta,magnitude_TP,86e6e27d-1440-4879-8b13-0dd2d89f7281,2,2
daroberta,magnitude_TP,2153fb3e-6b09-410c-bfea-d095c49a54ba,2,10
daroberta,magnitude_TP,b5eefefb-2a33-45de-abe1-f855c94165f4,3,7
daroberta,magnitude_TP,a28a0329-0887-42dc-bd3d-3bb4f8926757,3,0
daroberta,magnitude_TP,6b541575-99b1-40d2-8730-9bb868ee38ed,3,24
daroberta,magnitude_TP,472158a1-4e39-4214-8397-904e66f2b4c5,2,6
daroberta,magnitude_TP,e71d149d-0426-43f0-87e8-8c611dad7205,2,9
daroberta,magnitude_TP,9879bbc0-eab3-482f-bf6b-a4b519393986,1,43
daroberta,magnitude_TP,d16050b3-979f-4834-90db-b8823691b87e,2,2
daroberta,magnitude_TP,65cb14cb-2d27-41e5-a2be-6fd6314f4363,3,7
daroberta,magnitude_TP,7f9c83f7-3efa-4c7a-adef-3ebdeda96042,1,28
daroberta,magnitude_TP,d16050b3-979f-4834-90db-b8823691b87e,3,2
daroberta,magnitude_TP,550b80db-bdd5-442b-8f70-c8e9f3203a13,3,7
daroberta,magnitude_TP,86e6e27d-1440-4879-8b13-0dd2d89f7281,1,48
daroberta,magnitude_TP,3ae35b16-7f7f-4a5e-9f24-5ce724106a73,3,43
daroberta,magnitude_TP,2058ec60-5372-4f5f-83a3-da780be3a350,3,9
daroberta,magnitude_TP,005a2961-0c2e-4575-8eec-770ba52a08e0,1,0
daroberta,magnitude_TP,8385a996-1afc-4778-a06d-7070a8f19e27,3,3
daroberta,magnitude_TP,2ec04201-2016-4227-baf7-ba8289058203,3,0
daroberta,magnitude_TP,0d10341a-9dba-4374-a524-814c300d1611,3,18
daroberta,magnitude_TP,84b3c118-50d2-45a5-a91f-7ed95b5d0143,2,46
daroberta,magnitude_TP,b5eefefb-2a33-45de-abe1-f855c94165f4,3,9
daroberta,magnitude_TP,ad409798-ee94-4436-92c5-92669193be14,2,7
daroberta,magnitude_TP,70c75d68-bf65-46a6-a822-15c23d77a275,1,24
daroberta,magnitude_TP,ad409798-ee94-4436-92c5-92669193be14,3,1
daroberta,magnitude_TP,df5fe55a-dfcb-4817-8631-830f47c21a72,3,1
daroberta,magnitude_TP,8dc7ccfe-5cf0-482f-9101-a7c69881da4d,2,14
daroberta,magnitude_TP,c99adbdd-eaf3-4844-9548-2642e80de4e2,3,17
daroberta,magnitude_TP,6b541575-99b1-40d2-8730-9bb868ee38ed,3,22
daroberta,magnitude_TP,3ae35b16-7f7f-4a5e-9f24-5ce724106a73,3,9
daroberta,magnitude_TP,f688c56d-7fae-42ef-b7f7-7db207b58d27,1,5
daroberta,magnitude_TP,a28a0329-0887-42dc-bd3d-3bb4f8926757,3,37
daroberta,magnitude_TP,b7021938-ff8d-42ea-adec-5704c0b65237,1,16
daroberta,magnitude_TP,1ed4f378-b9d4-43b8-8d50-53d0cc063332,1,23
daroberta,magnitude_TP,85475456-f38e-4c30-895d-ca2c819c6af1,3,33
daroberta,magnitude_TP,1ed4f378-b9d4-43b8-8d50-53d0cc063332,2,16
daroberta,magnitude_TP,3ae35b16-7f7f-4a5e-9f24-5ce724106a73,3,42
daroberta,magnitude_TP,b7021938-ff8d-42ea-adec-5704c0b65237,2,23
daroberta,magnitude_TP,3db93526-a344-4ea4-8772-3734d0cfdfb1,2,9
daroberta,magnitude_TP,33521e65-12da-4521-b132-7b606243b0e4,3,4
daroberta,magnitude_TP,0c78e748-efbf-417c-a8c1-beeb6480147f,1,9
daroberta,magnitude_TP,2ec04201-2016-4227-baf7-ba8289058203,2,4
daroberta,magnitude_TP,3db93526-a344-4ea4-8772-3734d0cfdfb1,1,2
daroberta,magnitude_TP,65cb14cb-2d27-41e5-a2be-6fd6314f4363,2,28
daroberta,magnitude_TP,65cb14cb-2d27-41e5-a2be-6fd6314f4363,3,6
daroberta,magnitude_TP,d16050b3-979f-4834-90db-b8823691b87e,1,0
daroberta,magnitude_TP,b4dbeda7-a1f3-4711-ae77-db23809d1ed2,1,7
daroberta,magnitude_TP,47a209b0-fc26-4a0a-a1fe-e4310d1d2419,3,19
daroberta,magnitude_TP,b5eefefb-2a33-45de-abe1-f855c94165f4,2,4
daroberta,magnitude_TP,2f3e86b6-8443-47bd-9cd3-491c90a59fe9,1,15
daroberta,magnitude_TP,84678e18-0b79-4570-9c9f-cb1cf88d968e,1,1
daroberta,magnitude_TP,97566c74-e000-49fb-b091-e6ec6e179de0,1,2
daroberta,magnitude_TP,472158a1-4e39-4214-8397-904e66f2b4c5,1,5
daroberta,magnitude_FP,70c75d68-bf65-46a6-a822-15c23d77a275,2,20
daroberta,magnitude_FP,b5eefefb-2a33-45de-abe1-f855c94165f4,1,1
daroberta,magnitude_FP,0c78e748-efbf-417c-a8c1-beeb6480147f,3,10
daroberta,magnitude_FP,08bb9bee-c167-4c17-9c6d-4a1259231eb7,1,11
daroberta,magnitude_FP,59f2f47c-5da0-4fbc-be6e-4f15d45d82e2,3,1
daroberta,magnitude_FP,b5eefefb-2a33-45de-abe1-f855c94165f4,2,31
daroberta,magnitude_FP,542cd22c-ea80-4669-995b-6ac6a33823f7,3,14
daroberta,magnitude_FP,9879bbc0-eab3-482f-bf6b-a4b519393986,1,40
daroberta,magnitude_FP,f688c56d-7fae-42ef-b7f7-7db207b58d27,3,30
daroberta,magnitude_FP,c21cb217-3e2c-49bd-884d-5c74a165ef10,1,21
daroberta,magnitude_FP,84b3c118-50d2-45a5-a91f-7ed95b5d0143,2,66
daroberta,magnitude_FP,47a209b0-fc26-4a0a-a1fe-e4310d1d2419,3,7
daroberta,magnitude_FP,b7021938-ff8d-42ea-adec-5704c0b65237,2,13
daroberta,magnitude_FP,ad409798-ee94-4436-92c5-92669193be14,3,6
daroberta,magnitude_FP,9879bbc0-eab3-482f-bf6b-a4b519393986,1,0
daroberta,magnitude_FP,576116e5-2b18-4d35-be73-36f5863c9468,3,24
daroberta,magnitude_FP,47a209b0-fc26-4a0a-a1fe-e4310d1d2419,1,12
daroberta,magnitude_FP,0d10341a-9dba-4374-a524-814c300d1611,3,27
daroberta,magnitude_FP,84678e18-0b79-4570-9c9f-cb1cf88d968e,2,30
daroberta,magnitude_FP,b5eefefb-2a33-45de-abe1-f855c94165f4,1,24
daroberta,magnitude_FP,a4f1d515-d7d9-4319-b2e0-4d56e9d45554,2,21
daroberta,magnitude_FP,3ae35b16-7f7f-4a5e-9f24-5ce724106a73,3,15
daroberta,magnitude_FP,79bf99c6-6fca-4ce4-8ae1-8771de026142,3,18
daroberta,magnitude_FP,a4edca3f-931f-4785-8c3f-f3d8fa84cbec,1,1
daroberta,magnitude_FP,c99adbdd-eaf3-4844-9548-2642e80de4e2,2,18
daroberta,magnitude_FP,6f95dcb9-e960-45ac-8c0e-91b85724c909,3,4
daroberta,magnitude_FP,86e6e27d-1440-4879-8b13-0dd2d89f7281,2,14
daroberta,magnitude_FP,6f95dcb9-e960-45ac-8c0e-91b85724c909,2,0
daroberta,magnitude_FP,df5fe55a-dfcb-4817-8631-830f47c21a72,2,14
daroberta,magnitude_FP,1f99798f-2b60-4ecb-b5f4-4aa7991e8ace,3,16
daroberta,magnitude_FP,7a97de89-1433-46f7-bcc2-f80b041cb9a0,2,8
daroberta,magnitude_FP,d16050b3-979f-4834-90db-b8823691b87e,3,1
daroberta,magnitude_FP,005a2961-0c2e-4575-8eec-770ba52a08e0,2,25
daroberta,magnitude_FP,450755dd-30d3-478b-933e-917be5c384ba,3,13
daroberta,magnitude_FP,d16050b3-979f-4834-90db-b8823691b87e,3,0
daroberta,magnitude_FP,2ec04201-2016-4227-baf7-ba8289058203,3,7
daroberta,magnitude_FP,47a209b0-fc26-4a0a-a1fe-e4310d1d2419,3,4
daroberta,magnitude_FP,59f2f47c-5da0-4fbc-be6e-4f15d45d82e2,1,7
daroberta,magnitude_FP,b5eefefb-2a33-45de-abe1-f855c94165f4,2,41
daroberta,magnitude_FP,01c59743-7082-44fc-8414-3c04126f470f,2,42
daroberta,magnitude_FP,45bd61bc-c356-4450-9e3a-cbfc862b09fd,2,2
daroberta,magnitude_FP,6f95dcb9-e960-45ac-8c0e-91b85724c909,3,12
daroberta,magnitude_FP,0c78e748-efbf-417c-a8c1-beeb6480147f,2,12
daroberta,magnitude_FP,a28a0329-0887-42dc-bd3d-3bb4f8926757,2,5
daroberta,magnitude_FP,c6a0e65c-4f8b-41de-8200-cd700f683c64,2,20
daroberta,magnitude_FP,af4a3f41-eeb5-49fa-a276-e97c230b25f0,2,9
daroberta,magnitude_FP,2a3fde8a-082a-4d8f-9567-f7e8366c0200,1,30
daroberta,magnitude_FP,0d10341a-9dba-4374-a524-814c300d1611,3,26
daroberta,magnitude_FP,542cd22c-ea80-4669-995b-6ac6a33823f7,3,22
daroberta,magnitude_FP,13792511-5142-449f-8d3e-d77d790f65ec,2,9
daroberta,magnitude_FP,9879bbc0-eab3-482f-bf6b-a4b519393986,3,23
daroberta,magnitude_FP,d16050b3-979f-4834-90db-b8823691b87e,1,17
daroberta,magnitude_FP,6f95dcb9-e960-45ac-8c0e-91b85724c909,3,21
daroberta,magnitude_FP,8385a996-1afc-4778-a06d-7070a8f19e27,3,5
daroberta,magnitude_FP,84b3c118-50d2-45a5-a91f-7ed95b5d0143,2,2
daroberta,magnitude_FP,0c78e748-efbf-417c-a8c1-beeb6480147f,3,4
daroberta,magnitude_FP,58ed2376-35a0-453a-a08e-5cd87e3bdea5,1,21
daroberta,magnitude_FP,576116e5-2b18-4d35-be73-36f5863c9468,3,3
daroberta,magnitude_FP,87609973-bd58-42a5-96e2-ee5aa47433f5,1,6
daroberta,magnitude_FP,08bb9bee-c167-4c17-9c6d-4a1259231eb7,2,29
daroberta,magnitude_FP,47a209b0-fc26-4a0a-a1fe-e4310d1d2419,3,26
daroberta,magnitude_FP,f688c56d-7fae-42ef-b7f7-7db207b58d27,3,7
daroberta,magnitude_FP,45bd61bc-c356-4450-9e3a-cbfc862b09fd,2,11
daroberta,magnitude_FP,ad409798-ee94-4436-92c5-92669193be14,3,4
daroberta,magnitude_FP,d3a1ce0a-fc48-4827-a278-8f0ce8c7a519,3,14
daroberta,magnitude_FP,58f414e5-a122-49f5-819e-512d91069da5,2,48
daroberta,magnitude_FP,6b541575-99b1-40d2-8730-9bb868ee38ed,3,23
daroberta,magnitude_FP,58f414e5-a122-49f5-819e-512d91069da5,2,16
daroberta,magnitude_FP,59f2f47c-5da0-4fbc-be6e-4f15d45d82e2,1,10
daroberta,magnitude_FP,dd1e6e3b-f36c-4064-8ef9-940984e9afa2,2,17
daroberta,magnitude_FP,76810849-0335-4ad3-9eaf-f0d9c5baceb6,2,6
daroberta,magnitude_FP,7f9c83f7-3efa-4c7a-adef-3ebdeda96042,2,0
daroberta,magnitude_FP,b5eefefb-2a33-45de-abe1-f855c94165f4,2,44
daroberta,magnitude_FP,65cb14cb-2d27-41e5-a2be-6fd6314f4363,3,9
daroberta,magnitude_FP,dd1e6e3b-f36c-4064-8ef9-940984e9afa2,1,22
daroberta,magnitude_FP,6f95dcb9-e960-45ac-8c0e-91b85724c909,2,12
daroberta,magnitude_FP,1ed4f378-b9d4-43b8-8d50-53d0cc063332,1,28
daroberta,magnitude_FP,59f2f47c-5da0-4fbc-be6e-4f15d45d82e2,1,5
daroberta,magnitude_FP,ed8c136f-8d44-4c83-ad05-0dcfc3a0c54a,3,35
daroberta,magnitude_FP,6f95dcb9-e960-45ac-8c0e-91b85724c909,3,5
daroberta,magnitude_FP,a28a0329-0887-42dc-bd3d-3bb4f8926757,3,34
daroberta,magnitude_FP,47a209b0-fc26-4a0a-a1fe-e4310d1d2419,2,12
daroberta,magnitude_FP,2b9468af-4ab0-4f25-85f4-c3ef93d72006,1,6
daroberta,magnitude_FP,2b9468af-4ab0-4f25-85f4-c3ef93d72006,3,0
daroberta,magnitude_FP,2b95d2cf-e979-4f9c-ae27-9a5370934f23,3,5
daroberta,magnitude_FP,7a97de89-1433-46f7-bcc2-f80b041cb9a0,1,10
daroberta,magnitude_FP,c6a0e65c-4f8b-41de-8200-cd700f683c64,1,12
daroberta,magnitude_FP,1b96a5db-8974-46d3-82d7-5dfef02f650e,2,19
daroberta,magnitude_FP,6f95dcb9-e960-45ac-8c0e-91b85724c909,1,1
daroberta,magnitude_FP,68748e7f-cf6e-4ac7-8504-454c0876880d,3,17
daroberta,magnitude_FP,86e6e27d-1440-4879-8b13-0dd2d89f7281,2,13
daroberta,magnitude_FP,2b9468af-4ab0-4f25-85f4-c3ef93d72006,2,4
daroberta,magnitude_FP,c99adbdd-eaf3-4844-9548-2642e80de4e2,3,18
daroberta,magnitude_FP,ed8c136f-8d44-4c83-ad05-0dcfc3a0c54a,1,7
daroberta,magnitude_FP,6b541575-99b1-40d2-8730-9bb868ee38ed,3,28
daroberta,magnitude_FP,0ffb34cd-c367-4d90-aca7-7fcac3ed8f3d,3,19
daroberta,magnitude_FP,ae243a95-b2c2-410c-9e2b-b083b4b8eb48,2,10
daroberta,magnitude_FP,79bf99c6-6fca-4ce4-8ae1-8771de026142,2,16
daroberta,magnitude_FP,7a97de89-1433-46f7-bcc2-f80b041cb9a0,1,8
daroberta,magnitude_FP,450755dd-30d3-478b-933e-917be5c384ba,3,14
daroberta,magnitude_TN,d3a1ce0a-fc48-4827-a278-8f0ce8c7a519,2,8
daroberta,magnitude_TN,ae243a95-b2c2-410c-9e2b-b083b4b8eb48,1,23
daroberta,magnitude_TN,6e502405-bc90-4416-a787-3122918aa648,2,21
daroberta,magnitude_TN,29ffd053-7684-469b-a600-97000579bd01,1,12
daroberta,magnitude_TN,59f2f47c-5da0-4fbc-be6e-4f15d45d82e2,1,12
daroberta,magnitude_TN,2ec04201-2016-4227-baf7-ba8289058203,1,38
daroberta,magnitude_TN,d1344998-0e7c-409e-aaad-df5be687fc94,1,12
daroberta,magnitude_TN,7a97de89-1433-46f7-bcc2-f80b041cb9a0,2,6
daroberta,magnitude_TN,58f414e5-a122-49f5-819e-512d91069da5,2,49
daroberta,magnitude_TN,85475456-f38e-4c30-895d-ca2c819c6af1,3,15
daroberta,magnitude_TN,2f3e86b6-8443-47bd-9cd3-491c90a59fe9,1,4
daroberta,magnitude_TN,9879bbc0-eab3-482f-bf6b-a4b519393986,2,7
daroberta,magnitude_TN,b7021938-ff8d-42ea-adec-5704c0b65237,3,0
daroberta,magnitude_TN,b764f81f-6d08-4d7c-b1a8-8961bed0a455,2,6
daroberta,magnitude_TN,8dc7ccfe-5cf0-482f-9101-a7c69881da4d,3,0
daroberta,magnitude_TN,8385a996-1afc-4778-a06d-7070a8f19e27,2,17
daroberta,magnitude_TN,1ed4f378-b9d4-43b8-8d50-53d0cc063332,3,16
daroberta,magnitude_TN,df6a55fb-dfe5-4362-89a6-8c040d648a70,3,9
daroberta,magnitude_TN,ed8c136f-8d44-4c83-ad05-0dcfc3a0c54a,3,39
daroberta,magnitude_TN,576116e5-2b18-4d35-be73-36f5863c9468,1,11
daroberta,magnitude_TN,0d10341a-9dba-4374-a524-814c300d1611,1,34
daroberta,magnitude_TN,8dac6c12-b5ca-468c-a249-7e0ab42f6b52,2,21
daroberta,magnitude_TN,47a209b0-fc26-4a0a-a1fe-e4310d1d2419,2,10
daroberta,magnitude_TN,eadabee7-3db9-43c4-a485-3e8b1882cd3c,2,23
daroberta,magnitude_TN,df6a55fb-dfe5-4362-89a6-8c040d648a70,3,0
daroberta,magnitude_TN,68748e7f-cf6e-4ac7-8504-454c0876880d,1,25
daroberta,magnitude_TN,33521e65-12da-4521-b132-7b606243b0e4,1,0
daroberta,magnitude_TN,eb17fa36-89f2-4d0b-8133-7bb4682228e1,1,6
daroberta,magnitude_TN,526cabb7-02a3-4adb-8e90-ec781c40c498,1,9
daroberta,magnitude_TN,d16050b3-979f-4834-90db-b8823691b87e,3,15
daroberta,magnitude_TN,2ec04201-2016-4227-baf7-ba8289058203,1,13
daroberta,magnitude_TN,dd1e6e3b-f36c-4064-8ef9-940984e9afa2,3,19
daroberta,magnitude_TN,65cb14cb-2d27-41e5-a2be-6fd6314f4363,1,9
daroberta,magnitude_TN,1bb79cc1-5d69-4136-a23d-6dbd300cbf25,3,18
daroberta,magnitude_TN,ae243a95-b2c2-410c-9e2b-b083b4b8eb48,1,10
daroberta,magnitude_TN,cad4bba5-cf97-45cb-8059-ebeb47dcec7a,2,8
daroberta,magnitude_TN,1f99798f-2b60-4ecb-b5f4-4aa7991e8ace,1,28
daroberta,magnitude_TN,2b9468af-4ab0-4f25-85f4-c3ef93d72006,3,5
daroberta,magnitude_TN,85475456-f38e-4c30-895d-ca2c819c6af1,1,16
daroberta,magnitude_TN,68748e7f-cf6e-4ac7-8504-454c0876880d,3,5
daroberta,magnitude_TN,542cd22c-ea80-4669-995b-6ac6a33823f7,1,2
daroberta,magnitude_TN,526cabb7-02a3-4adb-8e90-ec781c40c498,3,51
daroberta,magnitude_TN,cad4bba5-cf97-45cb-8059-ebeb47dcec7a,1,18
daroberta,magnitude_TN,6f95dcb9-e960-45ac-8c0e-91b85724c909,3,6
daroberta,magnitude_TN,a28a0329-0887-42dc-bd3d-3bb4f8926757,1,17
daroberta,magnitude_TN,e71d149d-0426-43f0-87e8-8c611dad7205,2,10
daroberta,magnitude_TN,86e6e27d-1440-4879-8b13-0dd2d89f7281,3,7
daroberta,magnitude_TN,b5eefefb-2a33-45de-abe1-f855c94165f4,1,46
daroberta,magnitude_TN,1f99798f-2b60-4ecb-b5f4-4aa7991e8ace,3,1
daroberta,magnitude_TN,7a97de89-1433-46f7-bcc2-f80b041cb9a0,3,26
daroberta,magnitude_TN,3ae35b16-7f7f-4a5e-9f24-5ce724106a73,3,14
daroberta,magnitude_TN,1ed4f378-b9d4-43b8-8d50-53d0cc063332,3,1
daroberta,magnitude_TN,eadabee7-3db9-43c4-a485-3e8b1882cd3c,3,9
daroberta,magnitude_TN,8abec8d9-50a2-480e-969a-157f94954f4d,2,7
daroberta,magnitude_TN,4f473faf-f928-4cfd-8bed-00578be9db9a,2,11
daroberta,magnitude_TN,a28a0329-0887-42dc-bd3d-3bb4f8926757,3,7
daroberta,magnitude_TN,d3a1ce0a-fc48-4827-a278-8f0ce8c7a519,3,0
daroberta,magnitude_TN,d3a1ce0a-fc48-4827-a278-8f0ce8c7a519,3,23
daroberta,magnitude_TN,1f99798f-2b60-4ecb-b5f4-4aa7991e8ace,3,2
daroberta,magnitude_TN,b5eefefb-2a33-45de-abe1-f855c94165f4,1,33
daroberta,magnitude_TN,1ed4f378-b9d4-43b8-8d50-53d0cc063332,1,6
daroberta,magnitude_TN,22b6e900-4826-4b09-a9f8-5d7afe46e78b,3,5
daroberta,magnitude_TN,8abec8d9-50a2-480e-969a-157f94954f4d,2,15
daroberta,magnitude_TN,cad4bba5-cf97-45cb-8059-ebeb47dcec7a,2,3
daroberta,magnitude_TN,0d10341a-9dba-4374-a524-814c300d1611,2,23
daroberta,magnitude_TN,13792511-5142-449f-8d3e-d77d790f65ec,2,33
daroberta,magnitude_TN,58f414e5-a122-49f5-819e-512d91069da5,3,36
daroberta,magnitude_TN,97b1305c-13ca-4b74-a56a-f459bd79dfaf,2,9
daroberta,magnitude_TN,a28a0329-0887-42dc-bd3d-3bb4f8926757,1,1
daroberta,magnitude_TN,84b3c118-50d2-45a5-a91f-7ed95b5d0143,2,18
daroberta,magnitude_TN,ed8c136f-8d44-4c83-ad05-0dcfc3a0c54a,1,16
daroberta,magnitude_TN,06ffda2d-1caf-45ba-99e2-268aac1bf0e1,3,18
daroberta,magnitude_TN,9879bbc0-eab3-482f-bf6b-a4b519393986,2,8
daroberta,magnitude_TN,13792511-5142-449f-8d3e-d77d790f65ec,2,17
daroberta,magnitude_TN,df6a55fb-dfe5-4362-89a6-8c040d648a70,2,5
daroberta,magnitude_TN,1bb79cc1-5d69-4136-a23d-6dbd300cbf25,2,3
daroberta,magnitude_TN,85475456-f38e-4c30-895d-ca2c819c6af1,1,25
daroberta,magnitude_TN,df6a55fb-dfe5-4362-89a6-8c040d648a70,2,2
daroberta,magnitude_TN,7f9c83f7-3efa-4c7a-adef-3ebdeda96042,3,13
daroberta,magnitude_TN,13792511-5142-449f-8d3e-d77d790f65ec,2,27
daroberta,magnitude_TN,1f99798f-2b60-4ecb-b5f4-4aa7991e8ace,2,24
daroberta,magnitude_TN,3db93526-a344-4ea4-8772-3734d0cfdfb1,3,3
daroberta,magnitude_TN,aab91277-8d56-4844-a581-45630f873f49,2,29
daroberta,magnitude_TN,7f9c83f7-3efa-4c7a-adef-3ebdeda96042,1,0
daroberta,magnitude_TN,70c744ad-e950-445c-8a7a-0782b0a7d20b,2,29
daroberta,magnitude_TN,dd1e6e3b-f36c-4064-8ef9-940984e9afa2,2,20
daroberta,magnitude_TN,08bb9bee-c167-4c17-9c6d-4a1259231eb7,1,1
daroberta,magnitude_TN,76810849-0335-4ad3-9eaf-f0d9c5baceb6,1,9
daroberta,magnitude_TN,f506aafc-8b43-427a-936e-bbd1ef33e076,2,14
daroberta,magnitude_TN,ed8c136f-8d44-4c83-ad05-0dcfc3a0c54a,2,23
daroberta,magnitude_TN,d3a1ce0a-fc48-4827-a278-8f0ce8c7a519,3,37
daroberta,magnitude_TN,2ec04201-2016-4227-baf7-ba8289058203,2,22
daroberta,magnitude_TN,526cabb7-02a3-4adb-8e90-ec781c40c498,3,5
daroberta,magnitude_TN,1b96a5db-8974-46d3-82d7-5dfef02f650e,2,10
daroberta,magnitude_TN,c99adbdd-eaf3-4844-9548-2642e80de4e2,3,15
daroberta,magnitude_TN,1ed4f378-b9d4-43b8-8d50-53d0cc063332,2,23
daroberta,magnitude_TN,96b7046f-f584-422f-a626-6f86a26dfd8b,3,19
daroberta,magnitude_TN,f11c2566-848a-4e29-b8c5-4de0a81114e4,2,11
daroberta,magnitude_TN,11c9f251-35c8-4452-b052-df9be61464c6,2,5
daroberta,magnitude_TN,a4f1d515-d7d9-4319-b2e0-4d56e9d45554,3,6
biasdetector,bias_type_lex,97b1305c-13ca-4b74-a56a-f459bd79dfaf,3,24
biasdetector,bias_type_lex,86e6e27d-1440-4879-8b13-0dd2d89f7281,1,16
biasdetector,bias_type_lex,ad409798-ee94-4436-92c5-92669193be14,1,19
biasdetector,bias_type_lex,97566c74-e000-49fb-b091-e6ec6e179de0,3,4
biasdetector,bias_type_lex,47a209b0-fc26-4a0a-a1fe-e4310d1d2419,1,7
biasdetector,bias_type_lex,6f95dcb9-e960-45ac-8c0e-91b85724c909,3,23
biasdetector,bias_type_lex,f688c56d-7fae-42ef-b7f7-7db207b58d27,3,9
biasdetector,bias_type_lex,7a97de89-1433-46f7-bcc2-f80b041cb9a0,3,20
biasdetector,bias_type_lex,76810849-0335-4ad3-9eaf-f0d9c5baceb6,1,1
biasdetector,bias_type_lex,b5eefefb-2a33-45de-abe1-f855c94165f4,3,3
biasdetector,bias_type_lex,1ed4f378-b9d4-43b8-8d50-53d0cc063332,1,14
biasdetector,bias_type_lex,47a209b0-fc26-4a0a-a1fe-e4310d1d2419,3,6
biasdetector,bias_type_lex,59f2f47c-5da0-4fbc-be6e-4f15d45d82e2,3,7
biasdetector,bias_type_lex,2a3fde8a-082a-4d8f-9567-f7e8366c0200,1,12
biasdetector,bias_type_lex,0d10341a-9dba-4374-a524-814c300d1611,3,21
biasdetector,bias_type_lex,84b3c118-50d2-45a5-a91f-7ed95b5d0143,2,1
biasdetector,bias_type_lex,d4a4bc34-e48b-4485-86b2-f1daf4d464dd,2,10
biasdetector,bias_type_lex,86e6e27d-1440-4879-8b13-0dd2d89f7281,1,1
biasdetector,bias_type_lex,76810849-0335-4ad3-9eaf-f0d9c5baceb6,3,0
biasdetector,bias_type_lex,96b7046f-f584-422f-a626-6f86a26dfd8b,1,10
biasdetector,bias_type_lex,84678e18-0b79-4570-9c9f-cb1cf88d968e,1,1
biasdetector,bias_type_lex,65cb14cb-2d27-41e5-a2be-6fd6314f4363,1,7
biasdetector,bias_type_lex,c99adbdd-eaf3-4844-9548-2642e80de4e2,3,17
biasdetector,bias_type_lex,b5eefefb-2a33-45de-abe1-f855c94165f4,3,5
biasdetector,bias_type_lex,b5eefefb-2a33-45de-abe1-f855c94165f4,1,0
biasdetector,bias_type_lex,2ec04201-2016-4227-baf7-ba8289058203,2,23
biasdetector,bias_type_lex,59f2f47c-5da0-4fbc-be6e-4f15d45d82e2,2,0
biasdetector,bias_type_lex,1ed4f378-b9d4-43b8-8d50-53d0cc063332,2,6
biasdetector,bias_type_lex,6f95dcb9-e960-45ac-8c0e-91b85724c909,3,29
biasdetector,bias_type_lex,1bb79cc1-5d69-4136-a23d-6dbd300cbf25,3,0
biasdetector,bias_type_lex,29ffd053-7684-469b-a600-97000579bd01,1,9
biasdetector,bias_type_lex,1ed4f378-b9d4-43b8-8d50-53d0cc063332,1,4
biasdetector,bias_type_lex,3ae35b16-7f7f-4a5e-9f24-5ce724106a73,3,43
biasdetector,bias_type_lex,08bb9bee-c167-4c17-9c6d-4a1259231eb7,1,10
biasdetector,bias_type_lex,b4dbeda7-a1f3-4711-ae77-db23809d1ed2,1,15
biasdetector,bias_type_lex,47a209b0-fc26-4a0a-a1fe-e4310d1d2419,1,6
biasdetector,bias_type_lex,97566c74-e000-49fb-b091-e6ec6e179de0,1,2
biasdetector,bias_type_lex,2153fb3e-6b09-410c-bfea-d095c49a54ba,3,0
biasdetector,bias_type_lex,be026bd1-52b1-4789-bfd3-3632af17b054,2,4
biasdetector,bias_type_lex,65cb14cb-2d27-41e5-a2be-6fd6314f4363,2,17
biasdetector,bias_type_lex,af4a3f41-eeb5-49fa-a276-e97c230b25f0,3,10
biasdetector,bias_type_lex,84b3c118-50d2-45a5-a91f-7ed95b5d0143,2,6
biasdetector,bias_type_lex,86e6e27d-1440-4879-8b13-0dd2d89f7281,1,2
biasdetector,bias_type_lex,2b95d2cf-e979-4f9c-ae27-9a5370934f23,3,13
biasdetector,bias_type_lex,29ffd053-7684-469b-a600-97000579bd01,2,0
biasdetector,bias_type_lex,472158a1-4e39-4214-8397-904e66f2b4c5,2,4
biasdetector,bias_type_lex,a28a0329-0887-42dc-bd3d-3bb4f8926757,3,37
biasdetector,bias_type_lex,47a209b0-fc26-4a0a-a1fe-e4310d1d2419,1,4
biasdetector,bias_type_lex,b5eefefb-2a33-45de-abe1-f855c94165f4,2,16
biasdetector,bias_type_lex,58ed2376-35a0-453a-a08e-5cd87e3bdea5,1,16
biasdetector,bias_type_lex,d3a1ce0a-fc48-4827-a278-8f0ce8c7a519,2,29
biasdetector,bias_type_lex,79bf99c6-6fca-4ce4-8ae1-8771de026142,2,33
biasdetector,bias_type_lex,76810849-0335-4ad3-9eaf-f0d9c5baceb6,3,1
biasdetector,bias_type_lex,9879bbc0-eab3-482f-bf6b-a4b519393986,1,1
biasdetector,bias_type_lex,1bb79cc1-5d69-4136-a23d-6dbd300cbf25,1,7
biasdetector,bias_type_lex,aab91277-8d56-4844-a581-45630f873f49,1,26
biasdetector,bias_type_lex,ae243a95-b2c2-410c-9e2b-b083b4b8eb48,3,0
biasdetector,bias_type_lex,3ae35b16-7f7f-4a5e-9f24-5ce724106a73,1,0
biasdetector,bias_type_lex,59f2f47c-5da0-4fbc-be6e-4f15d45d82e2,3,18
biasdetector,bias_type_lex,2ec04201-2016-4227-baf7-ba8289058203,2,27
biasdetector,bias_type_lex,47a209b0-fc26-4a0a-a1fe-e4310d1d2419,3,31
biasdetector,bias_type_lex,ad409798-ee94-4436-92c5-92669193be14,2,8
biasdetector,bias_type_lex,7f9c83f7-3efa-4c7a-adef-3ebdeda96042,1,14
biasdetector,bias_type_lex,526cabb7-02a3-4adb-8e90-ec781c40c498,3,33
biasdetector,bias_type_lex,2f3e86b6-8443-47bd-9cd3-491c90a59fe9,3,25
biasdetector,bias_type_lex,b7021938-ff8d-42ea-adec-5704c0b65237,1,1
biasdetector,bias_type_lex,3ae35b16-7f7f-4a5e-9f24-5ce724106a73,3,11
biasdetector,bias_type_lex,84b3c118-50d2-45a5-a91f-7ed95b5d0143,1,10
biasdetector,bias_type_lex,d16050b3-979f-4834-90db-b8823691b87e,2,2
biasdetector,bias_type_lex,65cb14cb-2d27-41e5-a2be-6fd6314f4363,3,6
biasdetector,bias_type_lex,59f2f47c-5da0-4fbc-be6e-4f15d45d82e2,2,9
biasdetector,bias_type_lex,70c75d68-bf65-46a6-a822-15c23d77a275,1,30
biasdetector,bias_type_lex,b4dbeda7-a1f3-4711-ae77-db23809d1ed2,1,8
biasdetector,bias_type_lex,2153fb3e-6b09-410c-bfea-d095c49a54ba,2,10
biasdetector,bias_type_lex,2ec04201-2016-4227-baf7-ba8289058203,2,11
biasdetector,bias_type_lex,b7021938-ff8d-42ea-adec-5704c0b65237,3,11
biasdetector,bias_type_lex,59f2f47c-5da0-4fbc-be6e-4f15d45d82e2,1,1
biasdetector,bias_type_lex,76810849-0335-4ad3-9eaf-f0d9c5baceb6,2,11
biasdetector,bias_type_lex,b5eefefb-2a33-45de-abe1-f855c94165f4,1,47
biasdetector,bias_type_lex,450755dd-30d3-478b-933e-917be5c384ba,3,27
biasdetector,bias_type_lex,ae243a95-b2c2-410c-9e2b-b083b4b8eb48,1,11
biasdetector,bias_type_lex,d4a4bc34-e48b-4485-86b2-f1daf4d464dd,1,2
biasdetector,bias_type_lex,df5fe55a-dfcb-4817-8631-830f47c21a72,1,11
biasdetector,bias_type_lex,8dc7ccfe-5cf0-482f-9101-a7c69881da4d,2,13
biasdetector,bias_type_lex,d4a4bc34-e48b-4485-86b2-f1daf4d464dd,3,13
biasdetector,bias_type_lex,47a209b0-fc26-4a0a-a1fe-e4310d1d2419,1,0
biasdetector,bias_type_lex,2b95d2cf-e979-4f9c-ae27-9a5370934f23,3,15
biasdetector,bias_type_lex,59f2f47c-5da0-4fbc-be6e-4f15d45d82e2,3,19
biasdetector,bias_type_lex,6f95dcb9-e960-45ac-8c0e-91b85724c909,3,1
biasdetector,bias_type_lex,3ae35b16-7f7f-4a5e-9f24-5ce724106a73,1,7
biasdetector,bias_type_lex,a28a0329-0887-42dc-bd3d-3bb4f8926757,3,16
biasdetector,bias_type_lex,65cb14cb-2d27-41e5-a2be-6fd6314f4363,2,16
biasdetector,bias_type_lex,ee05c9b3-529c-4268-ad72-19bd34f7197e,1,0
biasdetector,bias_type_lex,be026bd1-52b1-4789-bfd3-3632af17b054,3,12
biasdetector,bias_type_lex,d4a4bc34-e48b-4485-86b2-f1daf4d464dd,1,9
biasdetector,bias_type_lex,8abec8d9-50a2-480e-969a-157f94954f4d,1,0
biasdetector,bias_type_lex,576116e5-2b18-4d35-be73-36f5863c9468,2,1
biasdetector,bias_type_lex,ee05c9b3-529c-4268-ad72-19bd34f7197e,3,1
biasdetector,bias_type_lex,8abec8d9-50a2-480e-969a-157f94954f4d,2,21
biasdetector,bias_type_lex,450755dd-30d3-478b-933e-917be5c384ba,2,14
biasdetector,bias_type_inf,70c75d68-bf65-46a6-a822-15c23d77a275,1,21
biasdetector,bias_type_inf,2ec04201-2016-4227-baf7-ba8289058203,1,6
biasdetector,bias_type_inf,8385a996-1afc-4778-a06d-7070a8f19e27,3,3
biasdetector,bias_type_inf,8dac6c12-b5ca-468c-a249-7e0ab42f6b52,3,10
biasdetector,bias_type_inf,13792511-5142-449f-8d3e-d77d790f65ec,2,15
biasdetector,bias_type_inf,c99adbdd-eaf3-4844-9548-2642e80de4e2,3,9
biasdetector,bias_type_inf,472158a1-4e39-4214-8397-904e66f2b4c5,3,22
biasdetector,bias_type_inf,13792511-5142-449f-8d3e-d77d790f65ec,2,35
biasdetector,bias_type_inf,1ed4f378-b9d4-43b8-8d50-53d0cc063332,2,16
biasdetector,bias_type_inf,526cabb7-02a3-4adb-8e90-ec781c40c498,3,12
biasdetector,bias_type_inf,79bf99c6-6fca-4ce4-8ae1-8771de026142,2,6
biasdetector,bias_type_inf,29ffd053-7684-469b-a600-97000579bd01,2,3
biasdetector,bias_type_inf,58f414e5-a122-49f5-819e-512d91069da5,2,24
biasdetector,bias_type_inf,47a209b0-fc26-4a0a-a1fe-e4310d1d2419,3,19
biasdetector,bias_type_inf,3ae35b16-7f7f-4a5e-9f24-5ce724106a73,1,27
biasdetector,bias_type_inf,b5eefefb-2a33-45de-abe1-f855c94165f4,3,9
biasdetector,bias_type_inf,3db93526-a344-4ea4-8772-3734d0cfdfb1,2,9
biasdetector,bias_type_inf,8dc7ccfe-5cf0-482f-9101-a7c69881da4d,1,19
biasdetector,bias_type_inf,3ae35b16-7f7f-4a5e-9f24-5ce724106a73,1,23
biasdetector,bias_type_inf,3db93526-a344-4ea4-8772-3734d0cfdfb1,2,8
biasdetector,bias_type_inf,c6a0e65c-4f8b-41de-8200-cd700f683c64,1,23
biasdetector,bias_type_inf,0ffb34cd-c367-4d90-aca7-7fcac3ed8f3d,3,9
biasdetector,bias_type_inf,13792511-5142-449f-8d3e-d77d790f65ec,2,13
biasdetector,bias_type_inf,6b541575-99b1-40d2-8730-9bb868ee38ed,3,10
biasdetector,bias_type_inf,65cb14cb-2d27-41e5-a2be-6fd6314f4363,2,28
biasdetector,bias_type_inf,005a2961-0c2e-4575-8eec-770ba52a08e0,3,23
biasdetector,bias_type_inf,70c75d68-bf65-46a6-a822-15c23d77a275,3,1
biasdetector,bias_type_inf,58ed2376-35a0-453a-a08e-5cd87e3bdea5,3,7
biasdetector,bias_type_inf,29ffd053-7684-469b-a600-97000579bd01,1,11
biasdetector,bias_type_inf,aab91277-8d56-4844-a581-45630f873f49,1,11
biasdetector,bias_type_inf,b5eefefb-2a33-45de-abe1-f855c94165f4,2,53
biasdetector,bias_type_inf,68748e7f-cf6e-4ac7-8504-454c0876880d,2,25
biasdetector,bias_type_inf,6f95dcb9-e960-45ac-8c0e-91b85724c909,3,24
biasdetector,bias_type_inf,70c75d68-bf65-46a6-a822-15c23d77a275,2,6
biasdetector,bias_type_inf,3ae35b16-7f7f-4a5e-9f24-5ce724106a73,1,29
biasdetector,bias_type_inf,be026bd1-52b1-4789-bfd3-3632af17b054,2,22
biasdetector,bias_type_inf,7f9c83f7-3efa-4c7a-adef-3ebdeda96042,1,9
biasdetector,bias_type_inf,2f3e86b6-8443-47bd-9cd3-491c90a59fe9,1,2
biasdetector,bias_type_inf,84678e18-0b79-4570-9c9f-cb1cf88d968e,2,32
biasdetector,bias_type_inf,68748e7f-cf6e-4ac7-8504-454c0876880d,2,13
biasdetector,bias_type_inf,eadabee7-3db9-43c4-a485-3e8b1882cd3c,2,30
biasdetector,bias_type_inf,7a97de89-1433-46f7-bcc2-f80b041cb9a0,2,5
biasdetector,bias_type_inf,df5fe55a-dfcb-4817-8631-830f47c21a72,2,11
biasdetector,bias_type_inf,2a3fde8a-082a-4d8f-9567-f7e8366c0200,3,5
biasdetector,bias_type_inf,96b7046f-f584-422f-a626-6f86a26dfd8b,1,5
biasdetector,bias_type_inf,72fa9b13-4e59-4716-8df9-4c3580e7dddf,3,1
biasdetector,bias_type_inf,8dac6c12-b5ca-468c-a249-7e0ab42f6b52,1,29
biasdetector,bias_type_inf,58f414e5-a122-49f5-819e-512d91069da5,2,27
biasdetector,bias_type_inf,472158a1-4e39-4214-8397-904e66f2b4c5,1,5
biasdetector,bias_type_inf,97b1305c-13ca-4b74-a56a-f459bd79dfaf,2,5
biasdetector,bias_type_inf,84b3c118-50d2-45a5-a91f-7ed95b5d0143,2,52
biasdetector,bias_type_inf,550b80db-bdd5-442b-8f70-c8e9f3203a13,1,10
biasdetector,bias_type_inf,b7021938-ff8d-42ea-adec-5704c0b65237,2,18
biasdetector,bias_type_inf,3ae35b16-7f7f-4a5e-9f24-5ce724106a73,3,13
biasdetector,bias_type_inf,1ed4f378-b9d4-43b8-8d50-53d0cc063332,1,5
biasdetector,bias_type_inf,13792511-5142-449f-8d3e-d77d790f65ec,2,0
biasdetector,bias_type_inf,b5eefefb-2a33-45de-abe1-f855c94165f4,3,14
biasdetector,bias_type_inf,79bf99c6-6fca-4ce4-8ae1-8771de026142,3,34
biasdetector,bias_type_inf,13792511-5142-449f-8d3e-d77d790f65ec,2,14
biasdetector,bias_type_inf,ad409798-ee94-4436-92c5-92669193be14,2,7
biasdetector,bias_type_inf,2153fb3e-6b09-410c-bfea-d095c49a54ba,2,20
biasdetector,bias_type_inf,ad409798-ee94-4436-92c5-92669193be14,2,17
biasdetector,bias_type_inf,550b80db-bdd5-442b-8f70-c8e9f3203a13,3,4
biasdetector,bias_type_inf,9879bbc0-eab3-482f-bf6b-a4b519393986,2,5
biasdetector,bias_type_inf,550b80db-bdd5-442b-8f70-c8e9f3203a13,1,5
biasdetector,bias_type_inf,c99adbdd-eaf3-4844-9548-2642e80de4e2,1,4
biasdetector,bias_type_inf,70c75d68-bf65-46a6-a822-15c23d77a275,1,27
biasdetector,bias_type_inf,a4f1d515-d7d9-4319-b2e0-4d56e9d45554,2,19
biasdetector,bias_type_inf,84b3c118-50d2-45a5-a91f-7ed95b5d0143,3,3
biasdetector,bias_type_inf,1ed4f378-b9d4-43b8-8d50-53d0cc063332,1,3
biasdetector,bias_type_inf,0c78e748-efbf-417c-a8c1-beeb6480147f,2,5
biasdetector,bias_type_inf,1f99798f-2b60-4ecb-b5f4-4aa7991e8ace,3,9
biasdetector,bias_type_inf,86e6e27d-1440-4879-8b13-0dd2d89f7281,1,4
biasdetector,bias_type_inf,8abec8d9-50a2-480e-969a-157f94954f4d,1,5
biasdetector,bias_type_inf,3db93526-a344-4ea4-8772-3734d0cfdfb1,2,7
biasdetector,bias_type_inf,472158a1-4e39-4214-8397-904e66f2b4c5,1,7
biasdetector,bias_type_inf,1e41e98b-9ac1-441d-b2c2-19d8f730c74a,2,34
biasdetector,bias_type_inf,be026bd1-52b1-4789-bfd3-3632af17b054,3,9
biasdetector,bias_type_inf,0c78e748-efbf-417c-a8c1-beeb6480147f,1,9
biasdetector,bias_type_inf,7f9c83f7-3efa-4c7a-adef-3ebdeda96042,1,10
biasdetector,bias_type_inf,3ae35b16-7f7f-4a5e-9f24-5ce724106a73,2,20
biasdetector,bias_type_inf,3db93526-a344-4ea4-8772-3734d0cfdfb1,1,9
biasdetector,bias_type_inf,c99adbdd-eaf3-4844-9548-2642e80de4e2,2,29
biasdetector,bias_type_inf,01c59743-7082-44fc-8414-3c04126f470f,1,23
biasdetector,bias_type_inf,3db93526-a344-4ea4-8772-3734d0cfdfb1,1,8
biasdetector,bias_type_inf,8abec8d9-50a2-480e-969a-157f94954f4d,2,14
biasdetector,bias_type_inf,4f473faf-f928-4cfd-8bed-00578be9db9a,2,35
biasdetector,bias_type_inf,01c59743-7082-44fc-8414-3c04126f470f,2,35
biasdetector,bias_type_inf,8abec8d9-50a2-480e-969a-157f94954f4d,2,5
biasdetector,bias_type_inf,76810849-0335-4ad3-9eaf-f0d9c5baceb6,1,13
biasdetector,bias_type_inf,ae243a95-b2c2-410c-9e2b-b083b4b8eb48,2,12
biasdetector,bias_type_inf,8385a996-1afc-4778-a06d-7070a8f19e27,3,4
biasdetector,bias_type_inf,f688c56d-7fae-42ef-b7f7-7db207b58d27,3,16
biasdetector,bias_type_inf,d16050b3-979f-4834-90db-b8823691b87e,3,2
biasdetector,bias_type_inf,8385a996-1afc-4778-a06d-7070a8f19e27,3,12
biasdetector,bias_type_inf,86e6e27d-1440-4879-8b13-0dd2d89f7281,2,3
biasdetector,bias_type_inf,7f9c83f7-3efa-4c7a-adef-3ebdeda96042,3,6
biasdetector,bias_type_inf,b764f81f-6d08-4d7c-b1a8-8961bed0a455,3,32
biasdetector,bias_type_inf,3db93526-a344-4ea4-8772-3734d0cfdfb1,1,2
biasdetector,bias_type_inf,86e6e27d-1440-4879-8b13-0dd2d89f7281,1,6
biasdetector,bias_type_both,1e41e98b-9ac1-441d-b2c2-19d8f730c74a,3,4
biasdetector,bias_type_both,38f7cbb7-5d6a-4c89-bcbd-8e164144172a,1,10
biasdetector,bias_type_both,ae243a95-b2c2-410c-9e2b-b083b4b8eb48,1,18
biasdetector,bias_type_both,86e6e27d-1440-4879-8b13-0dd2d89f7281,3,6
biasdetector,bias_type_both,1e41e98b-9ac1-441d-b2c2-19d8f730c74a,2,12
biasdetector,bias_type_both,cad4bba5-cf97-45cb-8059-ebeb47dcec7a,3,2
biasdetector,bias_type_both,0ffb34cd-c367-4d90-aca7-7fcac3ed8f3d,3,5
biasdetector,bias_type_both,472158a1-4e39-4214-8397-904e66f2b4c5,1,0
biasdetector,bias_type_both,0ffb34cd-c367-4d90-aca7-7fcac3ed8f3d,1,1
biasdetector,bias_type_both,0d10341a-9dba-4374-a524-814c300d1611,3,18
biasdetector,bias_type_both,c9e4d35f-aeae-462b-a8bf-e08d09a93b6e,1,14
biasdetector,bias_type_both,aab91277-8d56-4844-a581-45630f873f49,1,24
biasdetector,bias_type_both,87609973-bd58-42a5-96e2-ee5aa47433f5,3,2
biasdetector,bias_type_both,59f2f47c-5da0-4fbc-be6e-4f15d45d82e2,2,8
biasdetector,bias_type_both,96b7046f-f584-422f-a626-6f86a26dfd8b,2,4
biasdetector,bias_type_both,d4a4bc34-e48b-4485-86b2-f1daf4d464dd,2,4
biasdetector,bias_type_both,72fa9b13-4e59-4716-8df9-4c3580e7dddf,1,25
biasdetector,bias_type_both,70c75d68-bf65-46a6-a822-15c23d77a275,3,5
biasdetector,bias_type_both,aab91277-8d56-4844-a581-45630f873f49,1,27
biasdetector,bias_type_both,72fa9b13-4e59-4716-8df9-4c3580e7dddf,1,26
biasdetector,bias_type_both,f688c56d-7fae-42ef-b7f7-7db207b58d27,1,1
biasdetector,bias_type_both,d16050b3-979f-4834-90db-b8823691b87e,1,1
biasdetector,bias_type_both,7f9c83f7-3efa-4c7a-adef-3ebdeda96042,1,28
daroberta,bias_type_lex,6f95dcb9-e960-45ac-8c0e-91b85724c909,2,1
daroberta,bias_type_lex,72fa9b13-4e59-4716-8df9-4c3580e7dddf,1,7
daroberta,bias_type_lex,b7021938-ff8d-42ea-adec-5704c0b65237,1,9
daroberta,bias_type_lex,472158a1-4e39-4214-8397-904e66f2b4c5,2,4
daroberta,bias_type_lex,6f95dcb9-e960-45ac-8c0e-91b85724c909,3,23
daroberta,bias_type_lex,86e6e27d-1440-4879-8b13-0dd2d89f7281,1,26
daroberta,bias_type_lex,76810849-0335-4ad3-9eaf-f0d9c5baceb6,3,1
daroberta,bias_type_lex,b4dbeda7-a1f3-4711-ae77-db23809d1ed2,1,8
daroberta,bias_type_lex,af4a3f41-eeb5-49fa-a276-e97c230b25f0,3,10
daroberta,bias_type_lex,7f9c83f7-3efa-4c7a-adef-3ebdeda96042,1,14
daroberta,bias_type_lex,d4a4bc34-e48b-4485-86b2-f1daf4d464dd,3,13
daroberta,bias_type_lex,526cabb7-02a3-4adb-8e90-ec781c40c498,2,29
daroberta,bias_type_lex,005a2961-0c2e-4575-8eec-770ba52a08e0,1,0
daroberta,bias_type_lex,2f3e86b6-8443-47bd-9cd3-491c90a59fe9,1,15
daroberta,bias_type_lex,65cb14cb-2d27-41e5-a2be-6fd6314f4363,2,17
daroberta,bias_type_lex,b5eefefb-2a33-45de-abe1-f855c94165f4,1,47
daroberta,bias_type_lex,1b96a5db-8974-46d3-82d7-5dfef02f650e,2,0
daroberta,bias_type_lex,33521e65-12da-4521-b132-7b606243b0e4,2,24
daroberta,bias_type_lex,86e6e27d-1440-4879-8b13-0dd2d89f7281,1,1
daroberta,bias_type_lex,d4a4bc34-e48b-4485-86b2-f1daf4d464dd,2,10
daroberta,bias_type_lex,59f2f47c-5da0-4fbc-be6e-4f15d45d82e2,2,0
daroberta,bias_type_lex,6b541575-99b1-40d2-8730-9bb868ee38ed,3,22
daroberta,bias_type_lex,76810849-0335-4ad3-9eaf-f0d9c5baceb6,3,0
daroberta,bias_type_lex,2a3fde8a-082a-4d8f-9567-f7e8366c0200,2,25
daroberta,bias_type_lex,59f2f47c-5da0-4fbc-be6e-4f15d45d82e2,3,7
daroberta,bias_type_lex,3ae35b16-7f7f-4a5e-9f24-5ce724106a73,3,1
daroberta,bias_type_lex,d4a4bc34-e48b-4485-86b2-f1daf4d464dd,3,4
daroberta,bias_type_lex,e71d149d-0426-43f0-87e8-8c611dad7205,2,17
daroberta,bias_type_lex,74708dbf-5dfc-4c66-8419-d7dbc00e4a06,3,6
daroberta,bias_type_lex,d16050b3-979f-4834-90db-b8823691b87e,2,2
daroberta,bias_type_lex,70c75d68-bf65-46a6-a822-15c23d77a275,1,29
daroberta,bias_type_lex,97b1305c-13ca-4b74-a56a-f459bd79dfaf,3,24
daroberta,bias_type_lex,f688c56d-7fae-42ef-b7f7-7db207b58d27,1,18
daroberta,bias_type_lex,1ed4f378-b9d4-43b8-8d50-53d0cc063332,2,37
daroberta,bias_type_lex,f688c56d-7fae-42ef-b7f7-7db207b58d27,1,3
daroberta,bias_type_lex,b5eefefb-2a33-45de-abe1-f855c94165f4,2,4
daroberta,bias_type_lex,d4a4bc34-e48b-4485-86b2-f1daf4d464dd,1,9
daroberta,bias_type_lex,d4a4bc34-e48b-4485-86b2-f1daf4d464dd,2,7
daroberta,bias_type_lex,c21cb217-3e2c-49bd-884d-5c74a165ef10,1,4
daroberta,bias_type_lex,d4a4bc34-e48b-4485-86b2-f1daf4d464dd,3,8
daroberta,bias_type_lex,be026bd1-52b1-4789-bfd3-3632af17b054,3,12
daroberta,bias_type_lex,47a209b0-fc26-4a0a-a1fe-e4310d1d2419,3,31
daroberta,bias_type_lex,450755dd-30d3-478b-933e-917be5c384ba,2,14
daroberta,bias_type_lex,b4dbeda7-a1f3-4711-ae77-db23809d1ed2,1,15
daroberta,bias_type_lex,2ec04201-2016-4227-baf7-ba8289058203,2,11
daroberta,bias_type_lex,c6a0e65c-4f8b-41de-8200-cd700f683c64,2,19
daroberta,bias_type_lex,70c75d68-bf65-46a6-a822-15c23d77a275,1,23
daroberta,bias_type_lex,11c9f251-35c8-4452-b052-df9be61464c6,2,1
daroberta,bias_type_lex,576116e5-2b18-4d35-be73-36f5863c9468,1,35
daroberta,bias_type_lex,47a209b0-fc26-4a0a-a1fe-e4310d1d2419,3,6
daroberta,bias_type_lex,ad409798-ee94-4436-92c5-92669193be14,3,0
daroberta,bias_type_lex,1e41e98b-9ac1-441d-b2c2-19d8f730c74a,3,0
daroberta,bias_type_lex,97566c74-e000-49fb-b091-e6ec6e179de0,1,2
daroberta,bias_type_lex,a4f1d515-d7d9-4319-b2e0-4d56e9d45554,2,0
daroberta,bias_type_lex,c99adbdd-eaf3-4844-9548-2642e80de4e2,3,17
daroberta,bias_type_lex,b7021938-ff8d-42ea-adec-5704c0b65237,2,3
daroberta,bias_type_lex,1e41e98b-9ac1-441d-b2c2-19d8f730c74a,2,10
daroberta,bias_type_lex,59f2f47c-5da0-4fbc-be6e-4f15d45d82e2,3,18
daroberta,bias_type_lex,29ffd053-7684-469b-a600-97000579bd01,2,0
daroberta,bias_type_lex,29ffd053-7684-469b-a600-97000579bd01,3,0
daroberta,bias_type_lex,2ec04201-2016-4227-baf7-ba8289058203,2,28
daroberta,bias_type_lex,d4a4bc34-e48b-4485-86b2-f1daf4d464dd,1,11
daroberta,bias_type_lex,87609973-bd58-42a5-96e2-ee5aa47433f5,1,1
daroberta,bias_type_lex,6b541575-99b1-40d2-8730-9bb868ee38ed,3,21
daroberta,bias_type_lex,96b7046f-f584-422f-a626-6f86a26dfd8b,1,12
daroberta,bias_type_lex,0d10341a-9dba-4374-a524-814c300d1611,3,10
daroberta,bias_type_lex,86e6e27d-1440-4879-8b13-0dd2d89f7281,1,2
daroberta,bias_type_lex,1ed4f378-b9d4-43b8-8d50-53d0cc063332,2,6
daroberta,bias_type_lex,08bb9bee-c167-4c17-9c6d-4a1259231eb7,1,10
daroberta,bias_type_lex,450755dd-30d3-478b-933e-917be5c384ba,3,7
daroberta,bias_type_lex,2153fb3e-6b09-410c-bfea-d095c49a54ba,1,20
daroberta,bias_type_lex,2a3fde8a-082a-4d8f-9567-f7e8366c0200,1,12
daroberta,bias_type_lex,b7021938-ff8d-42ea-adec-5704c0b65237,1,1
daroberta,bias_type_lex,ad409798-ee94-4436-92c5-92669193be14,3,5
daroberta,bias_type_lex,2f3e86b6-8443-47bd-9cd3-491c90a59fe9,3,25
daroberta,bias_type_lex,47a209b0-fc26-4a0a-a1fe-e4310d1d2419,1,7
daroberta,bias_type_lex,97566c74-e000-49fb-b091-e6ec6e179de0,3,4
daroberta,bias_type_lex,13792511-5142-449f-8d3e-d77d790f65ec,2,12
daroberta,bias_type_lex,97566c74-e000-49fb-b091-e6ec6e179de0,3,8
daroberta,bias_type_lex,2ec04201-2016-4227-baf7-ba8289058203,2,23
daroberta,bias_type_lex,65cb14cb-2d27-41e5-a2be-6fd6314f4363,1,2
daroberta,bias_type_lex,59f2f47c-5da0-4fbc-be6e-4f15d45d82e2,1,1
daroberta,bias_type_lex,6f95dcb9-e960-45ac-8c0e-91b85724c909,3,29
daroberta,bias_type_lex,be026bd1-52b1-4789-bfd3-3632af17b054,1,0
daroberta,bias_type_lex,8dc7ccfe-5cf0-482f-9101-a7c69881da4d,2,13
daroberta,bias_type_lex,c21cb217-3e2c-49bd-884d-5c74a165ef10,2,15
daroberta,bias_type_lex,47a209b0-fc26-4a0a-a1fe-e4310d1d2419,1,6
daroberta,bias_type_lex,ee05c9b3-529c-4268-ad72-19bd34f7197e,3,1
daroberta,bias_type_lex,b5eefefb-2a33-45de-abe1-f855c94165f4,2,1
daroberta,bias_type_lex,7a97de89-1433-46f7-bcc2-f80b041cb9a0,3,20
daroberta,bias_type_lex,2ec04201-2016-4227-baf7-ba8289058203,2,27
daroberta,bias_type_lex,3ae35b16-7f7f-4a5e-9f24-5ce724106a73,3,43
daroberta,bias_type_lex,b4dbeda7-a1f3-4711-ae77-db23809d1ed2,1,7
daroberta,bias_type_lex,be026bd1-52b1-4789-bfd3-3632af17b054,2,4
daroberta,bias_type_lex,97566c74-e000-49fb-b091-e6ec6e179de0,1,11
daroberta,bias_type_lex,6f95dcb9-e960-45ac-8c0e-91b85724c909,3,1
daroberta,bias_type_lex,84b3c118-50d2-45a5-a91f-7ed95b5d0143,2,6
daroberta,bias_type_lex,b5eefefb-2a33-45de-abe1-f855c94165f4,3,8
daroberta,bias_type_lex,1ed4f378-b9d4-43b8-8d50-53d0cc063332,1,4
daroberta,bias_type_lex,8385a996-1afc-4778-a06d-7070a8f19e27,3,23
daroberta,bias_type_inf,6f95dcb9-e960-45ac-8c0e-91b85724c909,3,24
daroberta,bias_type_inf,eadabee7-3db9-43c4-a485-3e8b1882cd3c,3,10
daroberta,bias_type_inf,b5eefefb-2a33-45de-abe1-f855c94165f4,3,11
daroberta,bias_type_inf,472158a1-4e39-4214-8397-904e66f2b4c5,1,24
daroberta,bias_type_inf,33521e65-12da-4521-b132-7b606243b0e4,3,4
daroberta,bias_type_inf,f688c56d-7fae-42ef-b7f7-7db207b58d27,2,2
daroberta,bias_type_inf,3ae35b16-7f7f-4a5e-9f24-5ce724106a73,3,42
daroberta,bias_type_inf,550b80db-bdd5-442b-8f70-c8e9f3203a13,3,4
daroberta,bias_type_inf,3db93526-a344-4ea4-8772-3734d0cfdfb1,1,9
daroberta,bias_type_inf,7f9c83f7-3efa-4c7a-adef-3ebdeda96042,1,10
daroberta,bias_type_inf,a4edca3f-931f-4785-8c3f-f3d8fa84cbec,1,4
daroberta,bias_type_inf,8abec8d9-50a2-480e-969a-157f94954f4d,1,7
daroberta,bias_type_inf,0d10341a-9dba-4374-a524-814c300d1611,2,45
daroberta,bias_type_inf,7f9c83f7-3efa-4c7a-adef-3ebdeda96042,1,7
daroberta,bias_type_inf,68748e7f-cf6e-4ac7-8504-454c0876880d,1,14
daroberta,bias_type_inf,97566c74-e000-49fb-b091-e6ec6e179de0,1,10
daroberta,bias_type_inf,b5eefefb-2a33-45de-abe1-f855c94165f4,3,14
daroberta,bias_type_inf,d16050b3-979f-4834-90db-b8823691b87e,2,22
daroberta,bias_type_inf,b7021938-ff8d-42ea-adec-5704c0b65237,2,23
daroberta,bias_type_inf,86e6e27d-1440-4879-8b13-0dd2d89f7281,1,18
daroberta,bias_type_inf,ad409798-ee94-4436-92c5-92669193be14,2,18
daroberta,bias_type_inf,b7021938-ff8d-42ea-adec-5704c0b65237,2,20
daroberta,bias_type_inf,472158a1-4e39-4214-8397-904e66f2b4c5,2,6
daroberta,bias_type_inf,472158a1-4e39-4214-8397-904e66f2b4c5,3,5
daroberta,bias_type_inf,b5eefefb-2a33-45de-abe1-f855c94165f4,1,2
daroberta,bias_type_inf,550b80db-bdd5-442b-8f70-c8e9f3203a13,2,5
daroberta,bias_type_inf,70c75d68-bf65-46a6-a822-15c23d77a275,1,27
daroberta,bias_type_inf,e71d149d-0426-43f0-87e8-8c611dad7205,2,9
daroberta,bias_type_inf,96b7046f-f584-422f-a626-6f86a26dfd8b,3,8
daroberta,bias_type_inf,2b95d2cf-e979-4f9c-ae27-9a5370934f23,2,6
daroberta,bias_type_inf,79bf99c6-6fca-4ce4-8ae1-8771de026142,2,6
daroberta,bias_type_inf,1ed4f378-b9d4-43b8-8d50-53d0cc063332,3,3
daroberta,bias_type_inf,eb17fa36-89f2-4d0b-8133-7bb4682228e1,1,12
daroberta,bias_type_inf,472158a1-4e39-4214-8397-904e66f2b4c5,3,8
daroberta,bias_type_inf,c21cb217-3e2c-49bd-884d-5c74a165ef10,3,26
daroberta,bias_type_inf,2a3fde8a-082a-4d8f-9567-f7e8366c0200,1,28
daroberta,bias_type_inf,58f414e5-a122-49f5-819e-512d91069da5,2,27
daroberta,bias_type_inf,ed8c136f-8d44-4c83-ad05-0dcfc3a0c54a,3,36
daroberta,bias_type_inf,aab91277-8d56-4844-a581-45630f873f49,2,22
daroberta,bias_type_inf,aab91277-8d56-4844-a581-45630f873f49,2,7
daroberta,bias_type_inf,97b1305c-13ca-4b74-a56a-f459bd79dfaf,1,12
daroberta,bias_type_inf,6b541575-99b1-40d2-8730-9bb868ee38ed,3,8
daroberta,bias_type_inf,2ec04201-2016-4227-baf7-ba8289058203,3,24
daroberta,bias_type_inf,0c78e748-efbf-417c-a8c1-beeb6480147f,2,5
daroberta,bias_type_inf,c9e4d35f-aeae-462b-a8bf-e08d09a93b6e,1,1
daroberta,bias_type_inf,a28a0329-0887-42dc-bd3d-3bb4f8926757,2,11
daroberta,bias_type_inf,8abec8d9-50a2-480e-969a-157f94954f4d,2,22
daroberta,bias_type_inf,ad409798-ee94-4436-92c5-92669193be14,2,7
daroberta,bias_type_inf,b764f81f-6d08-4d7c-b1a8-8961bed0a455,3,33
daroberta,bias_type_inf,8385a996-1afc-4778-a06d-7070a8f19e27,1,26
daroberta,bias_type_inf,1f99798f-2b60-4ecb-b5f4-4aa7991e8ace,3,9
daroberta,bias_type_inf,0c78e748-efbf-417c-a8c1-beeb6480147f,3,5
daroberta,bias_type_inf,be026bd1-52b1-4789-bfd3-3632af17b054,2,22
daroberta,bias_type_inf,7a97de89-1433-46f7-bcc2-f80b041cb9a0,2,30
daroberta,bias_type_inf,b7021938-ff8d-42ea-adec-5704c0b65237,2,31
daroberta,bias_type_inf,3db93526-a344-4ea4-8772-3734d0cfdfb1,1,2
daroberta,bias_type_inf,8abec8d9-50a2-480e-969a-157f94954f4d,3,9
daroberta,bias_type_inf,b764f81f-6d08-4d7c-b1a8-8961bed0a455,3,30
daroberta,bias_type_inf,08bb9bee-c167-4c17-9c6d-4a1259231eb7,3,7
daroberta,bias_type_inf,b5eefefb-2a33-45de-abe1-f855c94165f4,2,53
daroberta,bias_type_inf,f688c56d-7fae-42ef-b7f7-7db207b58d27,2,1
daroberta,bias_type_inf,ad409798-ee94-4436-92c5-92669193be14,1,15
daroberta,bias_type_inf,005a2961-0c2e-4575-8eec-770ba52a08e0,3,28
daroberta,bias_type_inf,2b95d2cf-e979-4f9c-ae27-9a5370934f23,3,8
daroberta,bias_type_inf,be026bd1-52b1-4789-bfd3-3632af17b054,2,25
daroberta,bias_type_inf,8385a996-1afc-4778-a06d-7070a8f19e27,3,3
daroberta,bias_type_inf,2a3fde8a-082a-4d8f-9567-f7e8366c0200,1,15
daroberta,bias_type_inf,d16050b3-979f-4834-90db-b8823691b87e,3,2
daroberta,bias_type_inf,84678e18-0b79-4570-9c9f-cb1cf88d968e,2,32
daroberta,bias_type_inf,7f9c83f7-3efa-4c7a-adef-3ebdeda96042,1,9
daroberta,bias_type_inf,13792511-5142-449f-8d3e-d77d790f65ec,2,13
daroberta,bias_type_inf,13792511-5142-449f-8d3e-d77d790f65ec,2,15
daroberta,bias_type_inf,aab91277-8d56-4844-a581-45630f873f49,1,4
daroberta,bias_type_inf,be026bd1-52b1-4789-bfd3-3632af17b054,2,5
daroberta,bias_type_inf,c6a0e65c-4f8b-41de-8200-cd700f683c64,3,6
daroberta,bias_type_inf,70c75d68-bf65-46a6-a822-15c23d77a275,1,24
daroberta,bias_type_inf,0c78e748-efbf-417c-a8c1-beeb6480147f,1,9
daroberta,bias_type_inf,550b80db-bdd5-442b-8f70-c8e9f3203a13,1,18
daroberta,bias_type_inf,8dc7ccfe-5cf0-482f-9101-a7c69881da4d,2,14
daroberta,bias_type_inf,2ec04201-2016-4227-baf7-ba8289058203,2,4
daroberta,bias_type_inf,70c75d68-bf65-46a6-a822-15c23d77a275,2,6
daroberta,bias_type_inf,d4a4bc34-e48b-4485-86b2-f1daf4d464dd,1,12
daroberta,bias_type_inf,70c75d68-bf65-46a6-a822-15c23d77a275,1,21
daroberta,bias_type_inf,96b7046f-f584-422f-a626-6f86a26dfd8b,1,3
daroberta,bias_type_inf,2a3fde8a-082a-4d8f-9567-f7e8366c0200,1,13
daroberta,bias_type_inf,87609973-bd58-42a5-96e2-ee5aa47433f5,3,9
daroberta,bias_type_inf,86e6e27d-1440-4879-8b13-0dd2d89f7281,1,6
daroberta,bias_type_inf,1f99798f-2b60-4ecb-b5f4-4aa7991e8ace,2,17
daroberta,bias_type_inf,f11c2566-848a-4e29-b8c5-4de0a81114e4,2,10
daroberta,bias_type_inf,ae243a95-b2c2-410c-9e2b-b083b4b8eb48,1,2
daroberta,bias_type_inf,8abec8d9-50a2-480e-969a-157f94954f4d,3,7
daroberta,bias_type_inf,79bf99c6-6fca-4ce4-8ae1-8771de026142,2,30
daroberta,bias_type_inf,2ec04201-2016-4227-baf7-ba8289058203,1,6
daroberta,bias_type_inf,b4dbeda7-a1f3-4711-ae77-db23809d1ed2,1,0
daroberta,bias_type_inf,6f95dcb9-e960-45ac-8c0e-91b85724c909,2,17
daroberta,bias_type_inf,a28a0329-0887-42dc-bd3d-3bb4f8926757,3,0
daroberta,bias_type_inf,8385a996-1afc-4778-a06d-7070a8f19e27,3,4
daroberta,bias_type_inf,f688c56d-7fae-42ef-b7f7-7db207b58d27,1,5
daroberta,bias_type_inf,58f414e5-a122-49f5-819e-512d91069da5,2,24
daroberta,bias_type_inf,2ec04201-2016-4227-baf7-ba8289058203,3,0
daroberta,bias_type_both,472158a1-4e39-4214-8397-904e66f2b4c5,1,0
daroberta,bias_type_both,8385a996-1afc-4778-a06d-7070a8f19e27,3,9
daroberta,bias_type_both,542cd22c-ea80-4669-995b-6ac6a33823f7,1,23
daroberta,bias_type_both,72fa9b13-4e59-4716-8df9-4c3580e7dddf,1,26
daroberta,bias_type_both,86e6e27d-1440-4879-8b13-0dd2d89f7281,3,6
daroberta,bias_type_both,aab91277-8d56-4844-a581-45630f873f49,3,0
daroberta,bias_type_both,be026bd1-52b1-4789-bfd3-3632af17b054,1,7
daroberta,bias_type_both,0d10341a-9dba-4374-a524-814c300d1611,3,18
daroberta,bias_type_both,0ffb34cd-c367-4d90-aca7-7fcac3ed8f3d,1,1
daroberta,bias_type_both,7f9c83f7-3efa-4c7a-adef-3ebdeda96042,1,28
daroberta,bias_type_both,f688c56d-7fae-42ef-b7f7-7db207b58d27,1,1
daroberta,bias_type_both,72fa9b13-4e59-4716-8df9-4c3580e7dddf,1,25
daroberta,bias_type_both,87609973-bd58-42a5-96e2-ee5aa47433f5,3,2
daroberta,bias_type_both,d4a4bc34-e48b-4485-86b2-f1daf4d464dd,2,4
daroberta,bias_type_both,c21cb217-3e2c-49bd-884d-5c74a165ef10,1,3
daroberta,bias_type_both,cad4bba5-cf97-45cb-8059-ebeb47dcec7a,3,2
daroberta,bias_type_both,d16050b3-979f-4834-90db-b8823691b87e,1,1
daroberta,bias_type_both,0ffb34cd-c367-4d90-aca7-7fcac3ed8f3d,3,5
daroberta,bias_type_both,aab91277-8d56-4844-a581-45630f873f49,1,27
daroberta,bias_type_both,ae243a95-b2c2-410c-9e2b-b083b4b8eb48,1,18
daroberta,bias_type_both,38f7cbb7-5d6a-4c89-bcbd-8e164144172a,1,10
daroberta,bias_type_both,aab91277-8d56-4844-a581-45630f873f49,1,24
daroberta,bias_type_both,c9e4d35f-aeae-462b-a8bf-e08d09a93b6e,1,14
daroberta,bias_type_both,59f2f47c-5da0-4fbc-be6e-4f15d45d82e2,2,8
daroberta,bias_type_both,1e41e98b-9ac1-441d-b2c2-19d8f730c74a,2,12
biasdetector,fp_shared,13792511-5142-449f-8d3e-d77d790f65ec,2,18
biasdetector,fp_shared,58f414e5-a122-49f5-819e-512d91069da5,2,48
biasdetector,fp_shared,0d10341a-9dba-4374-a524-814c300d1611,3,26
biasdetector,fp_shared,8385a996-1afc-4778-a06d-7070a8f19e27,1,23
biasdetector,fp_shared,ee05c9b3-529c-4268-ad72-19bd34f7197e,1,6
biasdetector,fp_shared,6f95dcb9-e960-45ac-8c0e-91b85724c909,3,4
biasdetector,fp_shared,01c59743-7082-44fc-8414-3c04126f470f,3,18
biasdetector,fp_shared,6f95dcb9-e960-45ac-8c0e-91b85724c909,3,11
biasdetector,fp_shared,2f3e86b6-8443-47bd-9cd3-491c90a59fe9,3,17
biasdetector,fp_shared,72fa9b13-4e59-4716-8df9-4c3580e7dddf,1,24
biasdetector,fp_shared,86e6e27d-1440-4879-8b13-0dd2d89f7281,3,10
biasdetector,fp_shared,6f95dcb9-e960-45ac-8c0e-91b85724c909,1,7
biasdetector,fp_shared,b4dbeda7-a1f3-4711-ae77-db23809d1ed2,3,0
biasdetector,fp_shared,eb17fa36-89f2-4d0b-8133-7bb4682228e1,1,7
biasdetector,fp_shared,aab91277-8d56-4844-a581-45630f873f49,2,20
biasdetector,fp_shared,b764f81f-6d08-4d7c-b1a8-8961bed0a455,3,35
biasdetector,fp_shared,450755dd-30d3-478b-933e-917be5c384ba,3,29
biasdetector,fp_shared,b5eefefb-2a33-45de-abe1-f855c94165f4,1,41
biasdetector,fp_shared,7f9c83f7-3efa-4c7a-adef-3ebdeda96042,1,16
biasdetector,fp_shared,b5eefefb-2a33-45de-abe1-f855c94165f4,3,16
biasdetector,fp_shared,c99adbdd-eaf3-4844-9548-2642e80de4e2,2,18
biasdetector,fp_shared,87609973-bd58-42a5-96e2-ee5aa47433f5,1,6
biasdetector,fp_shared,aab91277-8d56-4844-a581-45630f873f49,1,42
biasdetector,fp_shared,1bb79cc1-5d69-4136-a23d-6dbd300cbf25,1,29
biasdetector,fp_shared,1e41e98b-9ac1-441d-b2c2-19d8f730c74a,2,38
biasdetector,fp_shared,b5eefefb-2a33-45de-abe1-f855c94165f4,1,11
biasdetector,fp_shared,3ae35b16-7f7f-4a5e-9f24-5ce724106a73,3,20
biasdetector,fp_shared,dd1e6e3b-f36c-4064-8ef9-940984e9afa2,1,1
biasdetector,fp_shared,58f414e5-a122-49f5-819e-512d91069da5,2,42
biasdetector,fp_shared,45bd61bc-c356-4450-9e3a-cbfc862b09fd,2,11
biasdetector,fp_shared,ee05c9b3-529c-4268-ad72-19bd34f7197e,2,10
biasdetector,fp_shared,542cd22c-ea80-4669-995b-6ac6a33823f7,3,22
biasdetector,fp_shared,1e41e98b-9ac1-441d-b2c2-19d8f730c74a,2,19
biasdetector,fp_shared,1e41e98b-9ac1-441d-b2c2-19d8f730c74a,3,14
biasdetector,fp_shared,550b80db-bdd5-442b-8f70-c8e9f3203a13,2,3
biasdetector,fp_shared,2ec04201-2016-4227-baf7-ba8289058203,3,33
biasdetector,fp_shared,13792511-5142-449f-8d3e-d77d790f65ec,1,0
biasdetector,fp_shared,59f2f47c-5da0-4fbc-be6e-4f15d45d82e2,2,4
biasdetector,fp_shared,d16050b3-979f-4834-90db-b8823691b87e,2,0
biasdetector,fp_shared,a4f1d515-d7d9-4319-b2e0-4d56e9d45554,2,22
biasdetector,fp_shared,96b7046f-f584-422f-a626-6f86a26dfd8b,3,4
biasdetector,fp_shared,472158a1-4e39-4214-8397-904e66f2b4c5,2,7
biasdetector,fp_shared,84b3c118-50d2-45a5-a91f-7ed95b5d0143,2,65
biasdetector,fp_shared,59f2f47c-5da0-4fbc-be6e-4f15d45d82e2,3,13
biasdetector,fp_shared,96b7046f-f584-422f-a626-6f86a26dfd8b,3,11
biasdetector,fp_shared,576116e5-2b18-4d35-be73-36f5863c9468,3,24
biasdetector,fp_shared,87609973-bd58-42a5-96e2-ee5aa47433f5,2,0
biasdetector,fp_shared,70c75d68-bf65-46a6-a822-15c23d77a275,1,45
biasdetector,fp_shared,1f99798f-2b60-4ecb-b5f4-4aa7991e8ace,1,33
biasdetector,fp_shared,47a209b0-fc26-4a0a-a1fe-e4310d1d2419,2,21
biasdetector,fp_shared,2b95d2cf-e979-4f9c-ae27-9a5370934f23,3,17
biasdetector,fp_shared,d16050b3-979f-4834-90db-b8823691b87e,2,25
biasdetector,fp_shared,2ec04201-2016-4227-baf7-ba8289058203,2,9
biasdetector,fp_shared,13792511-5142-449f-8d3e-d77d790f65ec,2,31
biasdetector,fp_shared,70c75d68-bf65-46a6-a822-15c23d77a275,3,6
biasdetector,fp_shared,59f2f47c-5da0-4fbc-be6e-4f15d45d82e2,3,10
biasdetector,fp_shared,df5fe55a-dfcb-4817-8631-830f47c21a72,2,14
biasdetector,fp_shared,8abec8d9-50a2-480e-969a-157f94954f4d,2,13
biasdetector,fp_shared,58f414e5-a122-49f5-819e-512d91069da5,2,28
biasdetector,fp_shared,d4a4bc34-e48b-4485-86b2-f1daf4d464dd,3,18
biasdetector,fp_shared,86e6e27d-1440-4879-8b13-0dd2d89f7281,3,12
biasdetector,fp_shared,2a3fde8a-082a-4d8f-9567-f7e8366c0200,1,8
biasdetector,fp_shared,dd1e6e3b-f36c-4064-8ef9-940984e9afa2,2,18
biasdetector,fp_shared,8385a996-1afc-4778-a06d-7070a8f19e27,3,5
biasdetector,fp_shared,472158a1-4e39-4214-8397-904e66f2b4c5,3,19
biasdetector,fp_shared,b5eefefb-2a33-45de-abe1-f855c94165f4,3,20
biasdetector,fp_shared,87609973-bd58-42a5-96e2-ee5aa47433f5,1,0
biasdetector,fp_shared,2b95d2cf-e979-4f9c-ae27-9a5370934f23,3,19
biasdetector,fp_shared,8dac6c12-b5ca-468c-a249-7e0ab42f6b52,1,20
biasdetector,fp_shared,d16050b3-979f-4834-90db-b8823691b87e,3,0
biasdetector,fp_shared,59f2f47c-5da0-4fbc-be6e-4f15d45d82e2,3,23
biasdetector,fp_shared,8abec8d9-50a2-480e-969a-157f94954f4d,1,9
biasdetector,fp_shared,85475456-f38e-4c30-895d-ca2c819c6af1,1,10
biasdetector,fp_shared,97b1305c-13ca-4b74-a56a-f459bd79dfaf,1,7
biasdetector,fp_shared,65cb14cb-2d27-41e5-a2be-6fd6314f4363,1,23
biasdetector,fp_shared,59f2f47c-5da0-4fbc-be6e-4f15d45d82e2,2,2
biasdetector,fp_shared,9879bbc0-eab3-482f-bf6b-a4b519393986,3,40
biasdetector,fp_shared,6f95dcb9-e960-45ac-8c0e-91b85724c909,1,1
biasdetector,fp_shared,84678e18-0b79-4570-9c9f-cb1cf88d968e,2,15
biasdetector,fp_shared,84b3c118-50d2-45a5-a91f-7ed95b5d0143,2,66
biasdetector,fp_shared,542cd22c-ea80-4669-995b-6ac6a33823f7,2,7
biasdetector,fp_shared,2058ec60-5372-4f5f-83a3-da780be3a350,2,27
biasdetector,fp_shared,b7021938-ff8d-42ea-adec-5704c0b65237,2,40
biasdetector,fp_shared,84678e18-0b79-4570-9c9f-cb1cf88d968e,2,20
biasdetector,fp_shared,8dc7ccfe-5cf0-482f-9101-a7c69881da4d,1,2
biasdetector,fp_shared,2742e9c1-2943-496f-8b23-faf5332e1612,1,21
biasdetector,fp_shared,01c59743-7082-44fc-8414-3c04126f470f,2,48
biasdetector,fp_shared,8abec8d9-50a2-480e-969a-157f94954f4d,1,8
biasdetector,fp_shared,b7021938-ff8d-42ea-adec-5704c0b65237,2,2
biasdetector,fp_shared,526cabb7-02a3-4adb-8e90-ec781c40c498,1,27
biasdetector,fp_shared,47a209b0-fc26-4a0a-a1fe-e4310d1d2419,1,16
biasdetector,fp_shared,b7021938-ff8d-42ea-adec-5704c0b65237,2,44
biasdetector,fp_shared,a4edca3f-931f-4785-8c3f-f3d8fa84cbec,1,1
biasdetector,fp_shared,b5eefefb-2a33-45de-abe1-f855c94165f4,1,12
biasdetector,fp_shared,7a97de89-1433-46f7-bcc2-f80b041cb9a0,1,11
biasdetector,fp_shared,1ed4f378-b9d4-43b8-8d50-53d0cc063332,1,0
biasdetector,fp_shared,b7021938-ff8d-42ea-adec-5704c0b65237,1,8
biasdetector,fp_shared,3ae35b16-7f7f-4a5e-9f24-5ce724106a73,1,35
biasdetector,fp_shared,c21cb217-3e2c-49bd-884d-5c74a165ef10,1,21
biasdetector,fp_shared,1f99798f-2b60-4ecb-b5f4-4aa7991e8ace,3,15
daroberta,fp_shared,13792511-5142-449f-8d3e-d77d790f65ec,2,18
daroberta,fp_shared,58f414e5-a122-49f5-819e-512d91069da5,2,48
daroberta,fp_shared,0d10341a-9dba-4374-a524-814c300d1611,3,26
daroberta,fp_shared,8385a996-1afc-4778-a06d-7070a8f19e27,1,23
daroberta,fp_shared,ee05c9b3-529c-4268-ad72-19bd34f7197e,1,6
daroberta,fp_shared,6f95dcb9-e960-45ac-8c0e-91b85724c909,3,4
daroberta,fp_shared,01c59743-7082-44fc-8414-3c04126f470f,3,18
daroberta,fp_shared,6f95dcb9-e960-45ac-8c0e-91b85724c909,3,11
daroberta,fp_shared,2f3e86b6-8443-47bd-9cd3-491c90a59fe9,3,17
daroberta,fp_shared,72fa9b13-4e59-4716-8df9-4c3580e7dddf,1,24
daroberta,fp_shared,86e6e27d-1440-4879-8b13-0dd2d89f7281,3,10
daroberta,fp_shared,6f95dcb9-e960-45ac-8c0e-91b85724c909,1,7
daroberta,fp_shared,b4dbeda7-a1f3-4711-ae77-db23809d1ed2,3,0
daroberta,fp_shared,eb17fa36-89f2-4d0b-8133-7bb4682228e1,1,7
daroberta,fp_shared,aab91277-8d56-4844-a581-45630f873f49,2,20
daroberta,fp_shared,b764f81f-6d08-4d7c-b1a8-8961bed0a455,3,35
daroberta,fp_shared,450755dd-30d3-478b-933e-917be5c384ba,3,29
daroberta,fp_shared,b5eefefb-2a33-45de-abe1-f855c94165f4,1,41
daroberta,fp_shared,7f9c83f7-3efa-4c7a-adef-3ebdeda96042,1,16
daroberta,fp_shared,b5eefefb-2a33-45de-abe1-f855c94165f4,3,16
daroberta,fp_shared,c99adbdd-eaf3-4844-9548-2642e80de4e2,2,18
daroberta,fp_shared,87609973-bd58-42a5-96e2-ee5aa47433f5,1,6
daroberta,fp_shared,aab91277-8d56-4844-a581-45630f873f49,1,42
daroberta,fp_shared,1bb79cc1-5d69-4136-a23d-6dbd300cbf25,1,29
daroberta,fp_shared,1e41e98b-9ac1-441d-b2c2-19d8f730c74a,2,38
daroberta,fp_shared,b5eefefb-2a33-45de-abe1-f855c94165f4,1,11
daroberta,fp_shared,3ae35b16-7f7f-4a5e-9f24-5ce724106a73,3,20
daroberta,fp_shared,dd1e6e3b-f36c-4064-8ef9-940984e9afa2,1,1
daroberta,fp_shared,58f414e5-a122-49f5-819e-512d91069da5,2,42
daroberta,fp_shared,45bd61bc-c356-4450-9e3a-cbfc862b09fd,2,11
daroberta,fp_shared,ee05c9b3-529c-4268-ad72-19bd34f7197e,2,10
daroberta,fp_shared,542cd22c-ea80-4669-995b-6ac6a33823f7,3,22
daroberta,fp_shared,1e41e98b-9ac1-441d-b2c2-19d8f730c74a,2,19
daroberta,fp_shared,1e41e98b-9ac1-441d-b2c2-19d8f730c74a,3,14
daroberta,fp_shared,550b80db-bdd5-442b-8f70-c8e9f3203a13,2,3
daroberta,fp_shared,2ec04201-2016-4227-baf7-ba8289058203,3,33
daroberta,fp_shared,13792511-5142-449f-8d3e-d77d790f65ec,1,0
daroberta,fp_shared,59f2f47c-5da0-4fbc-be6e-4f15d45d82e2,2,4
daroberta,fp_shared,d16050b3-979f-4834-90db-b8823691b87e,2,0
daroberta,fp_shared,a4f1d515-d7d9-4319-b2e0-4d56e9d45554,2,22
daroberta,fp_shared,96b7046f-f584-422f-a626-6f86a26dfd8b,3,4
daroberta,fp_shared,472158a1-4e39-4214-8397-904e66f2b4c5,2,7
daroberta,fp_shared,84b3c118-50d2-45a5-a91f-7ed95b5d0143,2,65
daroberta,fp_shared,59f2f47c-5da0-4fbc-be6e-4f15d45d82e2,3,13
daroberta,fp_shared,96b7046f-f584-422f-a626-6f86a26dfd8b,3,11
daroberta,fp_shared,576116e5-2b18-4d35-be73-36f5863c9468,3,24
daroberta,fp_shared,87609973-bd58-42a5-96e2-ee5aa47433f5,2,0
daroberta,fp_shared,70c75d68-bf65-46a6-a822-15c23d77a275,1,45
daroberta,fp_shared,1f99798f-2b60-4ecb-b5f4-4aa7991e8ace,1,33
daroberta,fp_shared,47a209b0-fc26-4a0a-a1fe-e4310d1d2419,2,21
daroberta,fp_shared,2b95d2cf-e979-4f9c-ae27-9a5370934f23,3,17
daroberta,fp_shared,d16050b3-979f-4834-90db-b8823691b87e,2,25
daroberta,fp_shared,2ec04201-2016-4227-baf7-ba8289058203,2,9
daroberta,fp_shared,13792511-5142-449f-8d3e-d77d790f65ec,2,31
daroberta,fp_shared,70c75d68-bf65-46a6-a822-15c23d77a275,3,6
daroberta,fp_shared,59f2f47c-5da0-4fbc-be6e-4f15d45d82e2,3,10
daroberta,fp_shared,df5fe55a-dfcb-4817-8631-830f47c21a72,2,14
daroberta,fp_shared,8abec8d9-50a2-480e-969a-157f94954f4d,2,13
daroberta,fp_shared,58f414e5-a122-49f5-819e-512d91069da5,2,28
daroberta,fp_shared,d4a4bc34-e48b-4485-86b2-f1daf4d464dd,3,18
daroberta,fp_shared,86e6e27d-1440-4879-8b13-0dd2d89f7281,3,12
daroberta,fp_shared,2a3fde8a-082a-4d8f-9567-f7e8366c0200,1,8
daroberta,fp_shared,dd1e6e3b-f36c-4064-8ef9-940984e9afa2,2,18
daroberta,fp_shared,8385a996-1afc-4778-a06d-7070a8f19e27,3,5
daroberta,fp_shared,472158a1-4e39-4214-8397-904e66f2b4c5,3,19
daroberta,fp_shared,b5eefefb-2a33-45de-abe1-f855c94165f4,3,20
daroberta,fp_shared,87609973-bd58-42a5-96e2-ee5aa47433f5,1,0
daroberta,fp_shared,2b95d2cf-e979-4f9c-ae27-9a5370934f23,3,19
daroberta,fp_shared,8dac6c12-b5ca-468c-a249-7e0ab42f6b52,1,20
daroberta,fp_shared,d16050b3-979f-4834-90db-b8823691b87e,3,0
daroberta,fp_shared,59f2f47c-5da0-4fbc-be6e-4f15d45d82e2,3,23
daroberta,fp_shared,8abec8d9-50a2-480e-969a-157f94954f4d,1,9
daroberta,fp_shared,85475456-f38e-4c30-895d-ca2c819c6af1,1,10
daroberta,fp_shared,97b1305c-13ca-4b74-a56a-f459bd79dfaf,1,7
daroberta,fp_shared,65cb14cb-2d27-41e5-a2be-6fd6314f4363,1,23
daroberta,fp_shared,59f2f47c-5da0-4fbc-be6e-4f15d45d82e2,2,2
daroberta,fp_shared,9879bbc0-eab3-482f-bf6b-a4b519393986,3,40
daroberta,fp_shared,6f95dcb9-e960-45ac-8c0e-91b85724c909,1,1
daroberta,fp_shared,84678e18-0b79-4570-9c9f-cb1cf88d968e,2,15
daroberta,fp_shared,84b3c118-50d2-45a5-a91f-7ed95b5d0143,2,66
daroberta,fp_shared,542cd22c-ea80-4669-995b-6ac6a33823f7,2,7
daroberta,fp_shared,2058ec60-5372-4f5f-83a3-da780be3a350,2,27
daroberta,fp_shared,b7021938-ff8d-42ea-adec-5704c0b65237,2,40
daroberta,fp_shared,84678e18-0b79-4570-9c9f-cb1cf88d968e,2,20
daroberta,fp_shared,8dc7ccfe-5cf0-482f-9101-a7c69881da4d,1,2
daroberta,fp_shared,2742e9c1-2943-496f-8b23-faf5332e1612,1,21
daroberta,fp_shared,01c59743-7082-44fc-8414-3c04126f470f,2,48
daroberta,fp_shared,8abec8d9-50a2-480e-969a-157f94954f4d,1,8
daroberta,fp_shared,b7021938-ff8d-42ea-adec-5704c0b65237,2,2
daroberta,fp_shared,526cabb7-02a3-4adb-8e90-ec781c40c498,1,27
daroberta,fp_shared,47a209b0-fc26-4a0a-a1fe-e4310d1d2419,1,16
daroberta,fp_shared,b7021938-ff8d-42ea-adec-5704c0b65237,2,44
daroberta,fp_shared,a4edca3f-931f-4785-8c3f-f3d8fa84cbec,1,1
daroberta,fp_shared,b5eefefb-2a33-45de-abe1-f855c94165f4,1,12
daroberta,fp_shared,7a97de89-1433-46f7-bcc2-f80b041cb9a0,1,11
daroberta,fp_shared,1ed4f378-b9d4-43b8-8d50-53d0cc063332,1,0
daroberta,fp_shared,b7021938-ff8d-42ea-adec-5704c0b65237,1,8
daroberta,fp_shared,3ae35b16-7f7f-4a5e-9f24-5ce724106a73,1,35
daroberta,fp_shared,c21cb217-3e2c-49bd-884d-5c74a165ef10,1,21
daroberta,fp_shared,1f99798f-2b60-4ecb-b5f4-4aa7991e8ace,3,15
biasdetector,fp_bd_only,b5eefefb-2a33-45de-abe1-f855c94165f4,3,28
biasdetector,fp_bd_only,9879bbc0-eab3-482f-bf6b-a4b519393986,1,10
biasdetector,fp_bd_only,85475456-f38e-4c30-895d-ca2c819c6af1,1,24
biasdetector,fp_bd_only,76810849-0335-4ad3-9eaf-f0d9c5baceb6,1,19
biasdetector,fp_bd_only,79bf99c6-6fca-4ce4-8ae1-8771de026142,3,9
biasdetector,fp_bd_only,b5eefefb-2a33-45de-abe1-f855c94165f4,2,61
biasdetector,fp_bd_only,df5fe55a-dfcb-4817-8631-830f47c21a72,3,9
biasdetector,fp_bd_only,1ed4f378-b9d4-43b8-8d50-53d0cc063332,2,2
biasdetector,fp_bd_only,526cabb7-02a3-4adb-8e90-ec781c40c498,2,18
biasdetector,fp_bd_only,01c59743-7082-44fc-8414-3c04126f470f,1,3
biasdetector,fp_bd_only,526cabb7-02a3-4adb-8e90-ec781c40c498,1,17
biasdetector,fp_bd_only,70c75d68-bf65-46a6-a822-15c23d77a275,2,29
biasdetector,fp_bd_only,cad4bba5-cf97-45cb-8059-ebeb47dcec7a,3,11
biasdetector,fp_bd_only,70c75d68-bf65-46a6-a822-15c23d77a275,3,16
biasdetector,fp_bd_only,c99adbdd-eaf3-4844-9548-2642e80de4e2,3,8
biasdetector,fp_bd_only,1ed4f378-b9d4-43b8-8d50-53d0cc063332,2,10
biasdetector,fp_bd_only,70c75d68-bf65-46a6-a822-15c23d77a275,3,15
biasdetector,fp_bd_only,13792511-5142-449f-8d3e-d77d790f65ec,2,8
biasdetector,fp_bd_only,1e41e98b-9ac1-441d-b2c2-19d8f730c74a,2,58
biasdetector,fp_bd_only,1ed4f378-b9d4-43b8-8d50-53d0cc063332,2,15
biasdetector,fp_bd_only,b5eefefb-2a33-45de-abe1-f855c94165f4,2,36
biasdetector,fp_bd_only,b5eefefb-2a33-45de-abe1-f855c94165f4,1,39
biasdetector,fp_bd_only,65cb14cb-2d27-41e5-a2be-6fd6314f4363,2,7
biasdetector,fp_bd_only,85475456-f38e-4c30-895d-ca2c819c6af1,2,0
biasdetector,fp_bd_only,ee05c9b3-529c-4268-ad72-19bd34f7197e,1,40
biasdetector,fp_bd_only,87609973-bd58-42a5-96e2-ee5aa47433f5,2,10
biasdetector,fp_bd_only,45bd61bc-c356-4450-9e3a-cbfc862b09fd,3,3
biasdetector,fp_bd_only,85475456-f38e-4c30-895d-ca2c819c6af1,2,9
biasdetector,fp_bd_only,6f95dcb9-e960-45ac-8c0e-91b85724c909,3,13
biasdetector,fp_bd_only,1ed4f378-b9d4-43b8-8d50-53d0cc063332,2,1
biasdetector,fp_bd_only,7a97de89-1433-46f7-bcc2-f80b041cb9a0,1,17
biasdetector,fp_bd_only,1e41e98b-9ac1-441d-b2c2-19d8f730c74a,2,9
biasdetector,fp_bd_only,c6a0e65c-4f8b-41de-8200-cd700f683c64,1,1
biasdetector,fp_bd_only,cad4bba5-cf97-45cb-8059-ebeb47dcec7a,1,2
biasdetector,fp_bd_only,3ae35b16-7f7f-4a5e-9f24-5ce724106a73,3,4
biasdetector,fp_bd_only,b7021938-ff8d-42ea-adec-5704c0b65237,2,41
biasdetector,fp_bd_only,11c9f251-35c8-4452-b052-df9be61464c6,1,15
biasdetector,fp_bd_only,6f95dcb9-e960-45ac-8c0e-91b85724c909,3,6
biasdetector,fp_bd_only,2b95d2cf-e979-4f9c-ae27-9a5370934f23,3,2
biasdetector,fp_bd_only,f11c2566-848a-4e29-b8c5-4de0a81114e4,3,8
biasdetector,fp_bd_only,f688c56d-7fae-42ef-b7f7-7db207b58d27,3,17
biasdetector,fp_bd_only,1ed4f378-b9d4-43b8-8d50-53d0cc063332,3,8
biasdetector,fp_bd_only,df5fe55a-dfcb-4817-8631-830f47c21a72,3,26
biasdetector,fp_bd_only,b5eefefb-2a33-45de-abe1-f855c94165f4,2,20
biasdetector,fp_bd_only,df5fe55a-dfcb-4817-8631-830f47c21a72,3,3
biasdetector,fp_bd_only,1ed4f378-b9d4-43b8-8d50-53d0cc063332,2,43
biasdetector,fp_bd_only,005a2961-0c2e-4575-8eec-770ba52a08e0,3,29
biasdetector,fp_bd_only,01c59743-7082-44fc-8414-3c04126f470f,2,18
biasdetector,fp_bd_only,2a3fde8a-082a-4d8f-9567-f7e8366c0200,1,26
biasdetector,fp_bd_only,cad4bba5-cf97-45cb-8059-ebeb47dcec7a,3,13
biasdetector,fp_bd_only,47a209b0-fc26-4a0a-a1fe-e4310d1d2419,1,20
biasdetector,fp_bd_only,c99adbdd-eaf3-4844-9548-2642e80de4e2,3,5
biasdetector,fp_bd_only,6f95dcb9-e960-45ac-8c0e-91b85724c909,2,2
biasdetector,fp_bd_only,96b7046f-f584-422f-a626-6f86a26dfd8b,3,12
biasdetector,fp_bd_only,af4a3f41-eeb5-49fa-a276-e97c230b25f0,3,16
biasdetector,fp_bd_only,45bd61bc-c356-4450-9e3a-cbfc862b09fd,3,6
biasdetector,fp_bd_only,0d10341a-9dba-4374-a524-814c300d1611,1,7
biasdetector,fp_bd_only,550b80db-bdd5-442b-8f70-c8e9f3203a13,2,0
biasdetector,fp_bd_only,86e6e27d-1440-4879-8b13-0dd2d89f7281,1,43
biasdetector,fp_bd_only,6f95dcb9-e960-45ac-8c0e-91b85724c909,2,3
biasdetector,fp_bd_only,e71d149d-0426-43f0-87e8-8c611dad7205,2,13
biasdetector,fp_bd_only,a28a0329-0887-42dc-bd3d-3bb4f8926757,1,13
biasdetector,fp_bd_only,ee05c9b3-529c-4268-ad72-19bd34f7197e,1,30
biasdetector,fp_bd_only,76810849-0335-4ad3-9eaf-f0d9c5baceb6,1,5
biasdetector,fp_bd_only,1ed4f378-b9d4-43b8-8d50-53d0cc063332,2,18
biasdetector,fp_bd_only,8385a996-1afc-4778-a06d-7070a8f19e27,2,26
biasdetector,fp_bd_only,df5fe55a-dfcb-4817-8631-830f47c21a72,3,16
biasdetector,fp_bd_only,b5eefefb-2a33-45de-abe1-f855c94165f4,2,38
biasdetector,fp_bd_only,76810849-0335-4ad3-9eaf-f0d9c5baceb6,1,10
biasdetector,fp_bd_only,96b7046f-f584-422f-a626-6f86a26dfd8b,1,6
biasdetector,fp_bd_only,8385a996-1afc-4778-a06d-7070a8f19e27,1,0
biasdetector,fp_bd_only,542cd22c-ea80-4669-995b-6ac6a33823f7,2,0
biasdetector,fp_bd_only,96b7046f-f584-422f-a626-6f86a26dfd8b,3,20
biasdetector,fp_bd_only,b7021938-ff8d-42ea-adec-5704c0b65237,2,5
biasdetector,fp_bd_only,7a97de89-1433-46f7-bcc2-f80b041cb9a0,2,10
biasdetector,fp_bd_only,ae243a95-b2c2-410c-9e2b-b083b4b8eb48,1,22
biasdetector,fp_bd_only,1e41e98b-9ac1-441d-b2c2-19d8f730c74a,2,20
biasdetector,fp_bd_only,47a209b0-fc26-4a0a-a1fe-e4310d1d2419,3,13
biasdetector,fp_bd_only,97b1305c-13ca-4b74-a56a-f459bd79dfaf,1,8
biasdetector,fp_bd_only,9879bbc0-eab3-482f-bf6b-a4b519393986,3,27
biasdetector,fp_bd_only,1ed4f378-b9d4-43b8-8d50-53d0cc063332,2,36
biasdetector,fp_bd_only,c6a0e65c-4f8b-41de-8200-cd700f683c64,2,0
biasdetector,fp_bd_only,47a209b0-fc26-4a0a-a1fe-e4310d1d2419,2,24
biasdetector,fp_bd_only,eadabee7-3db9-43c4-a485-3e8b1882cd3c,2,10
biasdetector,fp_bd_only,45bd61bc-c356-4450-9e3a-cbfc862b09fd,2,10
biasdetector,fp_bd_only,b7021938-ff8d-42ea-adec-5704c0b65237,2,15
biasdetector,fp_bd_only,b7021938-ff8d-42ea-adec-5704c0b65237,1,15
biasdetector,fp_bd_only,b5eefefb-2a33-45de-abe1-f855c94165f4,2,25
biasdetector,fp_bd_only,2ec04201-2016-4227-baf7-ba8289058203,2,1
biasdetector,fp_bd_only,2153fb3e-6b09-410c-bfea-d095c49a54ba,1,2
biasdetector,fp_bd_only,72fa9b13-4e59-4716-8df9-4c3580e7dddf,1,12
biasdetector,fp_bd_only,3ae35b16-7f7f-4a5e-9f24-5ce724106a73,3,70
biasdetector,fp_bd_only,a28a0329-0887-42dc-bd3d-3bb4f8926757,1,5
biasdetector,fp_bd_only,450755dd-30d3-478b-933e-917be5c384ba,3,22
biasdetector,fp_bd_only,b5eefefb-2a33-45de-abe1-f855c94165f4,2,49
biasdetector,fp_bd_only,b5eefefb-2a33-45de-abe1-f855c94165f4,2,10
biasdetector,fp_bd_only,df5fe55a-dfcb-4817-8631-830f47c21a72,3,23
biasdetector,fp_bd_only,9879bbc0-eab3-482f-bf6b-a4b519393986,1,35
biasdetector,fp_bd_only,ccf19ab6-7878-4378-b99c-2b08cc21371f,3,15
biasdetector,fp_bd_only,0d10341a-9dba-4374-a524-814c300d1611,2,40
daroberta,fp_dr_only,aab91277-8d56-4844-a581-45630f873f49,1,43
daroberta,fp_dr_only,0c78e748-efbf-417c-a8c1-beeb6480147f,3,4
daroberta,fp_dr_only,01c59743-7082-44fc-8414-3c04126f470f,3,23
daroberta,fp_dr_only,542cd22c-ea80-4669-995b-6ac6a33823f7,3,14
daroberta,fp_dr_only,ad409798-ee94-4436-92c5-92669193be14,2,14
daroberta,fp_dr_only,8385a996-1afc-4778-a06d-7070a8f19e27,2,29
daroberta,fp_dr_only,0c78e748-efbf-417c-a8c1-beeb6480147f,2,12
daroberta,fp_dr_only,6f95dcb9-e960-45ac-8c0e-91b85724c909,1,10
daroberta,fp_dr_only,6f95dcb9-e960-45ac-8c0e-91b85724c909,3,21
daroberta,fp_dr_only,6f95dcb9-e960-45ac-8c0e-91b85724c909,2,6
daroberta,fp_dr_only,86e6e27d-1440-4879-8b13-0dd2d89f7281,2,13
daroberta,fp_dr_only,6b541575-99b1-40d2-8730-9bb868ee38ed,3,20
daroberta,fp_dr_only,86e6e27d-1440-4879-8b13-0dd2d89f7281,2,12
daroberta,fp_dr_only,ccf19ab6-7878-4378-b99c-2b08cc21371f,1,8
daroberta,fp_dr_only,6b541575-99b1-40d2-8730-9bb868ee38ed,3,6
daroberta,fp_dr_only,b5eefefb-2a33-45de-abe1-f855c94165f4,1,19
daroberta,fp_dr_only,005a2961-0c2e-4575-8eec-770ba52a08e0,3,16
daroberta,fp_dr_only,7a97de89-1433-46f7-bcc2-f80b041cb9a0,1,20
daroberta,fp_dr_only,58f414e5-a122-49f5-819e-512d91069da5,1,14
daroberta,fp_dr_only,65cb14cb-2d27-41e5-a2be-6fd6314f4363,2,3
daroberta,fp_dr_only,472158a1-4e39-4214-8397-904e66f2b4c5,1,21
daroberta,fp_dr_only,6b541575-99b1-40d2-8730-9bb868ee38ed,3,33
daroberta,fp_dr_only,b5eefefb-2a33-45de-abe1-f855c94165f4,2,47
daroberta,fp_dr_only,aab91277-8d56-4844-a581-45630f873f49,1,49
daroberta,fp_dr_only,b5eefefb-2a33-45de-abe1-f855c94165f4,1,24
daroberta,fp_dr_only,01c59743-7082-44fc-8414-3c04126f470f,2,17
daroberta,fp_dr_only,c99adbdd-eaf3-4844-9548-2642e80de4e2,2,19
daroberta,fp_dr_only,450755dd-30d3-478b-933e-917be5c384ba,3,16
daroberta,fp_dr_only,472158a1-4e39-4214-8397-904e66f2b4c5,2,11
daroberta,fp_dr_only,6f95dcb9-e960-45ac-8c0e-91b85724c909,2,11
daroberta,fp_dr_only,0c78e748-efbf-417c-a8c1-beeb6480147f,3,13
daroberta,fp_dr_only,47a209b0-fc26-4a0a-a1fe-e4310d1d2419,2,12
daroberta,fp_dr_only,d16050b3-979f-4834-90db-b8823691b87e,1,18
daroberta,fp_dr_only,a4f1d515-d7d9-4319-b2e0-4d56e9d45554,3,3
daroberta,fp_dr_only,76810849-0335-4ad3-9eaf-f0d9c5baceb6,2,3
daroberta,fp_dr_only,2058ec60-5372-4f5f-83a3-da780be3a350,1,21
daroberta,fp_dr_only,58f414e5-a122-49f5-819e-512d91069da5,2,4
daroberta,fp_dr_only,01c59743-7082-44fc-8414-3c04126f470f,2,24
daroberta,fp_dr_only,450755dd-30d3-478b-933e-917be5c384ba,3,23
daroberta,fp_dr_only,dd1e6e3b-f36c-4064-8ef9-940984e9afa2,1,22
daroberta,fp_dr_only,9879bbc0-eab3-482f-bf6b-a4b519393986,1,6
daroberta,fp_dr_only,b5eefefb-2a33-45de-abe1-f855c94165f4,1,36
daroberta,fp_dr_only,af4a3f41-eeb5-49fa-a276-e97c230b25f0,3,12
daroberta,fp_dr_only,9879bbc0-eab3-482f-bf6b-a4b519393986,1,0
daroberta,fp_dr_only,13792511-5142-449f-8d3e-d77d790f65ec,2,24
daroberta,fp_dr_only,ad409798-ee94-4436-92c5-92669193be14,1,4
daroberta,fp_dr_only,ae243a95-b2c2-410c-9e2b-b083b4b8eb48,2,10
daroberta,fp_dr_only,2b9468af-4ab0-4f25-85f4-c3ef93d72006,2,4
daroberta,fp_dr_only,9879bbc0-eab3-482f-bf6b-a4b519393986,3,23
daroberta,fp_dr_only,0c78e748-efbf-417c-a8c1-beeb6480147f,2,11
daroberta,fp_dr_only,f11c2566-848a-4e29-b8c5-4de0a81114e4,2,5
daroberta,fp_dr_only,542cd22c-ea80-4669-995b-6ac6a33823f7,3,1
daroberta,fp_dr_only,550b80db-bdd5-442b-8f70-c8e9f3203a13,2,7
daroberta,fp_dr_only,58ed2376-35a0-453a-a08e-5cd87e3bdea5,3,13
daroberta,fp_dr_only,ed8c136f-8d44-4c83-ad05-0dcfc3a0c54a,3,35
daroberta,fp_dr_only,aab91277-8d56-4844-a581-45630f873f49,2,15
daroberta,fp_dr_only,2058ec60-5372-4f5f-83a3-da780be3a350,2,4
daroberta,fp_dr_only,b7021938-ff8d-42ea-adec-5704c0b65237,2,13
daroberta,fp_dr_only,0ffb34cd-c367-4d90-aca7-7fcac3ed8f3d,3,13
daroberta,fp_dr_only,c5534b7e-a373-4962-8345-3847bc41a636,2,17
daroberta,fp_dr_only,005a2961-0c2e-4575-8eec-770ba52a08e0,2,23
daroberta,fp_dr_only,76810849-0335-4ad3-9eaf-f0d9c5baceb6,2,6
daroberta,fp_dr_only,86e6e27d-1440-4879-8b13-0dd2d89f7281,1,23
daroberta,fp_dr_only,58f414e5-a122-49f5-819e-512d91069da5,1,21
daroberta,fp_dr_only,97b1305c-13ca-4b74-a56a-f459bd79dfaf,3,16
daroberta,fp_dr_only,aab91277-8d56-4844-a581-45630f873f49,3,7
daroberta,fp_dr_only,2a3fde8a-082a-4d8f-9567-f7e8366c0200,1,33
daroberta,fp_dr_only,b5eefefb-2a33-45de-abe1-f855c94165f4,1,28
daroberta,fp_dr_only,0c78e748-efbf-417c-a8c1-beeb6480147f,3,10
daroberta,fp_dr_only,005a2961-0c2e-4575-8eec-770ba52a08e0,3,10
daroberta,fp_dr_only,3ae35b16-7f7f-4a5e-9f24-5ce724106a73,3,15
daroberta,fp_dr_only,97566c74-e000-49fb-b091-e6ec6e179de0,3,3
daroberta,fp_dr_only,76810849-0335-4ad3-9eaf-f0d9c5baceb6,2,2
daroberta,fp_dr_only,76810849-0335-4ad3-9eaf-f0d9c5baceb6,1,17
daroberta,fp_dr_only,85475456-f38e-4c30-895d-ca2c819c6af1,1,11
daroberta,fp_dr_only,af4a3f41-eeb5-49fa-a276-e97c230b25f0,1,3
daroberta,fp_dr_only,0c78e748-efbf-417c-a8c1-beeb6480147f,2,15
daroberta,fp_dr_only,6f95dcb9-e960-45ac-8c0e-91b85724c909,3,15
daroberta,fp_dr_only,76810849-0335-4ad3-9eaf-f0d9c5baceb6,2,12
daroberta,fp_dr_only,0c78e748-efbf-417c-a8c1-beeb6480147f,2,0
daroberta,fp_dr_only,eb17fa36-89f2-4d0b-8133-7bb4682228e1,3,12
daroberta,fp_dr_only,af4a3f41-eeb5-49fa-a276-e97c230b25f0,1,13
daroberta,fp_dr_only,6f95dcb9-e960-45ac-8c0e-91b85724c909,2,13
daroberta,fp_dr_only,1e41e98b-9ac1-441d-b2c2-19d8f730c74a,2,7
daroberta,fp_dr_only,59f2f47c-5da0-4fbc-be6e-4f15d45d82e2,2,7
daroberta,fp_dr_only,08bb9bee-c167-4c17-9c6d-4a1259231eb7,2,29
daroberta,fp_dr_only,59f2f47c-5da0-4fbc-be6e-4f15d45d82e2,1,7
daroberta,fp_dr_only,2b9468af-4ab0-4f25-85f4-c3ef93d72006,3,0
daroberta,fp_dr_only,b5eefefb-2a33-45de-abe1-f855c94165f4,2,44
daroberta,fp_dr_only,59f2f47c-5da0-4fbc-be6e-4f15d45d82e2,3,8
daroberta,fp_dr_only,b5eefefb-2a33-45de-abe1-f855c94165f4,3,13
daroberta,fp_dr_only,d3a1ce0a-fc48-4827-a278-8f0ce8c7a519,3,14
daroberta,fp_dr_only,3ae35b16-7f7f-4a5e-9f24-5ce724106a73,1,25
daroberta,fp_dr_only,b5eefefb-2a33-45de-abe1-f855c94165f4,1,20
daroberta,fp_dr_only,450755dd-30d3-478b-933e-917be5c384ba,3,13
daroberta,fp_dr_only,4f473faf-f928-4cfd-8bed-00578be9db9a,3,16
daroberta,fp_dr_only,3ae35b16-7f7f-4a5e-9f24-5ce724106a73,3,3
daroberta,fp_dr_only,eadabee7-3db9-43c4-a485-3e8b1882cd3c,2,18
daroberta,fp_dr_only,65cb14cb-2d27-41e5-a2be-6fd6314f4363,2,9
daroberta,fp_dr_only,f506aafc-8b43-427a-936e-bbd1ef33e076,1,4
biasdetector,fn_shared_lex,70c75d68-bf65-46a6-a822-15c23d77a275,1,2
biasdetector,fn_shared_lex,2b95d2cf-e979-4f9c-ae27-9a5370934f23,1,0
biasdetector,fn_shared_lex,526cabb7-02a3-4adb-8e90-ec781c40c498,1,11
biasdetector,fn_shared_lex,a28a0329-0887-42dc-bd3d-3bb4f8926757,3,8
biasdetector,fn_shared_lex,86e6e27d-1440-4879-8b13-0dd2d89f7281,1,45
biasdetector,fn_shared_lex,7a97de89-1433-46f7-bcc2-f80b041cb9a0,1,0
biasdetector,fn_shared_lex,2ec04201-2016-4227-baf7-ba8289058203,3,3
biasdetector,fn_shared_lex,86e6e27d-1440-4879-8b13-0dd2d89f7281,2,21
biasdetector,fn_shared_lex,47a209b0-fc26-4a0a-a1fe-e4310d1d2419,2,6
biasdetector,fn_shared_lex,2a3fde8a-082a-4d8f-9567-f7e8366c0200,1,10
biasdetector,fn_shared_lex,11c9f251-35c8-4452-b052-df9be61464c6,2,8
biasdetector,fn_shared_lex,eadabee7-3db9-43c4-a485-3e8b1882cd3c,2,0
biasdetector,fn_shared_lex,f11c2566-848a-4e29-b8c5-4de0a81114e4,3,6
biasdetector,fn_shared_lex,472158a1-4e39-4214-8397-904e66f2b4c5,3,0
biasdetector,fn_shared_lex,86e6e27d-1440-4879-8b13-0dd2d89f7281,2,4
biasdetector,fn_shared_lex,f688c56d-7fae-42ef-b7f7-7db207b58d27,3,6
biasdetector,fn_shared_lex,ee05c9b3-529c-4268-ad72-19bd34f7197e,3,0
biasdetector,fn_shared_lex,1bb79cc1-5d69-4136-a23d-6dbd300cbf25,2,0
biasdetector,fn_shared_lex,ad409798-ee94-4436-92c5-92669193be14,2,0
biasdetector,fn_shared_lex,70c75d68-bf65-46a6-a822-15c23d77a275,1,50
biasdetector,fn_shared_lex,7f9c83f7-3efa-4c7a-adef-3ebdeda96042,1,1
biasdetector,fn_shared_lex,79bf99c6-6fca-4ce4-8ae1-8771de026142,2,3
biasdetector,fn_shared_lex,be026bd1-52b1-4789-bfd3-3632af17b054,2,19
biasdetector,fn_shared_lex,9879bbc0-eab3-482f-bf6b-a4b519393986,3,35
biasdetector,fn_shared_lex,005a2961-0c2e-4575-8eec-770ba52a08e0,3,4
biasdetector,fn_shared_lex,f688c56d-7fae-42ef-b7f7-7db207b58d27,3,0
biasdetector,fn_shared_lex,b5eefefb-2a33-45de-abe1-f855c94165f4,3,17
biasdetector,fn_shared_lex,c9e4d35f-aeae-462b-a8bf-e08d09a93b6e,2,6
biasdetector,fn_shared_lex,2058ec60-5372-4f5f-83a3-da780be3a350,1,11
biasdetector,fn_shared_lex,8dac6c12-b5ca-468c-a249-7e0ab42f6b52,2,1
biasdetector,fn_shared_lex,b764f81f-6d08-4d7c-b1a8-8961bed0a455,3,26
biasdetector,fn_shared_lex,ad409798-ee94-4436-92c5-92669193be14,2,16
biasdetector,fn_shared_lex,65cb14cb-2d27-41e5-a2be-6fd6314f4363,1,6
biasdetector,fn_shared_lex,1bb79cc1-5d69-4136-a23d-6dbd300cbf25,3,23
biasdetector,fn_shared_lex,1bb79cc1-5d69-4136-a23d-6dbd300cbf25,3,19
biasdetector,fn_shared_lex,f688c56d-7fae-42ef-b7f7-7db207b58d27,1,0
biasdetector,fn_shared_lex,576116e5-2b18-4d35-be73-36f5863c9468,2,0
biasdetector,fn_shared_lex,d3a1ce0a-fc48-4827-a278-8f0ce8c7a519,2,30
biasdetector,fn_shared_lex,8abec8d9-50a2-480e-969a-157f94954f4d,2,18
biasdetector,fn_shared_lex,1b96a5db-8974-46d3-82d7-5dfef02f650e,3,3
biasdetector,fn_shared_lex,2ec04201-2016-4227-baf7-ba8289058203,2,10
biasdetector,fn_shared_lex,86e6e27d-1440-4879-8b13-0dd2d89f7281,1,9
biasdetector,fn_shared_lex,be026bd1-52b1-4789-bfd3-3632af17b054,3,0
biasdetector,fn_shared_lex,38f7cbb7-5d6a-4c89-bcbd-8e164144172a,2,2
biasdetector,fn_shared_lex,29ffd053-7684-469b-a600-97000579bd01,3,10
biasdetector,fn_shared_lex,e71d149d-0426-43f0-87e8-8c611dad7205,2,14
biasdetector,fn_shared_lex,7f9c83f7-3efa-4c7a-adef-3ebdeda96042,1,21
biasdetector,fn_shared_lex,9879bbc0-eab3-482f-bf6b-a4b519393986,1,24
biasdetector,fn_shared_lex,c21cb217-3e2c-49bd-884d-5c74a165ef10,2,2
biasdetector,fn_shared_lex,f688c56d-7fae-42ef-b7f7-7db207b58d27,2,28
biasdetector,fn_shared_lex,ad409798-ee94-4436-92c5-92669193be14,1,6
biasdetector,fn_shared_lex,74708dbf-5dfc-4c66-8419-d7dbc00e4a06,1,0
biasdetector,fn_shared_lex,87609973-bd58-42a5-96e2-ee5aa47433f5,2,1
biasdetector,fn_shared_lex,70c744ad-e950-445c-8a7a-0782b0a7d20b,3,1
biasdetector,fn_shared_lex,2ec04201-2016-4227-baf7-ba8289058203,1,29
biasdetector,fn_shared_lex,b5eefefb-2a33-45de-abe1-f855c94165f4,2,33
biasdetector,fn_shared_lex,450755dd-30d3-478b-933e-917be5c384ba,3,3
biasdetector,fn_shared_lex,8abec8d9-50a2-480e-969a-157f94954f4d,3,11
biasdetector,fn_shared_lex,85475456-f38e-4c30-895d-ca2c819c6af1,3,7
biasdetector,fn_shared_lex,df5fe55a-dfcb-4817-8631-830f47c21a72,2,15
biasdetector,fn_shared_lex,7f9c83f7-3efa-4c7a-adef-3ebdeda96042,2,8
biasdetector,fn_shared_lex,2ec04201-2016-4227-baf7-ba8289058203,3,21
biasdetector,fn_shared_lex,29ffd053-7684-469b-a600-97000579bd01,3,2
biasdetector,fn_shared_lex,70c744ad-e950-445c-8a7a-0782b0a7d20b,2,9
biasdetector,fn_shared_lex,38f7cbb7-5d6a-4c89-bcbd-8e164144172a,3,17
biasdetector,fn_shared_lex,2ec04201-2016-4227-baf7-ba8289058203,1,7
biasdetector,fn_shared_lex,f688c56d-7fae-42ef-b7f7-7db207b58d27,2,5
biasdetector,fn_shared_lex,84678e18-0b79-4570-9c9f-cb1cf88d968e,1,15
biasdetector,fn_shared_lex,c99adbdd-eaf3-4844-9548-2642e80de4e2,3,16
biasdetector,fn_shared_lex,2b95d2cf-e979-4f9c-ae27-9a5370934f23,2,10
biasdetector,fn_shared_lex,7f9c83f7-3efa-4c7a-adef-3ebdeda96042,3,1
biasdetector,fn_shared_lex,8dc7ccfe-5cf0-482f-9101-a7c69881da4d,1,18
biasdetector,fn_shared_lex,65cb14cb-2d27-41e5-a2be-6fd6314f4363,1,0
biasdetector,fn_shared_lex,c9e4d35f-aeae-462b-a8bf-e08d09a93b6e,3,1
biasdetector,fn_shared_lex,68748e7f-cf6e-4ac7-8504-454c0876880d,2,11
biasdetector,fn_shared_lex,1bb79cc1-5d69-4136-a23d-6dbd300cbf25,1,12
biasdetector,fn_shared_lex,c99adbdd-eaf3-4844-9548-2642e80de4e2,1,23
biasdetector,fn_shared_lex,11c9f251-35c8-4452-b052-df9be61464c6,1,10
biasdetector,fn_shared_lex,6b541575-99b1-40d2-8730-9bb868ee38ed,1,11
biasdetector,fn_shared_lex,005a2961-0c2e-4575-8eec-770ba52a08e0,1,5
biasdetector,fn_shared_lex,aab91277-8d56-4844-a581-45630f873f49,1,12
biasdetector,fn_shared_lex,65cb14cb-2d27-41e5-a2be-6fd6314f4363,2,12
biasdetector,fn_shared_lex,22b6e900-4826-4b09-a9f8-5d7afe46e78b,3,0
biasdetector,fn_shared_lex,ed8c136f-8d44-4c83-ad05-0dcfc3a0c54a,3,0
biasdetector,fn_shared_lex,4f473faf-f928-4cfd-8bed-00578be9db9a,3,1
biasdetector,fn_shared_lex,a4f1d515-d7d9-4319-b2e0-4d56e9d45554,1,0
biasdetector,fn_shared_lex,ed8c136f-8d44-4c83-ad05-0dcfc3a0c54a,1,4
biasdetector,fn_shared_lex,08bb9bee-c167-4c17-9c6d-4a1259231eb7,2,11
biasdetector,fn_shared_lex,8abec8d9-50a2-480e-969a-157f94954f4d,3,1
biasdetector,fn_shared_lex,0d10341a-9dba-4374-a524-814c300d1611,3,0
biasdetector,fn_shared_lex,2ec04201-2016-4227-baf7-ba8289058203,1,16
biasdetector,fn_shared_lex,af4a3f41-eeb5-49fa-a276-e97c230b25f0,1,10
biasdetector,fn_shared_lex,87609973-bd58-42a5-96e2-ee5aa47433f5,1,5
biasdetector,fn_shared_lex,86e6e27d-1440-4879-8b13-0dd2d89f7281,1,13
biasdetector,fn_shared_lex,11c9f251-35c8-4452-b052-df9be61464c6,2,9
biasdetector,fn_shared_lex,1bb79cc1-5d69-4136-a23d-6dbd300cbf25,1,19
biasdetector,fn_shared_lex,b7021938-ff8d-42ea-adec-5704c0b65237,1,12
biasdetector,fn_shared_lex,f688c56d-7fae-42ef-b7f7-7db207b58d27,2,6
biasdetector,fn_shared_lex,22b6e900-4826-4b09-a9f8-5d7afe46e78b,3,2
biasdetector,fn_shared_lex,df5fe55a-dfcb-4817-8631-830f47c21a72,1,12
daroberta,fn_shared_lex,70c75d68-bf65-46a6-a822-15c23d77a275,1,2
daroberta,fn_shared_lex,2b95d2cf-e979-4f9c-ae27-9a5370934f23,1,0
daroberta,fn_shared_lex,526cabb7-02a3-4adb-8e90-ec781c40c498,1,11
daroberta,fn_shared_lex,a28a0329-0887-42dc-bd3d-3bb4f8926757,3,8
daroberta,fn_shared_lex,86e6e27d-1440-4879-8b13-0dd2d89f7281,1,45
daroberta,fn_shared_lex,7a97de89-1433-46f7-bcc2-f80b041cb9a0,1,0
daroberta,fn_shared_lex,2ec04201-2016-4227-baf7-ba8289058203,3,3
daroberta,fn_shared_lex,86e6e27d-1440-4879-8b13-0dd2d89f7281,2,21
daroberta,fn_shared_lex,47a209b0-fc26-4a0a-a1fe-e4310d1d2419,2,6
daroberta,fn_shared_lex,2a3fde8a-082a-4d8f-9567-f7e8366c0200,1,10
daroberta,fn_shared_lex,11c9f251-35c8-4452-b052-df9be61464c6,2,8
daroberta,fn_shared_lex,eadabee7-3db9-43c4-a485-3e8b1882cd3c,2,0
daroberta,fn_shared_lex,f11c2566-848a-4e29-b8c5-4de0a81114e4,3,6
daroberta,fn_shared_lex,472158a1-4e39-4214-8397-904e66f2b4c5,3,0
daroberta,fn_shared_lex,86e6e27d-1440-4879-8b13-0dd2d89f7281,2,4
daroberta,fn_shared_lex,f688c56d-7fae-42ef-b7f7-7db207b58d27,3,6
daroberta,fn_shared_lex,ee05c9b3-529c-4268-ad72-19bd34f7197e,3,0
daroberta,fn_shared_lex,1bb79cc1-5d69-4136-a23d-6dbd300cbf25,2,0
daroberta,fn_shared_lex,ad409798-ee94-4436-92c5-92669193be14,2,0
daroberta,fn_shared_lex,70c75d68-bf65-46a6-a822-15c23d77a275,1,50
daroberta,fn_shared_lex,7f9c83f7-3efa-4c7a-adef-3ebdeda96042,1,1
daroberta,fn_shared_lex,79bf99c6-6fca-4ce4-8ae1-8771de026142,2,3
daroberta,fn_shared_lex,be026bd1-52b1-4789-bfd3-3632af17b054,2,19
daroberta,fn_shared_lex,9879bbc0-eab3-482f-bf6b-a4b519393986,3,35
daroberta,fn_shared_lex,005a2961-0c2e-4575-8eec-770ba52a08e0,3,4
daroberta,fn_shared_lex,f688c56d-7fae-42ef-b7f7-7db207b58d27,3,0
daroberta,fn_shared_lex,b5eefefb-2a33-45de-abe1-f855c94165f4,3,17
daroberta,fn_shared_lex,c9e4d35f-aeae-462b-a8bf-e08d09a93b6e,2,6
daroberta,fn_shared_lex,2058ec60-5372-4f5f-83a3-da780be3a350,1,11
daroberta,fn_shared_lex,8dac6c12-b5ca-468c-a249-7e0ab42f6b52,2,1
daroberta,fn_shared_lex,b764f81f-6d08-4d7c-b1a8-8961bed0a455,3,26
daroberta,fn_shared_lex,ad409798-ee94-4436-92c5-92669193be14,2,16
daroberta,fn_shared_lex,65cb14cb-2d27-41e5-a2be-6fd6314f4363,1,6
daroberta,fn_shared_lex,1bb79cc1-5d69-4136-a23d-6dbd300cbf25,3,23
daroberta,fn_shared_lex,1bb79cc1-5d69-4136-a23d-6dbd300cbf25,3,19
daroberta,fn_shared_lex,f688c56d-7fae-42ef-b7f7-7db207b58d27,1,0
daroberta,fn_shared_lex,576116e5-2b18-4d35-be73-36f5863c9468,2,0
daroberta,fn_shared_lex,d3a1ce0a-fc48-4827-a278-8f0ce8c7a519,2,30
daroberta,fn_shared_lex,8abec8d9-50a2-480e-969a-157f94954f4d,2,18
daroberta,fn_shared_lex,1b96a5db-8974-46d3-82d7-5dfef02f650e,3,3
daroberta,fn_shared_lex,2ec04201-2016-4227-baf7-ba8289058203,2,10
daroberta,fn_shared_lex,86e6e27d-1440-4879-8b13-0dd2d89f7281,1,9
daroberta,fn_shared_lex,be026bd1-52b1-4789-bfd3-3632af17b054,3,0
daroberta,fn_shared_lex,38f7cbb7-5d6a-4c89-bcbd-8e164144172a,2,2
daroberta,fn_shared_lex,29ffd053-7684-469b-a600-97000579bd01,3,10
daroberta,fn_shared_lex,e71d149d-0426-43f0-87e8-8c611dad7205,2,14
daroberta,fn_shared_lex,7f9c83f7-3efa-4c7a-adef-3ebdeda96042,1,21
daroberta,fn_shared_lex,9879bbc0-eab3-482f-bf6b-a4b519393986,1,24
daroberta,fn_shared_lex,c21cb217-3e2c-49bd-884d-5c74a165ef10,2,2
daroberta,fn_shared_lex,f688c56d-7fae-42ef-b7f7-7db207b58d27,2,28
daroberta,fn_shared_lex,ad409798-ee94-4436-92c5-92669193be14,1,6
daroberta,fn_shared_lex,74708dbf-5dfc-4c66-8419-d7dbc00e4a06,1,0
daroberta,fn_shared_lex,87609973-bd58-42a5-96e2-ee5aa47433f5,2,1
daroberta,fn_shared_lex,70c744ad-e950-445c-8a7a-0782b0a7d20b,3,1
daroberta,fn_shared_lex,2ec04201-2016-4227-baf7-ba8289058203,1,29
daroberta,fn_shared_lex,b5eefefb-2a33-45de-abe1-f855c94165f4,2,33
daroberta,fn_shared_lex,450755dd-30d3-478b-933e-917be5c384ba,3,3
daroberta,fn_shared_lex,8abec8d9-50a2-480e-969a-157f94954f4d,3,11
daroberta,fn_shared_lex,85475456-f38e-4c30-895d-ca2c819c6af1,3,7
daroberta,fn_shared_lex,df5fe55a-dfcb-4817-8631-830f47c21a72,2,15
daroberta,fn_shared_lex,7f9c83f7-3efa-4c7a-adef-3ebdeda96042,2,8
daroberta,fn_shared_lex,2ec04201-2016-4227-baf7-ba8289058203,3,21
daroberta,fn_shared_lex,29ffd053-7684-469b-a600-97000579bd01,3,2
daroberta,fn_shared_lex,70c744ad-e950-445c-8a7a-0782b0a7d20b,2,9
daroberta,fn_shared_lex,38f7cbb7-5d6a-4c89-bcbd-8e164144172a,3,17
daroberta,fn_shared_lex,2ec04201-2016-4227-baf7-ba8289058203,1,7
daroberta,fn_shared_lex,f688c56d-7fae-42ef-b7f7-7db207b58d27,2,5
daroberta,fn_shared_lex,84678e18-0b79-4570-9c9f-cb1cf88d968e,1,15
daroberta,fn_shared_lex,c99adbdd-eaf3-4844-9548-2642e80de4e2,3,16
daroberta,fn_shared_lex,2b95d2cf-e979-4f9c-ae27-9a5370934f23,2,10
daroberta,fn_shared_lex,7f9c83f7-3efa-4c7a-adef-3ebdeda96042,3,1
daroberta,fn_shared_lex,8dc7ccfe-5cf0-482f-9101-a7c69881da4d,1,18
daroberta,fn_shared_lex,65cb14cb-2d27-41e5-a2be-6fd6314f4363,1,0
daroberta,fn_shared_lex,c9e4d35f-aeae-462b-a8bf-e08d09a93b6e,3,1
daroberta,fn_shared_lex,68748e7f-cf6e-4ac7-8504-454c0876880d,2,11
daroberta,fn_shared_lex,1bb79cc1-5d69-4136-a23d-6dbd300cbf25,1,12
daroberta,fn_shared_lex,c99adbdd-eaf3-4844-9548-2642e80de4e2,1,23
daroberta,fn_shared_lex,11c9f251-35c8-4452-b052-df9be61464c6,1,10
daroberta,fn_shared_lex,6b541575-99b1-40d2-8730-9bb868ee38ed,1,11
daroberta,fn_shared_lex,005a2961-0c2e-4575-8eec-770ba52a08e0,1,5
daroberta,fn_shared_lex,aab91277-8d56-4844-a581-45630f873f49,1,12
daroberta,fn_shared_lex,65cb14cb-2d27-41e5-a2be-6fd6314f4363,2,12
daroberta,fn_shared_lex,22b6e900-4826-4b09-a9f8-5d7afe46e78b,3,0
daroberta,fn_shared_lex,ed8c136f-8d44-4c83-ad05-0dcfc3a0c54a,3,0
daroberta,fn_shared_lex,4f473faf-f928-4cfd-8bed-00578be9db9a,3,1
daroberta,fn_shared_lex,a4f1d515-d7d9-4319-b2e0-4d56e9d45554,1,0
daroberta,fn_shared_lex,ed8c136f-8d44-4c83-ad05-0dcfc3a0c54a,1,4
daroberta,fn_shared_lex,08bb9bee-c167-4c17-9c6d-4a1259231eb7,2,11
daroberta,fn_shared_lex,8abec8d9-50a2-480e-969a-157f94954f4d,3,1
daroberta,fn_shared_lex,0d10341a-9dba-4374-a524-814c300d1611,3,0
daroberta,fn_shared_lex,2ec04201-2016-4227-baf7-ba8289058203,1,16
daroberta,fn_shared_lex,af4a3f41-eeb5-49fa-a276-e97c230b25f0,1,10
daroberta,fn_shared_lex,87609973-bd58-42a5-96e2-ee5aa47433f5,1,5
daroberta,fn_shared_lex,86e6e27d-1440-4879-8b13-0dd2d89f7281,1,13
daroberta,fn_shared_lex,11c9f251-35c8-4452-b052-df9be61464c6,2,9
daroberta,fn_shared_lex,1bb79cc1-5d69-4136-a23d-6dbd300cbf25,1,19
daroberta,fn_shared_lex,b7021938-ff8d-42ea-adec-5704c0b65237,1,12
daroberta,fn_shared_lex,f688c56d-7fae-42ef-b7f7-7db207b58d27,2,6
daroberta,fn_shared_lex,22b6e900-4826-4b09-a9f8-5d7afe46e78b,3,2
daroberta,fn_shared_lex,df5fe55a-dfcb-4817-8631-830f47c21a72,1,12
biasdetector,magnitude_FN,4f473faf-f928-4cfd-8bed-00578be9db9a,1,0
biasdetector,magnitude_FN,2153fb3e-6b09-410c-bfea-d095c49a54ba,2,11
biasdetector,magnitude_FN,97b1305c-13ca-4b74-a56a-f459bd79dfaf,2,8
biasdetector,magnitude_FN,01c59743-7082-44fc-8414-3c04126f470f,2,23
biasdetector,magnitude_FN,8dac6c12-b5ca-468c-a249-7e0ab42f6b52,1,1
biasdetector,magnitude_FN,0c78e748-efbf-417c-a8c1-beeb6480147f,3,11
biasdetector,magnitude_FN,96b7046f-f584-422f-a626-6f86a26dfd8b,1,4
biasdetector,magnitude_FN,2742e9c1-2943-496f-8b23-faf5332e1612,2,10
biasdetector,magnitude_FN,c21cb217-3e2c-49bd-884d-5c74a165ef10,2,15
biasdetector,magnitude_FN,8385a996-1afc-4778-a06d-7070a8f19e27,3,15
biasdetector,magnitude_FN,1e41e98b-9ac1-441d-b2c2-19d8f730c74a,2,49
biasdetector,magnitude_FN,7f9c83f7-3efa-4c7a-adef-3ebdeda96042,1,4
biasdetector,magnitude_FN,c99adbdd-eaf3-4844-9548-2642e80de4e2,1,30
biasdetector,magnitude_FN,1e41e98b-9ac1-441d-b2c2-19d8f730c74a,2,4
biasdetector,magnitude_FN,1ed4f378-b9d4-43b8-8d50-53d0cc063332,2,28
biasdetector,magnitude_FN,1e41e98b-9ac1-441d-b2c2-19d8f730c74a,3,0
biasdetector,magnitude_FN,97566c74-e000-49fb-b091-e6ec6e179de0,2,5
biasdetector,magnitude_FN,1e41e98b-9ac1-441d-b2c2-19d8f730c74a,1,18
biasdetector,magnitude_FN,9879bbc0-eab3-482f-bf6b-a4b519393986,1,24
biasdetector,magnitude_FN,542cd22c-ea80-4669-995b-6ac6a33823f7,3,11
biasdetector,magnitude_FN,ad409798-ee94-4436-92c5-92669193be14,2,12
biasdetector,magnitude_FN,0d10341a-9dba-4374-a524-814c300d1611,1,30
biasdetector,magnitude_FN,a4f1d515-d7d9-4319-b2e0-4d56e9d45554,3,31
biasdetector,magnitude_FN,2b95d2cf-e979-4f9c-ae27-9a5370934f23,3,14
biasdetector,magnitude_FN,4f473faf-f928-4cfd-8bed-00578be9db9a,1,15
biasdetector,magnitude_FN,2ec04201-2016-4227-baf7-ba8289058203,2,21
biasdetector,magnitude_FN,68748e7f-cf6e-4ac7-8504-454c0876880d,1,15
biasdetector,magnitude_FN,70c75d68-bf65-46a6-a822-15c23d77a275,2,28
biasdetector,magnitude_FN,2742e9c1-2943-496f-8b23-faf5332e1612,3,2
biasdetector,magnitude_FN,a28a0329-0887-42dc-bd3d-3bb4f8926757,2,13
biasdetector,magnitude_FN,0c78e748-efbf-417c-a8c1-beeb6480147f,2,4
biasdetector,magnitude_FN,8dac6c12-b5ca-468c-a249-7e0ab42f6b52,2,8
biasdetector,magnitude_FN,7a97de89-1433-46f7-bcc2-f80b041cb9a0,1,0
biasdetector,magnitude_FN,576116e5-2b18-4d35-be73-36f5863c9468,2,0
biasdetector,magnitude_FN,72fa9b13-4e59-4716-8df9-4c3580e7dddf,1,20
biasdetector,magnitude_FN,8dac6c12-b5ca-468c-a249-7e0ab42f6b52,1,16
biasdetector,magnitude_FN,2b9468af-4ab0-4f25-85f4-c3ef93d72006,1,1
biasdetector,magnitude_FN,38f7cbb7-5d6a-4c89-bcbd-8e164144172a,2,9
biasdetector,magnitude_FN,576116e5-2b18-4d35-be73-36f5863c9468,3,0
biasdetector,magnitude_FN,68748e7f-cf6e-4ac7-8504-454c0876880d,1,20
biasdetector,magnitude_FN,1ed4f378-b9d4-43b8-8d50-53d0cc063332,2,4
biasdetector,magnitude_FN,84b3c118-50d2-45a5-a91f-7ed95b5d0143,1,4
biasdetector,magnitude_FN,8abec8d9-50a2-480e-969a-157f94954f4d,3,18
biasdetector,magnitude_FN,eadabee7-3db9-43c4-a485-3e8b1882cd3c,1,6
biasdetector,magnitude_FN,2a3fde8a-082a-4d8f-9567-f7e8366c0200,1,7
biasdetector,magnitude_FN,68748e7f-cf6e-4ac7-8504-454c0876880d,2,11
biasdetector,magnitude_FN,b7021938-ff8d-42ea-adec-5704c0b65237,1,9
biasdetector,magnitude_FN,38f7cbb7-5d6a-4c89-bcbd-8e164144172a,2,2
biasdetector,magnitude_FN,a4f1d515-d7d9-4319-b2e0-4d56e9d45554,2,0
biasdetector,magnitude_FN,be026bd1-52b1-4789-bfd3-3632af17b054,3,6
biasdetector,magnitude_FN,8abec8d9-50a2-480e-969a-157f94954f4d,2,18
biasdetector,magnitude_FN,33521e65-12da-4521-b132-7b606243b0e4,2,25
biasdetector,magnitude_FN,68748e7f-cf6e-4ac7-8504-454c0876880d,2,2
biasdetector,magnitude_FN,b4dbeda7-a1f3-4711-ae77-db23809d1ed2,2,1
biasdetector,magnitude_FN,ee05c9b3-529c-4268-ad72-19bd34f7197e,3,0
biasdetector,magnitude_FN,79bf99c6-6fca-4ce4-8ae1-8771de026142,3,19
biasdetector,magnitude_FN,6b541575-99b1-40d2-8730-9bb868ee38ed,1,8
biasdetector,magnitude_FN,84b3c118-50d2-45a5-a91f-7ed95b5d0143,2,26
biasdetector,magnitude_FN,0d10341a-9dba-4374-a524-814c300d1611,2,27
biasdetector,magnitude_FN,74708dbf-5dfc-4c66-8419-d7dbc00e4a06,1,3
biasdetector,magnitude_FN,70c75d68-bf65-46a6-a822-15c23d77a275,1,50
biasdetector,magnitude_FN,be026bd1-52b1-4789-bfd3-3632af17b054,1,6
biasdetector,magnitude_FN,65cb14cb-2d27-41e5-a2be-6fd6314f4363,1,0
biasdetector,magnitude_FN,2ec04201-2016-4227-baf7-ba8289058203,1,4
biasdetector,magnitude_FN,84b3c118-50d2-45a5-a91f-7ed95b5d0143,2,37
biasdetector,magnitude_FN,8dac6c12-b5ca-468c-a249-7e0ab42f6b52,3,4
biasdetector,magnitude_FN,6f95dcb9-e960-45ac-8c0e-91b85724c909,1,2
biasdetector,magnitude_FN,a28a0329-0887-42dc-bd3d-3bb4f8926757,2,20
biasdetector,magnitude_FN,2ec04201-2016-4227-baf7-ba8289058203,2,4
biasdetector,magnitude_FN,b764f81f-6d08-4d7c-b1a8-8961bed0a455,3,3
biasdetector,magnitude_FN,13792511-5142-449f-8d3e-d77d790f65ec,2,6
biasdetector,magnitude_FN,a4f1d515-d7d9-4319-b2e0-4d56e9d45554,1,22
biasdetector,magnitude_FN,eadabee7-3db9-43c4-a485-3e8b1882cd3c,2,19
biasdetector,magnitude_FN,2153fb3e-6b09-410c-bfea-d095c49a54ba,2,15
biasdetector,magnitude_FN,0ffb34cd-c367-4d90-aca7-7fcac3ed8f3d,3,15
biasdetector,magnitude_FN,aab91277-8d56-4844-a581-45630f873f49,1,44
biasdetector,magnitude_FN,2153fb3e-6b09-410c-bfea-d095c49a54ba,3,6
biasdetector,magnitude_FN,b764f81f-6d08-4d7c-b1a8-8961bed0a455,1,17
biasdetector,magnitude_FN,45bd61bc-c356-4450-9e3a-cbfc862b09fd,1,9
biasdetector,magnitude_FN,70c75d68-bf65-46a6-a822-15c23d77a275,1,14
biasdetector,magnitude_FN,58ed2376-35a0-453a-a08e-5cd87e3bdea5,2,3
biasdetector,magnitude_FN,2b9468af-4ab0-4f25-85f4-c3ef93d72006,1,23
biasdetector,magnitude_FN,ed8c136f-8d44-4c83-ad05-0dcfc3a0c54a,1,33
biasdetector,magnitude_FN,2b9468af-4ab0-4f25-85f4-c3ef93d72006,2,1
biasdetector,magnitude_FN,1bb79cc1-5d69-4136-a23d-6dbd300cbf25,1,35
biasdetector,magnitude_FN,0d10341a-9dba-4374-a524-814c300d1611,3,1
biasdetector,magnitude_FN,be026bd1-52b1-4789-bfd3-3632af17b054,3,0
biasdetector,magnitude_FN,c99adbdd-eaf3-4844-9548-2642e80de4e2,2,2
biasdetector,magnitude_FN,0d10341a-9dba-4374-a524-814c300d1611,1,24
biasdetector,magnitude_FN,2a3fde8a-082a-4d8f-9567-f7e8366c0200,2,49
biasdetector,magnitude_FN,58ed2376-35a0-453a-a08e-5cd87e3bdea5,2,0
biasdetector,magnitude_FN,33521e65-12da-4521-b132-7b606243b0e4,1,15
biasdetector,magnitude_FN,3ae35b16-7f7f-4a5e-9f24-5ce724106a73,3,10
biasdetector,magnitude_FN,b7021938-ff8d-42ea-adec-5704c0b65237,1,3
biasdetector,magnitude_FN,aab91277-8d56-4844-a581-45630f873f49,1,12
biasdetector,magnitude_FN,eadabee7-3db9-43c4-a485-3e8b1882cd3c,3,21
biasdetector,magnitude_FN,0ffb34cd-c367-4d90-aca7-7fcac3ed8f3d,2,2
biasdetector,magnitude_FN,542cd22c-ea80-4669-995b-6ac6a33823f7,3,13
biasdetector,magnitude_FN,2b9468af-4ab0-4f25-85f4-c3ef93d72006,2,6
biasdetector,magnitude_FN,af4a3f41-eeb5-49fa-a276-e97c230b25f0,2,8
daroberta,magnitude_FN,c6a0e65c-4f8b-41de-8200-cd700f683c64,2,11
daroberta,magnitude_FN,11c9f251-35c8-4452-b052-df9be61464c6,2,8
daroberta,magnitude_FN,2b9468af-4ab0-4f25-85f4-c3ef93d72006,1,19
daroberta,magnitude_FN,f688c56d-7fae-42ef-b7f7-7db207b58d27,3,19
daroberta,magnitude_FN,2058ec60-5372-4f5f-83a3-da780be3a350,3,23
daroberta,magnitude_FN,a4f1d515-d7d9-4319-b2e0-4d56e9d45554,1,19
daroberta,magnitude_FN,c6a0e65c-4f8b-41de-8200-cd700f683c64,2,7
daroberta,magnitude_FN,70c744ad-e950-445c-8a7a-0782b0a7d20b,1,11
daroberta,magnitude_FN,79bf99c6-6fca-4ce4-8ae1-8771de026142,2,33
daroberta,magnitude_FN,7f9c83f7-3efa-4c7a-adef-3ebdeda96042,1,1
daroberta,magnitude_FN,79bf99c6-6fca-4ce4-8ae1-8771de026142,1,28
daroberta,magnitude_FN,45bd61bc-c356-4450-9e3a-cbfc862b09fd,2,7
daroberta,magnitude_FN,01c59743-7082-44fc-8414-3c04126f470f,2,20
daroberta,magnitude_FN,dd1e6e3b-f36c-4064-8ef9-940984e9afa2,3,21
daroberta,magnitude_FN,2b9468af-4ab0-4f25-85f4-c3ef93d72006,1,17
daroberta,magnitude_FN,4f473faf-f928-4cfd-8bed-00578be9db9a,3,17
daroberta,magnitude_FN,2a3fde8a-082a-4d8f-9567-f7e8366c0200,1,7
daroberta,magnitude_FN,c21cb217-3e2c-49bd-884d-5c74a165ef10,3,0
daroberta,magnitude_FN,b7021938-ff8d-42ea-adec-5704c0b65237,2,25
daroberta,magnitude_FN,65cb14cb-2d27-41e5-a2be-6fd6314f4363,1,1
daroberta,magnitude_FN,76810849-0335-4ad3-9eaf-f0d9c5baceb6,2,17
daroberta,magnitude_FN,79bf99c6-6fca-4ce4-8ae1-8771de026142,1,29
daroberta,magnitude_FN,576116e5-2b18-4d35-be73-36f5863c9468,2,14
daroberta,magnitude_FN,0d10341a-9dba-4374-a524-814c300d1611,2,54
daroberta,magnitude_FN,f688c56d-7fae-42ef-b7f7-7db207b58d27,3,0
daroberta,magnitude_FN,29ffd053-7684-469b-a600-97000579bd01,1,11
daroberta,magnitude_FN,65cb14cb-2d27-41e5-a2be-6fd6314f4363,1,0
daroberta,magnitude_FN,6e502405-bc90-4416-a787-3122918aa648,1,4
daroberta,magnitude_FN,68748e7f-cf6e-4ac7-8504-454c0876880d,1,16
daroberta,magnitude_FN,2f3e86b6-8443-47bd-9cd3-491c90a59fe9,3,15
daroberta,magnitude_FN,472158a1-4e39-4214-8397-904e66f2b4c5,3,10
daroberta,magnitude_FN,84b3c118-50d2-45a5-a91f-7ed95b5d0143,2,52
daroberta,magnitude_FN,11c9f251-35c8-4452-b052-df9be61464c6,2,9
daroberta,magnitude_FN,7a97de89-1433-46f7-bcc2-f80b041cb9a0,3,10
daroberta,magnitude_FN,2742e9c1-2943-496f-8b23-faf5332e1612,3,20
daroberta,magnitude_FN,2ec04201-2016-4227-baf7-ba8289058203,1,29
daroberta,magnitude_FN,c99adbdd-eaf3-4844-9548-2642e80de4e2,2,29
daroberta,magnitude_FN,1bb79cc1-5d69-4136-a23d-6dbd300cbf25,1,7
daroberta,magnitude_FN,550b80db-bdd5-442b-8f70-c8e9f3203a13,2,8
daroberta,magnitude_FN,b7021938-ff8d-42ea-adec-5704c0b65237,3,7
daroberta,magnitude_FN,c6a0e65c-4f8b-41de-8200-cd700f683c64,3,7
daroberta,magnitude_FN,13792511-5142-449f-8d3e-d77d790f65ec,3,11
daroberta,magnitude_FN,2058ec60-5372-4f5f-83a3-da780be3a350,1,11
daroberta,magnitude_FN,3ae35b16-7f7f-4a5e-9f24-5ce724106a73,1,34
daroberta,magnitude_FN,33521e65-12da-4521-b132-7b606243b0e4,3,7
daroberta,magnitude_FN,005a2961-0c2e-4575-8eec-770ba52a08e0,1,7
daroberta,magnitude_FN,df5fe55a-dfcb-4817-8631-830f47c21a72,1,11
daroberta,magnitude_FN,84678e18-0b79-4570-9c9f-cb1cf88d968e,2,23
daroberta,magnitude_FN,4f473faf-f928-4cfd-8bed-00578be9db9a,2,8
daroberta,magnitude_FN,be026bd1-52b1-4789-bfd3-3632af17b054,3,7
daroberta,magnitude_FN,2b9468af-4ab0-4f25-85f4-c3ef93d72006,3,18
daroberta,magnitude_FN,70c75d68-bf65-46a6-a822-15c23d77a275,1,14
daroberta,magnitude_FN,2ec04201-2016-4227-baf7-ba8289058203,1,4
daroberta,magnitude_FN,c6a0e65c-4f8b-41de-8200-cd700f683c64,2,12
daroberta,magnitude_FN,526cabb7-02a3-4adb-8e90-ec781c40c498,2,13
daroberta,magnitude_FN,8385a996-1afc-4778-a06d-7070a8f19e27,2,2
daroberta,magnitude_FN,06ffda2d-1caf-45ba-99e2-268aac1bf0e1,1,10
daroberta,magnitude_FN,97566c74-e000-49fb-b091-e6ec6e179de0,1,5
daroberta,magnitude_FN,8dac6c12-b5ca-468c-a249-7e0ab42f6b52,1,16
daroberta,magnitude_FN,84b3c118-50d2-45a5-a91f-7ed95b5d0143,2,36
daroberta,magnitude_FN,2742e9c1-2943-496f-8b23-faf5332e1612,1,1
daroberta,magnitude_FN,2a3fde8a-082a-4d8f-9567-f7e8366c0200,1,3
daroberta,magnitude_FN,aab91277-8d56-4844-a581-45630f873f49,1,39
daroberta,magnitude_FN,b5eefefb-2a33-45de-abe1-f855c94165f4,2,28
daroberta,magnitude_FN,2b9468af-4ab0-4f25-85f4-c3ef93d72006,1,9
daroberta,magnitude_FN,2a3fde8a-082a-4d8f-9567-f7e8366c0200,1,29
daroberta,magnitude_FN,45bd61bc-c356-4450-9e3a-cbfc862b09fd,3,9
daroberta,magnitude_FN,1f99798f-2b60-4ecb-b5f4-4aa7991e8ace,1,2
daroberta,magnitude_FN,01c59743-7082-44fc-8414-3c04126f470f,2,2
daroberta,magnitude_FN,d3a1ce0a-fc48-4827-a278-8f0ce8c7a519,1,14
daroberta,magnitude_FN,6b541575-99b1-40d2-8730-9bb868ee38ed,3,14
daroberta,magnitude_FN,8385a996-1afc-4778-a06d-7070a8f19e27,2,11
daroberta,magnitude_FN,eadabee7-3db9-43c4-a485-3e8b1882cd3c,1,3
daroberta,magnitude_FN,b4dbeda7-a1f3-4711-ae77-db23809d1ed2,2,18
daroberta,magnitude_FN,2b9468af-4ab0-4f25-85f4-c3ef93d72006,3,2
daroberta,magnitude_FN,08bb9bee-c167-4c17-9c6d-4a1259231eb7,3,1
daroberta,magnitude_FN,ed8c136f-8d44-4c83-ad05-0dcfc3a0c54a,2,20
daroberta,magnitude_FN,df5fe55a-dfcb-4817-8631-830f47c21a72,1,2
daroberta,magnitude_FN,70c744ad-e950-445c-8a7a-0782b0a7d20b,3,14
daroberta,magnitude_FN,8abec8d9-50a2-480e-969a-157f94954f4d,2,21
daroberta,magnitude_FN,4f473faf-f928-4cfd-8bed-00578be9db9a,3,21
daroberta,magnitude_FN,79bf99c6-6fca-4ce4-8ae1-8771de026142,2,4
daroberta,magnitude_FN,79bf99c6-6fca-4ce4-8ae1-8771de026142,2,36
daroberta,magnitude_FN,8385a996-1afc-4778-a06d-7070a8f19e27,1,5
daroberta,magnitude_FN,9879bbc0-eab3-482f-bf6b-a4b519393986,3,35
daroberta,magnitude_FN,f688c56d-7fae-42ef-b7f7-7db207b58d27,1,6
daroberta,magnitude_FN,f688c56d-7fae-42ef-b7f7-7db207b58d27,2,8
daroberta,magnitude_FN,4f473faf-f928-4cfd-8bed-00578be9db9a,2,3
daroberta,magnitude_FN,7a97de89-1433-46f7-bcc2-f80b041cb9a0,1,23
daroberta,magnitude_FN,2f3e86b6-8443-47bd-9cd3-491c90a59fe9,3,7
daroberta,magnitude_FN,c9e4d35f-aeae-462b-a8bf-e08d09a93b6e,3,21
daroberta,magnitude_FN,08bb9bee-c167-4c17-9c6d-4a1259231eb7,1,7
daroberta,magnitude_FN,1bb79cc1-5d69-4136-a23d-6dbd300cbf25,1,16
daroberta,magnitude_FN,8dc7ccfe-5cf0-482f-9101-a7c69881da4d,1,11
daroberta,magnitude_FN,1b96a5db-8974-46d3-82d7-5dfef02f650e,3,24
daroberta,magnitude_FN,c99adbdd-eaf3-4844-9548-2642e80de4e2,3,16
daroberta,magnitude_FN,d3a1ce0a-fc48-4827-a278-8f0ce8c7a519,2,29
daroberta,magnitude_FN,b7021938-ff8d-42ea-adec-5704c0b65237,2,32
daroberta,magnitude_FN,96b7046f-f584-422f-a626-6f86a26dfd8b,3,15
daroberta,magnitude_FN,ed8c136f-8d44-4c83-ad05-0dcfc3a0c54a,1,26
deberta,magnitude_TP,450755dd-30d3-478b-933e-917be5c384ba,2,14
deberta,magnitude_TP,70c75d68-bf65-46a6-a822-15c23d77a275,3,5
deberta,magnitude_TP,13792511-5142-449f-8d3e-d77d790f65ec,2,12
deberta,magnitude_TP,86e6e27d-1440-4879-8b13-0dd2d89f7281,1,8
deberta,magnitude_TP,96b7046f-f584-422f-a626-6f86a26dfd8b,1,4
deberta,magnitude_TP,59f2f47c-5da0-4fbc-be6e-4f15d45d82e2,2,0
deberta,magnitude_TP,8385a996-1afc-4778-a06d-7070a8f19e27,2,0
deberta,magnitude_TP,38f7cbb7-5d6a-4c89-bcbd-8e164144172a,1,10
deberta,magnitude_TP,13792511-5142-449f-8d3e-d77d790f65ec,2,29
deberta,magnitude_TP,d4a4bc34-e48b-4485-86b2-f1daf4d464dd,3,8
deberta,magnitude_TP,3ae35b16-7f7f-4a5e-9f24-5ce724106a73,2,20
deberta,magnitude_TP,f688c56d-7fae-42ef-b7f7-7db207b58d27,3,11
deberta,magnitude_TP,6f95dcb9-e960-45ac-8c0e-91b85724c909,3,3
deberta,magnitude_TP,550b80db-bdd5-442b-8f70-c8e9f3203a13,1,18
deberta,magnitude_TP,8385a996-1afc-4778-a06d-7070a8f19e27,3,4
deberta,magnitude_TP,6b541575-99b1-40d2-8730-9bb868ee38ed,3,9
deberta,magnitude_TP,b5eefefb-2a33-45de-abe1-f855c94165f4,3,12
deberta,magnitude_TP,86e6e27d-1440-4879-8b13-0dd2d89f7281,1,4
deberta,magnitude_TP,b5eefefb-2a33-45de-abe1-f855c94165f4,3,11
deberta,magnitude_TP,29ffd053-7684-469b-a600-97000579bd01,1,11
deberta,magnitude_TP,d16050b3-979f-4834-90db-b8823691b87e,2,1
deberta,magnitude_TP,59f2f47c-5da0-4fbc-be6e-4f15d45d82e2,3,22
deberta,magnitude_TP,aab91277-8d56-4844-a581-45630f873f49,1,26
deberta,magnitude_TP,33521e65-12da-4521-b132-7b606243b0e4,2,22
deberta,magnitude_TP,47a209b0-fc26-4a0a-a1fe-e4310d1d2419,1,7
deberta,magnitude_TP,df5fe55a-dfcb-4817-8631-830f47c21a72,3,1
deberta,magnitude_TP,a28a0329-0887-42dc-bd3d-3bb4f8926757,3,16
deberta,magnitude_TP,65cb14cb-2d27-41e5-a2be-6fd6314f4363,2,28
deberta,magnitude_TP,87609973-bd58-42a5-96e2-ee5aa47433f5,1,1
deberta,magnitude_TP,2ec04201-2016-4227-baf7-ba8289058203,1,5
deberta,magnitude_TP,2f3e86b6-8443-47bd-9cd3-491c90a59fe9,3,0
deberta,magnitude_TP,b7021938-ff8d-42ea-adec-5704c0b65237,3,11
deberta,magnitude_TP,76810849-0335-4ad3-9eaf-f0d9c5baceb6,1,13
deberta,magnitude_TP,450755dd-30d3-478b-933e-917be5c384ba,3,11
deberta,magnitude_TP,47a209b0-fc26-4a0a-a1fe-e4310d1d2419,3,30
deberta,magnitude_TP,b5eefefb-2a33-45de-abe1-f855c94165f4,2,4
deberta,magnitude_TP,13792511-5142-449f-8d3e-d77d790f65ec,1,5
deberta,magnitude_TP,af4a3f41-eeb5-49fa-a276-e97c230b25f0,3,10
deberta,magnitude_TP,2f3e86b6-8443-47bd-9cd3-491c90a59fe9,1,2
deberta,magnitude_TP,0c78e748-efbf-417c-a8c1-beeb6480147f,3,3
deberta,magnitude_TP,0ffb34cd-c367-4d90-aca7-7fcac3ed8f3d,3,9
deberta,magnitude_TP,96b7046f-f584-422f-a626-6f86a26dfd8b,1,8
deberta,magnitude_TP,7a97de89-1433-46f7-bcc2-f80b041cb9a0,2,24
deberta,magnitude_TP,29ffd053-7684-469b-a600-97000579bd01,1,4
deberta,magnitude_TP,97b1305c-13ca-4b74-a56a-f459bd79dfaf,2,5
deberta,magnitude_TP,ccf19ab6-7878-4378-b99c-2b08cc21371f,2,17
deberta,magnitude_TP,8abec8d9-50a2-480e-969a-157f94954f4d,2,25
deberta,magnitude_TP,6b541575-99b1-40d2-8730-9bb868ee38ed,3,24
deberta,magnitude_TP,b4dbeda7-a1f3-4711-ae77-db23809d1ed2,1,8
deberta,magnitude_TP,b4dbeda7-a1f3-4711-ae77-db23809d1ed2,3,1
deberta,magnitude_TP,d4a4bc34-e48b-4485-86b2-f1daf4d464dd,3,13
deberta,magnitude_TP,87609973-bd58-42a5-96e2-ee5aa47433f5,3,2
deberta,magnitude_TP,3db93526-a344-4ea4-8772-3734d0cfdfb1,1,9
deberta,magnitude_TP,ae243a95-b2c2-410c-9e2b-b083b4b8eb48,2,12
deberta,magnitude_TP,2b95d2cf-e979-4f9c-ae27-9a5370934f23,3,20
deberta,magnitude_TP,aab91277-8d56-4844-a581-45630f873f49,1,25
deberta,magnitude_TP,72fa9b13-4e59-4716-8df9-4c3580e7dddf,1,20
deberta,magnitude_TP,47a209b0-fc26-4a0a-a1fe-e4310d1d2419,1,0
deberta,magnitude_TP,ee05c9b3-529c-4268-ad72-19bd34f7197e,1,0
deberta,magnitude_TP,472158a1-4e39-4214-8397-904e66f2b4c5,1,4
deberta,magnitude_TP,ee05c9b3-529c-4268-ad72-19bd34f7197e,3,6
deberta,magnitude_TP,a4edca3f-931f-4785-8c3f-f3d8fa84cbec,1,4
deberta,magnitude_TP,c21cb217-3e2c-49bd-884d-5c74a165ef10,1,0
deberta,magnitude_TP,3ae35b16-7f7f-4a5e-9f24-5ce724106a73,1,27
deberta,magnitude_TP,8abec8d9-50a2-480e-969a-157f94954f4d,3,7
deberta,magnitude_TP,1ed4f378-b9d4-43b8-8d50-53d0cc063332,2,16
deberta,magnitude_TP,ae243a95-b2c2-410c-9e2b-b083b4b8eb48,2,11
deberta,magnitude_TP,86e6e27d-1440-4879-8b13-0dd2d89f7281,1,16
deberta,magnitude_TP,11c9f251-35c8-4452-b052-df9be61464c6,2,1
deberta,magnitude_TP,84b3c118-50d2-45a5-a91f-7ed95b5d0143,2,52
deberta,magnitude_TP,a28a0329-0887-42dc-bd3d-3bb4f8926757,2,7
deberta,magnitude_TP,47a209b0-fc26-4a0a-a1fe-e4310d1d2419,1,4
deberta,magnitude_TP,65cb14cb-2d27-41e5-a2be-6fd6314f4363,2,16
deberta,magnitude_TP,b4dbeda7-a1f3-4711-ae77-db23809d1ed2,1,15
deberta,magnitude_TP,0d10341a-9dba-4374-a524-814c300d1611,3,18
deberta,magnitude_TP,2a3fde8a-082a-4d8f-9567-f7e8366c0200,1,13
deberta,magnitude_TP,df5fe55a-dfcb-4817-8631-830f47c21a72,2,26
deberta,magnitude_TP,6f95dcb9-e960-45ac-8c0e-91b85724c909,3,24
deberta,magnitude_TP,70c75d68-bf65-46a6-a822-15c23d77a275,2,28
deberta,magnitude_TP,c6a0e65c-4f8b-41de-8200-cd700f683c64,2,19
deberta,magnitude_TP,96b7046f-f584-422f-a626-6f86a26dfd8b,3,8
deberta,magnitude_TP,f688c56d-7fae-42ef-b7f7-7db207b58d27,3,16
deberta,magnitude_TP,86e6e27d-1440-4879-8b13-0dd2d89f7281,1,2
deberta,magnitude_TP,13792511-5142-449f-8d3e-d77d790f65ec,3,9
deberta,magnitude_TP,b5eefefb-2a33-45de-abe1-f855c94165f4,1,0
deberta,magnitude_TP,472158a1-4e39-4214-8397-904e66f2b4c5,3,6
deberta,magnitude_TP,b5eefefb-2a33-45de-abe1-f855c94165f4,3,2
deberta,magnitude_TP,3ae35b16-7f7f-4a5e-9f24-5ce724106a73,3,13
deberta,magnitude_TP,ad409798-ee94-4436-92c5-92669193be14,2,17
deberta,magnitude_TP,2ec04201-2016-4227-baf7-ba8289058203,3,24
deberta,magnitude_TP,472158a1-4e39-4214-8397-904e66f2b4c5,1,0
deberta,magnitude_TP,2ec04201-2016-4227-baf7-ba8289058203,3,3
deberta,magnitude_TP,aab91277-8d56-4844-a581-45630f873f49,1,11
deberta,magnitude_TP,86e6e27d-1440-4879-8b13-0dd2d89f7281,1,1
deberta,magnitude_TP,97566c74-e000-49fb-b091-e6ec6e179de0,1,1
deberta,magnitude_TP,6f95dcb9-e960-45ac-8c0e-91b85724c909,3,1
deberta,magnitude_TP,b5eefefb-2a33-45de-abe1-f855c94165f4,3,14
deberta,magnitude_TP,c6a0e65c-4f8b-41de-8200-cd700f683c64,1,18
deberta,magnitude_TP,33521e65-12da-4521-b132-7b606243b0e4,3,4
deberta,magnitude_TP,8abec8d9-50a2-480e-969a-157f94954f4d,1,5
deberta,magnitude_FP,2742e9c1-2943-496f-8b23-faf5332e1612,1,21
deberta,magnitude_FP,576116e5-2b18-4d35-be73-36f5863c9468,1,8
deberta,magnitude_FP,2b95d2cf-e979-4f9c-ae27-9a5370934f23,3,21
deberta,magnitude_FP,e71d149d-0426-43f0-87e8-8c611dad7205,2,13
deberta,magnitude_FP,79bf99c6-6fca-4ce4-8ae1-8771de026142,3,23
deberta,magnitude_FP,2ec04201-2016-4227-baf7-ba8289058203,3,25
deberta,magnitude_FP,08bb9bee-c167-4c17-9c6d-4a1259231eb7,3,10
deberta,magnitude_FP,af4a3f41-eeb5-49fa-a276-e97c230b25f0,3,28
deberta,magnitude_FP,550b80db-bdd5-442b-8f70-c8e9f3203a13,2,17
deberta,magnitude_FP,3db93526-a344-4ea4-8772-3734d0cfdfb1,1,14
deberta,magnitude_FP,2f3e86b6-8443-47bd-9cd3-491c90a59fe9,1,17
deberta,magnitude_FP,b5eefefb-2a33-45de-abe1-f855c94165f4,3,13
deberta,magnitude_FP,1e41e98b-9ac1-441d-b2c2-19d8f730c74a,2,14
deberta,magnitude_FP,13792511-5142-449f-8d3e-d77d790f65ec,1,0
deberta,magnitude_FP,6f95dcb9-e960-45ac-8c0e-91b85724c909,3,5
deberta,magnitude_FP,ae243a95-b2c2-410c-9e2b-b083b4b8eb48,1,1
deberta,magnitude_FP,f688c56d-7fae-42ef-b7f7-7db207b58d27,3,30
deberta,magnitude_FP,f11c2566-848a-4e29-b8c5-4de0a81114e4,3,7
deberta,magnitude_FP,47a209b0-fc26-4a0a-a1fe-e4310d1d2419,3,4
deberta,magnitude_FP,472158a1-4e39-4214-8397-904e66f2b4c5,3,11
deberta,magnitude_FP,1ed4f378-b9d4-43b8-8d50-53d0cc063332,2,8
deberta,magnitude_FP,9879bbc0-eab3-482f-bf6b-a4b519393986,3,40
deberta,magnitude_FP,85475456-f38e-4c30-895d-ca2c819c6af1,2,5
deberta,magnitude_FP,87609973-bd58-42a5-96e2-ee5aa47433f5,1,3
deberta,magnitude_FP,59f2f47c-5da0-4fbc-be6e-4f15d45d82e2,3,10
deberta,magnitude_FP,6f95dcb9-e960-45ac-8c0e-91b85724c909,3,26
deberta,magnitude_FP,df5fe55a-dfcb-4817-8631-830f47c21a72,3,11
deberta,magnitude_FP,65cb14cb-2d27-41e5-a2be-6fd6314f4363,2,7
deberta,magnitude_FP,d16050b3-979f-4834-90db-b8823691b87e,3,0
deberta,magnitude_FP,1b96a5db-8974-46d3-82d7-5dfef02f650e,3,7
deberta,magnitude_FP,1f99798f-2b60-4ecb-b5f4-4aa7991e8ace,3,15
deberta,magnitude_FP,86e6e27d-1440-4879-8b13-0dd2d89f7281,3,12
deberta,magnitude_FP,47a209b0-fc26-4a0a-a1fe-e4310d1d2419,3,34
deberta,magnitude_FP,9879bbc0-eab3-482f-bf6b-a4b519393986,3,23
deberta,magnitude_FP,79bf99c6-6fca-4ce4-8ae1-8771de026142,2,13
deberta,magnitude_FP,526cabb7-02a3-4adb-8e90-ec781c40c498,1,0
deberta,magnitude_FP,8385a996-1afc-4778-a06d-7070a8f19e27,2,12
deberta,magnitude_FP,1ed4f378-b9d4-43b8-8d50-53d0cc063332,1,6
deberta,magnitude_FP,01c59743-7082-44fc-8414-3c04126f470f,1,25
deberta,magnitude_FP,59f2f47c-5da0-4fbc-be6e-4f15d45d82e2,3,0
deberta,magnitude_FP,6f95dcb9-e960-45ac-8c0e-91b85724c909,3,10
deberta,magnitude_FP,8abec8d9-50a2-480e-969a-157f94954f4d,2,19
deberta,magnitude_FP,1e41e98b-9ac1-441d-b2c2-19d8f730c74a,2,11
deberta,magnitude_FP,6f95dcb9-e960-45ac-8c0e-91b85724c909,2,0
deberta,magnitude_FP,76810849-0335-4ad3-9eaf-f0d9c5baceb6,1,0
deberta,magnitude_FP,6b541575-99b1-40d2-8730-9bb868ee38ed,3,2
deberta,magnitude_FP,b4dbeda7-a1f3-4711-ae77-db23809d1ed2,3,5
deberta,magnitude_FP,b5eefefb-2a33-45de-abe1-f855c94165f4,2,48
deberta,magnitude_FP,3db93526-a344-4ea4-8772-3734d0cfdfb1,1,0
deberta,magnitude_FP,d16050b3-979f-4834-90db-b8823691b87e,1,32
deberta,magnitude_FP,b4dbeda7-a1f3-4711-ae77-db23809d1ed2,3,0
deberta,magnitude_FP,87609973-bd58-42a5-96e2-ee5aa47433f5,2,0
deberta,magnitude_FP,ad409798-ee94-4436-92c5-92669193be14,3,2
deberta,magnitude_FP,58f414e5-a122-49f5-819e-512d91069da5,2,48
deberta,magnitude_FP,f688c56d-7fae-42ef-b7f7-7db207b58d27,3,12
deberta,magnitude_FP,7a97de89-1433-46f7-bcc2-f80b041cb9a0,2,25
deberta,magnitude_FP,550b80db-bdd5-442b-8f70-c8e9f3203a13,1,14
deberta,magnitude_FP,08bb9bee-c167-4c17-9c6d-4a1259231eb7,2,17
deberta,magnitude_FP,2058ec60-5372-4f5f-83a3-da780be3a350,2,6
deberta,magnitude_FP,526cabb7-02a3-4adb-8e90-ec781c40c498,1,27
deberta,magnitude_FP,b5eefefb-2a33-45de-abe1-f855c94165f4,3,28
deberta,magnitude_FP,3db93526-a344-4ea4-8772-3734d0cfdfb1,1,1
deberta,magnitude_FP,70c75d68-bf65-46a6-a822-15c23d77a275,1,26
deberta,magnitude_FP,2b95d2cf-e979-4f9c-ae27-9a5370934f23,3,9
deberta,magnitude_FP,96b7046f-f584-422f-a626-6f86a26dfd8b,1,6
deberta,magnitude_FP,1e41e98b-9ac1-441d-b2c2-19d8f730c74a,2,38
deberta,magnitude_FP,79bf99c6-6fca-4ce4-8ae1-8771de026142,3,8
deberta,magnitude_FP,06ffda2d-1caf-45ba-99e2-268aac1bf0e1,2,0
deberta,magnitude_FP,70c75d68-bf65-46a6-a822-15c23d77a275,1,20
deberta,magnitude_FP,dd1e6e3b-f36c-4064-8ef9-940984e9afa2,1,26
deberta,magnitude_FP,2f3e86b6-8443-47bd-9cd3-491c90a59fe9,2,1
deberta,magnitude_FP,a28a0329-0887-42dc-bd3d-3bb4f8926757,1,1
deberta,magnitude_FP,b5eefefb-2a33-45de-abe1-f855c94165f4,2,54
deberta,magnitude_FP,47a209b0-fc26-4a0a-a1fe-e4310d1d2419,3,7
deberta,magnitude_FP,08bb9bee-c167-4c17-9c6d-4a1259231eb7,3,11
deberta,magnitude_FP,cad4bba5-cf97-45cb-8059-ebeb47dcec7a,3,21
deberta,magnitude_FP,542cd22c-ea80-4669-995b-6ac6a33823f7,2,7
deberta,magnitude_FP,c99adbdd-eaf3-4844-9548-2642e80de4e2,3,2
deberta,magnitude_FP,6f95dcb9-e960-45ac-8c0e-91b85724c909,1,0
deberta,magnitude_FP,b7021938-ff8d-42ea-adec-5704c0b65237,2,35
deberta,magnitude_FP,1b96a5db-8974-46d3-82d7-5dfef02f650e,2,19
deberta,magnitude_FP,9879bbc0-eab3-482f-bf6b-a4b519393986,1,10
deberta,magnitude_FP,01c59743-7082-44fc-8414-3c04126f470f,2,22
deberta,magnitude_FP,ad409798-ee94-4436-92c5-92669193be14,1,14
deberta,magnitude_FP,13792511-5142-449f-8d3e-d77d790f65ec,2,31
deberta,magnitude_FP,9879bbc0-eab3-482f-bf6b-a4b519393986,3,0
deberta,magnitude_FP,59f2f47c-5da0-4fbc-be6e-4f15d45d82e2,1,8
deberta,magnitude_FP,0d10341a-9dba-4374-a524-814c300d1611,3,26
deberta,magnitude_FP,a28a0329-0887-42dc-bd3d-3bb4f8926757,3,34
deberta,magnitude_FP,c21cb217-3e2c-49bd-884d-5c74a165ef10,3,12
deberta,magnitude_FP,11c9f251-35c8-4452-b052-df9be61464c6,2,0
deberta,magnitude_FP,76810849-0335-4ad3-9eaf-f0d9c5baceb6,1,4
deberta,magnitude_FP,47a209b0-fc26-4a0a-a1fe-e4310d1d2419,3,8
deberta,magnitude_FP,ad409798-ee94-4436-92c5-92669193be14,3,6
deberta,magnitude_FP,1ed4f378-b9d4-43b8-8d50-53d0cc063332,1,1
deberta,magnitude_FP,550b80db-bdd5-442b-8f70-c8e9f3203a13,2,19
deberta,magnitude_FP,b5eefefb-2a33-45de-abe1-f855c94165f4,2,49
deberta,magnitude_FP,b5eefefb-2a33-45de-abe1-f855c94165f4,2,20
deberta,magnitude_FP,06ffda2d-1caf-45ba-99e2-268aac1bf0e1,3,9
deberta,magnitude_FP,d16050b3-979f-4834-90db-b8823691b87e,3,1
deberta,magnitude_TN,005a2961-0c2e-4575-8eec-770ba52a08e0,2,13
deberta,magnitude_TN,dd1e6e3b-f36c-4064-8ef9-940984e9afa2,1,0
deberta,magnitude_TN,11c9f251-35c8-4452-b052-df9be61464c6,2,10
deberta,magnitude_TN,c9e4d35f-aeae-462b-a8bf-e08d09a93b6e,2,23
deberta,magnitude_TN,7f9c83f7-3efa-4c7a-adef-3ebdeda96042,1,12
deberta,magnitude_TN,38f7cbb7-5d6a-4c89-bcbd-8e164144172a,2,25
deberta,magnitude_TN,70c75d68-bf65-46a6-a822-15c23d77a275,2,38
deberta,magnitude_TN,ad409798-ee94-4436-92c5-92669193be14,2,2
deberta,magnitude_TN,c99adbdd-eaf3-4844-9548-2642e80de4e2,2,28
deberta,magnitude_TN,f506aafc-8b43-427a-936e-bbd1ef33e076,3,2
deberta,magnitude_TN,2b95d2cf-e979-4f9c-ae27-9a5370934f23,2,7
deberta,magnitude_TN,a4f1d515-d7d9-4319-b2e0-4d56e9d45554,3,9
deberta,magnitude_TN,01c59743-7082-44fc-8414-3c04126f470f,2,5
deberta,magnitude_TN,aab91277-8d56-4844-a581-45630f873f49,2,0
deberta,magnitude_TN,45bd61bc-c356-4450-9e3a-cbfc862b09fd,1,3
deberta,magnitude_TN,7f9c83f7-3efa-4c7a-adef-3ebdeda96042,3,4
deberta,magnitude_TN,2b95d2cf-e979-4f9c-ae27-9a5370934f23,1,21
deberta,magnitude_TN,f506aafc-8b43-427a-936e-bbd1ef33e076,2,6
deberta,magnitude_TN,76810849-0335-4ad3-9eaf-f0d9c5baceb6,1,16
deberta,magnitude_TN,2ec04201-2016-4227-baf7-ba8289058203,3,48
deberta,magnitude_TN,2058ec60-5372-4f5f-83a3-da780be3a350,1,3
deberta,magnitude_TN,450755dd-30d3-478b-933e-917be5c384ba,2,8
deberta,magnitude_TN,72fa9b13-4e59-4716-8df9-4c3580e7dddf,2,6
deberta,magnitude_TN,58ed2376-35a0-453a-a08e-5cd87e3bdea5,1,13
deberta,magnitude_TN,ed8c136f-8d44-4c83-ad05-0dcfc3a0c54a,2,23
deberta,magnitude_TN,4f473faf-f928-4cfd-8bed-00578be9db9a,3,14
deberta,magnitude_TN,cad4bba5-cf97-45cb-8059-ebeb47dcec7a,3,29
deberta,magnitude_TN,85475456-f38e-4c30-895d-ca2c819c6af1,1,34
deberta,magnitude_TN,aab91277-8d56-4844-a581-45630f873f49,1,46
deberta,magnitude_TN,cad4bba5-cf97-45cb-8059-ebeb47dcec7a,1,6
deberta,magnitude_TN,2a3fde8a-082a-4d8f-9567-f7e8366c0200,1,9
deberta,magnitude_TN,85475456-f38e-4c30-895d-ca2c819c6af1,2,10
deberta,magnitude_TN,2058ec60-5372-4f5f-83a3-da780be3a350,3,12
deberta,magnitude_TN,f506aafc-8b43-427a-936e-bbd1ef33e076,3,14
deberta,magnitude_TN,2a3fde8a-082a-4d8f-9567-f7e8366c0200,2,7
deberta,magnitude_TN,58f414e5-a122-49f5-819e-512d91069da5,3,43
deberta,magnitude_TN,be026bd1-52b1-4789-bfd3-3632af17b054,3,5
deberta,magnitude_TN,59f2f47c-5da0-4fbc-be6e-4f15d45d82e2,1,11
deberta,magnitude_TN,8abec8d9-50a2-480e-969a-157f94954f4d,3,2
deberta,magnitude_TN,84678e18-0b79-4570-9c9f-cb1cf88d968e,2,17
deberta,magnitude_TN,84678e18-0b79-4570-9c9f-cb1cf88d968e,2,15
deberta,magnitude_TN,450755dd-30d3-478b-933e-917be5c384ba,2,12
deberta,magnitude_TN,aab91277-8d56-4844-a581-45630f873f49,1,28
deberta,magnitude_TN,76810849-0335-4ad3-9eaf-f0d9c5baceb6,3,18
deberta,magnitude_TN,2153fb3e-6b09-410c-bfea-d095c49a54ba,3,14
deberta,magnitude_TN,eb17fa36-89f2-4d0b-8133-7bb4682228e1,1,5
deberta,magnitude_TN,2b9468af-4ab0-4f25-85f4-c3ef93d72006,1,6
deberta,magnitude_TN,2153fb3e-6b09-410c-bfea-d095c49a54ba,2,17
deberta,magnitude_TN,f11c2566-848a-4e29-b8c5-4de0a81114e4,3,11
deberta,magnitude_TN,70c75d68-bf65-46a6-a822-15c23d77a275,1,18
deberta,magnitude_TN,a4edca3f-931f-4785-8c3f-f3d8fa84cbec,2,22
deberta,magnitude_TN,ccf19ab6-7878-4378-b99c-2b08cc21371f,3,16
deberta,magnitude_TN,6b541575-99b1-40d2-8730-9bb868ee38ed,3,7
deberta,magnitude_TN,8385a996-1afc-4778-a06d-7070a8f19e27,3,21
deberta,magnitude_TN,2153fb3e-6b09-410c-bfea-d095c49a54ba,2,4
deberta,magnitude_TN,c99adbdd-eaf3-4844-9548-2642e80de4e2,1,32
deberta,magnitude_TN,58f414e5-a122-49f5-819e-512d91069da5,2,45
deberta,magnitude_TN,70c75d68-bf65-46a6-a822-15c23d77a275,1,13
deberta,magnitude_TN,a4f1d515-d7d9-4319-b2e0-4d56e9d45554,3,3
deberta,magnitude_TN,c99adbdd-eaf3-4844-9548-2642e80de4e2,2,4
deberta,magnitude_TN,7f9c83f7-3efa-4c7a-adef-3ebdeda96042,2,3
deberta,magnitude_TN,01c59743-7082-44fc-8414-3c04126f470f,1,18
deberta,magnitude_TN,2ec04201-2016-4227-baf7-ba8289058203,3,42
deberta,magnitude_TN,01c59743-7082-44fc-8414-3c04126f470f,2,30
deberta,magnitude_TN,8dac6c12-b5ca-468c-a249-7e0ab42f6b52,1,24
deberta,magnitude_TN,a4edca3f-931f-4785-8c3f-f3d8fa84cbec,2,19
deberta,magnitude_TN,1e41e98b-9ac1-441d-b2c2-19d8f730c74a,1,4
deberta,magnitude_TN,e71d149d-0426-43f0-87e8-8c611dad7205,2,1
deberta,magnitude_TN,1f99798f-2b60-4ecb-b5f4-4aa7991e8ace,3,20
deberta,magnitude_TN,58f414e5-a122-49f5-819e-512d91069da5,3,52
deberta,magnitude_TN,2a3fde8a-082a-4d8f-9567-f7e8366c0200,2,15
deberta,magnitude_TN,d16050b3-979f-4834-90db-b8823691b87e,1,13
deberta,magnitude_TN,df5fe55a-dfcb-4817-8631-830f47c21a72,1,10
deberta,magnitude_TN,b5eefefb-2a33-45de-abe1-f855c94165f4,1,41
deberta,magnitude_TN,6f95dcb9-e960-45ac-8c0e-91b85724c909,2,6
deberta,magnitude_TN,1f99798f-2b60-4ecb-b5f4-4aa7991e8ace,2,12
deberta,magnitude_TN,450755dd-30d3-478b-933e-917be5c384ba,1,4
deberta,magnitude_TN,74708dbf-5dfc-4c66-8419-d7dbc00e4a06,1,11
deberta,magnitude_TN,2058ec60-5372-4f5f-83a3-da780be3a350,1,14
deberta,magnitude_TN,13792511-5142-449f-8d3e-d77d790f65ec,2,40
deberta,magnitude_TN,8dac6c12-b5ca-468c-a249-7e0ab42f6b52,2,19
deberta,magnitude_TN,76810849-0335-4ad3-9eaf-f0d9c5baceb6,3,16
deberta,magnitude_TN,2a3fde8a-082a-4d8f-9567-f7e8366c0200,2,26
deberta,magnitude_TN,87609973-bd58-42a5-96e2-ee5aa47433f5,3,4
deberta,magnitude_TN,0d10341a-9dba-4374-a524-814c300d1611,2,38
deberta,magnitude_TN,526cabb7-02a3-4adb-8e90-ec781c40c498,1,5
deberta,magnitude_TN,a4f1d515-d7d9-4319-b2e0-4d56e9d45554,1,25
deberta,magnitude_TN,df6a55fb-dfe5-4362-89a6-8c040d648a70,3,0
deberta,magnitude_TN,06ffda2d-1caf-45ba-99e2-268aac1bf0e1,3,3
deberta,magnitude_TN,2a3fde8a-082a-4d8f-9567-f7e8366c0200,1,32
deberta,magnitude_TN,1ed4f378-b9d4-43b8-8d50-53d0cc063332,2,13
deberta,magnitude_TN,58f414e5-a122-49f5-819e-512d91069da5,1,33
deberta,magnitude_TN,8abec8d9-50a2-480e-969a-157f94954f4d,3,12
deberta,magnitude_TN,ed8c136f-8d44-4c83-ad05-0dcfc3a0c54a,1,22
deberta,magnitude_TN,3ae35b16-7f7f-4a5e-9f24-5ce724106a73,1,8
deberta,magnitude_TN,84b3c118-50d2-45a5-a91f-7ed95b5d0143,2,32
deberta,magnitude_TN,2a3fde8a-082a-4d8f-9567-f7e8366c0200,1,23
deberta,magnitude_TN,38f7cbb7-5d6a-4c89-bcbd-8e164144172a,1,5
deberta,magnitude_TN,58f414e5-a122-49f5-819e-512d91069da5,3,36
deberta,magnitude_TN,2058ec60-5372-4f5f-83a3-da780be3a350,3,31
deberta,magnitude_FN,2b9468af-4ab0-4f25-85f4-c3ef93d72006,1,8
deberta,magnitude_FN,d4a4bc34-e48b-4485-86b2-f1daf4d464dd,2,13
deberta,magnitude_FN,a4edca3f-931f-4785-8c3f-f3d8fa84cbec,2,14
deberta,magnitude_FN,33521e65-12da-4521-b132-7b606243b0e4,2,0
deberta,magnitude_FN,2ec04201-2016-4227-baf7-ba8289058203,3,5
deberta,magnitude_FN,96b7046f-f584-422f-a626-6f86a26dfd8b,3,0
deberta,magnitude_FN,2f3e86b6-8443-47bd-9cd3-491c90a59fe9,2,10
deberta,magnitude_FN,a28a0329-0887-42dc-bd3d-3bb4f8926757,1,4
deberta,magnitude_FN,526cabb7-02a3-4adb-8e90-ec781c40c498,2,8
deberta,magnitude_FN,7a97de89-1433-46f7-bcc2-f80b041cb9a0,1,21
deberta,magnitude_FN,84b3c118-50d2-45a5-a91f-7ed95b5d0143,3,2
deberta,magnitude_FN,70c744ad-e950-445c-8a7a-0782b0a7d20b,2,11
deberta,magnitude_FN,2f3e86b6-8443-47bd-9cd3-491c90a59fe9,1,3
deberta,magnitude_FN,aab91277-8d56-4844-a581-45630f873f49,2,26
deberta,magnitude_FN,f688c56d-7fae-42ef-b7f7-7db207b58d27,2,28
deberta,magnitude_FN,2742e9c1-2943-496f-8b23-faf5332e1612,3,28
deberta,magnitude_FN,c21cb217-3e2c-49bd-884d-5c74a165ef10,2,29
deberta,magnitude_FN,ad409798-ee94-4436-92c5-92669193be14,2,8
deberta,magnitude_FN,af4a3f41-eeb5-49fa-a276-e97c230b25f0,1,15
deberta,magnitude_FN,79bf99c6-6fca-4ce4-8ae1-8771de026142,3,19
deberta,magnitude_FN,b5eefefb-2a33-45de-abe1-f855c94165f4,2,33
deberta,magnitude_FN,f688c56d-7fae-42ef-b7f7-7db207b58d27,3,8
deberta,magnitude_FN,6f95dcb9-e960-45ac-8c0e-91b85724c909,3,2
deberta,magnitude_FN,4f473faf-f928-4cfd-8bed-00578be9db9a,3,11
deberta,magnitude_FN,84678e18-0b79-4570-9c9f-cb1cf88d968e,2,6
deberta,magnitude_FN,2a3fde8a-082a-4d8f-9567-f7e8366c0200,1,15
deberta,magnitude_FN,542cd22c-ea80-4669-995b-6ac6a33823f7,3,13
deberta,magnitude_FN,2b9468af-4ab0-4f25-85f4-c3ef93d72006,3,12
deberta,magnitude_FN,1bb79cc1-5d69-4136-a23d-6dbd300cbf25,2,4
deberta,magnitude_FN,1bb79cc1-5d69-4136-a23d-6dbd300cbf25,3,19
deberta,magnitude_FN,1bb79cc1-5d69-4136-a23d-6dbd300cbf25,1,2
deberta,magnitude_FN,472158a1-4e39-4214-8397-904e66f2b4c5,2,5
deberta,magnitude_FN,97566c74-e000-49fb-b091-e6ec6e179de0,2,5
deberta,magnitude_FN,550b80db-bdd5-442b-8f70-c8e9f3203a13,1,16
deberta,magnitude_FN,68748e7f-cf6e-4ac7-8504-454c0876880d,2,3
deberta,magnitude_FN,8abec8d9-50a2-480e-969a-157f94954f4d,3,18
deberta,magnitude_FN,d16050b3-979f-4834-90db-b8823691b87e,2,5
deberta,magnitude_FN,06ffda2d-1caf-45ba-99e2-268aac1bf0e1,2,6
deberta,magnitude_FN,4f473faf-f928-4cfd-8bed-00578be9db9a,1,28
deberta,magnitude_FN,7a97de89-1433-46f7-bcc2-f80b041cb9a0,3,16
deberta,magnitude_FN,b5eefefb-2a33-45de-abe1-f855c94165f4,1,27
deberta,magnitude_FN,3db93526-a344-4ea4-8772-3734d0cfdfb1,3,8
deberta,magnitude_FN,c6a0e65c-4f8b-41de-8200-cd700f683c64,3,7
deberta,magnitude_FN,b7021938-ff8d-42ea-adec-5704c0b65237,2,7
deberta,magnitude_FN,472158a1-4e39-4214-8397-904e66f2b4c5,1,9
deberta,magnitude_FN,1e41e98b-9ac1-441d-b2c2-19d8f730c74a,1,22
deberta,magnitude_FN,47a209b0-fc26-4a0a-a1fe-e4310d1d2419,2,33
deberta,magnitude_FN,2a3fde8a-082a-4d8f-9567-f7e8366c0200,2,47
deberta,magnitude_FN,6f95dcb9-e960-45ac-8c0e-91b85724c909,1,18
deberta,magnitude_FN,0d10341a-9dba-4374-a524-814c300d1611,2,14
deberta,magnitude_FN,b5eefefb-2a33-45de-abe1-f855c94165f4,3,17
deberta,magnitude_FN,eb17fa36-89f2-4d0b-8133-7bb4682228e1,1,14
deberta,magnitude_FN,1bb79cc1-5d69-4136-a23d-6dbd300cbf25,1,35
deberta,magnitude_FN,550b80db-bdd5-442b-8f70-c8e9f3203a13,2,18
deberta,magnitude_FN,d1344998-0e7c-409e-aaad-df5be687fc94,2,0
deberta,magnitude_FN,be026bd1-52b1-4789-bfd3-3632af17b054,3,1
deberta,magnitude_FN,7a97de89-1433-46f7-bcc2-f80b041cb9a0,3,15
deberta,magnitude_FN,01c59743-7082-44fc-8414-3c04126f470f,3,2
deberta,magnitude_FN,c21cb217-3e2c-49bd-884d-5c74a165ef10,2,18
deberta,magnitude_FN,be026bd1-52b1-4789-bfd3-3632af17b054,2,4
deberta,magnitude_FN,08bb9bee-c167-4c17-9c6d-4a1259231eb7,2,11
deberta,magnitude_FN,38f7cbb7-5d6a-4c89-bcbd-8e164144172a,3,25
deberta,magnitude_FN,86e6e27d-1440-4879-8b13-0dd2d89f7281,3,13
deberta,magnitude_FN,86e6e27d-1440-4879-8b13-0dd2d89f7281,2,21
deberta,magnitude_FN,8dac6c12-b5ca-468c-a249-7e0ab42f6b52,1,16
deberta,magnitude_FN,b7021938-ff8d-42ea-adec-5704c0b65237,2,25
deberta,magnitude_FN,f688c56d-7fae-42ef-b7f7-7db207b58d27,2,19
deberta,magnitude_FN,aab91277-8d56-4844-a581-45630f873f49,2,2
deberta,magnitude_FN,f688c56d-7fae-42ef-b7f7-7db207b58d27,3,28
deberta,magnitude_FN,33521e65-12da-4521-b132-7b606243b0e4,1,10
deberta,magnitude_FN,8385a996-1afc-4778-a06d-7070a8f19e27,3,22
deberta,magnitude_FN,4f473faf-f928-4cfd-8bed-00578be9db9a,3,2
deberta,magnitude_FN,58f414e5-a122-49f5-819e-512d91069da5,2,26
deberta,magnitude_FN,7f9c83f7-3efa-4c7a-adef-3ebdeda96042,1,25
deberta,magnitude_FN,526cabb7-02a3-4adb-8e90-ec781c40c498,3,16
deberta,magnitude_FN,550b80db-bdd5-442b-8f70-c8e9f3203a13,1,5
deberta,magnitude_FN,01c59743-7082-44fc-8414-3c04126f470f,2,14
deberta,magnitude_FN,b7021938-ff8d-42ea-adec-5704c0b65237,2,16
deberta,magnitude_FN,1b96a5db-8974-46d3-82d7-5dfef02f650e,2,31
deberta,magnitude_FN,11c9f251-35c8-4452-b052-df9be61464c6,3,10
deberta,magnitude_FN,eb17fa36-89f2-4d0b-8133-7bb4682228e1,2,0
deberta,magnitude_FN,72fa9b13-4e59-4716-8df9-4c3580e7dddf,3,19
deberta,magnitude_FN,96b7046f-f584-422f-a626-6f86a26dfd8b,1,1
deberta,magnitude_FN,d16050b3-979f-4834-90db-b8823691b87e,1,9
deberta,magnitude_FN,b764f81f-6d08-4d7c-b1a8-8961bed0a455,1,17
deberta,magnitude_FN,1ed4f378-b9d4-43b8-8d50-53d0cc063332,2,28
deberta,magnitude_FN,c99adbdd-eaf3-4844-9548-2642e80de4e2,2,29
deberta,magnitude_FN,33521e65-12da-4521-b132-7b606243b0e4,1,5
deberta,magnitude_FN,df5fe55a-dfcb-4817-8631-830f47c21a72,1,22
deberta,magnitude_FN,33521e65-12da-4521-b132-7b606243b0e4,3,7
deberta,magnitude_FN,be026bd1-52b1-4789-bfd3-3632af17b054,3,7
deberta,magnitude_FN,1e41e98b-9ac1-441d-b2c2-19d8f730c74a,3,0
deberta,magnitude_FN,8385a996-1afc-4778-a06d-7070a8f19e27,1,11
deberta,magnitude_FN,b5eefefb-2a33-45de-abe1-f855c94165f4,2,6
deberta,magnitude_FN,13792511-5142-449f-8d3e-d77d790f65ec,2,3
deberta,magnitude_FN,68748e7f-cf6e-4ac7-8504-454c0876880d,2,11
deberta,magnitude_FN,576116e5-2b18-4d35-be73-36f5863c9468,1,12
deberta,magnitude_FN,08bb9bee-c167-4c17-9c6d-4a1259231eb7,3,8
deberta,magnitude_FN,1f99798f-2b60-4ecb-b5f4-4aa7991e8ace,1,2
deberta,magnitude_FN,8385a996-1afc-4778-a06d-7070a8f19e27,3,23
